64 1 11 13 6 7 8 16 9 1 2 5 21 12 14 4 10 22 24 15 20 19 23 18 17 3 0
63 1 11 13 6 7 8 16 9 1 2 5 21 12 14 4 10 22 24 15 20 0 23 18 17 3 19
62 1 11 13 6 7 8 16 9 1 2 5 21 12 14 4 10 22 24 15 0 20 23 18 17 3 19
61 1 11 13 6 7 8 16 9 1 2 5 21 12 14 4 10 22 24 15 3 20 23 18 17 0 19
60 1 11 13 6 7 8 16 9 1 2 5 21 12 14 4 10 22 24 15 3 20 23 18 17 19 0
59 1 11 13 6 7 8 16 9 1 2 5 21 12 14 4 10 22 24 15 3 0 23 18 17 19 20
58 1 11 13 6 7 8 16 9 1 2 5 21 12 14 4 0 22 24 15 3 10 23 18 17 19 20
57 1 11 13 6 7 8 16 9 1 2 5 21 12 14 0 4 22 24 15 3 10 23 18 17 19 20
56 1 11 13 6 7 8 16 9 1 2 5 21 12 14 3 4 22 24 15 0 10 23 18 17 19 20
55 1 11 13 6 7 8 16 9 1 2 5 21 12 14 3 4 22 24 0 15 10 23 18 17 19 20
54 1 11 13 6 7 8 16 9 1 2 5 21 12 14 3 4 22 24 17 15 10 23 18 0 19 20
53 1 11 13 6 7 8 16 9 1 2 5 21 12 14 3 4 22 24 17 15 10 23 0 18 19 20
52 1 11 13 6 7 8 16 9 1 2 5 21 12 14 3 4 22 0 17 15 10 23 24 18 19 20
51 1 11 13 6 7 8 16 9 1 2 5 21 12 14 3 4 22 17 0 15 10 23 24 18 19 20
50 1 11 13 6 7 8 16 9 1 2 5 21 12 14 3 4 22 17 18 15 10 23 24 0 19 20
49 1 11 13 6 7 8 16 9 1 2 5 21 12 14 3 4 22 17 18 15 10 23 0 24 19 20
48 1 11 13 6 7 8 16 9 1 2 5 21 12 14 3 4 22 17 18 15 10 0 23 24 19 20
47 1 11 13 6 7 8 16 9 1 2 5 21 12 14 3 4 0 17 18 15 10 22 23 24 19 20
46 1 11 13 6 7 8 16 9 1 2 5 0 12 14 3 4 21 17 18 15 10 22 23 24 19 20
45 1 11 13 6 7 8 0 9 1 2 5 16 12 14 3 4 21 17 18 15 10 22 23 24 19 20
44 1 11 13 6 7 8 9 0 1 2 5 16 12 14 3 4 21 17 18 15 10 22 23 24 19 20
43 1 11 0 6 7 8 9 13 1 2 5 16 12 14 3 4 21 17 18 15 10 22 23 24 19 20
42 1 11 6 0 7 8 9 13 1 2 5 16 12 14 3 4 21 17 18 15 10 22 23 24 19 20
41 1 11 6 1 7 8 9 13 0 2 5 16 12 14 3 4 21 17 18 15 10 22 23 24 19 20
40 1 11 6 1 7 8 9 0 13 2 5 16 12 14 3 4 21 17 18 15 10 22 23 24 19 20
39 1 11 6 1 7 8 0 9 13 2 5 16 12 14 3 4 21 17 18 15 10 22 23 24 19 20
38 1 0 6 1 7 8 11 9 13 2 5 16 12 14 3 4 21 17 18 15 10 22 23 24 19 20
37 1 6 0 1 7 8 11 9 13 2 5 16 12 14 3 4 21 17 18 15 10 22 23 24 19 20
36 1 6 1 0 7 8 11 9 13 2 5 16 12 14 3 4 21 17 18 15 10 22 23 24 19 20
35 1 6 1 7 0 8 11 9 13 2 5 16 12 14 3 4 21 17 18 15 10 22 23 24 19 20
34 1 6 1 7 2 8 11 9 13 0 5 16 12 14 3 4 21 17 18 15 10 22 23 24 19 20
33 1 6 1 7 2 8 11 9 13 5 0 16 12 14 3 4 21 17 18 15 10 22 23 24 19 20
32 1 6 1 7 2 8 11 9 13 5 4 16 12 14 3 0 21 17 18 15 10 22 23 24 19 20
31 1 6 1 7 2 8 11 9 13 5 4 16 12 14 3 10 21 17 18 15 0 22 23 24 19 20
30 1 6 1 7 2 8 11 9 13 5 4 16 12 14 3 10 21 17 18 0 15 22 23 24 19 20
68 1 1 8 11 10 3 6 7 16 0 4 13 17 23 14 9 18 21 24 15 2 12 22 19 20 5
67 1 1 8 11 0 3 6 7 16 10 4 13 17 23 14 9 18 21 24 15 2 12 22 19 20 5
66 1 1 8 11 3 0 6 7 16 10 4 13 17 23 14 9 18 21 24 15 2 12 22 19 20 5
65 1 1 8 11 3 4 6 7 16 10 0 13 17 23 14 9 18 21 24 15 2 12 22 19 20 5
64 1 1 8 11 3 4 6 7 16 10 9 13 17 23 14 0 18 21 24 15 2 12 22 19 20 5
63 1 1 8 11 3 4 6 7 16 10 9 13 17 23 14 2 18 21 24 15 0 12 22 19 20 5
62 1 1 8 11 3 4 6 7 16 10 9 13 17 23 14 2 18 21 24 15 5 12 22 19 20 0
61 1 1 8 11 3 4 6 7 16 10 9 13 17 23 14 2 18 21 24 15 5 12 22 19 0 20
60 1 1 8 11 3 4 6 7 16 10 9 13 17 23 14 2 18 21 24 15 5 12 22 0 19 20
59 1 1 8 11 3 4 6 7 16 10 9 13 17 23 14 2 18 21 0 15 5 12 22 24 19 20
58 1 1 8 11 3 4 6 7 16 10 9 13 17 0 14 2 18 21 23 15 5 12 22 24 19 20
57 1 1 8 11 3 4 6 7 0 10 9 13 17 16 14 2 18 21 23 15 5 12 22 24 19 20
56 1 1 8 11 3 4 6 0 7 10 9 13 17 16 14 2 18 21 23 15 5 12 22 24 19 20
55 1 1 8 11 3 4 6 17 7 10 9 13 0 16 14 2 18 21 23 15 5 12 22 24 19 20
54 1 1 8 11 3 4 6 17 7 10 9 13 16 0 14 2 18 21 23 15 5 12 22 24 19 20
53 1 1 8 11 3 4 6 17 7 10 9 13 16 14 0 2 18 21 23 15 5 12 22 24 19 20
52 1 1 8 11 3 4 6 17 7 10 9 13 16 14 2 0 18 21 23 15 5 12 22 24 19 20
51 1 1 8 11 3 4 6 17 7 10 9 13 16 14 2 5 18 21 23 15 0 12 22 24 19 20
50 1 1 8 11 3 4 6 17 7 10 9 13 16 14 2 5 18 21 23 0 15 12 22 24 19 20
49 1 1 8 11 3 4 6 17 7 10 9 13 16 14 2 5 18 21 23 19 15 12 22 24 0 20
48 1 1 8 11 3 4 6 17 7 10 9 13 16 14 2 5 18 21 23 19 15 12 22 0 24 20
47 1 1 8 11 3 4 6 17 7 10 9 13 16 14 2 5 18 21 23 19 15 12 0 22 24 20
46 1 1 8 11 3 4 6 17 7 10 9 13 16 14 2 5 18 0 23 19 15 12 21 22 24 20
45 1 1 8 11 3 4 6 17 7 10 9 13 16 14 2 5 0 18 23 19 15 12 21 22 24 20
44 1 1 8 11 3 4 6 17 7 10 9 13 16 14 2 5 12 18 23 19 15 0 21 22 24 20
43 1 1 8 11 3 4 6 17 7 10 9 13 16 14 2 5 12 18 23 19 15 21 0 22 24 20
42 1 1 8 11 3 4 6 17 7 10 9 13 16 14 2 5 12 18 23 19 15 21 22 0 24 20
41 1 1 8 11 3 4 6 17 7 10 9 13 16 14 2 5 12 18 0 19 15 21 22 23 24 20
40 1 1 8 11 3 4 6 17 7 10 9 13 16 0 2 5 12 18 14 19 15 21 22 23 24 20
39 1 1 8 11 3 4 6 17 7 10 9 13 16 2 0 5 12 18 14 19 15 21 22 23 24 20
38 1 1 8 11 3 4 6 17 7 0 9 13 16 2 10 5 12 18 14 19 15 21 22 23 24 20
37 1 1 8 11 3 4 6 17 0 7 9 13 16 2 10 5 12 18 14 19 15 21 22 23 24 20
36 1 1 8 0 3 4 6 17 11 7 9 13 16 2 10 5 12 18 14 19 15 21 22 23 24 20
35 1 1 0 8 3 4 6 17 11 7 9 13 16 2 10 5 12 18 14 19 15 21 22 23 24 20
34 1 0 1 8 3 4 6 17 11 7 9 13 16 2 10 5 12 18 14 19 15 21 22 23 24 20
33 1 6 1 8 3 4 0 17 11 7 9 13 16 2 10 5 12 18 14 19 15 21 22 23 24 20
32 1 6 1 8 3 4 17 0 11 7 9 13 16 2 10 5 12 18 14 19 15 21 22 23 24 20
31 1 6 1 8 3 4 17 11 0 7 9 13 16 2 10 5 12 18 14 19 15 21 22 23 24 20
30 1 6 1 8 3 4 17 11 2 7 9 13 16 0 10 5 12 18 14 19 15 21 22 23 24 20
66 1 1 18 9 10 15 5 3 14 0 24 7 2 4 19 8 6 12 11 17 20 16 21 22 23 13
65 1 1 18 9 10 15 5 3 14 19 24 7 2 4 0 8 6 12 11 17 20 16 21 22 23 13
64 1 1 18 9 10 15 5 3 14 19 24 7 2 0 4 8 6 12 11 17 20 16 21 22 23 13
63 1 1 18 9 10 15 5 3 0 19 24 7 2 14 4 8 6 12 11 17 20 16 21 22 23 13
62 1 1 18 9 10 15 5 0 3 19 24 7 2 14 4 8 6 12 11 17 20 16 21 22 23 13
61 1 1 18 9 10 15 5 2 3 19 24 7 0 14 4 8 6 12 11 17 20 16 21 22 23 13
60 1 1 18 9 10 15 5 2 3 19 24 7 12 14 4 8 6 0 11 17 20 16 21 22 23 13
59 1 1 18 9 10 15 5 2 3 19 24 7 12 14 4 8 6 11 0 17 20 16 21 22 23 13
58 1 1 18 9 10 15 5 2 3 19 24 7 12 14 4 8 6 11 17 0 20 16 21 22 23 13
57 1 1 18 9 10 15 5 2 3 19 24 7 12 14 4 8 6 11 17 20 0 16 21 22 23 13
56 1 1 18 9 10 15 5 2 3 19 24 7 12 14 4 0 6 11 17 20 8 16 21 22 23 13
55 1 1 18 9 10 15 5 2 3 19 0 7 12 14 4 24 6 11 17 20 8 16 21 22 23 13
54 1 1 18 9 10 15 5 2 3 0 19 7 12 14 4 24 6 11 17 20 8 16 21 22 23 13
53 1 1 18 9 10 15 5 2 0 3 19 7 12 14 4 24 6 11 17 20 8 16 21 22 23 13
52 1 1 18 0 10 15 5 2 9 3 19 7 12 14 4 24 6 11 17 20 8 16 21 22 23 13
51 1 1 0 18 10 15 5 2 9 3 19 7 12 14 4 24 6 11 17 20 8 16 21 22 23 13
50 1 1 2 18 10 15 5 0 9 3 19 7 12 14 4 24 6 11 17 20 8 16 21 22 23 13
49 1 1 2 18 10 15 0 5 9 3 19 7 12 14 4 24 6 11 17 20 8 16 21 22 23 13
48 1 1 2 18 10 15 7 5 9 3 19 0 12 14 4 24 6 11 17 20 8 16 21 22 23 13
47 1 1 2 18 10 15 7 5 9 3 19 6 12 14 4 24 0 11 17 20 8 16 21 22 23 13
46 1 1 2 18 10 15 7 5 9 3 19 6 12 14 4 24 11 0 17 20 8 16 21 22 23 13
45 1 1 2 18 10 15 7 5 9 3 19 6 12 14 4 24 11 17 0 20 8 16 21 22 23 13
44 1 1 2 18 10 15 7 5 9 3 19 6 12 0 4 24 11 17 14 20 8 16 21 22 23 13
43 1 1 2 18 10 15 7 5 0 3 19 6 12 9 4 24 11 17 14 20 8 16 21 22 23 13
42 1 1 2 18 10 15 7 0 5 3 19 6 12 9 4 24 11 17 14 20 8 16 21 22 23 13
41 1 1 2 18 10 15 0 7 5 3 19 6 12 9 4 24 11 17 14 20 8 16 21 22 23 13
40 1 1 2 18 10 15 6 7 5 3 19 0 12 9 4 24 11 17 14 20 8 16 21 22 23 13
39 1 1 2 18 10 15 6 7 5 3 19 11 12 9 4 24 0 17 14 20 8 16 21 22 23 13
38 1 1 2 18 10 15 6 7 5 3 19 11 12 9 4 24 16 17 14 20 8 0 21 22 23 13
37 1 1 2 18 10 15 6 7 5 3 19 11 12 9 4 24 16 17 14 20 8 21 0 22 23 13
36 1 1 2 18 10 15 6 7 5 3 19 11 12 9 4 24 16 17 14 20 8 21 22 0 23 13
35 1 1 2 18 10 15 6 7 5 3 19 11 12 9 4 24 16 17 14 20 8 21 22 23 0 13
34 1 1 2 18 10 15 6 7 5 3 19 11 12 9 4 24 16 17 14 0 8 21 22 23 20 13
33 1 1 2 18 10 15 6 7 5 3 19 11 12 9 4 24 16 17 14 8 0 21 22 23 20 13
32 1 1 2 18 10 15 6 7 5 3 19 11 12 9 4 0 16 17 14 8 24 21 22 23 20 13
31 1 1 2 18 10 15 6 7 5 3 0 11 12 9 4 19 16 17 14 8 24 21 22 23 20 13
30 1 1 2 18 10 0 6 7 5 3 15 11 12 9 4 19 16 17 14 8 24 21 22 23 20 13
82 1 12 3 20 8 14 10 0 4 23 18 2 1 6 5 24 16 19 11 9 15 7 17 13 21 22
81 1 12 3 20 8 14 10 1 4 23 18 2 0 6 5 24 16 19 11 9 15 7 17 13 21 22
80 1 12 3 20 8 14 10 1 4 23 18 2 6 0 5 24 16 19 11 9 15 7 17 13 21 22
79 1 12 3 20 8 14 10 1 0 23 18 2 6 4 5 24 16 19 11 9 15 7 17 13 21 22
78 1 12 3 20 8 14 10 1 23 0 18 2 6 4 5 24 16 19 11 9 15 7 17 13 21 22
77 1 12 3 20 8 14 10 1 23 5 18 2 6 4 0 24 16 19 11 9 15 7 17 13 21 22
76 1 12 3 20 8 14 10 1 23 5 18 2 6 0 4 24 16 19 11 9 15 7 17 13 21 22
75 1 12 3 20 8 14 10 1 0 5 18 2 6 23 4 24 16 19 11 9 15 7 17 13 21 22
74 1 12 3 0 8 14 10 1 20 5 18 2 6 23 4 24 16 19 11 9 15 7 17 13 21 22
73 1 12 0 3 8 14 10 1 20 5 18 2 6 23 4 24 16 19 11 9 15 7 17 13 21 22
72 1 12 1 3 8 14 10 0 20 5 18 2 6 23 4 24 16 19 11 9 15 7 17 13 21 22
71 1 12 1 3 8 14 0 10 20 5 18 2 6 23 4 24 16 19 11 9 15 7 17 13 21 22
70 1 0 1 3 8 14 12 10 20 5 18 2 6 23 4 24 16 19 11 9 15 7 17 13 21 22
69 1 1 0 3 8 14 12 10 20 5 18 2 6 23 4 24 16 19 11 9 15 7 17 13 21 22
68 1 1 3 0 8 14 12 10 20 5 18 2 6 23 4 24 16 19 11 9 15 7 17 13 21 22
67 1 1 3 8 0 14 12 10 20 5 18 2 6 23 4 24 16 19 11 9 15 7 17 13 21 22
66 1 1 3 8 5 14 12 10 20 0 18 2 6 23 4 24 16 19 11 9 15 7 17 13 21 22
65 1 1 3 8 5 14 12 10 20 4 18 2 6 23 0 24 16 19 11 9 15 7 17 13 21 22
64 1 1 3 8 5 14 12 10 20 4 18 2 6 0 23 24 16 19 11 9 15 7 17 13 21 22
63 1 1 3 8 5 14 12 10 0 4 18 2 6 20 23 24 16 19 11 9 15 7 17 13 21 22
62 1 1 3 8 5 14 12 0 10 4 18 2 6 20 23 24 16 19 11 9 15 7 17 13 21 22
61 1 1 3 8 5 14 12 6 10 4 18 2 0 20 23 24 16 19 11 9 15 7 17 13 21 22
60 1 1 3 8 5 14 12 6 10 4 18 2 19 20 23 24 16 0 11 9 15 7 17 13 21 22
59 1 1 3 8 5 14 12 6 10 4 18 2 19 20 23 24 16 11 0 9 15 7 17 13 21 22
58 1 1 3 8 5 14 12 6 10 4 18 2 19 20 23 24 16 11 13 9 15 7 17 0 21 22
57 1 1 3 8 5 14 12 6 10 4 18 2 19 20 23 24 16 11 13 9 15 7 0 17 21 22
56 1 1 3 8 5 14 12 6 10 4 18 2 19 20 23 24 16 11 13 9 15 0 7 17 21 22
55 1 1 3 8 5 14 12 6 10 4 18 2 19 20 23 24 0 11 13 9 15 16 7 17 21 22
54 1 1 3 8 5 14 12 6 10 4 18 2 19 20 23 24 11 0 13 9 15 16 7 17 21 22
53 1 1 3 8 5 14 12 6 10 4 18 2 19 20 23 24 11 7 13 9 15 16 0 17 21 22
52 1 1 3 8 5 14 12 6 10 4 18 2 19 20 23 24 11 7 13 9 15 16 17 0 21 22
51 1 1 3 8 5 14 12 6 10 4 18 2 19 20 23 24 11 7 13 9 15 16 17 21 0 22
50 1 1 3 8 5 14 12 6 10 4 18 2 19 20 23 24 11 7 13 9 15 16 17 21 22 0
49 1 1 3 8 5 14 12 6 10 4 18 2 19 20 23 24 11 7 13 9 0 16 17 21 22 15
48 1 1 3 8 5 14 12 6 10 4 18 2 19 20 23 24 11 7 13 0 9 16 17 21 22 15
47 1 1 3 8 5 14 12 6 10 4 18 2 19 20 0 24 11 7 13 23 9 16 17 21 22 15
46 1 1 3 8 5 14 12 6 10 4 18 2 19 0 20 24 11 7 13 23 9 16 17 21 22 15
45 1 1 3 8 5 14 12 6 10 4 18 2 0 19 20 24 11 7 13 23 9 16 17 21 22 15
44 1 1 3 8 5 14 12 6 10 4 18 0 2 19 20 24 11 7 13 23 9 16 17 21 22 15
43 1 1 3 8 5 14 0 6 10 4 18 12 2 19 20 24 11 7 13 23 9 16 17 21 22 15
42 1 1 3 8 5 14 6 0 10 4 18 12 2 19 20 24 11 7 13 23 9 16 17 21 22 15
41 1 1 3 8 5 14 6 2 10 4 18 12 0 19 20 24 11 7 13 23 9 16 17 21 22 15
40 1 1 3 8 5 14 6 2 10 4 18 12 7 19 20 24 11 0 13 23 9 16 17 21 22 15
39 1 1 3 8 5 14 6 2 10 4 18 12 7 19 20 24 11 17 13 23 9 16 0 21 22 15
38 1 1 3 8 5 14 6 2 10 4 18 12 7 19 20 24 11 17 13 23 9 16 21 0 22 15
37 1 1 3 8 5 14 6 2 10 4 18 12 7 19 20 24 11 17 13 23 9 16 21 22 0 15
36 1 1 3 8 5 14 6 2 10 4 18 12 7 19 20 24 11 17 13 0 9 16 21 22 23 15
35 1 1 3 8 5 14 6 2 10 4 18 12 7 19 0 24 11 17 13 20 9 16 21 22 23 15
34 1 1 3 8 5 14 6 2 10 4 18 12 7 19 24 0 11 17 13 20 9 16 21 22 23 15
33 1 1 3 8 5 14 6 2 10 4 0 12 7 19 24 18 11 17 13 20 9 16 21 22 23 15
32 1 1 3 8 5 0 6 2 10 4 14 12 7 19 24 18 11 17 13 20 9 16 21 22 23 15
31 1 1 3 8 0 5 6 2 10 4 14 12 7 19 24 18 11 17 13 20 9 16 21 22 23 15
30 1 1 3 8 4 5 6 2 10 0 14 12 7 19 24 18 11 17 13 20 9 16 21 22 23 15
68 1 2 11 1 4 3 13 5 9 15 10 16 12 6 14 19 23 17 22 18 8 21 24 0 20 7
67 1 2 11 1 4 3 13 5 9 15 10 16 12 6 14 19 23 17 22 18 8 21 0 24 20 7
66 1 2 11 1 4 3 13 5 9 15 10 16 12 6 14 19 23 0 22 18 8 21 17 24 20 7
65 1 2 11 1 4 3 13 5 9 15 10 16 0 6 14 19 23 12 22 18 8 21 17 24 20 7
64 1 2 11 1 4 3 13 5 9 15 10 16 6 0 14 19 23 12 22 18 8 21 17 24 20 7
63 1 2 11 1 4 3 13 5 0 15 10 16 6 9 14 19 23 12 22 18 8 21 17 24 20 7
62 1 2 11 1 4 3 13 0 5 15 10 16 6 9 14 19 23 12 22 18 8 21 17 24 20 7
61 1 2 11 1 4 3 0 13 5 15 10 16 6 9 14 19 23 12 22 18 8 21 17 24 20 7
60 1 0 11 1 4 3 2 13 5 15 10 16 6 9 14 19 23 12 22 18 8 21 17 24 20 7
59 1 11 0 1 4 3 2 13 5 15 10 16 6 9 14 19 23 12 22 18 8 21 17 24 20 7
58 1 11 1 0 4 3 2 13 5 15 10 16 6 9 14 19 23 12 22 18 8 21 17 24 20 7
57 1 11 1 4 0 3 2 13 5 15 10 16 6 9 14 19 23 12 22 18 8 21 17 24 20 7
56 1 11 1 4 3 0 2 13 5 15 10 16 6 9 14 19 23 12 22 18 8 21 17 24 20 7
55 1 11 1 4 3 10 2 13 5 15 0 16 6 9 14 19 23 12 22 18 8 21 17 24 20 7
54 1 11 1 4 3 10 2 13 5 0 15 16 6 9 14 19 23 12 22 18 8 21 17 24 20 7
53 1 11 1 4 3 10 2 13 0 5 15 16 6 9 14 19 23 12 22 18 8 21 17 24 20 7
52 1 11 1 0 3 10 2 13 4 5 15 16 6 9 14 19 23 12 22 18 8 21 17 24 20 7
51 1 11 1 3 0 10 2 13 4 5 15 16 6 9 14 19 23 12 22 18 8 21 17 24 20 7
50 1 11 1 3 5 10 2 13 4 0 15 16 6 9 14 19 23 12 22 18 8 21 17 24 20 7
49 1 11 1 3 5 10 2 13 0 4 15 16 6 9 14 19 23 12 22 18 8 21 17 24 20 7
48 1 11 1 3 5 10 2 13 9 4 15 16 6 0 14 19 23 12 22 18 8 21 17 24 20 7
47 1 11 1 3 5 10 2 13 9 4 15 16 6 14 0 19 23 12 22 18 8 21 17 24 20 7
46 1 11 1 3 5 10 2 13 9 4 15 16 6 14 18 19 23 12 22 0 8 21 17 24 20 7
45 1 11 1 3 5 10 2 13 9 4 15 16 6 14 18 19 23 12 22 8 0 21 17 24 20 7
44 1 11 1 3 5 10 2 13 9 4 15 16 6 14 18 19 23 12 22 8 7 21 17 24 20 0
43 1 11 1 3 5 10 2 13 9 4 15 16 6 14 18 19 23 12 22 8 7 21 17 24 0 20
42 1 11 1 3 5 10 2 13 9 4 15 16 6 14 18 19 23 12 22 8 7 21 17 0 24 20
41 1 11 1 3 5 10 2 13 9 4 15 16 6 14 18 19 23 12 0 8 7 21 17 22 24 20
40 1 11 1 3 5 10 2 13 9 4 15 16 6 14 18 19 23 12 8 0 7 21 17 22 24 20
39 1 11 1 3 5 10 2 13 9 4 15 16 6 14 18 19 23 12 8 7 0 21 17 22 24 20
38 1 11 1 3 5 10 2 13 9 4 15 16 6 14 18 0 23 12 8 7 19 21 17 22 24 20
37 1 11 1 3 5 10 2 13 9 4 0 16 6 14 18 15 23 12 8 7 19 21 17 22 24 20
36 1 11 1 3 5 0 2 13 9 4 10 16 6 14 18 15 23 12 8 7 19 21 17 22 24 20
35 1 11 1 3 0 5 2 13 9 4 10 16 6 14 18 15 23 12 8 7 19 21 17 22 24 20
34 1 11 1 3 4 5 2 13 9 0 10 16 6 14 18 15 23 12 8 7 19 21 17 22 24 20
33 1 11 1 3 4 5 2 13 0 9 10 16 6 14 18 15 23 12 8 7 19 21 17 22 24 20
32 1 11 1 3 4 5 2 0 13 9 10 16 6 14 18 15 23 12 8 7 19 21 17 22 24 20
31 1 11 1 3 4 5 0 2 13 9 10 16 6 14 18 15 23 12 8 7 19 21 17 22 24 20
30 1 0 1 3 4 5 11 2 13 9 10 16 6 14 18 15 23 12 8 7 19 21 17 22 24 20
84 1 9 13 19 4 15 2 3 6 21 14 8 10 11 16 5 1 0 20 23 22 17 7 12 24 18
83 1 9 13 19 4 15 2 3 6 21 14 8 0 11 16 5 1 10 20 23 22 17 7 12 24 18
82 1 9 13 19 4 15 2 3 6 21 14 8 11 0 16 5 1 10 20 23 22 17 7 12 24 18
81 1 9 13 19 4 15 2 3 6 21 14 8 11 16 0 5 1 10 20 23 22 17 7 12 24 18
80 1 9 13 19 4 15 2 3 6 21 14 8 11 16 5 0 1 10 20 23 22 17 7 12 24 18
79 1 9 13 19 4 15 2 3 6 21 14 8 11 16 5 22 1 10 20 23 0 17 7 12 24 18
78 1 9 13 19 4 15 2 3 6 21 14 8 11 16 5 22 1 10 20 23 18 17 7 12 24 0
77 1 9 13 19 4 15 2 3 6 21 14 8 11 16 5 22 1 10 20 23 18 17 7 12 0 24
76 1 9 13 19 4 15 2 3 6 21 14 8 11 16 5 22 1 10 20 0 18 17 7 12 23 24
75 1 9 13 19 4 15 2 3 6 21 14 8 11 16 5 22 1 10 0 20 18 17 7 12 23 24
74 1 9 13 19 4 15 2 3 6 21 14 8 11 0 5 22 1 10 16 20 18 17 7 12 23 24
73 1 9 13 19 4 15 2 3 0 21 14 8 11 6 5 22 1 10 16 20 18 17 7 12 23 24
72 1 9 13 19 4 15 2 3 21 0 14 8 11 6 5 22 1 10 16 20 18 17 7 12 23 24
71 1 9 13 19 4 15 2 3 21 5 14 8 11 6 0 22 1 10 16 20 18 17 7 12 23 24
70 1 9 13 19 4 15 2 3 21 5 14 8 11 6 22 0 1 10 16 20 18 17 7 12 23 24
69 1 9 13 19 4 15 2 3 21 5 14 8 11 6 22 18 1 10 16 20 0 17 7 12 23 24
68 1 9 13 19 4 15 2 3 21 5 14 8 11 6 22 18 1 10 16 0 20 17 7 12 23 24
67 1 9 13 19 4 15 2 3 21 5 14 8 11 6 22 18 1 10 0 16 20 17 7 12 23 24
66 1 9 13 19 4 15 2 3 21 5 14 8 11 6 22 18 1 0 10 16 20 17 7 12 23 24
65 1 9 13 19 4 15 2 3 21 5 14 8 0 6 22 18 1 11 10 16 20 17 7 12 23 24
64 1 9 13 19 4 15 2 3 21 5 14 8 6 0 22 18 1 11 10 16 20 17 7 12 23 24
63 1 9 13 19 4 15 2 3 21 5 14 8 6 10 22 18 1 11 0 16 20 17 7 12 23 24
62 1 9 13 19 4 15 2 3 21 5 14 8 6 10 22 18 1 11 16 0 20 17 7 12 23 24
61 1 9 13 19 4 15 2 3 21 5 14 8 6 10 0 18 1 11 16 22 20 17 7 12 23 24
60 1 9 13 19 4 15 2 3 21 5 14 8 6 0 10 18 1 11 16 22 20 17 7 12 23 24
59 1 9 13 19 4 15 2 3 0 5 14 8 6 21 10 18 1 11 16 22 20 17 7 12 23 24
58 1 9 13 0 4 15 2 3 19 5 14 8 6 21 10 18 1 11 16 22 20 17 7 12 23 24
57 1 9 0 13 4 15 2 3 19 5 14 8 6 21 10 18 1 11 16 22 20 17 7 12 23 24
56 1 0 9 13 4 15 2 3 19 5 14 8 6 21 10 18 1 11 16 22 20 17 7 12 23 24
55 1 2 9 13 4 15 0 3 19 5 14 8 6 21 10 18 1 11 16 22 20 17 7 12 23 24
54 1 2 9 13 4 15 8 3 19 5 14 0 6 21 10 18 1 11 16 22 20 17 7 12 23 24
53 1 2 9 13 4 15 8 3 19 5 14 1 6 21 10 18 0 11 16 22 20 17 7 12 23 24
52 1 2 9 13 4 15 8 3 19 5 14 1 6 21 10 18 11 0 16 22 20 17 7 12 23 24
51 1 2 9 13 4 15 8 3 19 5 14 1 6 21 10 18 11 7 16 22 20 17 0 12 23 24
50 1 2 9 13 4 15 8 3 19 5 14 1 6 21 10 18 11 7 16 22 20 17 12 0 23 24
49 1 2 9 13 4 15 8 3 19 5 14 1 6 21 10 18 11 7 0 22 20 17 12 16 23 24
48 1 2 9 13 4 15 8 3 19 5 14 1 6 0 10 18 11 7 21 22 20 17 12 16 23 24
47 1 2 9 13 4 15 8 3 0 5 14 1 6 19 10 18 11 7 21 22 20 17 12 16 23 24
46 1 2 9 0 4 15 8 3 13 5 14 1 6 19 10 18 11 7 21 22 20 17 12 16 23 24
45 1 2 9 4 0 15 8 3 13 5 14 1 6 19 10 18 11 7 21 22 20 17 12 16 23 24
44 1 2 9 4 5 15 8 3 13 0 14 1 6 19 10 18 11 7 21 22 20 17 12 16 23 24
43 1 2 9 4 5 15 8 3 13 10 14 1 6 19 0 18 11 7 21 22 20 17 12 16 23 24
42 1 2 9 4 5 15 8 3 13 10 14 1 6 19 18 0 11 7 21 22 20 17 12 16 23 24
41 1 2 9 4 5 15 8 3 13 10 0 1 6 19 18 14 11 7 21 22 20 17 12 16 23 24
40 1 2 9 4 5 0 8 3 13 10 15 1 6 19 18 14 11 7 21 22 20 17 12 16 23 24
39 1 2 9 4 0 5 8 3 13 10 15 1 6 19 18 14 11 7 21 22 20 17 12 16 23 24
38 1 2 9 0 4 5 8 3 13 10 15 1 6 19 18 14 11 7 21 22 20 17 12 16 23 24
37 1 2 0 9 4 5 8 3 13 10 15 1 6 19 18 14 11 7 21 22 20 17 12 16 23 24
36 1 2 3 9 4 5 8 0 13 10 15 1 6 19 18 14 11 7 21 22 20 17 12 16 23 24
35 1 2 3 9 4 5 0 8 13 10 15 1 6 19 18 14 11 7 21 22 20 17 12 16 23 24
34 1 2 3 9 4 5 1 8 13 10 15 0 6 19 18 14 11 7 21 22 20 17 12 16 23 24
33 1 2 3 9 4 5 1 8 13 10 15 6 0 19 18 14 11 7 21 22 20 17 12 16 23 24
32 1 2 3 9 4 5 1 8 13 10 15 6 7 19 18 14 11 0 21 22 20 17 12 16 23 24
31 1 2 3 9 4 5 1 8 13 10 15 6 7 19 18 14 11 12 21 22 20 17 0 16 23 24
30 1 2 3 9 4 5 1 8 13 10 15 6 7 19 18 14 11 12 21 22 20 17 16 0 23 24
74 1 1 13 10 6 5 8 3 9 0 12 11 4 21 15 14 18 7 17 24 22 2 16 19 23 20
73 1 1 13 10 0 5 8 3 9 6 12 11 4 21 15 14 18 7 17 24 22 2 16 19 23 20
72 1 1 13 0 10 5 8 3 9 6 12 11 4 21 15 14 18 7 17 24 22 2 16 19 23 20
71 1 1 13 9 10 5 8 3 0 6 12 11 4 21 15 14 18 7 17 24 22 2 16 19 23 20
70 1 1 13 9 10 5 8 0 3 6 12 11 4 21 15 14 18 7 17 24 22 2 16 19 23 20
69 1 1 13 9 10 5 8 4 3 6 12 11 0 21 15 14 18 7 17 24 22 2 16 19 23 20
68 1 1 13 9 10 5 8 4 3 6 12 11 7 21 15 14 18 0 17 24 22 2 16 19 23 20
67 1 1 13 9 10 5 8 4 3 6 12 11 7 21 15 14 0 18 17 24 22 2 16 19 23 20
66 1 1 13 9 10 5 8 4 3 6 12 11 7 21 15 14 2 18 17 24 22 0 16 19 23 20
65 1 1 13 9 10 5 8 4 3 6 12 11 7 21 15 14 2 18 17 24 22 16 0 19 23 20
64 1 1 13 9 10 5 8 4 3 6 12 11 7 21 15 14 2 0 17 24 22 16 18 19 23 20
63 1 1 13 9 10 5 8 4 3 6 12 11 7 21 15 14 0 2 17 24 22 16 18 19 23 20
62 1 1 13 9 10 5 8 4 3 6 12 0 7 21 15 14 11 2 17 24 22 16 18 19 23 20
61 1 1 13 9 10 5 8 4 3 6 12 7 0 21 15 14 11 2 17 24 22 16 18 19 23 20
60 1 1 13 9 10 5 8 4 3 6 12 7 2 21 15 14 11 0 17 24 22 16 18 19 23 20
59 1 1 13 9 10 5 8 4 3 6 12 7 2 21 15 14 11 17 0 24 22 16 18 19 23 20
58 1 1 13 9 10 5 8 4 3 6 12 7 2 21 15 14 11 17 19 24 22 16 18 0 23 20
57 1 1 13 9 10 5 8 4 3 6 12 7 2 21 15 14 11 17 19 24 22 16 18 23 0 20
56 1 1 13 9 10 5 8 4 3 6 12 7 2 21 15 14 11 17 19 0 22 16 18 23 24 20
55 1 1 13 9 10 5 8 4 3 6 12 7 2 21 0 14 11 17 19 15 22 16 18 23 24 20
54 1 1 13 9 10 5 8 4 3 0 12 7 2 21 6 14 11 17 19 15 22 16 18 23 24 20
53 1 1 13 9 10 5 8 4 3 12 0 7 2 21 6 14 11 17 19 15 22 16 18 23 24 20
52 1 1 13 9 10 5 8 4 3 12 14 7 2 21 6 0 11 17 19 15 22 16 18 23 24 20
51 1 1 13 9 10 5 8 4 3 12 14 7 2 21 6 22 11 17 19 15 0 16 18 23 24 20
50 1 1 13 9 10 5 8 4 3 12 14 7 2 21 6 22 11 17 19 0 15 16 18 23 24 20
49 1 1 13 9 10 5 8 4 3 12 14 7 2 21 6 22 11 17 0 19 15 16 18 23 24 20
48 1 1 13 9 10 5 8 4 3 12 14 7 2 0 6 22 11 17 21 19 15 16 18 23 24 20
47 1 1 13 9 10 5 8 4 3 12 14 7 2 6 0 22 11 17 21 19 15 16 18 23 24 20
46 1 1 13 9 10 5 8 4 3 0 14 7 2 6 12 22 11 17 21 19 15 16 18 23 24 20
45 1 1 13 9 0 5 8 4 3 10 14 7 2 6 12 22 11 17 21 19 15 16 18 23 24 20
44 1 1 13 0 9 5 8 4 3 10 14 7 2 6 12 22 11 17 21 19 15 16 18 23 24 20
43 1 1 13 3 9 5 8 4 0 10 14 7 2 6 12 22 11 17 21 19 15 16 18 23 24 20
42 1 1 13 3 9 5 8 0 4 10 14 7 2 6 12 22 11 17 21 19 15 16 18 23 24 20
41 1 1 0 3 9 5 8 13 4 10 14 7 2 6 12 22 11 17 21 19 15 16 18 23 24 20
40 1 1 3 0 9 5 8 13 4 10 14 7 2 6 12 22 11 17 21 19 15 16 18 23 24 20
39 1 1 3 4 9 5 8 13 0 10 14 7 2 6 12 22 11 17 21 19 15 16 18 23 24 20
38 1 1 3 4 9 5 8 0 13 10 14 7 2 6 12 22 11 17 21 19 15 16 18 23 24 20
37 1 1 3 4 9 5 8 2 13 10 14 7 0 6 12 22 11 17 21 19 15 16 18 23 24 20
36 1 1 3 4 9 5 8 2 13 10 14 7 6 0 12 22 11 17 21 19 15 16 18 23 24 20
35 1 1 3 4 9 5 8 2 13 10 14 7 6 12 0 22 11 17 21 19 15 16 18 23 24 20
34 1 1 3 4 9 5 8 2 13 10 14 7 6 12 22 0 11 17 21 19 15 16 18 23 24 20
33 1 1 3 4 9 5 8 2 13 10 0 7 6 12 22 14 11 17 21 19 15 16 18 23 24 20
32 1 1 3 4 9 5 8 2 13 0 10 7 6 12 22 14 11 17 21 19 15 16 18 23 24 20
31 1 1 3 4 0 5 8 2 13 9 10 7 6 12 22 14 11 17 21 19 15 16 18 23 24 20
30 1 1 3 0 4 5 8 2 13 9 10 7 6 12 22 14 11 17 21 19 15 16 18 23 24 20
68 1 6 7 18 2 9 11 12 4 1 3 16 10 14 8 0 22 21 5 19 20 23 13 17 15 24
67 1 6 7 18 2 9 11 12 4 1 0 16 10 14 8 3 22 21 5 19 20 23 13 17 15 24
66 1 6 7 18 2 0 11 12 4 1 9 16 10 14 8 3 22 21 5 19 20 23 13 17 15 24
65 1 6 7 18 0 2 11 12 4 1 9 16 10 14 8 3 22 21 5 19 20 23 13 17 15 24
64 1 6 7 18 1 2 11 12 4 0 9 16 10 14 8 3 22 21 5 19 20 23 13 17 15 24
63 1 6 7 18 1 2 11 12 4 8 9 16 10 14 0 3 22 21 5 19 20 23 13 17 15 24
62 1 6 7 18 1 2 11 12 4 8 9 16 10 14 19 3 22 21 5 0 20 23 13 17 15 24
61 1 6 7 18 1 2 11 12 4 8 9 16 10 14 19 3 22 21 0 5 20 23 13 17 15 24
60 1 6 7 18 1 2 11 12 4 8 9 16 10 0 19 3 22 21 14 5 20 23 13 17 15 24
59 1 6 7 18 1 2 11 12 4 8 9 16 0 10 19 3 22 21 14 5 20 23 13 17 15 24
58 1 6 7 18 1 2 11 0 4 8 9 16 12 10 19 3 22 21 14 5 20 23 13 17 15 24
57 1 6 7 18 1 2 11 4 0 8 9 16 12 10 19 3 22 21 14 5 20 23 13 17 15 24
56 1 6 7 0 1 2 11 4 18 8 9 16 12 10 19 3 22 21 14 5 20 23 13 17 15 24
55 1 6 7 1 0 2 11 4 18 8 9 16 12 10 19 3 22 21 14 5 20 23 13 17 15 24
54 1 6 7 1 2 0 11 4 18 8 9 16 12 10 19 3 22 21 14 5 20 23 13 17 15 24
53 1 6 7 1 2 9 11 4 18 8 0 16 12 10 19 3 22 21 14 5 20 23 13 17 15 24
52 1 6 7 1 2 9 11 4 18 8 3 16 12 10 19 0 22 21 14 5 20 23 13 17 15 24
51 1 6 7 1 2 9 11 4 18 8 3 16 12 10 0 19 22 21 14 5 20 23 13 17 15 24
50 1 6 7 1 2 9 11 4 18 8 3 16 12 10 5 19 22 21 14 0 20 23 13 17 15 24
49 1 6 7 1 2 9 11 4 18 8 3 16 12 10 5 19 22 21 14 15 20 23 13 17 0 24
48 1 6 7 1 2 9 11 4 18 8 3 16 12 10 5 19 22 21 14 15 20 23 13 17 24 0
47 1 6 7 1 2 9 11 4 18 8 3 16 12 10 5 19 22 21 14 15 0 23 13 17 24 20
46 1 6 7 1 2 9 11 4 18 8 3 16 12 10 5 0 22 21 14 15 19 23 13 17 24 20
45 1 6 7 1 2 9 11 4 18 8 3 16 12 10 0 5 22 21 14 15 19 23 13 17 24 20
44 1 6 7 1 2 9 11 4 18 8 3 16 12 0 10 5 22 21 14 15 19 23 13 17 24 20
43 1 6 7 1 2 9 11 4 0 8 3 16 12 18 10 5 22 21 14 15 19 23 13 17 24 20
42 1 6 7 1 2 9 11 4 8 0 3 16 12 18 10 5 22 21 14 15 19 23 13 17 24 20
41 1 6 7 1 2 9 11 4 8 3 0 16 12 18 10 5 22 21 14 15 19 23 13 17 24 20
40 1 6 7 1 2 9 11 4 8 3 5 16 12 18 10 0 22 21 14 15 19 23 13 17 24 20
39 1 6 7 1 2 9 11 4 8 3 5 16 12 18 0 10 22 21 14 15 19 23 13 17 24 20
38 1 6 7 1 2 9 11 4 8 3 5 16 12 18 15 10 22 21 14 0 19 23 13 17 24 20
37 1 6 7 1 2 9 11 4 8 3 5 16 12 18 15 10 22 21 0 14 19 23 13 17 24 20
36 1 6 7 1 2 9 11 4 8 3 5 16 12 0 15 10 22 21 18 14 19 23 13 17 24 20
35 1 6 7 1 2 9 11 4 0 3 5 16 12 8 15 10 22 21 18 14 19 23 13 17 24 20
34 1 6 7 1 2 9 11 0 4 3 5 16 12 8 15 10 22 21 18 14 19 23 13 17 24 20
33 1 6 0 1 2 9 11 7 4 3 5 16 12 8 15 10 22 21 18 14 19 23 13 17 24 20
32 1 6 1 0 2 9 11 7 4 3 5 16 12 8 15 10 22 21 18 14 19 23 13 17 24 20
31 1 6 1 2 0 9 11 7 4 3 5 16 12 8 15 10 22 21 18 14 19 23 13 17 24 20
30 1 6 1 2 9 0 11 7 4 3 5 16 12 8 15 10 22 21 18 14 19 23 13 17 24 20
60 1 11 1 4 5 19 2 16 8 10 24 6 14 12 3 9 21 17 13 0 15 22 23 7 18 20
59 1 11 1 4 5 19 2 16 8 10 24 6 14 12 3 9 21 17 0 13 15 22 23 7 18 20
58 1 11 1 4 5 19 2 16 8 10 24 6 14 0 3 9 21 17 12 13 15 22 23 7 18 20
57 1 11 1 4 5 19 2 16 8 10 24 6 0 14 3 9 21 17 12 13 15 22 23 7 18 20
56 1 11 1 4 5 19 2 0 8 10 24 6 16 14 3 9 21 17 12 13 15 22 23 7 18 20
55 1 11 1 4 5 19 0 2 8 10 24 6 16 14 3 9 21 17 12 13 15 22 23 7 18 20
54 1 0 1 4 5 19 11 2 8 10 24 6 16 14 3 9 21 17 12 13 15 22 23 7 18 20
53 1 1 0 4 5 19 11 2 8 10 24 6 16 14 3 9 21 17 12 13 15 22 23 7 18 20
52 1 1 2 4 5 19 11 0 8 10 24 6 16 14 3 9 21 17 12 13 15 22 23 7 18 20
51 1 1 2 4 5 19 0 11 8 10 24 6 16 14 3 9 21 17 12 13 15 22 23 7 18 20
50 1 1 2 4 5 19 6 11 8 10 24 0 16 14 3 9 21 17 12 13 15 22 23 7 18 20
49 1 1 2 4 5 19 6 11 8 10 24 16 0 14 3 9 21 17 12 13 15 22 23 7 18 20
48 1 1 2 4 5 19 6 0 8 10 24 16 11 14 3 9 21 17 12 13 15 22 23 7 18 20
47 1 1 2 4 5 19 6 8 0 10 24 16 11 14 3 9 21 17 12 13 15 22 23 7 18 20
46 1 1 2 4 5 19 6 8 14 10 24 16 11 0 3 9 21 17 12 13 15 22 23 7 18 20
45 1 1 2 4 5 19 6 8 14 10 24 16 11 3 0 9 21 17 12 13 15 22 23 7 18 20
44 1 1 2 4 5 19 6 8 14 0 24 16 11 3 10 9 21 17 12 13 15 22 23 7 18 20
43 1 1 2 4 5 19 6 8 14 24 0 16 11 3 10 9 21 17 12 13 15 22 23 7 18 20
42 1 1 2 4 5 19 6 8 14 24 9 16 11 3 10 0 21 17 12 13 15 22 23 7 18 20
41 1 1 2 4 5 19 6 8 14 24 9 16 11 3 0 10 21 17 12 13 15 22 23 7 18 20
40 1 1 2 4 5 19 6 8 14 0 9 16 11 3 24 10 21 17 12 13 15 22 23 7 18 20
39 1 1 2 4 5 19 6 8 0 14 9 16 11 3 24 10 21 17 12 13 15 22 23 7 18 20
38 1 1 2 4 5 19 6 8 3 14 9 16 11 0 24 10 21 17 12 13 15 22 23 7 18 20
37 1 1 2 4 5 19 6 8 3 14 9 16 11 12 24 10 21 17 0 13 15 22 23 7 18 20
36 1 1 2 4 5 19 6 8 3 14 9 16 11 12 24 10 21 17 13 0 15 22 23 7 18 20
35 1 1 2 4 5 19 6 8 3 14 9 16 11 12 0 10 21 17 13 24 15 22 23 7 18 20
34 1 1 2 4 5 19 6 8 3 0 9 16 11 12 14 10 21 17 13 24 15 22 23 7 18 20
33 1 1 2 4 5 19 6 8 3 9 0 16 11 12 14 10 21 17 13 24 15 22 23 7 18 20
32 1 1 2 4 5 0 6 8 3 9 19 16 11 12 14 10 21 17 13 24 15 22 23 7 18 20
31 1 1 2 4 0 5 6 8 3 9 19 16 11 12 14 10 21 17 13 24 15 22 23 7 18 20
30 1 1 2 4 9 5 6 8 3 0 19 16 11 12 14 10 21 17 13 24 15 22 23 7 18 20
68 1 11 6 1 5 2 12 7 13 23 9 17 10 15 18 19 16 8 4 24 14 22 21 3 20 0
67 1 11 6 1 5 2 12 7 13 23 9 17 10 15 18 19 16 8 4 24 14 22 21 3 0 20
66 1 11 6 1 5 2 12 7 13 23 9 17 10 15 18 19 16 8 4 0 14 22 21 3 24 20
65 1 11 6 1 5 2 12 7 13 23 9 17 10 15 0 19 16 8 4 18 14 22 21 3 24 20
64 1 11 6 1 5 2 12 7 13 0 9 17 10 15 23 19 16 8 4 18 14 22 21 3 24 20
63 1 11 6 1 0 2 12 7 13 5 9 17 10 15 23 19 16 8 4 18 14 22 21 3 24 20
62 1 11 6 1 2 0 12 7 13 5 9 17 10 15 23 19 16 8 4 18 14 22 21 3 24 20
61 1 11 6 1 2 9 12 7 13 5 0 17 10 15 23 19 16 8 4 18 14 22 21 3 24 20
60 1 11 6 1 2 9 12 7 13 0 5 17 10 15 23 19 16 8 4 18 14 22 21 3 24 20
59 1 11 6 1 2 9 12 7 0 13 5 17 10 15 23 19 16 8 4 18 14 22 21 3 24 20
58 1 11 6 1 2 9 12 7 15 13 5 17 10 0 23 19 16 8 4 18 14 22 21 3 24 20
57 1 11 6 1 2 9 12 7 15 13 5 17 10 23 0 19 16 8 4 18 14 22 21 3 24 20
56 1 11 6 1 2 9 12 7 15 13 5 17 10 23 18 19 16 8 4 0 14 22 21 3 24 20
55 1 11 6 1 2 9 12 7 15 13 5 17 10 23 18 19 16 8 0 4 14 22 21 3 24 20
54 1 11 6 1 2 9 12 7 15 13 5 17 10 0 18 19 16 8 23 4 14 22 21 3 24 20
53 1 11 6 1 2 9 12 7 15 13 5 17 0 10 18 19 16 8 23 4 14 22 21 3 24 20
52 1 11 6 1 2 9 12 7 15 13 5 0 17 10 18 19 16 8 23 4 14 22 21 3 24 20
51 1 11 6 1 2 9 12 7 15 13 5 16 17 10 18 19 0 8 23 4 14 22 21 3 24 20
50 1 11 6 1 2 9 12 7 15 13 5 16 17 10 18 19 22 8 23 4 14 0 21 3 24 20
49 1 11 6 1 2 9 12 7 15 13 5 16 17 10 18 19 22 8 23 4 14 21 0 3 24 20
48 1 11 6 1 2 9 12 7 15 13 5 16 17 10 18 19 22 0 23 4 14 21 8 3 24 20
47 1 11 6 1 2 9 12 7 15 13 5 16 17 10 18 19 22 23 0 4 14 21 8 3 24 20
46 1 11 6 1 2 9 12 7 15 13 5 16 17 10 18 19 22 23 4 0 14 21 8 3 24 20
45 1 11 6 1 2 9 12 7 15 13 5 16 17 10 0 19 22 23 4 18 14 21 8 3 24 20
44 1 11 6 1 2 9 12 7 15 0 5 16 17 10 13 19 22 23 4 18 14 21 8 3 24 20
43 1 11 6 1 2 9 12 7 0 15 5 16 17 10 13 19 22 23 4 18 14 21 8 3 24 20
42 1 11 6 1 2 9 12 7 10 15 5 16 17 0 13 19 22 23 4 18 14 21 8 3 24 20
41 1 11 6 1 2 9 12 7 10 15 5 16 17 4 13 19 22 23 0 18 14 21 8 3 24 20
40 1 11 6 1 2 9 12 7 10 15 5 16 17 4 13 19 22 23 3 18 14 21 8 0 24 20
39 1 11 6 1 2 9 12 7 10 15 5 16 17 4 13 19 22 23 3 18 14 21 0 8 24 20
38 1 11 6 1 2 9 12 7 10 15 5 16 17 4 13 19 22 0 3 18 14 21 23 8 24 20
37 1 11 6 1 2 9 12 7 10 15 5 16 17 4 13 19 0 22 3 18 14 21 23 8 24 20
36 1 11 6 1 2 9 12 7 10 15 5 0 17 4 13 19 16 22 3 18 14 21 23 8 24 20
35 1 11 6 1 2 9 0 7 10 15 5 12 17 4 13 19 16 22 3 18 14 21 23 8 24 20
34 1 0 6 1 2 9 11 7 10 15 5 12 17 4 13 19 16 22 3 18 14 21 23 8 24 20
33 1 6 0 1 2 9 11 7 10 15 5 12 17 4 13 19 16 22 3 18 14 21 23 8 24 20
32 1 6 1 0 2 9 11 7 10 15 5 12 17 4 13 19 16 22 3 18 14 21 23 8 24 20
31 1 6 1 2 0 9 11 7 10 15 5 12 17 4 13 19 16 22 3 18 14 21 23 8 24 20
30 1 6 1 2 9 0 11 7 10 15 5 12 17 4 13 19 16 22 3 18 14 21 23 8 24 20
74 1 8 3 12 10 4 1 7 20 14 15 11 6 22 24 13 23 9 21 19 17 2 16 18 5 0
73 1 8 3 12 10 4 1 7 20 14 15 11 6 22 24 13 23 9 21 19 17 2 16 18 0 5
72 1 8 3 12 10 4 1 7 20 14 15 11 6 22 24 13 23 9 21 0 17 2 16 18 19 5
71 1 8 3 12 10 4 1 7 20 14 15 11 6 22 24 13 23 9 21 17 0 2 16 18 19 5
70 1 8 3 12 10 4 1 7 20 14 15 11 6 22 24 13 23 9 21 17 5 2 16 18 19 0
69 1 8 3 12 10 4 1 7 20 14 15 11 6 22 24 13 23 9 21 17 5 2 16 18 0 19
68 1 8 3 12 10 4 1 7 20 14 15 11 6 22 24 13 23 9 21 17 5 2 16 0 18 19
67 1 8 3 12 10 4 1 7 20 14 15 11 6 22 24 13 23 9 0 17 5 2 16 21 18 19
66 1 8 3 12 10 4 1 7 20 14 15 11 6 0 24 13 23 9 22 17 5 2 16 21 18 19
65 1 8 3 12 10 4 1 7 0 14 15 11 6 20 24 13 23 9 22 17 5 2 16 21 18 19
64 1 8 3 0 10 4 1 7 12 14 15 11 6 20 24 13 23 9 22 17 5 2 16 21 18 19
63 1 8 0 3 10 4 1 7 12 14 15 11 6 20 24 13 23 9 22 17 5 2 16 21 18 19
62 1 8 7 3 10 4 1 0 12 14 15 11 6 20 24 13 23 9 22 17 5 2 16 21 18 19
61 1 8 7 3 10 4 1 6 12 14 15 11 0 20 24 13 23 9 22 17 5 2 16 21 18 19
60 1 8 7 3 10 4 1 6 12 14 15 11 9 20 24 13 23 0 22 17 5 2 16 21 18 19
59 1 8 7 3 10 4 1 6 12 14 15 11 9 20 24 13 0 23 22 17 5 2 16 21 18 19
58 1 8 7 3 10 4 1 6 12 14 15 11 9 20 24 13 2 23 22 17 5 0 16 21 18 19
57 1 8 7 3 10 4 1 6 12 14 15 11 9 20 24 13 2 23 22 17 5 16 0 21 18 19
56 1 8 7 3 10 4 1 6 12 14 15 11 9 20 24 13 2 23 22 17 5 16 21 0 18 19
55 1 8 7 3 10 4 1 6 12 14 15 11 9 20 24 13 2 23 0 17 5 16 21 22 18 19
54 1 8 7 3 10 4 1 6 12 14 15 11 9 20 24 13 2 0 23 17 5 16 21 22 18 19
53 1 8 7 3 10 4 1 6 12 14 15 11 9 20 24 13 0 2 23 17 5 16 21 22 18 19
52 1 8 7 3 10 4 1 6 12 14 15 11 9 20 24 13 16 2 23 17 5 0 21 22 18 19
51 1 8 7 3 10 4 1 6 12 14 15 11 9 20 24 13 16 2 23 17 5 21 0 22 18 19
50 1 8 7 3 10 4 1 6 12 14 15 11 9 20 24 13 16 2 23 17 5 21 22 0 18 19
49 1 8 7 3 10 4 1 6 12 14 15 11 9 20 24 13 16 2 0 17 5 21 22 23 18 19
48 1 8 7 3 10 4 1 6 12 14 15 11 9 20 24 13 16 2 17 0 5 21 22 23 18 19
47 1 8 7 3 10 4 1 6 12 14 15 11 9 20 0 13 16 2 17 24 5 21 22 23 18 19
46 1 8 7 3 10 4 1 6 12 14 15 11 9 20 13 0 16 2 17 24 5 21 22 23 18 19
45 1 8 7 3 10 4 1 6 12 14 15 11 9 20 13 5 16 2 17 24 0 21 22 23 18 19
44 1 8 7 3 10 4 1 6 12 14 15 11 9 20 13 5 16 2 17 0 24 21 22 23 18 19
43 1 8 7 3 10 4 1 6 12 14 15 11 9 20 0 5 16 2 17 13 24 21 22 23 18 19
42 1 8 7 3 10 4 1 6 12 14 15 11 9 0 20 5 16 2 17 13 24 21 22 23 18 19
41 1 8 7 3 10 4 1 6 12 14 15 11 0 9 20 5 16 2 17 13 24 21 22 23 18 19
40 1 8 7 3 10 4 1 6 12 14 15 11 2 9 20 5 16 0 17 13 24 21 22 23 18 19
39 1 8 7 3 10 4 1 6 12 14 15 11 2 9 20 5 16 17 0 13 24 21 22 23 18 19
38 1 8 7 3 10 4 1 6 12 14 15 11 2 0 20 5 16 17 9 13 24 21 22 23 18 19
37 1 8 7 3 10 4 1 6 0 14 15 11 2 12 20 5 16 17 9 13 24 21 22 23 18 19
36 1 8 7 3 10 4 1 6 14 0 15 11 2 12 20 5 16 17 9 13 24 21 22 23 18 19
35 1 8 7 3 10 4 1 6 14 15 0 11 2 12 20 5 16 17 9 13 24 21 22 23 18 19
34 1 8 7 3 10 4 1 6 14 15 5 11 2 12 20 0 16 17 9 13 24 21 22 23 18 19
33 1 8 7 3 10 4 1 6 14 15 5 11 2 12 0 20 16 17 9 13 24 21 22 23 18 19
32 1 8 7 3 10 4 1 6 14 0 5 11 2 12 15 20 16 17 9 13 24 21 22 23 18 19
31 1 8 7 3 0 4 1 6 14 10 5 11 2 12 15 20 16 17 9 13 24 21 22 23 18 19
30 1 8 7 0 3 4 1 6 14 10 5 11 2 12 15 20 16 17 9 13 24 21 22 23 18 19
60 1 1 11 12 5 9 8 24 7 0 3 17 18 10 2 4 6 23 15 13 20 16 21 22 19 14
59 1 1 11 12 5 9 8 24 7 2 3 17 18 10 0 4 6 23 15 13 20 16 21 22 19 14
58 1 1 11 12 5 9 8 24 7 2 3 17 18 0 10 4 6 23 15 13 20 16 21 22 19 14
57 1 1 11 12 5 9 8 24 7 2 3 17 0 18 10 4 6 23 15 13 20 16 21 22 19 14
56 1 1 11 12 5 9 8 0 7 2 3 17 24 18 10 4 6 23 15 13 20 16 21 22 19 14
55 1 1 0 12 5 9 8 11 7 2 3 17 24 18 10 4 6 23 15 13 20 16 21 22 19 14
54 1 1 12 0 5 9 8 11 7 2 3 17 24 18 10 4 6 23 15 13 20 16 21 22 19 14
53 1 1 12 7 5 9 8 11 0 2 3 17 24 18 10 4 6 23 15 13 20 16 21 22 19 14
52 1 1 12 7 5 9 8 11 2 0 3 17 24 18 10 4 6 23 15 13 20 16 21 22 19 14
51 1 1 12 7 5 9 8 11 2 3 0 17 24 18 10 4 6 23 15 13 20 16 21 22 19 14
50 1 1 12 7 5 9 8 11 2 3 4 17 24 18 10 0 6 23 15 13 20 16 21 22 19 14
49 1 1 12 7 5 9 8 11 2 3 4 17 24 18 0 10 6 23 15 13 20 16 21 22 19 14
48 1 1 12 7 5 9 8 11 2 3 4 17 24 18 13 10 6 23 15 0 20 16 21 22 19 14
47 1 1 12 7 5 9 8 11 2 3 4 17 24 18 13 10 6 23 15 20 0 16 21 22 19 14
46 1 1 12 7 5 9 8 11 2 3 4 17 24 18 13 10 6 23 15 20 14 16 21 22 19 0
45 1 1 12 7 5 9 8 11 2 3 4 17 24 18 13 10 6 23 15 20 14 16 21 22 0 19
44 1 1 12 7 5 9 8 11 2 3 4 17 24 18 13 10 6 23 15 0 14 16 21 22 20 19
43 1 1 12 7 5 9 8 11 2 3 4 17 24 18 13 10 6 23 0 15 14 16 21 22 20 19
42 1 1 12 7 5 9 8 11 2 3 4 17 24 18 13 10 6 0 23 15 14 16 21 22 20 19
41 1 1 12 7 5 9 8 11 2 3 4 17 0 18 13 10 6 24 23 15 14 16 21 22 20 19
40 1 1 12 7 5 9 8 11 2 3 4 0 17 18 13 10 6 24 23 15 14 16 21 22 20 19
39 1 1 12 7 5 9 8 11 2 3 4 6 17 18 13 10 0 24 23 15 14 16 21 22 20 19
38 1 1 12 7 5 9 8 11 2 3 4 6 17 18 13 10 16 24 23 15 14 0 21 22 20 19
37 1 1 12 7 5 9 8 11 2 3 4 6 17 18 13 10 16 24 23 15 14 21 0 22 20 19
36 1 1 12 7 5 9 8 11 2 3 4 6 17 18 13 10 16 24 23 15 14 21 22 0 20 19
35 1 1 12 7 5 9 8 11 2 3 4 6 17 18 13 10 16 24 0 15 14 21 22 23 20 19
34 1 1 12 7 5 9 8 11 2 3 4 6 17 18 13 10 16 0 24 15 14 21 22 23 20 19
33 1 1 12 7 5 9 8 11 2 3 4 6 0 18 13 10 16 17 24 15 14 21 22 23 20 19
32 1 1 12 7 5 9 8 0 2 3 4 6 11 18 13 10 16 17 24 15 14 21 22 23 20 19
31 1 1 12 7 5 9 0 8 2 3 4 6 11 18 13 10 16 17 24 15 14 21 22 23 20 19
30 1 1 12 7 5 9 6 8 2 3 4 0 11 18 13 10 16 17 24 15 14 21 22 23 20 19
72 1 12 1 7 24 2 9 11 10 23 5 21 3 0 4 13 19 6 8 18 16 17 22 20 15 14
71 1 12 1 7 24 2 9 11 10 23 5 21 3 4 0 13 19 6 8 18 16 17 22 20 15 14
70 1 12 1 7 24 2 9 11 10 0 5 21 3 4 23 13 19 6 8 18 16 17 22 20 15 14
69 1 12 1 7 24 2 9 11 0 10 5 21 3 4 23 13 19 6 8 18 16 17 22 20 15 14
68 1 12 1 7 24 2 9 11 4 10 5 21 3 0 23 13 19 6 8 18 16 17 22 20 15 14
67 1 12 1 7 24 2 9 11 4 10 5 21 0 3 23 13 19 6 8 18 16 17 22 20 15 14
66 1 12 1 7 24 2 9 11 4 10 5 21 6 3 23 13 19 0 8 18 16 17 22 20 15 14
65 1 12 1 7 24 2 9 11 4 10 5 21 6 3 23 13 0 19 8 18 16 17 22 20 15 14
64 1 12 1 7 24 2 9 11 4 10 5 0 6 3 23 13 21 19 8 18 16 17 22 20 15 14
63 1 12 1 7 24 2 9 11 4 10 5 6 0 3 23 13 21 19 8 18 16 17 22 20 15 14
62 1 12 1 7 24 2 9 0 4 10 5 6 11 3 23 13 21 19 8 18 16 17 22 20 15 14
61 1 12 1 7 24 2 0 9 4 10 5 6 11 3 23 13 21 19 8 18 16 17 22 20 15 14
60 1 0 1 7 24 2 12 9 4 10 5 6 11 3 23 13 21 19 8 18 16 17 22 20 15 14
59 1 1 0 7 24 2 12 9 4 10 5 6 11 3 23 13 21 19 8 18 16 17 22 20 15 14
58 1 1 7 0 24 2 12 9 4 10 5 6 11 3 23 13 21 19 8 18 16 17 22 20 15 14
57 1 1 7 24 0 2 12 9 4 10 5 6 11 3 23 13 21 19 8 18 16 17 22 20 15 14
56 1 1 7 24 2 0 12 9 4 10 5 6 11 3 23 13 21 19 8 18 16 17 22 20 15 14
55 1 1 7 24 2 5 12 9 4 10 0 6 11 3 23 13 21 19 8 18 16 17 22 20 15 14
54 1 1 7 24 2 5 12 9 4 0 10 6 11 3 23 13 21 19 8 18 16 17 22 20 15 14
53 1 1 7 24 2 5 12 9 0 4 10 6 11 3 23 13 21 19 8 18 16 17 22 20 15 14
52 1 1 7 0 2 5 12 9 24 4 10 6 11 3 23 13 21 19 8 18 16 17 22 20 15 14
51 1 1 7 2 0 5 12 9 24 4 10 6 11 3 23 13 21 19 8 18 16 17 22 20 15 14
50 1 1 7 2 4 5 12 9 24 0 10 6 11 3 23 13 21 19 8 18 16 17 22 20 15 14
49 1 1 7 2 4 5 12 9 0 24 10 6 11 3 23 13 21 19 8 18 16 17 22 20 15 14
48 1 1 7 2 4 5 12 0 9 24 10 6 11 3 23 13 21 19 8 18 16 17 22 20 15 14
47 1 1 7 2 4 5 0 12 9 24 10 6 11 3 23 13 21 19 8 18 16 17 22 20 15 14
46 1 1 7 2 4 5 6 12 9 24 10 0 11 3 23 13 21 19 8 18 16 17 22 20 15 14
45 1 1 7 2 4 5 6 12 9 24 10 11 0 3 23 13 21 19 8 18 16 17 22 20 15 14
44 1 1 7 2 4 5 6 12 9 24 10 11 19 3 23 13 21 0 8 18 16 17 22 20 15 14
43 1 1 7 2 4 5 6 12 9 24 10 11 19 3 23 13 21 8 0 18 16 17 22 20 15 14
42 1 1 7 2 4 5 6 12 9 24 10 11 19 3 23 13 21 8 18 0 16 17 22 20 15 14
41 1 1 7 2 4 5 6 12 9 24 10 11 19 3 23 13 21 8 18 16 0 17 22 20 15 14
40 1 1 7 2 4 5 6 12 9 24 10 11 19 3 23 13 21 8 18 16 14 17 22 20 15 0
39 1 1 7 2 4 5 6 12 9 24 10 11 19 3 23 13 21 8 18 16 14 17 22 20 0 15
38 1 1 7 2 4 5 6 12 9 24 10 11 19 3 23 13 21 8 18 16 14 17 22 0 20 15
37 1 1 7 2 4 5 6 12 9 24 10 11 19 3 23 13 21 8 0 16 14 17 22 18 20 15
36 1 1 7 2 4 5 6 12 9 24 10 11 19 3 23 13 21 8 16 0 14 17 22 18 20 15
35 1 1 7 2 4 5 6 12 9 24 10 11 19 3 0 13 21 8 16 23 14 17 22 18 20 15
34 1 1 7 2 4 5 6 12 9 24 10 11 19 3 13 0 21 8 16 23 14 17 22 18 20 15
33 1 1 7 2 4 5 6 12 9 24 10 11 19 3 13 14 21 8 16 23 0 17 22 18 20 15
32 1 1 7 2 4 5 6 12 9 24 10 11 19 3 13 14 21 8 16 23 15 17 22 18 20 0
31 1 1 7 2 4 5 6 12 9 24 10 11 19 3 13 14 21 8 16 23 15 17 22 18 0 20
30 1 1 7 2 4 5 6 12 9 24 10 11 19 3 13 14 21 8 16 0 15 17 22 18 23 20
60 1 3 7 12 4 5 1 0 18 14 9 21 2 20 17 10 8 11 6 23 24 13 22 16 15 19
59 1 3 0 12 4 5 1 7 18 14 9 21 2 20 17 10 8 11 6 23 24 13 22 16 15 19
58 1 0 3 12 4 5 1 7 18 14 9 21 2 20 17 10 8 11 6 23 24 13 22 16 15 19
57 1 1 3 12 4 5 0 7 18 14 9 21 2 20 17 10 8 11 6 23 24 13 22 16 15 19
56 1 1 3 12 4 5 21 7 18 14 9 0 2 20 17 10 8 11 6 23 24 13 22 16 15 19
55 1 1 3 12 4 5 21 7 18 14 9 8 2 20 17 10 0 11 6 23 24 13 22 16 15 19
54 1 1 3 12 4 5 21 7 18 14 9 8 2 20 17 10 13 11 6 23 24 0 22 16 15 19
53 1 1 3 12 4 5 21 7 18 14 9 8 2 20 17 10 13 11 6 23 24 22 0 16 15 19
52 1 1 3 12 4 5 21 7 18 14 9 8 2 20 17 10 13 0 6 23 24 22 11 16 15 19
51 1 1 3 12 4 5 21 7 18 14 9 8 2 20 17 10 0 13 6 23 24 22 11 16 15 19
50 1 1 3 12 4 5 21 7 18 14 9 0 2 20 17 10 8 13 6 23 24 22 11 16 15 19
49 1 1 3 12 4 5 0 7 18 14 9 21 2 20 17 10 8 13 6 23 24 22 11 16 15 19
48 1 1 3 12 4 5 7 0 18 14 9 21 2 20 17 10 8 13 6 23 24 22 11 16 15 19
47 1 1 3 12 4 5 7 2 18 14 9 21 0 20 17 10 8 13 6 23 24 22 11 16 15 19
46 1 1 3 12 4 5 7 2 18 14 9 21 13 20 17 10 8 0 6 23 24 22 11 16 15 19
45 1 1 3 12 4 5 7 2 18 14 9 21 13 20 17 10 8 6 0 23 24 22 11 16 15 19
44 1 1 3 12 4 5 7 2 18 14 9 21 13 20 17 10 8 6 23 0 24 22 11 16 15 19
43 1 1 3 12 4 5 7 2 18 14 9 21 13 20 0 10 8 6 23 17 24 22 11 16 15 19
42 1 1 3 12 4 5 7 2 18 14 9 21 13 0 20 10 8 6 23 17 24 22 11 16 15 19
41 1 1 3 12 4 5 7 2 18 14 9 21 0 13 20 10 8 6 23 17 24 22 11 16 15 19
40 1 1 3 12 4 5 7 2 18 14 9 21 6 13 20 10 8 0 23 17 24 22 11 16 15 19
39 1 1 3 12 4 5 7 2 18 14 9 21 6 13 20 10 0 8 23 17 24 22 11 16 15 19
38 1 1 3 12 4 5 7 2 18 14 9 0 6 13 20 10 21 8 23 17 24 22 11 16 15 19
37 1 1 3 12 4 5 7 2 18 14 9 6 0 13 20 10 21 8 23 17 24 22 11 16 15 19
36 1 1 3 12 4 5 7 2 18 14 9 6 8 13 20 10 21 0 23 17 24 22 11 16 15 19
35 1 1 3 12 4 5 7 2 18 14 9 6 8 13 20 10 21 11 23 17 24 22 0 16 15 19
34 1 1 3 12 4 5 7 2 18 14 9 6 8 13 20 10 21 11 23 17 24 22 16 0 15 19
33 1 1 3 12 4 5 7 2 18 14 9 6 8 13 20 10 21 11 0 17 24 22 16 23 15 19
32 1 1 3 12 4 5 7 2 18 14 9 6 8 13 20 10 21 11 17 0 24 22 16 23 15 19
31 1 1 3 12 4 5 7 2 18 14 9 6 8 13 20 10 21 11 17 15 24 22 16 23 0 19
30 1 1 3 12 4 5 7 2 18 14 9 6 8 13 20 10 21 11 17 15 24 22 16 23 19 0
52 1 7 4 9 3 15 2 1 12 10 20 11 16 5 8 19 6 22 17 13 14 21 23 0 24 18
51 1 7 4 9 3 15 2 1 12 10 20 11 16 5 8 19 6 22 17 13 14 21 0 23 24 18
50 1 7 4 9 3 15 2 1 12 10 20 11 16 5 8 19 6 0 17 13 14 21 22 23 24 18
49 1 7 4 9 3 15 2 1 12 10 20 11 0 5 8 19 6 16 17 13 14 21 22 23 24 18
48 1 7 4 9 3 15 2 1 12 10 20 0 11 5 8 19 6 16 17 13 14 21 22 23 24 18
47 1 7 4 9 3 15 2 1 12 10 20 6 11 5 8 19 0 16 17 13 14 21 22 23 24 18
46 1 7 4 9 3 15 2 1 12 10 20 6 11 5 8 19 16 0 17 13 14 21 22 23 24 18
45 1 7 4 9 3 15 2 1 12 10 20 6 11 5 8 19 16 17 0 13 14 21 22 23 24 18
44 1 7 4 9 3 15 2 1 12 10 20 6 11 5 8 19 16 17 13 0 14 21 22 23 24 18
43 1 7 4 9 3 15 2 1 12 10 20 6 11 5 0 19 16 17 13 8 14 21 22 23 24 18
42 1 7 4 9 3 15 2 1 12 10 20 6 11 0 5 19 16 17 13 8 14 21 22 23 24 18
41 1 7 4 9 3 15 2 1 0 10 20 6 11 12 5 19 16 17 13 8 14 21 22 23 24 18
40 1 7 4 0 3 15 2 1 9 10 20 6 11 12 5 19 16 17 13 8 14 21 22 23 24 18
39 1 7 4 3 0 15 2 1 9 10 20 6 11 12 5 19 16 17 13 8 14 21 22 23 24 18
38 1 7 4 3 10 15 2 1 9 0 20 6 11 12 5 19 16 17 13 8 14 21 22 23 24 18
37 1 7 4 3 10 15 2 1 9 5 20 6 11 12 0 19 16 17 13 8 14 21 22 23 24 18
36 1 7 4 3 10 15 2 1 9 5 20 6 11 12 8 19 16 17 13 0 14 21 22 23 24 18
35 1 7 4 3 10 15 2 1 9 5 20 6 11 12 8 19 16 17 13 14 0 21 22 23 24 18
34 1 7 4 3 10 15 2 1 9 5 20 6 11 12 8 0 16 17 13 14 19 21 22 23 24 18
33 1 7 4 3 10 15 2 1 9 5 0 6 11 12 8 20 16 17 13 14 19 21 22 23 24 18
32 1 7 4 3 10 0 2 1 9 5 15 6 11 12 8 20 16 17 13 14 19 21 22 23 24 18
31 1 7 4 3 0 10 2 1 9 5 15 6 11 12 8 20 16 17 13 14 19 21 22 23 24 18
30 1 7 4 3 5 10 2 1 9 0 15 6 11 12 8 20 16 17 13 14 19 21 22 23 24 18
58 1 6 1 5 4 3 2 7 10 13 9 16 17 12 14 15 22 11 8 0 20 18 21 24 19 23
57 1 6 1 5 4 3 2 7 10 13 9 16 17 12 14 15 22 11 0 8 20 18 21 24 19 23
56 1 6 1 5 4 3 2 7 10 13 9 16 17 0 14 15 22 11 12 8 20 18 21 24 19 23
55 1 6 1 5 4 3 2 7 10 13 9 16 0 17 14 15 22 11 12 8 20 18 21 24 19 23
54 1 6 1 5 4 3 2 0 10 13 9 16 7 17 14 15 22 11 12 8 20 18 21 24 19 23
53 1 6 1 5 4 3 0 2 10 13 9 16 7 17 14 15 22 11 12 8 20 18 21 24 19 23
52 1 0 1 5 4 3 6 2 10 13 9 16 7 17 14 15 22 11 12 8 20 18 21 24 19 23
51 1 1 0 5 4 3 6 2 10 13 9 16 7 17 14 15 22 11 12 8 20 18 21 24 19 23
50 1 1 2 5 4 3 6 0 10 13 9 16 7 17 14 15 22 11 12 8 20 18 21 24 19 23
49 1 1 2 5 4 3 6 7 10 13 9 16 0 17 14 15 22 11 12 8 20 18 21 24 19 23
48 1 1 2 5 4 3 6 7 10 13 9 16 11 17 14 15 22 0 12 8 20 18 21 24 19 23
47 1 1 2 5 4 3 6 7 10 13 9 16 11 17 14 15 0 22 12 8 20 18 21 24 19 23
46 1 1 2 5 4 3 6 7 10 13 9 16 11 17 14 15 18 22 12 8 20 0 21 24 19 23
45 1 1 2 5 4 3 6 7 10 13 9 16 11 17 14 15 18 22 12 8 20 21 0 24 19 23
44 1 1 2 5 4 3 6 7 10 13 9 16 11 17 14 15 18 0 12 8 20 21 22 24 19 23
43 1 1 2 5 4 3 6 7 10 13 9 16 11 17 14 15 0 18 12 8 20 21 22 24 19 23
42 1 1 2 5 4 3 6 7 10 13 9 0 11 17 14 15 16 18 12 8 20 21 22 24 19 23
41 1 1 2 5 4 3 6 7 10 13 9 11 0 17 14 15 16 18 12 8 20 21 22 24 19 23
40 1 1 2 5 4 3 6 7 10 13 9 11 17 0 14 15 16 18 12 8 20 21 22 24 19 23
39 1 1 2 5 4 3 6 7 10 13 9 11 17 12 14 15 16 18 0 8 20 21 22 24 19 23
38 1 1 2 5 4 3 6 7 10 13 9 11 17 12 14 15 16 18 24 8 20 21 22 0 19 23
37 1 1 2 5 4 3 6 7 10 13 9 11 17 12 14 15 16 18 24 8 20 21 22 19 0 23
36 1 1 2 5 4 3 6 7 10 13 9 11 17 12 14 15 16 18 24 8 20 21 22 19 23 0
35 1 1 2 5 4 3 6 7 10 13 9 11 17 12 14 15 16 18 24 8 0 21 22 19 23 20
34 1 1 2 5 4 3 6 7 10 13 9 11 17 12 14 0 16 18 24 8 15 21 22 19 23 20
33 1 1 2 5 4 3 6 7 10 13 9 11 17 12 0 14 16 18 24 8 15 21 22 19 23 20
32 1 1 2 5 4 3 6 7 10 13 9 11 17 12 8 14 16 18 24 0 15 21 22 19 23 20
31 1 1 2 5 4 3 6 7 10 13 9 11 17 12 8 14 16 18 0 24 15 21 22 19 23 20
30 1 1 2 5 4 3 6 7 10 13 9 11 17 12 8 14 16 18 19 24 15 21 22 0 23 20
68 1 9 8 4 3 5 23 2 6 10 13 1 7 0 12 14 21 18 16 22 20 17 15 11 19 24
67 1 9 8 4 3 5 23 2 0 10 13 1 7 6 12 14 21 18 16 22 20 17 15 11 19 24
66 1 9 8 0 3 5 23 2 4 10 13 1 7 6 12 14 21 18 16 22 20 17 15 11 19 24
65 1 9 0 8 3 5 23 2 4 10 13 1 7 6 12 14 21 18 16 22 20 17 15 11 19 24
64 1 9 2 8 3 5 23 0 4 10 13 1 7 6 12 14 21 18 16 22 20 17 15 11 19 24
63 1 9 2 8 3 5 0 23 4 10 13 1 7 6 12 14 21 18 16 22 20 17 15 11 19 24
62 1 9 2 8 3 5 1 23 4 10 13 0 7 6 12 14 21 18 16 22 20 17 15 11 19 24
61 1 9 2 8 3 5 1 23 4 10 13 7 0 6 12 14 21 18 16 22 20 17 15 11 19 24
60 1 9 2 8 3 5 1 0 4 10 13 7 23 6 12 14 21 18 16 22 20 17 15 11 19 24
59 1 9 0 8 3 5 1 2 4 10 13 7 23 6 12 14 21 18 16 22 20 17 15 11 19 24
58 1 0 9 8 3 5 1 2 4 10 13 7 23 6 12 14 21 18 16 22 20 17 15 11 19 24
57 1 1 9 8 3 5 0 2 4 10 13 7 23 6 12 14 21 18 16 22 20 17 15 11 19 24
56 1 1 9 8 3 5 7 2 4 10 13 0 23 6 12 14 21 18 16 22 20 17 15 11 19 24
55 1 1 9 8 3 5 7 2 4 10 13 23 0 6 12 14 21 18 16 22 20 17 15 11 19 24
54 1 1 9 8 3 5 7 2 4 10 13 23 6 0 12 14 21 18 16 22 20 17 15 11 19 24
53 1 1 9 8 3 5 7 2 4 10 13 23 6 16 12 14 21 18 0 22 20 17 15 11 19 24
52 1 1 9 8 3 5 7 2 4 10 13 23 6 16 12 14 21 18 11 22 20 17 15 0 19 24
51 1 1 9 8 3 5 7 2 4 10 13 23 6 16 12 14 21 18 11 22 20 17 0 15 19 24
50 1 1 9 8 3 5 7 2 4 10 13 23 6 16 12 14 21 18 11 22 20 0 17 15 19 24
49 1 1 9 8 3 5 7 2 4 10 13 23 6 16 12 14 0 18 11 22 20 21 17 15 19 24
48 1 1 9 8 3 5 7 2 4 10 13 0 6 16 12 14 23 18 11 22 20 21 17 15 19 24
47 1 1 9 8 3 5 7 2 4 10 13 6 0 16 12 14 23 18 11 22 20 21 17 15 19 24
46 1 1 9 8 3 5 7 2 4 10 13 6 16 0 12 14 23 18 11 22 20 21 17 15 19 24
45 1 1 9 8 3 5 7 2 4 10 13 6 16 11 12 14 23 18 0 22 20 21 17 15 19 24
44 1 1 9 8 3 5 7 2 4 10 13 6 16 11 12 14 23 18 15 22 20 21 17 0 19 24
43 1 1 9 8 3 5 7 2 4 10 13 6 16 11 12 14 23 18 15 22 20 21 17 19 0 24
42 1 1 9 8 3 5 7 2 4 10 13 6 16 11 12 14 23 18 15 0 20 21 17 19 22 24
41 1 1 9 8 3 5 7 2 4 10 13 6 16 11 12 14 23 18 0 15 20 21 17 19 22 24
40 1 1 9 8 3 5 7 2 4 10 13 6 16 11 12 14 23 18 19 15 20 21 17 0 22 24
39 1 1 9 8 3 5 7 2 4 10 13 6 16 11 12 14 23 18 19 15 20 21 17 22 0 24
38 1 1 9 8 3 5 7 2 4 10 13 6 16 11 12 14 23 18 19 15 20 21 17 22 24 0
37 1 1 9 8 3 5 7 2 4 10 13 6 16 11 12 14 23 18 19 15 0 21 17 22 24 20
36 1 1 9 8 3 5 7 2 4 10 13 6 16 11 12 0 23 18 19 15 14 21 17 22 24 20
35 1 1 9 8 3 5 7 2 4 10 0 6 16 11 12 13 23 18 19 15 14 21 17 22 24 20
34 1 1 9 8 3 5 7 2 4 0 10 6 16 11 12 13 23 18 19 15 14 21 17 22 24 20
33 1 1 9 8 3 5 7 2 0 4 10 6 16 11 12 13 23 18 19 15 14 21 17 22 24 20
32 1 1 9 0 3 5 7 2 8 4 10 6 16 11 12 13 23 18 19 15 14 21 17 22 24 20
31 1 1 0 9 3 5 7 2 8 4 10 6 16 11 12 13 23 18 19 15 14 21 17 22 24 20
30 1 1 2 9 3 5 7 0 8 4 10 6 16 11 12 13 23 18 19 15 14 21 17 22 24 20
72 1 6 5 7 2 4 16 11 1 9 13 18 10 19 20 3 8 21 12 23 14 0 17 15 24 22
71 1 6 5 7 2 4 16 11 1 9 13 18 10 19 20 3 8 21 12 23 14 17 0 15 24 22
70 1 6 5 7 2 4 16 11 1 9 13 18 10 19 20 3 8 0 12 23 14 17 21 15 24 22
69 1 6 5 7 2 4 16 11 1 9 13 18 10 19 20 3 0 8 12 23 14 17 21 15 24 22
68 1 6 5 7 2 4 16 11 1 9 13 0 10 19 20 3 18 8 12 23 14 17 21 15 24 22
67 1 6 5 7 2 4 0 11 1 9 13 16 10 19 20 3 18 8 12 23 14 17 21 15 24 22
66 1 6 5 7 2 4 11 0 1 9 13 16 10 19 20 3 18 8 12 23 14 17 21 15 24 22
65 1 6 0 7 2 4 11 5 1 9 13 16 10 19 20 3 18 8 12 23 14 17 21 15 24 22
64 1 6 7 0 2 4 11 5 1 9 13 16 10 19 20 3 18 8 12 23 14 17 21 15 24 22
63 1 6 7 1 2 4 11 5 0 9 13 16 10 19 20 3 18 8 12 23 14 17 21 15 24 22
62 1 6 7 1 2 4 11 0 5 9 13 16 10 19 20 3 18 8 12 23 14 17 21 15 24 22
61 1 6 7 1 2 4 11 10 5 9 13 16 0 19 20 3 18 8 12 23 14 17 21 15 24 22
60 1 6 7 1 2 4 11 10 5 9 13 16 8 19 20 3 18 0 12 23 14 17 21 15 24 22
59 1 6 7 1 2 4 11 10 5 9 13 16 8 19 20 3 18 12 0 23 14 17 21 15 24 22
58 1 6 7 1 2 4 11 10 5 9 13 16 8 19 20 3 18 12 23 0 14 17 21 15 24 22
57 1 6 7 1 2 4 11 10 5 9 13 16 8 19 0 3 18 12 23 20 14 17 21 15 24 22
56 1 6 7 1 2 4 11 10 5 9 13 16 8 19 3 0 18 12 23 20 14 17 21 15 24 22
55 1 6 7 1 2 4 11 10 5 9 13 16 8 19 3 14 18 12 23 20 0 17 21 15 24 22
54 1 6 7 1 2 4 11 10 5 9 13 16 8 19 3 14 18 12 23 0 20 17 21 15 24 22
53 1 6 7 1 2 4 11 10 5 9 13 16 8 19 3 14 18 12 23 24 20 17 21 15 0 22
52 1 6 7 1 2 4 11 10 5 9 13 16 8 19 3 14 18 12 23 24 20 17 21 15 22 0
51 1 6 7 1 2 4 11 10 5 9 13 16 8 19 3 14 18 12 23 24 0 17 21 15 22 20
50 1 6 7 1 2 4 11 10 5 9 13 16 8 19 3 0 18 12 23 24 14 17 21 15 22 20
49 1 6 7 1 2 4 11 10 5 9 0 16 8 19 3 13 18 12 23 24 14 17 21 15 22 20
48 1 6 7 1 2 4 11 10 5 0 9 16 8 19 3 13 18 12 23 24 14 17 21 15 22 20
47 1 6 7 1 2 4 11 10 0 5 9 16 8 19 3 13 18 12 23 24 14 17 21 15 22 20
46 1 6 7 1 2 4 11 0 10 5 9 16 8 19 3 13 18 12 23 24 14 17 21 15 22 20
45 1 6 7 1 2 4 11 8 10 5 9 16 0 19 3 13 18 12 23 24 14 17 21 15 22 20
44 1 6 7 1 2 4 11 8 10 5 9 16 12 19 3 13 18 0 23 24 14 17 21 15 22 20
43 1 6 7 1 2 4 11 8 10 5 9 16 12 19 3 13 18 23 0 24 14 17 21 15 22 20
42 1 6 7 1 2 4 11 8 10 5 9 16 12 19 3 13 18 23 15 24 14 17 21 0 22 20
41 1 6 7 1 2 4 11 8 10 5 9 16 12 19 3 13 18 23 15 24 14 17 21 22 0 20
40 1 6 7 1 2 4 11 8 10 5 9 16 12 19 3 13 18 23 15 0 14 17 21 22 24 20
39 1 6 7 1 2 4 11 8 10 5 9 16 12 19 3 13 18 23 0 15 14 17 21 22 24 20
38 1 6 7 1 2 4 11 8 10 5 9 16 12 0 3 13 18 23 19 15 14 17 21 22 24 20
37 1 6 7 1 2 4 11 8 10 5 9 16 12 3 0 13 18 23 19 15 14 17 21 22 24 20
36 1 6 7 1 2 4 11 8 10 5 9 16 12 3 13 0 18 23 19 15 14 17 21 22 24 20
35 1 6 7 1 2 4 11 8 10 5 0 16 12 3 13 9 18 23 19 15 14 17 21 22 24 20
34 1 6 7 1 2 4 11 8 10 0 5 16 12 3 13 9 18 23 19 15 14 17 21 22 24 20
33 1 6 7 1 2 4 11 8 0 10 5 16 12 3 13 9 18 23 19 15 14 17 21 22 24 20
32 1 6 7 1 2 4 11 0 8 10 5 16 12 3 13 9 18 23 19 15 14 17 21 22 24 20
31 1 6 0 1 2 4 11 7 8 10 5 16 12 3 13 9 18 23 19 15 14 17 21 22 24 20
30 1 6 1 0 2 4 11 7 8 10 5 16 12 3 13 9 18 23 19 15 14 17 21 22 24 20
74 1 9 7 18 11 3 6 2 5 0 10 13 12 24 8 14 1 21 20 4 19 16 17 22 23 15
73 1 9 7 18 11 3 6 2 5 8 10 13 12 24 0 14 1 21 20 4 19 16 17 22 23 15
72 1 9 7 18 11 3 6 2 5 8 10 13 12 24 4 14 1 21 20 0 19 16 17 22 23 15
71 1 9 7 18 11 3 6 2 5 8 10 13 12 24 4 14 1 21 0 20 19 16 17 22 23 15
70 1 9 7 18 11 3 6 2 5 8 10 13 12 0 4 14 1 21 24 20 19 16 17 22 23 15
69 1 9 7 18 11 3 6 2 0 8 10 13 12 5 4 14 1 21 24 20 19 16 17 22 23 15
68 1 9 7 0 11 3 6 2 18 8 10 13 12 5 4 14 1 21 24 20 19 16 17 22 23 15
67 1 9 7 11 0 3 6 2 18 8 10 13 12 5 4 14 1 21 24 20 19 16 17 22 23 15
66 1 9 7 11 8 3 6 2 18 0 10 13 12 5 4 14 1 21 24 20 19 16 17 22 23 15
65 1 9 7 11 8 3 6 2 18 4 10 13 12 5 0 14 1 21 24 20 19 16 17 22 23 15
64 1 9 7 11 8 3 6 2 18 4 10 13 12 0 5 14 1 21 24 20 19 16 17 22 23 15
63 1 9 7 11 8 3 6 2 0 4 10 13 12 18 5 14 1 21 24 20 19 16 17 22 23 15
62 1 9 7 11 8 3 6 0 2 4 10 13 12 18 5 14 1 21 24 20 19 16 17 22 23 15
61 1 9 7 11 8 3 0 6 2 4 10 13 12 18 5 14 1 21 24 20 19 16 17 22 23 15
60 1 9 7 11 8 3 13 6 2 4 10 0 12 18 5 14 1 21 24 20 19 16 17 22 23 15
59 1 9 7 11 8 3 13 6 2 4 10 1 12 18 5 14 0 21 24 20 19 16 17 22 23 15
58 1 9 7 11 8 3 13 6 2 4 10 1 12 18 5 14 16 21 24 20 19 0 17 22 23 15
57 1 9 7 11 8 3 13 6 2 4 10 1 12 18 5 14 16 21 24 20 19 17 0 22 23 15
56 1 9 7 11 8 3 13 6 2 4 10 1 12 18 5 14 16 0 24 20 19 17 21 22 23 15
55 1 9 7 11 8 3 13 6 2 4 10 1 0 18 5 14 16 12 24 20 19 17 21 22 23 15
54 1 9 7 11 8 3 13 0 2 4 10 1 6 18 5 14 16 12 24 20 19 17 21 22 23 15
53 1 9 7 11 8 3 0 13 2 4 10 1 6 18 5 14 16 12 24 20 19 17 21 22 23 15
52 1 0 7 11 8 3 9 13 2 4 10 1 6 18 5 14 16 12 24 20 19 17 21 22 23 15
51 1 7 0 11 8 3 9 13 2 4 10 1 6 18 5 14 16 12 24 20 19 17 21 22 23 15
50 1 7 11 0 8 3 9 13 2 4 10 1 6 18 5 14 16 12 24 20 19 17 21 22 23 15
49 1 7 11 2 8 3 9 13 0 4 10 1 6 18 5 14 16 12 24 20 19 17 21 22 23 15
48 1 7 11 2 8 3 9 0 13 4 10 1 6 18 5 14 16 12 24 20 19 17 21 22 23 15
47 1 7 11 2 8 3 0 9 13 4 10 1 6 18 5 14 16 12 24 20 19 17 21 22 23 15
46 1 7 11 2 8 3 1 9 13 4 10 0 6 18 5 14 16 12 24 20 19 17 21 22 23 15
45 1 7 11 2 8 3 1 9 13 4 10 16 6 18 5 14 0 12 24 20 19 17 21 22 23 15
44 1 7 11 2 8 3 1 9 13 4 10 16 6 18 5 14 17 12 24 20 19 0 21 22 23 15
43 1 7 11 2 8 3 1 9 13 4 10 16 6 18 5 14 17 12 24 20 19 21 0 22 23 15
42 1 7 11 2 8 3 1 9 13 4 10 16 6 18 5 14 17 12 24 20 19 21 22 0 23 15
41 1 7 11 2 8 3 1 9 13 4 10 16 6 18 5 14 17 12 24 20 19 21 22 23 0 15
40 1 7 11 2 8 3 1 9 13 4 10 16 6 18 5 14 17 12 24 0 19 21 22 23 20 15
39 1 7 11 2 8 3 1 9 13 4 10 16 6 18 5 14 17 12 24 19 0 21 22 23 20 15
38 1 7 11 2 8 3 1 9 13 4 10 16 6 18 5 0 17 12 24 19 14 21 22 23 20 15
37 1 7 11 2 8 3 1 9 13 4 0 16 6 18 5 10 17 12 24 19 14 21 22 23 20 15
36 1 7 11 2 8 3 1 9 13 0 4 16 6 18 5 10 17 12 24 19 14 21 22 23 20 15
35 1 7 11 2 8 3 1 9 13 5 4 16 6 18 0 10 17 12 24 19 14 21 22 23 20 15
34 1 7 11 2 8 3 1 9 13 5 4 16 6 18 19 10 17 12 24 0 14 21 22 23 20 15
33 1 7 11 2 8 3 1 9 13 5 4 16 6 18 19 10 17 12 0 24 14 21 22 23 20 15
32 1 7 11 2 8 3 1 9 13 5 4 16 6 0 19 10 17 12 18 24 14 21 22 23 20 15
31 1 7 11 2 8 3 1 9 0 5 4 16 6 13 19 10 17 12 18 24 14 21 22 23 20 15
30 1 7 11 2 8 3 1 0 9 5 4 16 6 13 19 10 17 12 18 24 14 21 22 23 20 15
60 1 7 11 4 2 10 1 13 3 12 5 0 6 19 8 14 16 22 24 15 20 17 21 23 18 9
59 1 7 11 4 2 10 1 13 3 12 5 16 6 19 8 14 0 22 24 15 20 17 21 23 18 9
58 1 7 11 4 2 10 1 13 3 12 5 16 6 19 8 14 17 22 24 15 20 0 21 23 18 9
57 1 7 11 4 2 10 1 13 3 12 5 16 6 19 8 14 17 22 24 15 20 21 0 23 18 9
56 1 7 11 4 2 10 1 13 3 12 5 16 6 19 8 14 17 22 24 15 20 21 23 0 18 9
55 1 7 11 4 2 10 1 13 3 12 5 16 6 19 8 14 17 22 24 15 20 21 23 18 0 9
54 1 7 11 4 2 10 1 13 3 12 5 16 6 19 8 14 17 22 24 0 20 21 23 18 15 9
53 1 7 11 4 2 10 1 13 3 12 5 16 6 19 8 14 17 22 24 20 0 21 23 18 15 9
52 1 7 11 4 2 10 1 13 3 12 5 16 6 19 8 14 17 22 24 20 9 21 23 18 15 0
51 1 7 11 4 2 10 1 13 3 12 5 16 6 19 8 14 17 22 24 20 9 21 23 18 0 15
50 1 7 11 4 2 10 1 13 3 12 5 16 6 19 8 14 17 22 24 0 9 21 23 18 20 15
49 1 7 11 4 2 10 1 13 3 12 5 16 6 19 8 14 17 22 0 24 9 21 23 18 20 15
48 1 7 11 4 2 10 1 13 3 12 5 16 6 0 8 14 17 22 19 24 9 21 23 18 20 15
47 1 7 11 4 2 10 1 13 0 12 5 16 6 3 8 14 17 22 19 24 9 21 23 18 20 15
46 1 7 11 4 2 10 1 0 13 12 5 16 6 3 8 14 17 22 19 24 9 21 23 18 20 15
45 1 7 0 4 2 10 1 11 13 12 5 16 6 3 8 14 17 22 19 24 9 21 23 18 20 15
44 1 0 7 4 2 10 1 11 13 12 5 16 6 3 8 14 17 22 19 24 9 21 23 18 20 15
43 1 1 7 4 2 10 0 11 13 12 5 16 6 3 8 14 17 22 19 24 9 21 23 18 20 15
42 1 1 7 4 2 10 11 0 13 12 5 16 6 3 8 14 17 22 19 24 9 21 23 18 20 15
41 1 1 7 4 2 10 11 6 13 12 5 16 0 3 8 14 17 22 19 24 9 21 23 18 20 15
40 1 1 7 4 2 10 11 6 13 12 5 16 3 0 8 14 17 22 19 24 9 21 23 18 20 15
39 1 1 7 4 2 10 11 6 0 12 5 16 3 13 8 14 17 22 19 24 9 21 23 18 20 15
38 1 1 7 4 2 10 11 6 12 0 5 16 3 13 8 14 17 22 19 24 9 21 23 18 20 15
37 1 1 7 4 2 10 11 6 12 5 0 16 3 13 8 14 17 22 19 24 9 21 23 18 20 15
36 1 1 7 4 2 10 11 6 12 5 14 16 3 13 8 0 17 22 19 24 9 21 23 18 20 15
35 1 1 7 4 2 10 11 6 12 5 14 16 3 13 8 9 17 22 19 24 0 21 23 18 20 15
34 1 1 7 4 2 10 11 6 12 5 14 16 3 13 8 9 17 22 19 24 15 21 23 18 20 0
33 1 1 7 4 2 10 11 6 12 5 14 16 3 13 8 9 17 22 19 24 15 21 23 18 0 20
32 1 1 7 4 2 10 11 6 12 5 14 16 3 13 8 9 17 22 19 0 15 21 23 18 24 20
31 1 1 7 4 2 10 11 6 12 5 14 16 3 13 8 9 17 22 0 19 15 21 23 18 24 20
30 1 1 7 4 2 10 11 6 12 5 14 16 3 13 8 9 17 22 18 19 15 21 23 0 24 20
68 1 1 6 0 14 15 2 3 10 8 5 11 7 19 23 18 17 22 21 12 9 16 24 4 13 20
67 1 1 6 10 14 15 2 3 0 8 5 11 7 19 23 18 17 22 21 12 9 16 24 4 13 20
66 1 1 6 10 14 15 2 3 19 8 5 11 7 0 23 18 17 22 21 12 9 16 24 4 13 20
65 1 1 6 10 14 15 2 3 19 8 5 11 7 21 23 18 17 22 0 12 9 16 24 4 13 20
64 1 1 6 10 14 15 2 3 19 8 5 11 7 21 23 18 17 22 12 0 9 16 24 4 13 20
63 1 1 6 10 14 15 2 3 19 8 5 11 7 21 0 18 17 22 12 23 9 16 24 4 13 20
62 1 1 6 10 14 15 2 3 19 0 5 11 7 21 8 18 17 22 12 23 9 16 24 4 13 20
61 1 1 6 10 0 15 2 3 19 14 5 11 7 21 8 18 17 22 12 23 9 16 24 4 13 20
60 1 1 6 0 10 15 2 3 19 14 5 11 7 21 8 18 17 22 12 23 9 16 24 4 13 20
59 1 1 0 6 10 15 2 3 19 14 5 11 7 21 8 18 17 22 12 23 9 16 24 4 13 20
58 1 1 3 6 10 15 2 0 19 14 5 11 7 21 8 18 17 22 12 23 9 16 24 4 13 20
57 1 1 3 6 10 15 0 2 19 14 5 11 7 21 8 18 17 22 12 23 9 16 24 4 13 20
56 1 1 3 6 10 15 11 2 19 14 5 0 7 21 8 18 17 22 12 23 9 16 24 4 13 20
55 1 1 3 6 10 15 11 2 19 14 5 7 0 21 8 18 17 22 12 23 9 16 24 4 13 20
54 1 1 3 6 10 15 11 2 19 14 5 7 21 0 8 18 17 22 12 23 9 16 24 4 13 20
53 1 1 3 6 10 15 11 2 0 14 5 7 21 19 8 18 17 22 12 23 9 16 24 4 13 20
52 1 1 3 0 10 15 11 2 6 14 5 7 21 19 8 18 17 22 12 23 9 16 24 4 13 20
51 1 1 0 3 10 15 11 2 6 14 5 7 21 19 8 18 17 22 12 23 9 16 24 4 13 20
50 1 1 2 3 10 15 11 0 6 14 5 7 21 19 8 18 17 22 12 23 9 16 24 4 13 20
49 1 1 2 3 10 15 11 6 0 14 5 7 21 19 8 18 17 22 12 23 9 16 24 4 13 20
48 1 1 2 3 10 15 11 6 14 0 5 7 21 19 8 18 17 22 12 23 9 16 24 4 13 20
47 1 1 2 3 10 15 11 6 14 8 5 7 21 19 0 18 17 22 12 23 9 16 24 4 13 20
46 1 1 2 3 10 15 11 6 14 8 5 7 21 0 19 18 17 22 12 23 9 16 24 4 13 20
45 1 1 2 3 10 15 11 6 14 8 5 7 21 12 19 18 17 22 0 23 9 16 24 4 13 20
44 1 1 2 3 10 15 11 6 14 8 5 7 21 12 19 18 17 22 4 23 9 16 24 0 13 20
43 1 1 2 3 10 15 11 6 14 8 5 7 21 12 19 18 17 22 4 23 9 16 0 24 13 20
42 1 1 2 3 10 15 11 6 14 8 5 7 21 12 19 18 17 0 4 23 9 16 22 24 13 20
41 1 1 2 3 10 15 11 6 14 8 5 7 0 12 19 18 17 21 4 23 9 16 22 24 13 20
40 1 1 2 3 10 15 11 6 14 8 5 0 7 12 19 18 17 21 4 23 9 16 22 24 13 20
39 1 1 2 3 10 15 0 6 14 8 5 11 7 12 19 18 17 21 4 23 9 16 22 24 13 20
38 1 1 2 3 10 15 6 0 14 8 5 11 7 12 19 18 17 21 4 23 9 16 22 24 13 20
37 1 1 2 3 10 15 6 7 14 8 5 11 0 12 19 18 17 21 4 23 9 16 22 24 13 20
36 1 1 2 3 10 15 6 7 14 8 5 11 12 0 19 18 17 21 4 23 9 16 22 24 13 20
35 1 1 2 3 10 15 6 7 14 8 5 11 12 4 19 18 17 21 0 23 9 16 22 24 13 20
34 1 1 2 3 10 15 6 7 14 8 5 11 12 4 19 18 17 21 23 0 9 16 22 24 13 20
33 1 1 2 3 10 15 6 7 14 8 5 11 12 4 0 18 17 21 23 19 9 16 22 24 13 20
32 1 1 2 3 10 15 6 7 14 8 5 11 12 0 4 18 17 21 23 19 9 16 22 24 13 20
31 1 1 2 3 10 15 6 7 0 8 5 11 12 14 4 18 17 21 23 19 9 16 22 24 13 20
30 1 1 2 3 10 15 6 7 8 0 5 11 12 14 4 18 17 21 23 19 9 16 22 24 13 20
70 1 7 1 24 13 4 2 0 18 8 3 11 12 22 9 5 23 6 16 14 20 17 19 21 10 15
69 1 7 1 24 13 4 2 12 18 8 3 11 0 22 9 5 23 6 16 14 20 17 19 21 10 15
68 1 7 1 24 13 4 2 12 18 8 3 11 6 22 9 5 23 0 16 14 20 17 19 21 10 15
67 1 7 1 24 13 4 2 12 18 8 3 11 6 22 9 5 23 16 0 14 20 17 19 21 10 15
66 1 7 1 24 13 4 2 12 18 8 3 11 6 0 9 5 23 16 22 14 20 17 19 21 10 15
65 1 7 1 24 13 4 2 12 0 8 3 11 6 18 9 5 23 16 22 14 20 17 19 21 10 15
64 1 7 1 0 13 4 2 12 24 8 3 11 6 18 9 5 23 16 22 14 20 17 19 21 10 15
63 1 7 1 13 0 4 2 12 24 8 3 11 6 18 9 5 23 16 22 14 20 17 19 21 10 15
62 1 7 1 13 8 4 2 12 24 0 3 11 6 18 9 5 23 16 22 14 20 17 19 21 10 15
61 1 7 1 13 8 4 2 12 24 3 0 11 6 18 9 5 23 16 22 14 20 17 19 21 10 15
60 1 7 1 13 8 4 2 12 24 3 5 11 6 18 9 0 23 16 22 14 20 17 19 21 10 15
59 1 7 1 13 8 4 2 12 24 3 5 11 6 18 9 20 23 16 22 14 0 17 19 21 10 15
58 1 7 1 13 8 4 2 12 24 3 5 11 6 18 9 20 23 16 22 0 14 17 19 21 10 15
57 1 7 1 13 8 4 2 12 24 3 5 11 6 18 9 20 23 16 22 10 14 17 19 21 0 15
56 1 7 1 13 8 4 2 12 24 3 5 11 6 18 9 20 23 16 22 10 14 17 19 0 21 15
55 1 7 1 13 8 4 2 12 24 3 5 11 6 18 9 20 23 16 22 10 14 17 0 19 21 15
54 1 7 1 13 8 4 2 12 24 3 5 11 6 18 9 20 23 0 22 10 14 17 16 19 21 15
53 1 7 1 13 8 4 2 12 24 3 5 11 6 18 9 20 0 23 22 10 14 17 16 19 21 15
52 1 7 1 13 8 4 2 12 24 3 5 0 6 18 9 20 11 23 22 10 14 17 16 19 21 15
51 1 7 1 13 8 4 2 12 24 3 5 6 0 18 9 20 11 23 22 10 14 17 16 19 21 15
50 1 7 1 13 8 4 2 12 24 3 5 6 18 0 9 20 11 23 22 10 14 17 16 19 21 15
49 1 7 1 13 8 4 2 12 0 3 5 6 18 24 9 20 11 23 22 10 14 17 16 19 21 15
48 1 7 1 0 8 4 2 12 13 3 5 6 18 24 9 20 11 23 22 10 14 17 16 19 21 15
47 1 7 1 8 0 4 2 12 13 3 5 6 18 24 9 20 11 23 22 10 14 17 16 19 21 15
46 1 7 1 8 3 4 2 12 13 0 5 6 18 24 9 20 11 23 22 10 14 17 16 19 21 15
45 1 7 1 8 3 4 2 12 13 9 5 6 18 24 0 20 11 23 22 10 14 17 16 19 21 15
44 1 7 1 8 3 4 2 12 13 9 5 6 18 24 20 0 11 23 22 10 14 17 16 19 21 15
43 1 7 1 8 3 4 2 12 13 9 5 6 18 24 20 14 11 23 22 10 0 17 16 19 21 15
42 1 7 1 8 3 4 2 12 13 9 5 6 18 24 20 14 11 23 22 0 10 17 16 19 21 15
41 1 7 1 8 3 4 2 12 13 9 5 6 18 24 0 14 11 23 22 20 10 17 16 19 21 15
40 1 7 1 8 3 4 2 12 13 9 5 6 18 0 24 14 11 23 22 20 10 17 16 19 21 15
39 1 7 1 8 3 4 2 12 13 9 5 6 18 22 24 14 11 23 0 20 10 17 16 19 21 15
38 1 7 1 8 3 4 2 12 13 9 5 6 18 22 24 14 11 23 19 20 10 17 16 0 21 15
37 1 7 1 8 3 4 2 12 13 9 5 6 18 22 24 14 11 23 19 20 10 17 16 21 0 15
36 1 7 1 8 3 4 2 12 13 9 5 6 18 22 24 14 11 23 19 0 10 17 16 21 20 15
35 1 7 1 8 3 4 2 12 13 9 5 6 18 22 0 14 11 23 19 24 10 17 16 21 20 15
34 1 7 1 8 3 4 2 12 13 9 5 6 18 22 14 0 11 23 19 24 10 17 16 21 20 15
33 1 7 1 8 3 4 2 12 13 9 5 6 18 22 14 10 11 23 19 24 0 17 16 21 20 15
32 1 7 1 8 3 4 2 12 13 9 5 6 18 22 14 10 11 23 19 24 15 17 16 21 20 0
31 1 7 1 8 3 4 2 12 13 9 5 6 18 22 14 10 11 23 19 24 15 17 16 21 0 20
30 1 7 1 8 3 4 2 12 13 9 5 6 18 22 14 10 11 23 19 0 15 17 16 21 24 20
68 1 1 6 7 2 5 8 0 12 10 15 11 16 22 23 4 13 21 19 24 9 14 3 20 18 17
67 1 1 6 7 2 5 0 8 12 10 15 11 16 22 23 4 13 21 19 24 9 14 3 20 18 17
66 1 1 6 7 2 5 11 8 12 10 15 0 16 22 23 4 13 21 19 24 9 14 3 20 18 17
65 1 1 6 7 2 5 11 8 12 10 15 13 16 22 23 4 0 21 19 24 9 14 3 20 18 17
64 1 1 6 7 2 5 11 8 12 10 15 13 16 22 23 4 21 0 19 24 9 14 3 20 18 17
63 1 1 6 7 2 5 11 8 12 10 15 13 0 22 23 4 21 16 19 24 9 14 3 20 18 17
62 1 1 6 7 2 5 11 8 12 10 15 13 22 0 23 4 21 16 19 24 9 14 3 20 18 17
61 1 1 6 7 2 5 11 8 12 10 15 13 22 23 0 4 21 16 19 24 9 14 3 20 18 17
60 1 1 6 7 2 5 11 8 12 10 15 13 22 23 4 0 21 16 19 24 9 14 3 20 18 17
59 1 1 6 7 2 5 11 8 12 10 15 13 22 23 4 9 21 16 19 24 0 14 3 20 18 17
58 1 1 6 7 2 5 11 8 12 10 15 13 22 23 4 9 21 16 19 0 24 14 3 20 18 17
57 1 1 6 7 2 5 11 8 12 10 15 13 22 23 4 9 21 16 19 18 24 14 3 20 0 17
56 1 1 6 7 2 5 11 8 12 10 15 13 22 23 4 9 21 16 19 18 24 14 3 0 20 17
55 1 1 6 7 2 5 11 8 12 10 15 13 22 23 4 9 21 16 0 18 24 14 3 19 20 17
54 1 1 6 7 2 5 11 8 12 10 15 13 22 0 4 9 21 16 23 18 24 14 3 19 20 17
53 1 1 6 7 2 5 11 8 0 10 15 13 22 12 4 9 21 16 23 18 24 14 3 19 20 17
52 1 1 6 7 2 5 11 8 10 0 15 13 22 12 4 9 21 16 23 18 24 14 3 19 20 17
51 1 1 6 7 2 5 11 8 10 4 15 13 22 12 0 9 21 16 23 18 24 14 3 19 20 17
50 1 1 6 7 2 5 11 8 10 4 15 13 22 12 18 9 21 16 23 0 24 14 3 19 20 17
49 1 1 6 7 2 5 11 8 10 4 15 13 22 12 18 9 21 16 23 20 24 14 3 19 0 17
48 1 1 6 7 2 5 11 8 10 4 15 13 22 12 18 9 21 16 23 20 24 14 3 19 17 0
47 1 1 6 7 2 5 11 8 10 4 15 13 22 12 18 9 21 16 23 20 0 14 3 19 17 24
46 1 1 6 7 2 5 11 8 10 4 15 13 22 12 18 9 21 16 23 0 20 14 3 19 17 24
45 1 1 6 7 2 5 11 8 10 4 15 13 22 12 18 9 21 16 23 17 20 14 3 19 0 24
44 1 1 6 7 2 5 11 8 10 4 15 13 22 12 18 9 21 16 23 17 20 14 3 0 19 24
43 1 1 6 7 2 5 11 8 10 4 15 13 22 12 18 9 21 16 23 17 20 14 0 3 19 24
42 1 1 6 7 2 5 11 8 10 4 15 13 22 12 18 9 21 16 23 17 20 0 14 3 19 24
41 1 1 6 7 2 5 11 8 10 4 15 13 22 12 18 9 0 16 23 17 20 21 14 3 19 24
40 1 1 6 7 2 5 11 8 10 4 15 13 22 12 18 9 16 0 23 17 20 21 14 3 19 24
39 1 1 6 7 2 5 11 8 10 4 15 13 22 12 18 9 16 23 0 17 20 21 14 3 19 24
38 1 1 6 7 2 5 11 8 10 4 15 13 22 12 18 9 16 23 3 17 20 21 14 0 19 24
37 1 1 6 7 2 5 11 8 10 4 15 13 22 12 18 9 16 23 3 17 20 21 0 14 19 24
36 1 1 6 7 2 5 11 8 10 4 15 13 22 12 18 9 16 0 3 17 20 21 23 14 19 24
35 1 1 6 7 2 5 11 8 10 4 15 13 0 12 18 9 16 22 3 17 20 21 23 14 19 24
34 1 1 6 7 2 5 11 8 10 4 15 13 12 0 18 9 16 22 3 17 20 21 23 14 19 24
33 1 1 6 7 2 5 11 8 10 4 15 13 12 3 18 9 16 22 0 17 20 21 23 14 19 24
32 1 1 6 7 2 5 11 8 10 4 15 13 12 3 18 9 16 22 14 17 20 21 23 0 19 24
31 1 1 6 7 2 5 11 8 10 4 15 13 12 3 18 9 16 22 14 17 20 21 0 23 19 24
30 1 1 6 7 2 5 11 8 10 4 15 13 12 3 18 9 16 0 14 17 20 21 22 23 19 24
76 1 16 7 4 5 2 18 14 13 8 10 1 21 11 3 12 22 19 17 15 24 23 6 9 20 0
75 1 16 7 4 5 2 18 14 13 8 10 1 21 11 3 12 22 19 17 15 0 23 6 9 20 24
74 1 16 7 4 5 2 18 14 13 8 10 1 21 11 3 0 22 19 17 15 12 23 6 9 20 24
73 1 16 7 4 5 2 18 14 13 8 0 1 21 11 3 10 22 19 17 15 12 23 6 9 20 24
72 1 16 7 4 5 0 18 14 13 8 2 1 21 11 3 10 22 19 17 15 12 23 6 9 20 24
71 1 16 7 4 0 5 18 14 13 8 2 1 21 11 3 10 22 19 17 15 12 23 6 9 20 24
70 1 16 7 4 8 5 18 14 13 0 2 1 21 11 3 10 22 19 17 15 12 23 6 9 20 24
69 1 16 7 4 8 5 18 14 13 2 0 1 21 11 3 10 22 19 17 15 12 23 6 9 20 24
68 1 16 7 4 8 5 18 14 13 2 10 1 21 11 3 0 22 19 17 15 12 23 6 9 20 24
67 1 16 7 4 8 5 18 14 13 2 10 1 21 11 3 12 22 19 17 15 0 23 6 9 20 24
66 1 16 7 4 8 5 18 14 13 2 10 1 21 11 3 12 22 19 17 0 15 23 6 9 20 24
65 1 16 7 4 8 5 18 14 13 2 10 1 21 11 3 12 22 19 17 20 15 23 6 9 0 24
64 1 16 7 4 8 5 18 14 13 2 10 1 21 11 3 12 22 19 17 20 15 23 6 0 9 24
63 1 16 7 4 8 5 18 14 13 2 10 1 21 11 3 12 22 19 0 20 15 23 6 17 9 24
62 1 16 7 4 8 5 18 14 13 2 10 1 21 11 3 12 22 0 19 20 15 23 6 17 9 24
61 1 16 7 4 8 5 18 14 13 2 10 1 21 11 3 12 22 6 19 20 15 23 0 17 9 24
60 1 16 7 4 8 5 18 14 13 2 10 1 21 11 3 12 22 6 19 20 15 0 23 17 9 24
59 1 16 7 4 8 5 18 14 13 2 10 1 21 11 3 12 0 6 19 20 15 22 23 17 9 24
58 1 16 7 4 8 5 18 14 13 2 10 1 21 11 3 12 6 0 19 20 15 22 23 17 9 24
57 1 16 7 4 8 5 18 14 13 2 10 1 0 11 3 12 6 21 19 20 15 22 23 17 9 24
56 1 16 7 4 8 5 18 0 13 2 10 1 14 11 3 12 6 21 19 20 15 22 23 17 9 24
55 1 16 7 4 8 5 0 18 13 2 10 1 14 11 3 12 6 21 19 20 15 22 23 17 9 24
54 1 16 7 4 8 5 1 18 13 2 10 0 14 11 3 12 6 21 19 20 15 22 23 17 9 24
53 1 16 7 4 8 5 1 18 13 2 10 6 14 11 3 12 0 21 19 20 15 22 23 17 9 24
52 1 16 7 4 8 5 1 18 13 2 10 6 14 11 3 12 21 0 19 20 15 22 23 17 9 24
51 1 16 7 4 8 5 1 18 13 2 10 6 14 11 3 12 21 23 19 20 15 22 0 17 9 24
50 1 16 7 4 8 5 1 18 13 2 10 6 14 11 3 12 21 23 19 20 15 22 17 0 9 24
49 1 16 7 4 8 5 1 18 13 2 10 6 14 11 3 12 21 23 0 20 15 22 17 19 9 24
48 1 16 7 4 8 5 1 18 13 2 10 6 14 11 3 12 21 0 23 20 15 22 17 19 9 24
47 1 16 7 4 8 5 1 18 13 2 10 6 0 11 3 12 21 14 23 20 15 22 17 19 9 24
46 1 16 7 4 8 5 1 0 13 2 10 6 18 11 3 12 21 14 23 20 15 22 17 19 9 24
45 1 16 0 4 8 5 1 7 13 2 10 6 18 11 3 12 21 14 23 20 15 22 17 19 9 24
44 1 0 16 4 8 5 1 7 13 2 10 6 18 11 3 12 21 14 23 20 15 22 17 19 9 24
43 1 1 16 4 8 5 0 7 13 2 10 6 18 11 3 12 21 14 23 20 15 22 17 19 9 24
42 1 1 16 4 8 5 7 0 13 2 10 6 18 11 3 12 21 14 23 20 15 22 17 19 9 24
41 1 1 0 4 8 5 7 16 13 2 10 6 18 11 3 12 21 14 23 20 15 22 17 19 9 24
40 1 1 4 0 8 5 7 16 13 2 10 6 18 11 3 12 21 14 23 20 15 22 17 19 9 24
39 1 1 4 13 8 5 7 16 0 2 10 6 18 11 3 12 21 14 23 20 15 22 17 19 9 24
38 1 1 4 13 8 5 7 16 2 0 10 6 18 11 3 12 21 14 23 20 15 22 17 19 9 24
37 1 1 4 13 8 5 7 16 2 3 10 6 18 11 0 12 21 14 23 20 15 22 17 19 9 24
36 1 1 4 13 8 5 7 16 2 3 10 6 18 11 12 0 21 14 23 20 15 22 17 19 9 24
35 1 1 4 13 8 5 7 16 2 3 10 6 18 11 12 15 21 14 23 20 0 22 17 19 9 24
34 1 1 4 13 8 5 7 16 2 3 10 6 18 11 12 15 21 14 23 0 20 22 17 19 9 24
33 1 1 4 13 8 5 7 16 2 3 10 6 18 11 12 15 21 14 23 9 20 22 17 19 0 24
32 1 1 4 13 8 5 7 16 2 3 10 6 18 11 12 15 21 14 23 9 20 22 17 0 19 24
31 1 1 4 13 8 5 7 16 2 3 10 6 18 11 12 15 21 14 0 9 20 22 17 23 19 24
30 1 1 4 13 8 5 7 16 2 3 10 6 18 11 12 15 21 0 14 9 20 22 17 23 19 24
68 1 7 12 2 4 3 1 19 9 13 15 6 11 20 16 18 22 23 5 0 10 17 8 21 14 24
67 1 7 12 2 4 3 1 19 9 13 15 6 11 20 16 18 22 23 0 5 10 17 8 21 14 24
66 1 7 12 2 4 3 1 19 9 13 15 6 11 0 16 18 22 23 20 5 10 17 8 21 14 24
65 1 7 12 2 4 3 1 19 9 13 15 6 11 16 0 18 22 23 20 5 10 17 8 21 14 24
64 1 7 12 2 4 3 1 19 9 13 15 6 11 16 5 18 22 23 20 0 10 17 8 21 14 24
63 1 7 12 2 4 3 1 19 9 13 15 6 11 16 5 18 22 23 0 20 10 17 8 21 14 24
62 1 7 12 2 4 3 1 19 9 13 15 6 11 16 5 18 22 0 23 20 10 17 8 21 14 24
61 1 7 12 2 4 3 1 19 9 13 15 6 0 16 5 18 22 11 23 20 10 17 8 21 14 24
60 1 7 12 2 4 3 1 19 9 13 15 6 16 0 5 18 22 11 23 20 10 17 8 21 14 24
59 1 7 12 2 4 3 1 19 0 13 15 6 16 9 5 18 22 11 23 20 10 17 8 21 14 24
58 1 7 12 2 4 3 1 0 19 13 15 6 16 9 5 18 22 11 23 20 10 17 8 21 14 24
57 1 7 0 2 4 3 1 12 19 13 15 6 16 9 5 18 22 11 23 20 10 17 8 21 14 24
56 1 0 7 2 4 3 1 12 19 13 15 6 16 9 5 18 22 11 23 20 10 17 8 21 14 24
55 1 1 7 2 4 3 0 12 19 13 15 6 16 9 5 18 22 11 23 20 10 17 8 21 14 24
54 1 1 7 2 4 3 6 12 19 13 15 0 16 9 5 18 22 11 23 20 10 17 8 21 14 24
53 1 1 7 2 4 3 6 12 19 13 15 16 0 9 5 18 22 11 23 20 10 17 8 21 14 24
52 1 1 7 2 4 3 6 12 19 13 15 16 11 9 5 18 22 0 23 20 10 17 8 21 14 24
51 1 1 7 2 4 3 6 12 19 13 15 16 11 9 5 18 22 8 23 20 10 17 0 21 14 24
50 1 1 7 2 4 3 6 12 19 13 15 16 11 9 5 18 22 8 23 20 10 17 21 0 14 24
49 1 1 7 2 4 3 6 12 19 13 15 16 11 9 5 18 22 8 0 20 10 17 21 23 14 24
48 1 1 7 2 4 3 6 12 19 13 15 16 11 0 5 18 22 8 9 20 10 17 21 23 14 24
47 1 1 7 2 4 3 6 12 0 13 15 16 11 19 5 18 22 8 9 20 10 17 21 23 14 24
46 1 1 7 2 4 3 6 12 13 0 15 16 11 19 5 18 22 8 9 20 10 17 21 23 14 24
45 1 1 7 2 4 3 6 12 13 5 15 16 11 19 0 18 22 8 9 20 10 17 21 23 14 24
44 1 1 7 2 4 3 6 12 13 5 15 16 11 19 18 0 22 8 9 20 10 17 21 23 14 24
43 1 1 7 2 4 3 6 12 13 5 0 16 11 19 18 15 22 8 9 20 10 17 21 23 14 24
42 1 1 7 2 4 3 6 12 13 0 5 16 11 19 18 15 22 8 9 20 10 17 21 23 14 24
41 1 1 7 2 0 3 6 12 13 4 5 16 11 19 18 15 22 8 9 20 10 17 21 23 14 24
40 1 1 7 2 3 0 6 12 13 4 5 16 11 19 18 15 22 8 9 20 10 17 21 23 14 24
39 1 1 7 2 3 5 6 12 13 4 0 16 11 19 18 15 22 8 9 20 10 17 21 23 14 24
38 1 1 7 2 3 5 6 12 13 4 15 16 11 19 18 0 22 8 9 20 10 17 21 23 14 24
37 1 1 7 2 3 5 6 12 13 4 15 16 11 19 18 10 22 8 9 20 0 17 21 23 14 24
36 1 1 7 2 3 5 6 12 13 4 15 16 11 19 18 10 22 8 9 0 20 17 21 23 14 24
35 1 1 7 2 3 5 6 12 13 4 15 16 11 19 0 10 22 8 9 18 20 17 21 23 14 24
34 1 1 7 2 3 5 6 12 13 4 15 16 11 0 19 10 22 8 9 18 20 17 21 23 14 24
33 1 1 7 2 3 5 6 12 13 4 15 16 11 9 19 10 22 8 0 18 20 17 21 23 14 24
32 1 1 7 2 3 5 6 12 13 4 15 16 11 9 19 10 22 0 8 18 20 17 21 23 14 24
31 1 1 7 2 3 5 6 12 13 4 15 16 11 9 19 10 0 22 8 18 20 17 21 23 14 24
30 1 1 7 2 3 5 6 12 13 4 15 16 11 9 19 10 17 22 8 18 20 0 21 23 14 24
62 1 11 6 2 5 4 14 17 8 9 3 21 1 7 20 10 22 15 13 19 24 12 16 0 23 18
61 1 11 6 2 5 4 14 17 8 9 3 21 1 7 20 10 22 15 13 19 24 12 16 23 0 18
60 1 11 6 2 5 4 14 17 8 9 3 21 1 7 20 10 22 15 13 19 24 12 16 23 18 0
59 1 11 6 2 5 4 14 17 8 9 3 21 1 7 20 10 22 15 13 19 0 12 16 23 18 24
58 1 11 6 2 5 4 14 17 8 9 3 21 1 7 20 10 22 15 13 0 19 12 16 23 18 24
57 1 11 6 2 5 4 14 17 8 9 3 21 1 7 0 10 22 15 13 20 19 12 16 23 18 24
56 1 11 6 2 5 4 14 17 8 0 3 21 1 7 9 10 22 15 13 20 19 12 16 23 18 24
55 1 11 6 2 5 4 14 17 0 8 3 21 1 7 9 10 22 15 13 20 19 12 16 23 18 24
54 1 11 6 2 5 4 14 17 7 8 3 21 1 0 9 10 22 15 13 20 19 12 16 23 18 24
53 1 11 6 2 5 4 14 17 7 8 3 21 1 13 9 10 22 15 0 20 19 12 16 23 18 24
52 1 11 6 2 5 4 14 17 7 8 3 21 1 13 9 10 22 0 15 20 19 12 16 23 18 24
51 1 11 6 2 5 4 14 17 7 8 3 21 1 13 9 10 22 16 15 20 19 12 0 23 18 24
50 1 11 6 2 5 4 14 17 7 8 3 21 1 13 9 10 22 16 15 20 19 0 12 23 18 24
49 1 11 6 2 5 4 14 17 7 8 3 21 1 13 9 10 0 16 15 20 19 22 12 23 18 24
48 1 11 6 2 5 4 14 17 7 8 3 0 1 13 9 10 21 16 15 20 19 22 12 23 18 24
47 1 11 6 2 5 4 0 17 7 8 3 14 1 13 9 10 21 16 15 20 19 22 12 23 18 24
46 1 11 6 2 5 4 17 0 7 8 3 14 1 13 9 10 21 16 15 20 19 22 12 23 18 24
45 1 11 6 2 5 4 17 1 7 8 3 14 0 13 9 10 21 16 15 20 19 22 12 23 18 24
44 1 11 6 2 5 4 17 1 7 8 3 0 14 13 9 10 21 16 15 20 19 22 12 23 18 24
43 1 11 6 2 5 4 0 1 7 8 3 17 14 13 9 10 21 16 15 20 19 22 12 23 18 24
42 1 0 6 2 5 4 11 1 7 8 3 17 14 13 9 10 21 16 15 20 19 22 12 23 18 24
41 1 6 0 2 5 4 11 1 7 8 3 17 14 13 9 10 21 16 15 20 19 22 12 23 18 24
40 1 6 1 2 5 4 11 0 7 8 3 17 14 13 9 10 21 16 15 20 19 22 12 23 18 24
39 1 6 1 2 5 4 11 7 0 8 3 17 14 13 9 10 21 16 15 20 19 22 12 23 18 24
38 1 6 1 2 5 4 11 7 8 0 3 17 14 13 9 10 21 16 15 20 19 22 12 23 18 24
37 1 6 1 2 5 4 11 7 8 3 0 17 14 13 9 10 21 16 15 20 19 22 12 23 18 24
36 1 6 1 2 5 0 11 7 8 3 4 17 14 13 9 10 21 16 15 20 19 22 12 23 18 24
35 1 6 1 2 0 5 11 7 8 3 4 17 14 13 9 10 21 16 15 20 19 22 12 23 18 24
34 1 6 1 2 3 5 11 7 8 0 4 17 14 13 9 10 21 16 15 20 19 22 12 23 18 24
33 1 6 1 2 3 5 11 7 8 4 0 17 14 13 9 10 21 16 15 20 19 22 12 23 18 24
32 1 6 1 2 3 5 11 7 8 4 10 17 14 13 9 0 21 16 15 20 19 22 12 23 18 24
31 1 6 1 2 3 5 11 7 8 4 10 17 14 13 9 19 21 16 15 20 0 22 12 23 18 24
30 1 6 1 2 3 5 11 7 8 4 10 17 14 13 9 19 21 16 15 0 20 22 12 23 18 24
66 1 2 6 4 9 5 1 0 16 19 18 11 17 13 7 24 3 12 22 8 14 21 23 15 10 20
65 1 2 0 4 9 5 1 6 16 19 18 11 17 13 7 24 3 12 22 8 14 21 23 15 10 20
64 1 0 2 4 9 5 1 6 16 19 18 11 17 13 7 24 3 12 22 8 14 21 23 15 10 20
63 1 1 2 4 9 5 0 6 16 19 18 11 17 13 7 24 3 12 22 8 14 21 23 15 10 20
62 1 1 2 4 9 5 11 6 16 19 18 0 17 13 7 24 3 12 22 8 14 21 23 15 10 20
61 1 1 2 4 9 5 11 6 16 19 18 3 17 13 7 24 0 12 22 8 14 21 23 15 10 20
60 1 1 2 4 9 5 11 6 16 19 18 3 17 13 7 24 12 0 22 8 14 21 23 15 10 20
59 1 1 2 4 9 5 11 6 16 19 18 3 0 13 7 24 12 17 22 8 14 21 23 15 10 20
58 1 1 2 4 9 5 11 6 16 19 18 0 3 13 7 24 12 17 22 8 14 21 23 15 10 20
57 1 1 2 4 9 5 0 6 16 19 18 11 3 13 7 24 12 17 22 8 14 21 23 15 10 20
56 1 1 2 4 9 5 6 0 16 19 18 11 3 13 7 24 12 17 22 8 14 21 23 15 10 20
55 1 1 2 4 9 5 6 3 16 19 18 11 0 13 7 24 12 17 22 8 14 21 23 15 10 20
54 1 1 2 4 9 5 6 3 16 19 18 11 13 0 7 24 12 17 22 8 14 21 23 15 10 20
53 1 1 2 4 9 5 6 3 16 19 18 11 13 7 0 24 12 17 22 8 14 21 23 15 10 20
52 1 1 2 4 9 5 6 3 16 19 18 11 13 7 8 24 12 17 22 0 14 21 23 15 10 20
51 1 1 2 4 9 5 6 3 16 19 18 11 13 7 8 24 12 17 22 10 14 21 23 15 0 20
50 1 1 2 4 9 5 6 3 16 19 18 11 13 7 8 24 12 17 22 10 14 21 23 0 15 20
49 1 1 2 4 9 5 6 3 16 19 18 11 13 7 8 24 12 17 22 10 14 21 0 23 15 20
48 1 1 2 4 9 5 6 3 16 19 18 11 13 7 8 24 12 0 22 10 14 21 17 23 15 20
47 1 1 2 4 9 5 6 3 16 19 18 11 13 7 8 24 0 12 22 10 14 21 17 23 15 20
46 1 1 2 4 9 5 6 3 16 19 18 0 13 7 8 24 11 12 22 10 14 21 17 23 15 20
45 1 1 2 4 9 5 6 3 16 19 18 13 0 7 8 24 11 12 22 10 14 21 17 23 15 20
44 1 1 2 4 9 5 6 3 16 19 18 13 7 0 8 24 11 12 22 10 14 21 17 23 15 20
43 1 1 2 4 9 5 6 3 0 19 18 13 7 16 8 24 11 12 22 10 14 21 17 23 15 20
42 1 1 2 4 9 5 6 0 3 19 18 13 7 16 8 24 11 12 22 10 14 21 17 23 15 20
41 1 1 2 4 9 5 6 7 3 19 18 13 0 16 8 24 11 12 22 10 14 21 17 23 15 20
40 1 1 2 4 9 5 6 7 3 19 18 13 16 0 8 24 11 12 22 10 14 21 17 23 15 20
39 1 1 2 4 9 5 6 7 3 19 18 13 16 8 0 24 11 12 22 10 14 21 17 23 15 20
38 1 1 2 4 9 5 6 7 3 19 18 13 16 8 10 24 11 12 22 0 14 21 17 23 15 20
37 1 1 2 4 9 5 6 7 3 19 18 13 16 8 10 24 11 12 22 14 0 21 17 23 15 20
36 1 1 2 4 9 5 6 7 3 19 18 13 16 8 10 0 11 12 22 14 24 21 17 23 15 20
35 1 1 2 4 9 5 6 7 3 19 0 13 16 8 10 18 11 12 22 14 24 21 17 23 15 20
34 1 1 2 4 9 5 6 7 3 0 19 13 16 8 10 18 11 12 22 14 24 21 17 23 15 20
33 1 1 2 4 9 5 6 7 3 10 19 13 16 8 0 18 11 12 22 14 24 21 17 23 15 20
32 1 1 2 4 9 5 6 7 3 10 19 13 16 8 18 0 11 12 22 14 24 21 17 23 15 20
31 1 1 2 4 9 5 6 7 3 10 0 13 16 8 18 19 11 12 22 14 24 21 17 23 15 20
30 1 1 2 4 9 5 6 7 3 0 10 13 16 8 18 19 11 12 22 14 24 21 17 23 15 20
62 1 6 22 1 5 8 3 16 12 2 4 0 13 14 9 17 11 7 15 10 19 21 18 23 24 20
61 1 6 22 1 5 8 3 16 12 2 4 11 13 14 9 17 0 7 15 10 19 21 18 23 24 20
60 1 6 22 1 5 8 3 16 12 2 4 11 13 14 9 17 7 0 15 10 19 21 18 23 24 20
59 1 6 22 1 5 8 3 16 12 2 4 11 0 14 9 17 7 13 15 10 19 21 18 23 24 20
58 1 6 22 1 5 8 3 0 12 2 4 11 16 14 9 17 7 13 15 10 19 21 18 23 24 20
57 1 6 0 1 5 8 3 22 12 2 4 11 16 14 9 17 7 13 15 10 19 21 18 23 24 20
56 1 6 1 0 5 8 3 22 12 2 4 11 16 14 9 17 7 13 15 10 19 21 18 23 24 20
55 1 6 1 12 5 8 3 22 0 2 4 11 16 14 9 17 7 13 15 10 19 21 18 23 24 20
54 1 6 1 12 5 8 3 22 2 0 4 11 16 14 9 17 7 13 15 10 19 21 18 23 24 20
53 1 6 1 12 0 8 3 22 2 5 4 11 16 14 9 17 7 13 15 10 19 21 18 23 24 20
52 1 6 1 12 8 0 3 22 2 5 4 11 16 14 9 17 7 13 15 10 19 21 18 23 24 20
51 1 6 1 12 8 4 3 22 2 5 0 11 16 14 9 17 7 13 15 10 19 21 18 23 24 20
50 1 6 1 12 8 4 3 22 2 0 5 11 16 14 9 17 7 13 15 10 19 21 18 23 24 20
49 1 6 1 12 8 4 3 22 2 9 5 11 16 14 0 17 7 13 15 10 19 21 18 23 24 20
48 1 6 1 12 8 4 3 22 2 9 5 11 16 14 10 17 7 13 15 0 19 21 18 23 24 20
47 1 6 1 12 8 4 3 22 2 9 5 11 16 14 10 17 7 13 15 19 0 21 18 23 24 20
46 1 6 1 12 8 4 3 22 2 9 5 11 16 14 10 0 7 13 15 19 17 21 18 23 24 20
45 1 6 1 12 8 4 3 22 2 9 5 11 16 14 0 10 7 13 15 19 17 21 18 23 24 20
44 1 6 1 12 8 4 3 22 2 9 5 11 16 14 19 10 7 13 15 0 17 21 18 23 24 20
43 1 6 1 12 8 4 3 22 2 9 5 11 16 14 19 10 7 13 0 15 17 21 18 23 24 20
42 1 6 1 12 8 4 3 22 2 9 5 11 16 14 19 10 7 0 13 15 17 21 18 23 24 20
41 1 6 1 12 8 4 3 22 2 9 5 11 0 14 19 10 7 16 13 15 17 21 18 23 24 20
40 1 6 1 12 8 4 3 0 2 9 5 11 22 14 19 10 7 16 13 15 17 21 18 23 24 20
39 1 6 1 12 8 4 0 3 2 9 5 11 22 14 19 10 7 16 13 15 17 21 18 23 24 20
38 1 6 1 12 8 4 11 3 2 9 5 0 22 14 19 10 7 16 13 15 17 21 18 23 24 20
37 1 6 1 12 8 4 11 3 2 9 5 7 22 14 19 10 0 16 13 15 17 21 18 23 24 20
36 1 6 1 12 8 4 11 3 2 9 5 7 22 14 19 10 16 0 13 15 17 21 18 23 24 20
35 1 6 1 12 8 4 11 3 2 9 5 7 0 14 19 10 16 22 13 15 17 21 18 23 24 20
34 1 6 1 12 8 4 11 3 2 9 5 0 7 14 19 10 16 22 13 15 17 21 18 23 24 20
33 1 6 1 12 8 4 0 3 2 9 5 11 7 14 19 10 16 22 13 15 17 21 18 23 24 20
32 1 0 1 12 8 4 6 3 2 9 5 11 7 14 19 10 16 22 13 15 17 21 18 23 24 20
31 1 1 0 12 8 4 6 3 2 9 5 11 7 14 19 10 16 22 13 15 17 21 18 23 24 20
30 1 1 3 12 8 4 6 0 2 9 5 11 7 14 19 10 16 22 13 15 17 21 18 23 24 20
54 1 11 1 7 4 5 21 2 8 9 19 22 6 0 10 15 16 14 12 3 13 17 23 18 24 20
53 1 11 1 7 4 5 21 2 0 9 19 22 6 8 10 15 16 14 12 3 13 17 23 18 24 20
52 1 11 1 7 4 5 21 0 2 9 19 22 6 8 10 15 16 14 12 3 13 17 23 18 24 20
51 1 11 1 7 4 5 21 6 2 9 19 22 0 8 10 15 16 14 12 3 13 17 23 18 24 20
50 1 11 1 7 4 5 21 6 2 9 19 22 14 8 10 15 16 0 12 3 13 17 23 18 24 20
49 1 11 1 7 4 5 21 6 2 9 19 22 14 8 10 15 0 16 12 3 13 17 23 18 24 20
48 1 11 1 7 4 5 21 6 2 9 19 0 14 8 10 15 22 16 12 3 13 17 23 18 24 20
47 1 11 1 7 4 5 0 6 2 9 19 21 14 8 10 15 22 16 12 3 13 17 23 18 24 20
46 1 0 1 7 4 5 11 6 2 9 19 21 14 8 10 15 22 16 12 3 13 17 23 18 24 20
45 1 1 0 7 4 5 11 6 2 9 19 21 14 8 10 15 22 16 12 3 13 17 23 18 24 20
44 1 1 7 0 4 5 11 6 2 9 19 21 14 8 10 15 22 16 12 3 13 17 23 18 24 20
43 1 1 7 2 4 5 11 6 0 9 19 21 14 8 10 15 22 16 12 3 13 17 23 18 24 20
42 1 1 7 2 4 5 11 6 9 0 19 21 14 8 10 15 22 16 12 3 13 17 23 18 24 20
41 1 1 7 2 4 5 11 6 9 10 19 21 14 8 0 15 22 16 12 3 13 17 23 18 24 20
40 1 1 7 2 4 5 11 6 9 10 19 21 14 8 3 15 22 16 12 0 13 17 23 18 24 20
39 1 1 7 2 4 5 11 6 9 10 19 21 14 8 3 15 22 16 12 13 0 17 23 18 24 20
38 1 1 7 2 4 5 11 6 9 10 19 21 14 8 3 0 22 16 12 13 15 17 23 18 24 20
37 1 1 7 2 4 5 11 6 9 10 0 21 14 8 3 19 22 16 12 13 15 17 23 18 24 20
36 1 1 7 2 4 5 11 6 9 0 10 21 14 8 3 19 22 16 12 13 15 17 23 18 24 20
35 1 1 7 2 4 5 11 6 9 3 10 21 14 8 0 19 22 16 12 13 15 17 23 18 24 20
34 1 1 7 2 4 5 11 6 9 3 10 21 14 8 19 0 22 16 12 13 15 17 23 18 24 20
33 1 1 7 2 4 5 11 6 9 3 0 21 14 8 19 10 22 16 12 13 15 17 23 18 24 20
32 1 1 7 2 4 0 11 6 9 3 5 21 14 8 19 10 22 16 12 13 15 17 23 18 24 20
31 1 1 7 2 0 4 11 6 9 3 5 21 14 8 19 10 22 16 12 13 15 17 23 18 24 20
30 1 1 7 2 3 4 11 6 9 0 5 21 14 8 19 10 22 16 12 13 15 17 23 18 24 20
70 1 6 8 1 3 15 12 24 5 2 23 7 14 20 9 4 21 11 16 18 13 17 22 19 10 0
69 1 6 8 1 3 15 12 24 5 2 23 7 14 20 9 4 21 11 16 18 13 17 22 19 0 10
68 1 6 8 1 3 15 12 24 5 2 23 7 14 20 9 4 21 11 16 18 13 17 22 0 19 10
67 1 6 8 1 3 15 12 24 5 2 23 7 14 20 9 4 21 11 16 18 13 17 0 22 19 10
66 1 6 8 1 3 15 12 24 5 2 23 7 14 20 9 4 21 11 16 18 13 0 17 22 19 10
65 1 6 8 1 3 15 12 24 5 2 23 7 14 20 9 4 0 11 16 18 13 21 17 22 19 10
64 1 6 8 1 3 15 12 24 5 2 23 7 14 20 9 4 11 0 16 18 13 21 17 22 19 10
63 1 6 8 1 3 15 12 24 5 2 23 7 14 20 9 4 11 16 0 18 13 21 17 22 19 10
62 1 6 8 1 3 15 12 24 5 2 23 7 14 0 9 4 11 16 20 18 13 21 17 22 19 10
61 1 6 8 1 3 15 12 24 0 2 23 7 14 5 9 4 11 16 20 18 13 21 17 22 19 10
60 1 6 8 1 3 15 12 24 2 0 23 7 14 5 9 4 11 16 20 18 13 21 17 22 19 10
59 1 6 8 1 3 15 12 24 2 23 0 7 14 5 9 4 11 16 20 18 13 21 17 22 19 10
58 1 6 8 1 3 15 12 24 2 23 4 7 14 5 9 0 11 16 20 18 13 21 17 22 19 10
57 1 6 8 1 3 15 12 24 2 23 4 7 14 5 0 9 11 16 20 18 13 21 17 22 19 10
56 1 6 8 1 3 15 12 24 2 0 4 7 14 5 23 9 11 16 20 18 13 21 17 22 19 10
55 1 6 8 1 3 15 12 24 0 2 4 7 14 5 23 9 11 16 20 18 13 21 17 22 19 10
54 1 6 8 1 3 15 12 0 24 2 4 7 14 5 23 9 11 16 20 18 13 21 17 22 19 10
53 1 6 8 1 3 15 0 12 24 2 4 7 14 5 23 9 11 16 20 18 13 21 17 22 19 10
52 1 6 8 1 3 15 7 12 24 2 4 0 14 5 23 9 11 16 20 18 13 21 17 22 19 10
51 1 6 8 1 3 15 7 12 24 2 4 11 14 5 23 9 0 16 20 18 13 21 17 22 19 10
50 1 6 8 1 3 15 7 12 24 2 4 11 14 5 23 9 16 0 20 18 13 21 17 22 19 10
49 1 6 8 1 3 15 7 12 24 2 4 11 14 5 23 9 16 17 20 18 13 21 0 22 19 10
48 1 6 8 1 3 15 7 12 24 2 4 11 14 5 23 9 16 17 20 18 13 21 22 0 19 10
47 1 6 8 1 3 15 7 12 24 2 4 11 14 5 23 9 16 17 0 18 13 21 22 20 19 10
46 1 6 8 1 3 15 7 12 24 2 4 11 14 5 23 9 16 17 18 0 13 21 22 20 19 10
45 1 6 8 1 3 15 7 12 24 2 4 11 14 5 23 9 16 17 18 13 0 21 22 20 19 10
44 1 6 8 1 3 15 7 12 24 2 4 11 14 5 23 9 16 17 18 13 10 21 22 20 19 0
43 1 6 8 1 3 15 7 12 24 2 4 11 14 5 23 9 16 17 18 13 10 21 22 20 0 19
42 1 6 8 1 3 15 7 12 24 2 4 11 14 5 23 9 16 17 18 13 10 21 22 0 20 19
41 1 6 8 1 3 15 7 12 24 2 4 11 14 5 23 9 16 17 0 13 10 21 22 18 20 19
40 1 6 8 1 3 15 7 12 24 2 4 11 14 5 23 9 16 17 13 0 10 21 22 18 20 19
39 1 6 8 1 3 15 7 12 24 2 4 11 14 5 0 9 16 17 13 23 10 21 22 18 20 19
38 1 6 8 1 3 15 7 12 24 2 4 11 14 0 5 9 16 17 13 23 10 21 22 18 20 19
37 1 6 8 1 3 15 7 12 0 2 4 11 14 24 5 9 16 17 13 23 10 21 22 18 20 19
36 1 6 8 1 3 15 7 12 2 0 4 11 14 24 5 9 16 17 13 23 10 21 22 18 20 19
35 1 6 8 1 3 15 7 12 2 5 4 11 14 24 0 9 16 17 13 23 10 21 22 18 20 19
34 1 6 8 1 3 15 7 12 2 5 4 11 14 0 24 9 16 17 13 23 10 21 22 18 20 19
33 1 6 8 1 3 15 7 12 2 5 4 11 0 14 24 9 16 17 13 23 10 21 22 18 20 19
32 1 6 8 1 3 15 7 0 2 5 4 11 12 14 24 9 16 17 13 23 10 21 22 18 20 19
31 1 6 0 1 3 15 7 8 2 5 4 11 12 14 24 9 16 17 13 23 10 21 22 18 20 19
30 1 6 1 0 3 15 7 8 2 5 4 11 12 14 24 9 16 17 13 23 10 21 22 18 20 19
58 1 17 7 2 3 4 11 6 1 10 5 8 12 15 9 19 13 16 24 0 22 21 18 23 20 14
57 1 17 7 2 3 4 11 6 1 10 5 8 12 15 9 19 13 16 24 22 0 21 18 23 20 14
56 1 17 7 2 3 4 11 6 1 10 5 8 12 15 9 19 13 16 24 22 14 21 18 23 20 0
55 1 17 7 2 3 4 11 6 1 10 5 8 12 15 9 19 13 16 24 22 14 21 18 23 0 20
54 1 17 7 2 3 4 11 6 1 10 5 8 12 15 9 19 13 16 24 0 14 21 18 23 22 20
53 1 17 7 2 3 4 11 6 1 10 5 8 12 15 9 19 13 16 0 24 14 21 18 23 22 20
52 1 17 7 2 3 4 11 6 1 10 5 8 12 15 9 19 13 0 16 24 14 21 18 23 22 20
51 1 17 7 2 3 4 11 6 1 10 5 8 0 15 9 19 13 12 16 24 14 21 18 23 22 20
50 1 17 7 2 3 4 11 6 1 10 5 0 8 15 9 19 13 12 16 24 14 21 18 23 22 20
49 1 17 7 2 3 4 0 6 1 10 5 11 8 15 9 19 13 12 16 24 14 21 18 23 22 20
48 1 0 7 2 3 4 17 6 1 10 5 11 8 15 9 19 13 12 16 24 14 21 18 23 22 20
47 1 7 0 2 3 4 17 6 1 10 5 11 8 15 9 19 13 12 16 24 14 21 18 23 22 20
46 1 7 6 2 3 4 17 0 1 10 5 11 8 15 9 19 13 12 16 24 14 21 18 23 22 20
45 1 7 6 2 3 4 17 1 0 10 5 11 8 15 9 19 13 12 16 24 14 21 18 23 22 20
44 1 7 6 2 3 4 17 1 10 0 5 11 8 15 9 19 13 12 16 24 14 21 18 23 22 20
43 1 7 6 2 3 4 17 1 10 9 5 11 8 15 0 19 13 12 16 24 14 21 18 23 22 20
42 1 7 6 2 3 4 17 1 10 9 5 11 8 0 15 19 13 12 16 24 14 21 18 23 22 20
41 1 7 6 2 3 4 17 1 10 9 5 11 0 8 15 19 13 12 16 24 14 21 18 23 22 20
40 1 7 6 2 3 4 17 1 10 9 5 11 12 8 15 19 13 0 16 24 14 21 18 23 22 20
39 1 7 6 2 3 4 17 1 10 9 5 11 12 8 15 19 0 13 16 24 14 21 18 23 22 20
38 1 7 6 2 3 4 17 1 10 9 5 0 12 8 15 19 11 13 16 24 14 21 18 23 22 20
37 1 7 6 2 3 4 0 1 10 9 5 17 12 8 15 19 11 13 16 24 14 21 18 23 22 20
36 1 0 6 2 3 4 7 1 10 9 5 17 12 8 15 19 11 13 16 24 14 21 18 23 22 20
35 1 6 0 2 3 4 7 1 10 9 5 17 12 8 15 19 11 13 16 24 14 21 18 23 22 20
34 1 6 1 2 3 4 7 0 10 9 5 17 12 8 15 19 11 13 16 24 14 21 18 23 22 20
33 1 6 1 2 3 4 7 12 10 9 5 17 0 8 15 19 11 13 16 24 14 21 18 23 22 20
32 1 6 1 2 3 4 7 12 10 9 5 17 13 8 15 19 11 0 16 24 14 21 18 23 22 20
31 1 6 1 2 3 4 7 12 10 9 5 17 13 8 15 19 11 16 0 24 14 21 18 23 22 20
30 1 6 1 2 3 4 7 12 10 9 5 17 13 8 15 19 11 16 23 24 14 21 18 0 22 20
76 1 7 5 12 1 18 2 11 6 3 14 21 13 17 20 10 16 22 8 15 9 23 4 0 19 24
75 1 7 5 12 1 18 2 11 6 3 14 21 13 17 20 10 16 22 8 15 9 23 0 4 19 24
74 1 7 5 12 1 18 2 11 6 3 14 21 13 17 20 10 16 22 8 15 9 0 23 4 19 24
73 1 7 5 12 1 18 2 11 6 3 14 21 13 17 20 10 0 22 8 15 9 16 23 4 19 24
72 1 7 5 12 1 18 2 11 6 3 14 21 13 17 20 10 22 0 8 15 9 16 23 4 19 24
71 1 7 5 12 1 18 2 11 6 3 14 21 0 17 20 10 22 13 8 15 9 16 23 4 19 24
70 1 7 5 12 1 18 2 0 6 3 14 21 11 17 20 10 22 13 8 15 9 16 23 4 19 24
69 1 7 0 12 1 18 2 5 6 3 14 21 11 17 20 10 22 13 8 15 9 16 23 4 19 24
68 1 7 12 0 1 18 2 5 6 3 14 21 11 17 20 10 22 13 8 15 9 16 23 4 19 24
67 1 7 12 6 1 18 2 5 0 3 14 21 11 17 20 10 22 13 8 15 9 16 23 4 19 24
66 1 7 12 6 1 18 2 0 5 3 14 21 11 17 20 10 22 13 8 15 9 16 23 4 19 24
65 1 7 0 6 1 18 2 12 5 3 14 21 11 17 20 10 22 13 8 15 9 16 23 4 19 24
64 1 7 6 0 1 18 2 12 5 3 14 21 11 17 20 10 22 13 8 15 9 16 23 4 19 24
63 1 7 6 1 0 18 2 12 5 3 14 21 11 17 20 10 22 13 8 15 9 16 23 4 19 24
62 1 7 6 1 3 18 2 12 5 0 14 21 11 17 20 10 22 13 8 15 9 16 23 4 19 24
61 1 7 6 1 3 18 2 12 5 14 0 21 11 17 20 10 22 13 8 15 9 16 23 4 19 24
60 1 7 6 1 3 18 2 12 5 14 10 21 11 17 20 0 22 13 8 15 9 16 23 4 19 24
59 1 7 6 1 3 18 2 12 5 14 10 21 11 17 20 9 22 13 8 15 0 16 23 4 19 24
58 1 7 6 1 3 18 2 12 5 14 10 21 11 17 20 9 22 13 8 0 15 16 23 4 19 24
57 1 7 6 1 3 18 2 12 5 14 10 21 11 17 20 9 22 13 0 8 15 16 23 4 19 24
56 1 7 6 1 3 18 2 12 5 14 10 21 11 17 20 9 22 13 4 8 15 16 23 0 19 24
55 1 7 6 1 3 18 2 12 5 14 10 21 11 17 20 9 22 13 4 8 15 16 0 23 19 24
54 1 7 6 1 3 18 2 12 5 14 10 21 11 17 20 9 22 13 4 8 15 0 16 23 19 24
53 1 7 6 1 3 18 2 12 5 14 10 21 11 17 20 9 0 13 4 8 15 22 16 23 19 24
52 1 7 6 1 3 18 2 12 5 14 10 0 11 17 20 9 21 13 4 8 15 22 16 23 19 24
51 1 7 6 1 3 18 2 12 5 14 10 11 0 17 20 9 21 13 4 8 15 22 16 23 19 24
50 1 7 6 1 3 18 2 0 5 14 10 11 12 17 20 9 21 13 4 8 15 22 16 23 19 24
49 1 7 6 1 3 18 0 2 5 14 10 11 12 17 20 9 21 13 4 8 15 22 16 23 19 24
48 1 0 6 1 3 18 7 2 5 14 10 11 12 17 20 9 21 13 4 8 15 22 16 23 19 24
47 1 6 0 1 3 18 7 2 5 14 10 11 12 17 20 9 21 13 4 8 15 22 16 23 19 24
46 1 6 1 0 3 18 7 2 5 14 10 11 12 17 20 9 21 13 4 8 15 22 16 23 19 24
45 1 6 1 5 3 18 7 2 0 14 10 11 12 17 20 9 21 13 4 8 15 22 16 23 19 24
44 1 6 1 5 3 18 7 0 2 14 10 11 12 17 20 9 21 13 4 8 15 22 16 23 19 24
43 1 6 1 5 3 18 7 12 2 14 10 11 0 17 20 9 21 13 4 8 15 22 16 23 19 24
42 1 6 1 5 3 18 7 12 2 14 10 11 17 0 20 9 21 13 4 8 15 22 16 23 19 24
41 1 6 1 5 3 18 7 12 2 14 10 11 17 4 20 9 21 13 0 8 15 22 16 23 19 24
40 1 6 1 5 3 18 7 12 2 14 10 11 17 4 20 9 21 13 8 0 15 22 16 23 19 24
39 1 6 1 5 3 18 7 12 2 14 10 11 17 4 0 9 21 13 8 20 15 22 16 23 19 24
38 1 6 1 5 3 18 7 12 2 0 10 11 17 4 14 9 21 13 8 20 15 22 16 23 19 24
37 1 6 1 5 0 18 7 12 2 3 10 11 17 4 14 9 21 13 8 20 15 22 16 23 19 24
36 1 6 1 0 5 18 7 12 2 3 10 11 17 4 14 9 21 13 8 20 15 22 16 23 19 24
35 1 6 1 2 5 18 7 12 0 3 10 11 17 4 14 9 21 13 8 20 15 22 16 23 19 24
34 1 6 1 2 5 18 7 12 4 3 10 11 17 0 14 9 21 13 8 20 15 22 16 23 19 24
33 1 6 1 2 5 18 7 12 4 3 10 11 17 8 14 9 21 13 0 20 15 22 16 23 19 24
32 1 6 1 2 5 18 7 12 4 3 10 11 17 8 14 9 21 0 13 20 15 22 16 23 19 24
31 1 6 1 2 5 18 7 12 4 3 10 11 17 8 14 9 21 16 13 20 15 22 0 23 19 24
30 1 6 1 2 5 18 7 12 4 3 10 11 17 8 14 9 21 16 13 20 15 0 22 23 19 24
72 1 0 13 1 3 2 7 11 17 8 5 6 18 19 4 20 16 12 9 15 24 22 14 23 21 10
71 1 7 13 1 3 2 0 11 17 8 5 6 18 19 4 20 16 12 9 15 24 22 14 23 21 10
70 1 7 13 1 3 2 11 0 17 8 5 6 18 19 4 20 16 12 9 15 24 22 14 23 21 10
69 1 7 0 1 3 2 11 13 17 8 5 6 18 19 4 20 16 12 9 15 24 22 14 23 21 10
68 1 7 1 0 3 2 11 13 17 8 5 6 18 19 4 20 16 12 9 15 24 22 14 23 21 10
67 1 7 1 3 0 2 11 13 17 8 5 6 18 19 4 20 16 12 9 15 24 22 14 23 21 10
66 1 7 1 3 2 0 11 13 17 8 5 6 18 19 4 20 16 12 9 15 24 22 14 23 21 10
65 1 7 1 3 2 5 11 13 17 8 0 6 18 19 4 20 16 12 9 15 24 22 14 23 21 10
64 1 7 1 3 2 5 11 13 17 0 8 6 18 19 4 20 16 12 9 15 24 22 14 23 21 10
63 1 7 1 3 2 5 11 13 17 4 8 6 18 19 0 20 16 12 9 15 24 22 14 23 21 10
62 1 7 1 3 2 5 11 13 17 4 8 6 18 19 15 20 16 12 9 0 24 22 14 23 21 10
61 1 7 1 3 2 5 11 13 17 4 8 6 18 19 15 20 16 12 9 21 24 22 14 23 0 10
60 1 7 1 3 2 5 11 13 17 4 8 6 18 19 15 20 16 12 9 21 24 22 14 23 10 0
59 1 7 1 3 2 5 11 13 17 4 8 6 18 19 15 20 16 12 9 21 0 22 14 23 10 24
58 1 7 1 3 2 5 11 13 17 4 8 6 18 19 15 0 16 12 9 21 20 22 14 23 10 24
57 1 7 1 3 2 5 11 13 17 4 8 6 18 19 0 15 16 12 9 21 20 22 14 23 10 24
56 1 7 1 3 2 5 11 13 17 4 8 6 18 19 21 15 16 12 9 0 20 22 14 23 10 24
55 1 7 1 3 2 5 11 13 17 4 8 6 18 19 21 15 16 12 0 9 20 22 14 23 10 24
54 1 7 1 3 2 5 11 13 17 4 8 6 18 0 21 15 16 12 19 9 20 22 14 23 10 24
53 1 7 1 3 2 5 11 13 17 4 8 6 18 21 0 15 16 12 19 9 20 22 14 23 10 24
52 1 7 1 3 2 5 11 13 17 4 8 6 18 21 9 15 16 12 19 0 20 22 14 23 10 24
51 1 7 1 3 2 5 11 13 17 4 8 6 18 21 9 15 16 12 19 10 20 22 14 23 0 24
50 1 7 1 3 2 5 11 13 17 4 8 6 18 21 9 15 16 12 19 10 20 22 14 0 23 24
49 1 7 1 3 2 5 11 13 17 4 8 6 18 21 9 15 16 12 19 10 20 22 0 14 23 24
48 1 7 1 3 2 5 11 13 17 4 8 6 18 21 9 15 16 0 19 10 20 22 12 14 23 24
47 1 7 1 3 2 5 11 13 17 4 8 6 0 21 9 15 16 18 19 10 20 22 12 14 23 24
46 1 7 1 3 2 5 11 13 17 4 8 6 21 0 9 15 16 18 19 10 20 22 12 14 23 24
45 1 7 1 3 2 5 11 13 0 4 8 6 21 17 9 15 16 18 19 10 20 22 12 14 23 24
44 1 7 1 0 2 5 11 13 3 4 8 6 21 17 9 15 16 18 19 10 20 22 12 14 23 24
43 1 7 1 2 0 5 11 13 3 4 8 6 21 17 9 15 16 18 19 10 20 22 12 14 23 24
42 1 7 1 2 4 5 11 13 3 0 8 6 21 17 9 15 16 18 19 10 20 22 12 14 23 24
41 1 7 1 2 4 5 11 13 3 8 0 6 21 17 9 15 16 18 19 10 20 22 12 14 23 24
40 1 7 1 2 4 5 11 13 3 8 15 6 21 17 9 0 16 18 19 10 20 22 12 14 23 24
39 1 7 1 2 4 5 11 13 3 8 15 6 21 17 0 9 16 18 19 10 20 22 12 14 23 24
38 1 7 1 2 4 5 11 13 3 8 15 6 21 17 10 9 16 18 19 0 20 22 12 14 23 24
37 1 7 1 2 4 5 11 13 3 8 15 6 21 17 10 9 16 18 0 19 20 22 12 14 23 24
36 1 7 1 2 4 5 11 13 3 8 15 6 21 17 10 9 16 18 14 19 20 22 12 0 23 24
35 1 7 1 2 4 5 11 13 3 8 15 6 21 17 10 9 16 18 14 19 20 22 12 23 0 24
34 1 7 1 2 4 5 11 13 3 8 15 6 21 17 10 9 16 18 14 0 20 22 12 23 19 24
33 1 7 1 2 4 5 11 13 3 8 15 6 21 17 10 9 16 18 0 14 20 22 12 23 19 24
32 1 7 1 2 4 5 11 13 3 8 15 6 21 17 10 9 16 0 18 14 20 22 12 23 19 24
31 1 7 1 2 4 5 11 13 3 8 15 6 0 17 10 9 16 21 18 14 20 22 12 23 19 24
30 1 7 1 2 4 5 11 0 3 8 15 6 13 17 10 9 16 21 18 14 20 22 12 23 19 24
64 1 6 7 0 10 5 3 2 8 1 9 11 24 23 12 19 16 22 4 13 17 21 18 20 15 14
63 1 6 7 8 10 5 3 2 0 1 9 11 24 23 12 19 16 22 4 13 17 21 18 20 15 14
62 1 6 7 8 10 5 3 2 1 0 9 11 24 23 12 19 16 22 4 13 17 21 18 20 15 14
61 1 6 7 8 0 5 3 2 1 10 9 11 24 23 12 19 16 22 4 13 17 21 18 20 15 14
60 1 6 7 0 8 5 3 2 1 10 9 11 24 23 12 19 16 22 4 13 17 21 18 20 15 14
59 1 6 7 1 8 5 3 2 0 10 9 11 24 23 12 19 16 22 4 13 17 21 18 20 15 14
58 1 6 7 1 8 5 3 2 23 10 9 11 24 0 12 19 16 22 4 13 17 21 18 20 15 14
57 1 6 7 1 8 5 3 2 23 10 9 11 24 4 12 19 16 22 0 13 17 21 18 20 15 14
56 1 6 7 1 8 5 3 2 23 10 9 11 24 4 12 19 16 22 13 0 17 21 18 20 15 14
55 1 6 7 1 8 5 3 2 23 10 9 11 24 4 0 19 16 22 13 12 17 21 18 20 15 14
54 1 6 7 1 8 5 3 2 23 0 9 11 24 4 10 19 16 22 13 12 17 21 18 20 15 14
53 1 6 7 1 8 5 3 2 0 23 9 11 24 4 10 19 16 22 13 12 17 21 18 20 15 14
52 1 6 7 1 8 5 3 2 4 23 9 11 24 0 10 19 16 22 13 12 17 21 18 20 15 14
51 1 6 7 1 8 5 3 2 4 23 9 11 24 13 10 19 16 22 0 12 17 21 18 20 15 14
50 1 6 7 1 8 5 3 2 4 23 9 11 24 13 10 19 16 22 12 0 17 21 18 20 15 14
49 1 6 7 1 8 5 3 2 4 23 9 11 24 13 10 19 16 22 12 17 0 21 18 20 15 14
48 1 6 7 1 8 5 3 2 4 23 9 11 24 13 10 0 16 22 12 17 19 21 18 20 15 14
47 1 6 7 1 8 5 3 2 4 23 9 11 24 13 0 10 16 22 12 17 19 21 18 20 15 14
46 1 6 7 1 8 5 3 2 4 0 9 11 24 13 23 10 16 22 12 17 19 21 18 20 15 14
45 1 6 7 1 8 5 3 2 0 4 9 11 24 13 23 10 16 22 12 17 19 21 18 20 15 14
44 1 6 7 1 8 5 3 0 2 4 9 11 24 13 23 10 16 22 12 17 19 21 18 20 15 14
43 1 6 0 1 8 5 3 7 2 4 9 11 24 13 23 10 16 22 12 17 19 21 18 20 15 14
42 1 6 1 0 8 5 3 7 2 4 9 11 24 13 23 10 16 22 12 17 19 21 18 20 15 14
41 1 6 1 8 0 5 3 7 2 4 9 11 24 13 23 10 16 22 12 17 19 21 18 20 15 14
40 1 6 1 8 4 5 3 7 2 0 9 11 24 13 23 10 16 22 12 17 19 21 18 20 15 14
39 1 6 1 8 4 5 3 7 2 9 0 11 24 13 23 10 16 22 12 17 19 21 18 20 15 14
38 1 6 1 8 4 5 3 7 2 9 10 11 24 13 23 0 16 22 12 17 19 21 18 20 15 14
37 1 6 1 8 4 5 3 7 2 9 10 11 24 13 23 19 16 22 12 17 0 21 18 20 15 14
36 1 6 1 8 4 5 3 7 2 9 10 11 24 13 23 19 16 22 12 17 14 21 18 20 15 0
35 1 6 1 8 4 5 3 7 2 9 10 11 24 13 23 19 16 22 12 17 14 21 18 20 0 15
34 1 6 1 8 4 5 3 7 2 9 10 11 24 13 23 19 16 22 12 17 14 21 18 0 20 15
33 1 6 1 8 4 5 3 7 2 9 10 11 24 13 23 19 16 22 12 17 14 21 0 18 20 15
32 1 6 1 8 4 5 3 7 2 9 10 11 24 13 23 19 16 0 12 17 14 21 22 18 20 15
31 1 6 1 8 4 5 3 7 2 9 10 11 24 13 23 19 16 12 0 17 14 21 22 18 20 15
30 1 6 1 8 4 5 3 7 2 9 10 11 24 13 23 19 16 12 17 0 14 21 22 18 20 15
68 1 13 1 3 9 2 4 18 5 10 19 8 6 16 20 15 12 11 14 0 7 21 17 23 24 22
67 1 13 1 3 9 2 4 18 5 10 19 8 6 16 0 15 12 11 14 20 7 21 17 23 24 22
66 1 13 1 3 9 2 4 18 5 10 19 8 6 16 15 0 12 11 14 20 7 21 17 23 24 22
65 1 13 1 3 9 2 4 18 5 10 19 8 6 16 15 7 12 11 14 20 0 21 17 23 24 22
64 1 13 1 3 9 2 4 18 5 10 19 8 6 16 15 7 12 11 14 0 20 21 17 23 24 22
63 1 13 1 3 9 2 4 18 5 10 19 8 6 16 0 7 12 11 14 15 20 21 17 23 24 22
62 1 13 1 3 9 2 4 18 5 10 19 8 6 16 7 0 12 11 14 15 20 21 17 23 24 22
61 1 13 1 3 9 2 4 18 5 10 0 8 6 16 7 19 12 11 14 15 20 21 17 23 24 22
60 1 13 1 3 9 2 4 18 5 0 10 8 6 16 7 19 12 11 14 15 20 21 17 23 24 22
59 1 13 1 3 0 2 4 18 5 9 10 8 6 16 7 19 12 11 14 15 20 21 17 23 24 22
58 1 13 1 3 2 0 4 18 5 9 10 8 6 16 7 19 12 11 14 15 20 21 17 23 24 22
57 1 13 1 3 2 10 4 18 5 9 0 8 6 16 7 19 12 11 14 15 20 21 17 23 24 22
56 1 13 1 3 2 10 4 18 5 0 9 8 6 16 7 19 12 11 14 15 20 21 17 23 24 22
55 1 13 1 3 2 10 4 18 0 5 9 8 6 16 7 19 12 11 14 15 20 21 17 23 24 22
54 1 13 1 3 2 10 4 0 18 5 9 8 6 16 7 19 12 11 14 15 20 21 17 23 24 22
53 1 13 1 3 2 10 0 4 18 5 9 8 6 16 7 19 12 11 14 15 20 21 17 23 24 22
52 1 0 1 3 2 10 13 4 18 5 9 8 6 16 7 19 12 11 14 15 20 21 17 23 24 22
51 1 1 0 3 2 10 13 4 18 5 9 8 6 16 7 19 12 11 14 15 20 21 17 23 24 22
50 1 1 3 0 2 10 13 4 18 5 9 8 6 16 7 19 12 11 14 15 20 21 17 23 24 22
49 1 1 3 2 0 10 13 4 18 5 9 8 6 16 7 19 12 11 14 15 20 21 17 23 24 22
48 1 1 3 2 5 10 13 4 18 0 9 8 6 16 7 19 12 11 14 15 20 21 17 23 24 22
47 1 1 3 2 5 10 13 4 0 18 9 8 6 16 7 19 12 11 14 15 20 21 17 23 24 22
46 1 1 3 2 5 10 13 0 4 18 9 8 6 16 7 19 12 11 14 15 20 21 17 23 24 22
45 1 1 0 2 5 10 13 3 4 18 9 8 6 16 7 19 12 11 14 15 20 21 17 23 24 22
44 1 1 2 0 5 10 13 3 4 18 9 8 6 16 7 19 12 11 14 15 20 21 17 23 24 22
43 1 1 2 4 5 10 13 3 0 18 9 8 6 16 7 19 12 11 14 15 20 21 17 23 24 22
42 1 1 2 4 5 10 13 0 3 18 9 8 6 16 7 19 12 11 14 15 20 21 17 23 24 22
41 1 1 2 4 5 10 0 13 3 18 9 8 6 16 7 19 12 11 14 15 20 21 17 23 24 22
40 1 1 2 4 5 10 8 13 3 18 9 0 6 16 7 19 12 11 14 15 20 21 17 23 24 22
39 1 1 2 4 5 10 8 13 3 18 9 6 0 16 7 19 12 11 14 15 20 21 17 23 24 22
38 1 1 2 4 5 10 8 13 3 18 9 6 16 0 7 19 12 11 14 15 20 21 17 23 24 22
37 1 1 2 4 5 10 8 13 3 18 9 6 16 7 0 19 12 11 14 15 20 21 17 23 24 22
36 1 1 2 4 5 10 8 13 3 18 9 6 16 7 15 19 12 11 14 0 20 21 17 23 24 22
35 1 1 2 4 5 10 8 13 3 18 9 6 16 7 15 19 12 11 14 24 20 21 17 23 0 22
34 1 1 2 4 5 10 8 13 3 18 9 6 16 7 15 19 12 11 14 24 20 21 17 23 22 0
33 1 1 2 4 5 10 8 13 3 18 9 6 16 7 15 19 12 11 14 24 0 21 17 23 22 20
32 1 1 2 4 5 10 8 13 3 18 9 6 16 7 15 0 12 11 14 24 19 21 17 23 22 20
31 1 1 2 4 5 10 8 13 3 18 9 6 16 7 0 15 12 11 14 24 19 21 17 23 22 20
30 1 1 2 4 5 10 8 13 3 0 9 6 16 7 18 15 12 11 14 24 19 21 17 23 22 20
60 1 0 11 1 3 9 7 6 8 2 4 17 12 13 10 5 21 22 23 20 24 14 16 15 18 19
59 1 11 0 1 3 9 7 6 8 2 4 17 12 13 10 5 21 22 23 20 24 14 16 15 18 19
58 1 11 6 1 3 9 7 0 8 2 4 17 12 13 10 5 21 22 23 20 24 14 16 15 18 19
57 1 11 6 1 3 9 7 12 8 2 4 17 0 13 10 5 21 22 23 20 24 14 16 15 18 19
56 1 11 6 1 3 9 7 12 8 2 4 17 22 13 10 5 21 0 23 20 24 14 16 15 18 19
55 1 11 6 1 3 9 7 12 8 2 4 17 22 13 10 5 21 16 23 20 24 14 0 15 18 19
54 1 11 6 1 3 9 7 12 8 2 4 17 22 13 10 5 21 16 23 20 24 0 14 15 18 19
53 1 11 6 1 3 9 7 12 8 2 4 17 22 13 10 5 0 16 23 20 24 21 14 15 18 19
52 1 11 6 1 3 9 7 12 8 2 4 17 22 13 10 5 16 0 23 20 24 21 14 15 18 19
51 1 11 6 1 3 9 7 12 8 2 4 17 22 13 10 5 16 23 0 20 24 21 14 15 18 19
50 1 11 6 1 3 9 7 12 8 2 4 17 22 13 10 5 16 23 15 20 24 21 14 0 18 19
49 1 11 6 1 3 9 7 12 8 2 4 17 22 13 10 5 16 23 15 20 24 21 0 14 18 19
48 1 11 6 1 3 9 7 12 8 2 4 17 22 13 10 5 16 0 15 20 24 21 23 14 18 19
47 1 11 6 1 3 9 7 12 8 2 4 17 0 13 10 5 16 22 15 20 24 21 23 14 18 19
46 1 11 6 1 3 9 7 0 8 2 4 17 12 13 10 5 16 22 15 20 24 21 23 14 18 19
45 1 11 6 1 3 9 0 7 8 2 4 17 12 13 10 5 16 22 15 20 24 21 23 14 18 19
44 1 0 6 1 3 9 11 7 8 2 4 17 12 13 10 5 16 22 15 20 24 21 23 14 18 19
43 1 6 0 1 3 9 11 7 8 2 4 17 12 13 10 5 16 22 15 20 24 21 23 14 18 19
42 1 6 1 0 3 9 11 7 8 2 4 17 12 13 10 5 16 22 15 20 24 21 23 14 18 19
41 1 6 1 3 0 9 11 7 8 2 4 17 12 13 10 5 16 22 15 20 24 21 23 14 18 19
40 1 6 1 3 2 9 11 7 8 0 4 17 12 13 10 5 16 22 15 20 24 21 23 14 18 19
39 1 6 1 3 2 9 11 7 0 8 4 17 12 13 10 5 16 22 15 20 24 21 23 14 18 19
38 1 6 1 0 2 9 11 7 3 8 4 17 12 13 10 5 16 22 15 20 24 21 23 14 18 19
37 1 6 1 2 0 9 11 7 3 8 4 17 12 13 10 5 16 22 15 20 24 21 23 14 18 19
36 1 6 1 2 9 0 11 7 3 8 4 17 12 13 10 5 16 22 15 20 24 21 23 14 18 19
35 1 6 1 2 9 4 11 7 3 8 0 17 12 13 10 5 16 22 15 20 24 21 23 14 18 19
34 1 6 1 2 9 4 11 7 3 8 5 17 12 13 10 0 16 22 15 20 24 21 23 14 18 19
33 1 6 1 2 9 4 11 7 3 8 5 17 12 13 0 10 16 22 15 20 24 21 23 14 18 19
32 1 6 1 2 9 4 11 7 3 8 5 17 12 13 20 10 16 22 15 0 24 21 23 14 18 19
31 1 6 1 2 9 4 11 7 3 8 5 17 12 13 20 10 16 22 0 15 24 21 23 14 18 19
30 1 6 1 2 9 4 11 7 3 8 5 17 12 0 20 10 16 22 13 15 24 21 23 14 18 19
66 1 14 8 4 10 2 6 12 9 5 18 1 7 0 23 19 11 22 16 3 15 21 17 13 24 20
65 1 14 8 4 10 2 6 12 9 5 18 1 7 16 23 19 11 22 0 3 15 21 17 13 24 20
64 1 14 8 4 10 2 6 12 9 5 18 1 7 16 23 19 11 22 3 0 15 21 17 13 24 20
63 1 14 8 4 10 2 6 12 9 5 18 1 7 16 0 19 11 22 3 23 15 21 17 13 24 20
62 1 14 8 4 10 2 6 12 9 5 18 1 7 16 19 0 11 22 3 23 15 21 17 13 24 20
61 1 14 8 4 10 2 6 12 9 5 0 1 7 16 19 18 11 22 3 23 15 21 17 13 24 20
60 1 14 8 4 10 2 6 12 9 0 5 1 7 16 19 18 11 22 3 23 15 21 17 13 24 20
59 1 14 8 4 0 2 6 12 9 10 5 1 7 16 19 18 11 22 3 23 15 21 17 13 24 20
58 1 14 8 4 2 0 6 12 9 10 5 1 7 16 19 18 11 22 3 23 15 21 17 13 24 20
57 1 14 8 4 2 5 6 12 9 10 0 1 7 16 19 18 11 22 3 23 15 21 17 13 24 20
56 1 14 8 4 2 5 6 12 9 0 10 1 7 16 19 18 11 22 3 23 15 21 17 13 24 20
55 1 14 8 4 2 5 6 12 0 9 10 1 7 16 19 18 11 22 3 23 15 21 17 13 24 20
54 1 14 8 4 2 5 6 0 12 9 10 1 7 16 19 18 11 22 3 23 15 21 17 13 24 20
53 1 14 8 4 2 5 0 6 12 9 10 1 7 16 19 18 11 22 3 23 15 21 17 13 24 20
52 1 14 8 4 2 5 1 6 12 9 10 0 7 16 19 18 11 22 3 23 15 21 17 13 24 20
51 1 14 8 4 2 5 1 6 12 9 10 7 0 16 19 18 11 22 3 23 15 21 17 13 24 20
50 1 14 8 4 2 5 1 6 12 9 10 7 16 0 19 18 11 22 3 23 15 21 17 13 24 20
49 1 14 8 4 2 5 1 6 12 9 10 7 16 3 19 18 11 22 0 23 15 21 17 13 24 20
48 1 14 8 4 2 5 1 6 12 9 10 7 16 3 19 18 11 0 22 23 15 21 17 13 24 20
47 1 14 8 4 2 5 1 6 12 9 10 7 0 3 19 18 11 16 22 23 15 21 17 13 24 20
46 1 14 8 4 2 5 1 6 12 9 10 7 3 0 19 18 11 16 22 23 15 21 17 13 24 20
45 1 14 8 4 2 5 1 6 0 9 10 7 3 12 19 18 11 16 22 23 15 21 17 13 24 20
44 1 14 8 0 2 5 1 6 4 9 10 7 3 12 19 18 11 16 22 23 15 21 17 13 24 20
43 1 14 0 8 2 5 1 6 4 9 10 7 3 12 19 18 11 16 22 23 15 21 17 13 24 20
42 1 0 14 8 2 5 1 6 4 9 10 7 3 12 19 18 11 16 22 23 15 21 17 13 24 20
41 1 1 14 8 2 5 0 6 4 9 10 7 3 12 19 18 11 16 22 23 15 21 17 13 24 20
40 1 1 14 8 2 5 6 0 4 9 10 7 3 12 19 18 11 16 22 23 15 21 17 13 24 20
39 1 1 14 8 2 5 6 3 4 9 10 7 0 12 19 18 11 16 22 23 15 21 17 13 24 20
38 1 1 14 8 2 5 6 3 4 9 10 0 7 12 19 18 11 16 22 23 15 21 17 13 24 20
37 1 1 14 8 2 5 6 3 4 9 10 11 7 12 19 18 0 16 22 23 15 21 17 13 24 20
36 1 1 14 8 2 5 6 3 4 9 10 11 7 12 19 18 16 0 22 23 15 21 17 13 24 20
35 1 1 14 8 2 5 6 3 4 9 10 11 7 12 19 18 16 17 22 23 15 21 0 13 24 20
34 1 1 14 8 2 5 6 3 4 9 10 11 7 12 19 18 16 17 22 23 15 21 13 0 24 20
33 1 1 14 8 2 5 6 3 4 9 10 11 7 12 19 18 16 17 0 23 15 21 13 22 24 20
32 1 1 14 8 2 5 6 3 4 9 10 11 7 12 19 18 16 17 23 0 15 21 13 22 24 20
31 1 1 14 8 2 5 6 3 4 9 10 11 7 12 0 18 16 17 23 19 15 21 13 22 24 20
30 1 1 14 8 2 5 6 3 4 0 10 11 7 12 9 18 16 17 23 19 15 21 13 22 24 20
64 1 6 1 2 9 10 3 14 5 0 4 7 11 23 15 24 13 21 12 18 8 16 22 17 19 20
63 1 6 1 2 0 10 3 14 5 9 4 7 11 23 15 24 13 21 12 18 8 16 22 17 19 20
62 1 6 1 2 10 0 3 14 5 9 4 7 11 23 15 24 13 21 12 18 8 16 22 17 19 20
61 1 6 1 2 10 4 3 14 5 9 0 7 11 23 15 24 13 21 12 18 8 16 22 17 19 20
60 1 6 1 2 10 4 3 14 5 9 24 7 11 23 15 0 13 21 12 18 8 16 22 17 19 20
59 1 6 1 2 10 4 3 14 5 9 24 7 11 23 15 8 13 21 12 18 0 16 22 17 19 20
58 1 6 1 2 10 4 3 14 5 9 24 7 11 23 15 8 13 21 12 18 20 16 22 17 19 0
57 1 6 1 2 10 4 3 14 5 9 24 7 11 23 15 8 13 21 12 18 20 16 22 17 0 19
56 1 6 1 2 10 4 3 14 5 9 24 7 11 23 15 8 13 21 12 18 20 16 22 0 17 19
55 1 6 1 2 10 4 3 14 5 9 24 7 11 23 15 8 13 21 12 18 20 16 0 22 17 19
54 1 6 1 2 10 4 3 14 5 9 24 7 11 23 15 8 13 0 12 18 20 16 21 22 17 19
53 1 6 1 2 10 4 3 14 5 9 24 7 11 23 15 8 0 13 12 18 20 16 21 22 17 19
52 1 6 1 2 10 4 3 14 5 9 24 7 11 23 15 8 16 13 12 18 20 0 21 22 17 19
51 1 6 1 2 10 4 3 14 5 9 24 7 11 23 15 8 16 13 12 18 20 21 0 22 17 19
50 1 6 1 2 10 4 3 14 5 9 24 7 11 23 15 8 16 13 12 18 20 21 22 0 17 19
49 1 6 1 2 10 4 3 14 5 9 24 7 11 23 15 8 16 13 12 18 20 21 22 17 0 19
48 1 6 1 2 10 4 3 14 5 9 24 7 11 23 15 8 16 13 12 0 20 21 22 17 18 19
47 1 6 1 2 10 4 3 14 5 9 24 7 11 23 0 8 16 13 12 15 20 21 22 17 18 19
46 1 6 1 2 10 4 3 14 5 0 24 7 11 23 9 8 16 13 12 15 20 21 22 17 18 19
45 1 6 1 2 10 4 3 14 0 5 24 7 11 23 9 8 16 13 12 15 20 21 22 17 18 19
44 1 6 1 2 10 4 3 0 14 5 24 7 11 23 9 8 16 13 12 15 20 21 22 17 18 19
43 1 6 1 2 10 4 0 3 14 5 24 7 11 23 9 8 16 13 12 15 20 21 22 17 18 19
42 1 6 1 2 10 4 7 3 14 5 24 0 11 23 9 8 16 13 12 15 20 21 22 17 18 19
41 1 6 1 2 10 4 7 3 14 5 24 11 0 23 9 8 16 13 12 15 20 21 22 17 18 19
40 1 6 1 2 10 4 7 3 14 5 24 11 13 23 9 8 16 0 12 15 20 21 22 17 18 19
39 1 6 1 2 10 4 7 3 14 5 24 11 13 23 9 8 16 12 0 15 20 21 22 17 18 19
38 1 6 1 2 10 4 7 3 14 5 24 11 13 0 9 8 16 12 23 15 20 21 22 17 18 19
37 1 6 1 2 10 4 7 3 14 5 24 11 13 9 0 8 16 12 23 15 20 21 22 17 18 19
36 1 6 1 2 10 4 7 3 14 5 24 11 13 9 8 0 16 12 23 15 20 21 22 17 18 19
35 1 6 1 2 10 4 7 3 14 5 0 11 13 9 8 24 16 12 23 15 20 21 22 17 18 19
34 1 6 1 2 10 4 7 3 14 0 5 11 13 9 8 24 16 12 23 15 20 21 22 17 18 19
33 1 6 1 2 0 4 7 3 14 10 5 11 13 9 8 24 16 12 23 15 20 21 22 17 18 19
32 1 6 1 2 4 0 7 3 14 10 5 11 13 9 8 24 16 12 23 15 20 21 22 17 18 19
31 1 6 1 2 4 5 7 3 14 10 0 11 13 9 8 24 16 12 23 15 20 21 22 17 18 19
30 1 6 1 2 4 5 7 3 14 0 10 11 13 9 8 24 16 12 23 15 20 21 22 17 18 19
72 1 2 3 1 5 10 21 0 7 8 12 6 9 17 20 15 11 22 14 16 4 23 18 24 13 19
71 1 2 3 1 5 10 21 9 7 8 12 6 0 17 20 15 11 22 14 16 4 23 18 24 13 19
70 1 2 3 1 5 10 21 9 7 8 12 0 6 17 20 15 11 22 14 16 4 23 18 24 13 19
69 1 2 3 1 5 10 0 9 7 8 12 21 6 17 20 15 11 22 14 16 4 23 18 24 13 19
68 1 0 3 1 5 10 2 9 7 8 12 21 6 17 20 15 11 22 14 16 4 23 18 24 13 19
67 1 3 0 1 5 10 2 9 7 8 12 21 6 17 20 15 11 22 14 16 4 23 18 24 13 19
66 1 3 1 0 5 10 2 9 7 8 12 21 6 17 20 15 11 22 14 16 4 23 18 24 13 19
65 1 3 1 7 5 10 2 9 0 8 12 21 6 17 20 15 11 22 14 16 4 23 18 24 13 19
64 1 3 1 7 5 10 2 0 9 8 12 21 6 17 20 15 11 22 14 16 4 23 18 24 13 19
63 1 3 0 7 5 10 2 1 9 8 12 21 6 17 20 15 11 22 14 16 4 23 18 24 13 19
62 1 0 3 7 5 10 2 1 9 8 12 21 6 17 20 15 11 22 14 16 4 23 18 24 13 19
61 1 2 3 7 5 10 0 1 9 8 12 21 6 17 20 15 11 22 14 16 4 23 18 24 13 19
60 1 2 3 7 5 10 1 0 9 8 12 21 6 17 20 15 11 22 14 16 4 23 18 24 13 19
59 1 2 3 7 5 10 1 6 9 8 12 21 0 17 20 15 11 22 14 16 4 23 18 24 13 19
58 1 2 3 7 5 10 1 6 9 8 12 0 21 17 20 15 11 22 14 16 4 23 18 24 13 19
57 1 2 3 7 5 10 1 6 9 8 12 11 21 17 20 15 0 22 14 16 4 23 18 24 13 19
56 1 2 3 7 5 10 1 6 9 8 12 11 21 17 20 15 22 0 14 16 4 23 18 24 13 19
55 1 2 3 7 5 10 1 6 9 8 12 11 0 17 20 15 22 21 14 16 4 23 18 24 13 19
54 1 2 3 7 5 10 1 6 9 8 12 11 17 0 20 15 22 21 14 16 4 23 18 24 13 19
53 1 2 3 7 5 10 1 6 9 8 12 11 17 14 20 15 22 21 0 16 4 23 18 24 13 19
52 1 2 3 7 5 10 1 6 9 8 12 11 17 14 20 15 22 21 16 0 4 23 18 24 13 19
51 1 2 3 7 5 10 1 6 9 8 12 11 17 14 0 15 22 21 16 20 4 23 18 24 13 19
50 1 2 3 7 5 10 1 6 9 8 12 11 17 14 15 0 22 21 16 20 4 23 18 24 13 19
49 1 2 3 7 5 10 1 6 9 8 12 11 17 14 15 4 22 21 16 20 0 23 18 24 13 19
48 1 2 3 7 5 10 1 6 9 8 12 11 17 14 15 4 22 21 16 20 19 23 18 24 13 0
47 1 2 3 7 5 10 1 6 9 8 12 11 17 14 15 4 22 21 16 20 19 23 18 24 0 13
46 1 2 3 7 5 10 1 6 9 8 12 11 17 14 15 4 22 21 16 0 19 23 18 24 20 13
45 1 2 3 7 5 10 1 6 9 8 12 11 17 14 0 4 22 21 16 15 19 23 18 24 20 13
44 1 2 3 7 5 10 1 6 9 0 12 11 17 14 8 4 22 21 16 15 19 23 18 24 20 13
43 1 2 3 7 5 10 1 6 9 12 0 11 17 14 8 4 22 21 16 15 19 23 18 24 20 13
42 1 2 3 7 5 10 1 6 9 12 4 11 17 14 8 0 22 21 16 15 19 23 18 24 20 13
41 1 2 3 7 5 10 1 6 9 12 4 11 17 14 8 19 22 21 16 15 0 23 18 24 20 13
40 1 2 3 7 5 10 1 6 9 12 4 11 17 14 8 19 22 21 16 15 13 23 18 24 20 0
39 1 2 3 7 5 10 1 6 9 12 4 11 17 14 8 19 22 21 16 15 13 23 18 24 0 20
38 1 2 3 7 5 10 1 6 9 12 4 11 17 14 8 19 22 21 16 15 13 23 18 0 24 20
37 1 2 3 7 5 10 1 6 9 12 4 11 17 14 8 19 22 21 16 15 13 23 0 18 24 20
36 1 2 3 7 5 10 1 6 9 12 4 11 17 14 8 19 22 21 16 15 13 0 23 18 24 20
35 1 2 3 7 5 10 1 6 9 12 4 11 17 14 8 19 0 21 16 15 13 22 23 18 24 20
34 1 2 3 7 5 10 1 6 9 12 4 11 17 14 8 19 21 0 16 15 13 22 23 18 24 20
33 1 2 3 7 5 10 1 6 9 12 4 11 17 14 8 19 21 16 0 15 13 22 23 18 24 20
32 1 2 3 7 5 10 1 6 9 12 4 11 17 0 8 19 21 16 14 15 13 22 23 18 24 20
31 1 2 3 7 5 10 1 6 9 12 4 11 17 8 0 19 21 16 14 15 13 22 23 18 24 20
30 1 2 3 7 5 10 1 6 9 0 4 11 17 8 12 19 21 16 14 15 13 22 23 18 24 20
58 1 2 7 1 4 14 8 6 18 13 10 17 11 3 20 5 16 23 9 19 15 21 22 12 24 0
57 1 2 7 1 4 14 8 6 18 13 10 17 11 3 20 5 16 23 9 19 15 21 22 12 0 24
56 1 2 7 1 4 14 8 6 18 13 10 17 11 3 20 5 16 23 9 0 15 21 22 12 19 24
55 1 2 7 1 4 14 8 6 18 13 10 17 11 3 0 5 16 23 9 20 15 21 22 12 19 24
54 1 2 7 1 4 14 8 6 18 0 10 17 11 3 13 5 16 23 9 20 15 21 22 12 19 24
53 1 2 7 1 4 14 8 6 0 18 10 17 11 3 13 5 16 23 9 20 15 21 22 12 19 24
52 1 2 7 1 4 14 8 6 3 18 10 17 11 0 13 5 16 23 9 20 15 21 22 12 19 24
51 1 2 7 1 4 14 8 6 3 18 10 17 11 9 13 5 16 23 0 20 15 21 22 12 19 24
50 1 2 7 1 4 14 8 6 3 18 10 17 11 9 13 5 16 23 12 20 15 21 22 0 19 24
49 1 2 7 1 4 14 8 6 3 18 10 17 11 9 13 5 16 23 12 20 15 21 0 22 19 24
48 1 2 7 1 4 14 8 6 3 18 10 17 11 9 13 5 16 23 12 20 15 0 21 22 19 24
47 1 2 7 1 4 14 8 6 3 18 10 17 11 9 13 5 0 23 12 20 15 16 21 22 19 24
46 1 2 7 1 4 14 8 6 3 18 10 0 11 9 13 5 17 23 12 20 15 16 21 22 19 24
45 1 2 7 1 4 14 8 6 3 18 10 11 0 9 13 5 17 23 12 20 15 16 21 22 19 24
44 1 2 7 1 4 14 8 0 3 18 10 11 6 9 13 5 17 23 12 20 15 16 21 22 19 24
43 1 2 7 1 4 14 0 8 3 18 10 11 6 9 13 5 17 23 12 20 15 16 21 22 19 24
42 1 0 7 1 4 14 2 8 3 18 10 11 6 9 13 5 17 23 12 20 15 16 21 22 19 24
41 1 7 0 1 4 14 2 8 3 18 10 11 6 9 13 5 17 23 12 20 15 16 21 22 19 24
40 1 7 1 0 4 14 2 8 3 18 10 11 6 9 13 5 17 23 12 20 15 16 21 22 19 24
39 1 7 1 3 4 14 2 8 0 18 10 11 6 9 13 5 17 23 12 20 15 16 21 22 19 24
38 1 7 1 3 4 14 2 8 9 18 10 11 6 0 13 5 17 23 12 20 15 16 21 22 19 24
37 1 7 1 3 4 14 2 8 9 18 10 11 6 12 13 5 17 23 0 20 15 16 21 22 19 24
36 1 7 1 3 4 14 2 8 9 18 10 11 6 12 13 5 17 0 23 20 15 16 21 22 19 24
35 1 7 1 3 4 14 2 8 9 18 10 11 6 12 13 5 0 17 23 20 15 16 21 22 19 24
34 1 7 1 3 4 14 2 8 9 18 10 0 6 12 13 5 11 17 23 20 15 16 21 22 19 24
33 1 7 1 3 4 14 2 8 9 18 10 6 0 12 13 5 11 17 23 20 15 16 21 22 19 24
32 1 7 1 3 4 14 2 8 9 18 10 6 12 0 13 5 11 17 23 20 15 16 21 22 19 24
31 1 7 1 3 4 14 2 8 9 18 10 6 12 13 0 5 11 17 23 20 15 16 21 22 19 24
30 1 7 1 3 4 14 2 8 9 0 10 6 12 13 18 5 11 17 23 20 15 16 21 22 19 24
66 1 2 11 3 19 10 21 6 8 5 4 1 22 7 9 14 17 16 23 0 24 18 13 12 20 15
65 1 2 11 3 19 10 21 6 8 5 4 1 22 7 0 14 17 16 23 9 24 18 13 12 20 15
64 1 2 11 3 19 10 21 6 8 0 4 1 22 7 5 14 17 16 23 9 24 18 13 12 20 15
63 1 2 11 3 0 10 21 6 8 19 4 1 22 7 5 14 17 16 23 9 24 18 13 12 20 15
62 1 2 11 0 3 10 21 6 8 19 4 1 22 7 5 14 17 16 23 9 24 18 13 12 20 15
61 1 2 11 8 3 10 21 6 0 19 4 1 22 7 5 14 17 16 23 9 24 18 13 12 20 15
60 1 2 11 8 3 10 21 6 7 19 4 1 22 0 5 14 17 16 23 9 24 18 13 12 20 15
59 1 2 11 8 3 10 21 6 7 19 4 1 0 22 5 14 17 16 23 9 24 18 13 12 20 15
58 1 2 11 8 3 10 21 0 7 19 4 1 6 22 5 14 17 16 23 9 24 18 13 12 20 15
57 1 2 11 8 3 10 0 21 7 19 4 1 6 22 5 14 17 16 23 9 24 18 13 12 20 15
56 1 2 11 8 3 10 1 21 7 19 4 0 6 22 5 14 17 16 23 9 24 18 13 12 20 15
55 1 2 11 8 3 10 1 21 7 19 4 6 0 22 5 14 17 16 23 9 24 18 13 12 20 15
54 1 2 11 8 3 10 1 0 7 19 4 6 21 22 5 14 17 16 23 9 24 18 13 12 20 15
53 1 2 0 8 3 10 1 11 7 19 4 6 21 22 5 14 17 16 23 9 24 18 13 12 20 15
52 1 0 2 8 3 10 1 11 7 19 4 6 21 22 5 14 17 16 23 9 24 18 13 12 20 15
51 1 1 2 8 3 10 0 11 7 19 4 6 21 22 5 14 17 16 23 9 24 18 13 12 20 15
50 1 1 2 8 3 10 6 11 7 19 4 0 21 22 5 14 17 16 23 9 24 18 13 12 20 15
49 1 1 2 8 3 10 6 11 7 19 4 21 0 22 5 14 17 16 23 9 24 18 13 12 20 15
48 1 1 2 8 3 10 6 11 7 19 4 21 16 22 5 14 17 0 23 9 24 18 13 12 20 15
47 1 1 2 8 3 10 6 11 7 19 4 21 16 22 5 14 17 13 23 9 24 18 0 12 20 15
46 1 1 2 8 3 10 6 11 7 19 4 21 16 22 5 14 17 13 23 9 24 0 18 12 20 15
45 1 1 2 8 3 10 6 11 7 19 4 21 16 22 5 14 0 13 23 9 24 17 18 12 20 15
44 1 1 2 8 3 10 6 11 7 19 4 0 16 22 5 14 21 13 23 9 24 17 18 12 20 15
43 1 1 2 8 3 10 6 11 7 19 4 16 0 22 5 14 21 13 23 9 24 17 18 12 20 15
42 1 1 2 8 3 10 6 11 7 19 4 16 13 22 5 14 21 0 23 9 24 17 18 12 20 15
41 1 1 2 8 3 10 6 11 7 19 4 16 13 22 5 14 21 18 23 9 24 17 0 12 20 15
40 1 1 2 8 3 10 6 11 7 19 4 16 13 22 5 14 21 18 23 9 24 17 12 0 20 15
39 1 1 2 8 3 10 6 11 7 19 4 16 13 22 5 14 21 18 0 9 24 17 12 23 20 15
38 1 1 2 8 3 10 6 11 7 19 4 16 13 0 5 14 21 18 22 9 24 17 12 23 20 15
37 1 1 2 8 3 10 6 11 7 19 4 16 0 13 5 14 21 18 22 9 24 17 12 23 20 15
36 1 1 2 8 3 10 6 0 7 19 4 16 11 13 5 14 21 18 22 9 24 17 12 23 20 15
35 1 1 2 8 3 10 6 7 0 19 4 16 11 13 5 14 21 18 22 9 24 17 12 23 20 15
34 1 1 2 8 3 10 6 7 19 0 4 16 11 13 5 14 21 18 22 9 24 17 12 23 20 15
33 1 1 2 8 3 10 6 7 19 5 4 16 11 13 0 14 21 18 22 9 24 17 12 23 20 15
32 1 1 2 8 3 10 6 7 19 5 4 16 11 13 9 14 21 18 22 0 24 17 12 23 20 15
31 1 1 2 8 3 10 6 7 19 5 4 16 11 13 9 14 21 18 22 24 0 17 12 23 20 15
30 1 1 2 8 3 10 6 7 19 5 4 16 11 13 9 14 21 18 22 24 15 17 12 23 20 0
78 1 2 6 8 7 4 11 16 5 0 20 1 22 13 15 9 17 10 21 18 23 24 19 3 12 14
77 1 2 6 8 7 4 11 16 5 15 20 1 22 13 0 9 17 10 21 18 23 24 19 3 12 14
76 1 2 6 8 7 4 11 16 5 15 20 1 22 13 9 0 17 10 21 18 23 24 19 3 12 14
75 1 2 6 8 7 4 11 16 5 15 0 1 22 13 9 20 17 10 21 18 23 24 19 3 12 14
74 1 2 6 8 7 4 11 16 5 0 15 1 22 13 9 20 17 10 21 18 23 24 19 3 12 14
73 1 2 6 8 7 4 11 16 0 5 15 1 22 13 9 20 17 10 21 18 23 24 19 3 12 14
72 1 2 6 8 7 4 11 16 13 5 15 1 22 0 9 20 17 10 21 18 23 24 19 3 12 14
71 1 2 6 8 7 4 11 16 13 5 15 1 0 22 9 20 17 10 21 18 23 24 19 3 12 14
70 1 2 6 8 7 4 11 16 13 5 15 1 10 22 9 20 17 0 21 18 23 24 19 3 12 14
69 1 2 6 8 7 4 11 16 13 5 15 1 10 22 9 20 17 21 0 18 23 24 19 3 12 14
68 1 2 6 8 7 4 11 16 13 5 15 1 10 22 9 20 17 21 3 18 23 24 19 0 12 14
67 1 2 6 8 7 4 11 16 13 5 15 1 10 22 9 20 17 21 3 18 23 24 19 12 0 14
66 1 2 6 8 7 4 11 16 13 5 15 1 10 22 9 20 17 21 3 0 23 24 19 12 18 14
65 1 2 6 8 7 4 11 16 13 5 15 1 10 22 9 20 17 21 0 3 23 24 19 12 18 14
64 1 2 6 8 7 4 11 16 13 5 15 1 10 0 9 20 17 21 22 3 23 24 19 12 18 14
63 1 2 6 8 7 4 11 16 13 5 15 1 10 9 0 20 17 21 22 3 23 24 19 12 18 14
62 1 2 6 8 7 4 11 16 13 5 15 1 10 9 3 20 17 21 22 0 23 24 19 12 18 14
61 1 2 6 8 7 4 11 16 13 5 15 1 10 9 3 20 17 21 22 23 0 24 19 12 18 14
60 1 2 6 8 7 4 11 16 13 5 15 1 10 9 3 0 17 21 22 23 20 24 19 12 18 14
59 1 2 6 8 7 4 11 16 13 5 0 1 10 9 3 15 17 21 22 23 20 24 19 12 18 14
58 1 2 6 8 7 4 11 16 13 0 5 1 10 9 3 15 17 21 22 23 20 24 19 12 18 14
57 1 2 6 8 7 4 11 16 13 3 5 1 10 9 0 15 17 21 22 23 20 24 19 12 18 14
56 1 2 6 8 7 4 11 16 13 3 5 1 10 0 9 15 17 21 22 23 20 24 19 12 18 14
55 1 2 6 8 7 4 11 16 13 3 5 1 0 10 9 15 17 21 22 23 20 24 19 12 18 14
54 1 2 6 8 7 4 11 0 13 3 5 1 16 10 9 15 17 21 22 23 20 24 19 12 18 14
53 1 2 6 8 7 4 0 11 13 3 5 1 16 10 9 15 17 21 22 23 20 24 19 12 18 14
52 1 2 6 8 7 4 1 11 13 3 5 0 16 10 9 15 17 21 22 23 20 24 19 12 18 14
51 1 2 6 8 7 4 1 11 13 3 5 17 16 10 9 15 0 21 22 23 20 24 19 12 18 14
50 1 2 6 8 7 4 1 11 13 3 5 17 16 10 9 15 21 0 22 23 20 24 19 12 18 14
49 1 2 6 8 7 4 1 11 13 3 5 17 16 10 9 15 21 22 0 23 20 24 19 12 18 14
48 1 2 6 8 7 4 1 11 13 3 5 17 16 10 9 15 21 22 12 23 20 24 19 0 18 14
47 1 2 6 8 7 4 1 11 13 3 5 17 16 10 9 15 21 22 12 23 20 24 0 19 18 14
46 1 2 6 8 7 4 1 11 13 3 5 17 16 10 9 15 21 22 12 23 20 0 24 19 18 14
45 1 2 6 8 7 4 1 11 13 3 5 17 16 10 9 15 0 22 12 23 20 21 24 19 18 14
44 1 2 6 8 7 4 1 11 13 3 5 0 16 10 9 15 17 22 12 23 20 21 24 19 18 14
43 1 2 6 8 7 4 1 11 13 3 5 16 0 10 9 15 17 22 12 23 20 21 24 19 18 14
42 1 2 6 8 7 4 1 0 13 3 5 16 11 10 9 15 17 22 12 23 20 21 24 19 18 14
41 1 2 0 8 7 4 1 6 13 3 5 16 11 10 9 15 17 22 12 23 20 21 24 19 18 14
40 1 2 8 0 7 4 1 6 13 3 5 16 11 10 9 15 17 22 12 23 20 21 24 19 18 14
39 1 2 8 7 0 4 1 6 13 3 5 16 11 10 9 15 17 22 12 23 20 21 24 19 18 14
38 1 2 8 7 3 4 1 6 13 0 5 16 11 10 9 15 17 22 12 23 20 21 24 19 18 14
37 1 2 8 7 3 4 1 6 13 9 5 16 11 10 0 15 17 22 12 23 20 21 24 19 18 14
36 1 2 8 7 3 4 1 6 13 9 5 16 11 0 10 15 17 22 12 23 20 21 24 19 18 14
35 1 2 8 7 3 4 1 6 13 9 5 16 11 12 10 15 17 22 0 23 20 21 24 19 18 14
34 1 2 8 7 3 4 1 6 13 9 5 16 11 12 10 15 17 22 23 0 20 21 24 19 18 14
33 1 2 8 7 3 4 1 6 13 9 5 16 11 12 10 15 17 22 23 18 20 21 24 19 0 14
32 1 2 8 7 3 4 1 6 13 9 5 16 11 12 10 15 17 22 23 18 20 21 24 19 14 0
31 1 2 8 7 3 4 1 6 13 9 5 16 11 12 10 15 17 22 23 18 0 21 24 19 14 20
30 1 2 8 7 3 4 1 6 13 9 5 16 11 12 10 0 17 22 23 18 15 21 24 19 14 20
74 1 1 7 22 4 2 6 8 12 5 13 0 23 16 11 15 24 10 3 18 9 21 14 20 19 17
73 1 1 7 22 4 2 6 8 12 5 13 24 23 16 11 15 0 10 3 18 9 21 14 20 19 17
72 1 1 7 22 4 2 6 8 12 5 13 24 23 16 11 15 10 0 3 18 9 21 14 20 19 17
71 1 1 7 22 4 2 6 8 12 5 13 24 0 16 11 15 10 23 3 18 9 21 14 20 19 17
70 1 1 7 22 4 2 6 8 12 5 13 24 16 0 11 15 10 23 3 18 9 21 14 20 19 17
69 1 1 7 22 4 2 6 8 12 5 13 24 16 11 0 15 10 23 3 18 9 21 14 20 19 17
68 1 1 7 22 4 2 6 8 12 5 13 24 16 11 15 0 10 23 3 18 9 21 14 20 19 17
67 1 1 7 22 4 2 6 8 12 5 0 24 16 11 15 13 10 23 3 18 9 21 14 20 19 17
66 1 1 7 22 4 2 6 8 12 0 5 24 16 11 15 13 10 23 3 18 9 21 14 20 19 17
65 1 1 7 22 0 2 6 8 12 4 5 24 16 11 15 13 10 23 3 18 9 21 14 20 19 17
64 1 1 7 22 2 0 6 8 12 4 5 24 16 11 15 13 10 23 3 18 9 21 14 20 19 17
63 1 1 7 22 2 5 6 8 12 4 0 24 16 11 15 13 10 23 3 18 9 21 14 20 19 17
62 1 1 7 22 2 5 6 8 12 4 13 24 16 11 15 0 10 23 3 18 9 21 14 20 19 17
61 1 1 7 22 2 5 6 8 12 4 13 24 16 11 15 9 10 23 3 18 0 21 14 20 19 17
60 1 1 7 22 2 5 6 8 12 4 13 24 16 11 15 9 10 23 3 18 17 21 14 20 19 0
59 1 1 7 22 2 5 6 8 12 4 13 24 16 11 15 9 10 23 3 18 17 21 14 20 0 19
58 1 1 7 22 2 5 6 8 12 4 13 24 16 11 15 9 10 23 3 18 17 21 14 0 20 19
57 1 1 7 22 2 5 6 8 12 4 13 24 16 11 15 9 10 23 3 18 17 21 0 14 20 19
56 1 1 7 22 2 5 6 8 12 4 13 24 16 11 15 9 10 0 3 18 17 21 23 14 20 19
55 1 1 7 22 2 5 6 8 12 4 13 24 16 11 15 9 0 10 3 18 17 21 23 14 20 19
54 1 1 7 22 2 5 6 8 12 4 13 0 16 11 15 9 24 10 3 18 17 21 23 14 20 19
53 1 1 7 22 2 5 6 8 12 4 13 16 0 11 15 9 24 10 3 18 17 21 23 14 20 19
52 1 1 7 22 2 5 6 8 12 4 13 16 11 0 15 9 24 10 3 18 17 21 23 14 20 19
51 1 1 7 22 2 5 6 8 0 4 13 16 11 12 15 9 24 10 3 18 17 21 23 14 20 19
50 1 1 7 0 2 5 6 8 22 4 13 16 11 12 15 9 24 10 3 18 17 21 23 14 20 19
49 1 1 7 2 0 5 6 8 22 4 13 16 11 12 15 9 24 10 3 18 17 21 23 14 20 19
48 1 1 7 2 4 5 6 8 22 0 13 16 11 12 15 9 24 10 3 18 17 21 23 14 20 19
47 1 1 7 2 4 5 6 8 22 13 0 16 11 12 15 9 24 10 3 18 17 21 23 14 20 19
46 1 1 7 2 4 5 6 8 22 13 9 16 11 12 15 0 24 10 3 18 17 21 23 14 20 19
45 1 1 7 2 4 5 6 8 22 13 9 16 11 12 0 15 24 10 3 18 17 21 23 14 20 19
44 1 1 7 2 4 5 6 8 22 13 9 16 11 0 12 15 24 10 3 18 17 21 23 14 20 19
43 1 1 7 2 4 5 6 8 22 13 9 16 11 3 12 15 24 10 0 18 17 21 23 14 20 19
42 1 1 7 2 4 5 6 8 22 13 9 16 11 3 12 15 24 0 10 18 17 21 23 14 20 19
41 1 1 7 2 4 5 6 8 22 13 9 16 11 3 12 15 0 24 10 18 17 21 23 14 20 19
40 1 1 7 2 4 5 6 8 22 13 9 0 11 3 12 15 16 24 10 18 17 21 23 14 20 19
39 1 1 7 2 4 5 6 8 22 13 9 11 0 3 12 15 16 24 10 18 17 21 23 14 20 19
38 1 1 7 2 4 5 6 0 22 13 9 11 8 3 12 15 16 24 10 18 17 21 23 14 20 19
37 1 1 7 2 4 5 6 22 0 13 9 11 8 3 12 15 16 24 10 18 17 21 23 14 20 19
36 1 1 7 2 4 5 6 22 3 13 9 11 8 0 12 15 16 24 10 18 17 21 23 14 20 19
35 1 1 7 2 4 5 6 22 3 13 9 11 0 8 12 15 16 24 10 18 17 21 23 14 20 19
34 1 1 7 2 4 5 6 0 3 13 9 11 22 8 12 15 16 24 10 18 17 21 23 14 20 19
33 1 1 0 2 4 5 6 7 3 13 9 11 22 8 12 15 16 24 10 18 17 21 23 14 20 19
32 1 1 2 0 4 5 6 7 3 13 9 11 22 8 12 15 16 24 10 18 17 21 23 14 20 19
31 1 1 2 3 4 5 6 7 0 13 9 11 22 8 12 15 16 24 10 18 17 21 23 14 20 19
30 1 1 2 3 4 5 6 7 8 13 9 11 22 0 12 15 16 24 10 18 17 21 23 14 20 19
70 1 2 8 3 6 5 1 13 4 0 9 22 21 15 17 7 11 14 16 24 12 18 10 23 20 19
69 1 2 8 3 6 5 1 13 0 4 9 22 21 15 17 7 11 14 16 24 12 18 10 23 20 19
68 1 2 8 3 6 5 1 13 15 4 9 22 21 0 17 7 11 14 16 24 12 18 10 23 20 19
67 1 2 8 3 6 5 1 13 15 4 9 22 21 17 0 7 11 14 16 24 12 18 10 23 20 19
66 1 2 8 3 6 5 1 13 15 4 9 22 21 17 7 0 11 14 16 24 12 18 10 23 20 19
65 1 2 8 3 6 5 1 13 15 4 9 22 21 17 7 12 11 14 16 24 0 18 10 23 20 19
64 1 2 8 3 6 5 1 13 15 4 9 22 21 17 7 12 11 14 16 24 19 18 10 23 20 0
63 1 2 8 3 6 5 1 13 15 4 9 22 21 17 7 12 11 14 16 24 19 18 10 23 0 20
62 1 2 8 3 6 5 1 13 15 4 9 22 21 17 7 12 11 14 16 24 19 18 10 0 23 20
61 1 2 8 3 6 5 1 13 15 4 9 22 21 17 7 12 11 14 16 24 19 18 0 10 23 20
60 1 2 8 3 6 5 1 13 15 4 9 22 21 17 7 12 11 0 16 24 19 18 14 10 23 20
59 1 2 8 3 6 5 1 13 15 4 9 22 0 17 7 12 11 21 16 24 19 18 14 10 23 20
58 1 2 8 3 6 5 1 13 15 4 9 0 22 17 7 12 11 21 16 24 19 18 14 10 23 20
57 1 2 8 3 6 5 1 13 15 4 9 11 22 17 7 12 0 21 16 24 19 18 14 10 23 20
56 1 2 8 3 6 5 1 13 15 4 9 11 22 17 7 12 21 0 16 24 19 18 14 10 23 20
55 1 2 8 3 6 5 1 13 15 4 9 11 22 17 7 12 21 16 0 24 19 18 14 10 23 20
54 1 2 8 3 6 5 1 13 15 4 9 11 22 17 7 12 21 16 10 24 19 18 14 0 23 20
53 1 2 8 3 6 5 1 13 15 4 9 11 22 17 7 12 21 16 10 24 19 18 0 14 23 20
52 1 2 8 3 6 5 1 13 15 4 9 11 22 17 7 12 21 16 10 24 19 0 18 14 23 20
51 1 2 8 3 6 5 1 13 15 4 9 11 22 17 7 12 0 16 10 24 19 21 18 14 23 20
50 1 2 8 3 6 5 1 13 15 4 9 11 22 17 7 12 16 0 10 24 19 21 18 14 23 20
49 1 2 8 3 6 5 1 13 15 4 9 11 0 17 7 12 16 22 10 24 19 21 18 14 23 20
48 1 2 8 3 6 5 1 13 15 4 9 11 17 0 7 12 16 22 10 24 19 21 18 14 23 20
47 1 2 8 3 6 5 1 13 15 4 9 11 17 7 0 12 16 22 10 24 19 21 18 14 23 20
46 1 2 8 3 6 5 1 13 15 4 9 11 17 7 12 0 16 22 10 24 19 21 18 14 23 20
45 1 2 8 3 6 5 1 13 15 4 0 11 17 7 12 9 16 22 10 24 19 21 18 14 23 20
44 1 2 8 3 6 5 1 13 15 0 4 11 17 7 12 9 16 22 10 24 19 21 18 14 23 20
43 1 2 8 3 6 5 1 13 0 15 4 11 17 7 12 9 16 22 10 24 19 21 18 14 23 20
42 1 2 8 3 6 5 1 13 7 15 4 11 17 0 12 9 16 22 10 24 19 21 18 14 23 20
41 1 2 8 3 6 5 1 13 7 15 4 11 17 12 0 9 16 22 10 24 19 21 18 14 23 20
40 1 2 8 3 6 5 1 13 7 0 4 11 17 12 15 9 16 22 10 24 19 21 18 14 23 20
39 1 2 8 3 0 5 1 13 7 6 4 11 17 12 15 9 16 22 10 24 19 21 18 14 23 20
38 1 2 8 0 3 5 1 13 7 6 4 11 17 12 15 9 16 22 10 24 19 21 18 14 23 20
37 1 2 8 7 3 5 1 13 0 6 4 11 17 12 15 9 16 22 10 24 19 21 18 14 23 20
36 1 2 8 7 3 5 1 13 12 6 4 11 17 0 15 9 16 22 10 24 19 21 18 14 23 20
35 1 2 8 7 3 5 1 13 12 6 4 11 17 10 15 9 16 22 0 24 19 21 18 14 23 20
34 1 2 8 7 3 5 1 13 12 6 4 11 17 10 15 9 16 22 14 24 19 21 18 0 23 20
33 1 2 8 7 3 5 1 13 12 6 4 11 17 10 15 9 16 22 14 24 19 21 0 18 23 20
32 1 2 8 7 3 5 1 13 12 6 4 11 17 10 15 9 16 0 14 24 19 21 22 18 23 20
31 1 2 8 7 3 5 1 13 12 6 4 11 0 10 15 9 16 17 14 24 19 21 22 18 23 20
30 1 2 8 7 3 5 1 0 12 6 4 11 13 10 15 9 16 17 14 24 19 21 22 18 23 20
74 1 3 13 6 7 12 21 5 8 10 14 1 2 9 24 0 16 11 19 4 18 22 23 17 20 15
73 1 3 13 6 7 12 21 5 8 10 0 1 2 9 24 14 16 11 19 4 18 22 23 17 20 15
72 1 3 13 6 7 12 21 5 8 0 10 1 2 9 24 14 16 11 19 4 18 22 23 17 20 15
71 1 3 13 6 7 12 21 5 0 8 10 1 2 9 24 14 16 11 19 4 18 22 23 17 20 15
70 1 3 13 0 7 12 21 5 6 8 10 1 2 9 24 14 16 11 19 4 18 22 23 17 20 15
69 1 3 0 13 7 12 21 5 6 8 10 1 2 9 24 14 16 11 19 4 18 22 23 17 20 15
68 1 3 5 13 7 12 21 0 6 8 10 1 2 9 24 14 16 11 19 4 18 22 23 17 20 15
67 1 3 5 13 7 12 21 2 6 8 10 1 0 9 24 14 16 11 19 4 18 22 23 17 20 15
66 1 3 5 13 7 12 21 2 6 8 10 0 1 9 24 14 16 11 19 4 18 22 23 17 20 15
65 1 3 5 13 7 12 0 2 6 8 10 21 1 9 24 14 16 11 19 4 18 22 23 17 20 15
64 1 3 5 13 7 12 2 0 6 8 10 21 1 9 24 14 16 11 19 4 18 22 23 17 20 15
63 1 3 5 13 7 12 2 6 0 8 10 21 1 9 24 14 16 11 19 4 18 22 23 17 20 15
62 1 3 5 0 7 12 2 6 13 8 10 21 1 9 24 14 16 11 19 4 18 22 23 17 20 15
61 1 3 5 7 0 12 2 6 13 8 10 21 1 9 24 14 16 11 19 4 18 22 23 17 20 15
60 1 3 5 7 12 0 2 6 13 8 10 21 1 9 24 14 16 11 19 4 18 22 23 17 20 15
59 1 3 5 7 12 10 2 6 13 8 0 21 1 9 24 14 16 11 19 4 18 22 23 17 20 15
58 1 3 5 7 12 10 2 6 13 8 14 21 1 9 24 0 16 11 19 4 18 22 23 17 20 15
57 1 3 5 7 12 10 2 6 13 8 14 21 1 9 0 24 16 11 19 4 18 22 23 17 20 15
56 1 3 5 7 12 10 2 6 13 8 14 21 1 0 9 24 16 11 19 4 18 22 23 17 20 15
55 1 3 5 7 12 10 2 6 0 8 14 21 1 13 9 24 16 11 19 4 18 22 23 17 20 15
54 1 3 5 0 12 10 2 6 7 8 14 21 1 13 9 24 16 11 19 4 18 22 23 17 20 15
53 1 3 0 5 12 10 2 6 7 8 14 21 1 13 9 24 16 11 19 4 18 22 23 17 20 15
52 1 0 3 5 12 10 2 6 7 8 14 21 1 13 9 24 16 11 19 4 18 22 23 17 20 15
51 1 2 3 5 12 10 0 6 7 8 14 21 1 13 9 24 16 11 19 4 18 22 23 17 20 15
50 1 2 3 5 12 10 6 0 7 8 14 21 1 13 9 24 16 11 19 4 18 22 23 17 20 15
49 1 2 3 5 12 10 6 1 7 8 14 21 0 13 9 24 16 11 19 4 18 22 23 17 20 15
48 1 2 3 5 12 10 6 1 7 8 14 21 11 13 9 24 16 0 19 4 18 22 23 17 20 15
47 1 2 3 5 12 10 6 1 7 8 14 21 11 13 9 24 0 16 19 4 18 22 23 17 20 15
46 1 2 3 5 12 10 6 1 7 8 14 0 11 13 9 24 21 16 19 4 18 22 23 17 20 15
45 1 2 3 5 12 10 0 1 7 8 14 6 11 13 9 24 21 16 19 4 18 22 23 17 20 15
44 1 2 3 5 12 10 1 0 7 8 14 6 11 13 9 24 21 16 19 4 18 22 23 17 20 15
43 1 2 3 5 12 10 1 7 0 8 14 6 11 13 9 24 21 16 19 4 18 22 23 17 20 15
42 1 2 3 5 12 10 1 7 8 0 14 6 11 13 9 24 21 16 19 4 18 22 23 17 20 15
41 1 2 3 5 0 10 1 7 8 12 14 6 11 13 9 24 21 16 19 4 18 22 23 17 20 15
40 1 2 3 0 5 10 1 7 8 12 14 6 11 13 9 24 21 16 19 4 18 22 23 17 20 15
39 1 2 3 8 5 10 1 7 0 12 14 6 11 13 9 24 21 16 19 4 18 22 23 17 20 15
38 1 2 3 8 5 10 1 7 12 0 14 6 11 13 9 24 21 16 19 4 18 22 23 17 20 15
37 1 2 3 8 5 10 1 7 12 9 14 6 11 13 0 24 21 16 19 4 18 22 23 17 20 15
36 1 2 3 8 5 10 1 7 12 9 14 6 11 13 4 24 21 16 19 0 18 22 23 17 20 15
35 1 2 3 8 5 10 1 7 12 9 14 6 11 13 4 24 21 16 0 19 18 22 23 17 20 15
34 1 2 3 8 5 10 1 7 12 9 14 6 11 0 4 24 21 16 13 19 18 22 23 17 20 15
33 1 2 3 8 5 10 1 7 0 9 14 6 11 12 4 24 21 16 13 19 18 22 23 17 20 15
32 1 2 3 8 5 10 1 7 9 0 14 6 11 12 4 24 21 16 13 19 18 22 23 17 20 15
31 1 2 3 8 5 10 1 7 9 4 14 6 11 12 0 24 21 16 13 19 18 22 23 17 20 15
30 1 2 3 8 5 10 1 7 9 4 14 6 11 12 19 24 21 16 13 0 18 22 23 17 20 15
52 1 6 1 24 3 5 2 7 9 4 8 12 11 13 20 10 16 21 18 23 14 0 22 19 17 15
51 1 6 1 24 3 5 2 7 9 4 8 12 11 13 20 10 0 21 18 23 14 16 22 19 17 15
50 1 6 1 24 3 5 2 7 9 4 8 0 11 13 20 10 12 21 18 23 14 16 22 19 17 15
49 1 6 1 24 3 5 2 7 9 4 8 11 0 13 20 10 12 21 18 23 14 16 22 19 17 15
48 1 6 1 24 3 5 2 0 9 4 8 11 7 13 20 10 12 21 18 23 14 16 22 19 17 15
47 1 6 1 24 3 5 0 2 9 4 8 11 7 13 20 10 12 21 18 23 14 16 22 19 17 15
46 1 0 1 24 3 5 6 2 9 4 8 11 7 13 20 10 12 21 18 23 14 16 22 19 17 15
45 1 1 0 24 3 5 6 2 9 4 8 11 7 13 20 10 12 21 18 23 14 16 22 19 17 15
44 1 1 2 24 3 5 6 0 9 4 8 11 7 13 20 10 12 21 18 23 14 16 22 19 17 15
43 1 1 2 24 3 5 6 7 9 4 8 11 0 13 20 10 12 21 18 23 14 16 22 19 17 15
42 1 1 2 24 3 5 6 7 9 4 8 11 13 0 20 10 12 21 18 23 14 16 22 19 17 15
41 1 1 2 24 3 5 6 7 0 4 8 11 13 9 20 10 12 21 18 23 14 16 22 19 17 15
40 1 1 2 0 3 5 6 7 24 4 8 11 13 9 20 10 12 21 18 23 14 16 22 19 17 15
39 1 1 2 3 0 5 6 7 24 4 8 11 13 9 20 10 12 21 18 23 14 16 22 19 17 15
38 1 1 2 3 4 5 6 7 24 0 8 11 13 9 20 10 12 21 18 23 14 16 22 19 17 15
37 1 1 2 3 4 5 6 7 24 8 0 11 13 9 20 10 12 21 18 23 14 16 22 19 17 15
36 1 1 2 3 4 5 6 7 24 8 10 11 13 9 20 0 12 21 18 23 14 16 22 19 17 15
35 1 1 2 3 4 5 6 7 24 8 10 11 13 9 20 14 12 21 18 23 0 16 22 19 17 15
34 1 1 2 3 4 5 6 7 24 8 10 11 13 9 20 14 12 21 18 0 23 16 22 19 17 15
33 1 1 2 3 4 5 6 7 24 8 10 11 13 9 20 14 12 21 18 17 23 16 22 19 0 15
32 1 1 2 3 4 5 6 7 24 8 10 11 13 9 20 14 12 21 18 17 23 16 22 0 19 15
31 1 1 2 3 4 5 6 7 24 8 10 11 13 9 20 14 12 21 18 17 23 16 0 22 19 15
30 1 1 2 3 4 5 6 7 24 8 10 11 13 9 20 14 12 0 18 17 23 16 21 22 19 15
72 1 5 9 6 8 0 2 21 13 14 4 1 12 23 3 10 16 24 17 7 19 22 11 18 15 20
71 1 5 9 6 8 4 2 21 13 14 0 1 12 23 3 10 16 24 17 7 19 22 11 18 15 20
70 1 5 9 6 8 4 2 21 13 0 14 1 12 23 3 10 16 24 17 7 19 22 11 18 15 20
69 1 5 9 6 8 4 2 21 13 3 14 1 12 23 0 10 16 24 17 7 19 22 11 18 15 20
68 1 5 9 6 8 4 2 21 13 3 14 1 12 0 23 10 16 24 17 7 19 22 11 18 15 20
67 1 5 9 6 8 4 2 21 0 3 14 1 12 13 23 10 16 24 17 7 19 22 11 18 15 20
66 1 5 9 0 8 4 2 21 6 3 14 1 12 13 23 10 16 24 17 7 19 22 11 18 15 20
65 1 5 0 9 8 4 2 21 6 3 14 1 12 13 23 10 16 24 17 7 19 22 11 18 15 20
64 1 0 5 9 8 4 2 21 6 3 14 1 12 13 23 10 16 24 17 7 19 22 11 18 15 20
63 1 2 5 9 8 4 0 21 6 3 14 1 12 13 23 10 16 24 17 7 19 22 11 18 15 20
62 1 2 5 9 8 4 1 21 6 3 14 0 12 13 23 10 16 24 17 7 19 22 11 18 15 20
61 1 2 5 9 8 4 1 21 6 3 14 12 0 13 23 10 16 24 17 7 19 22 11 18 15 20
60 1 2 5 9 8 4 1 0 6 3 14 12 21 13 23 10 16 24 17 7 19 22 11 18 15 20
59 1 2 5 9 8 4 1 6 0 3 14 12 21 13 23 10 16 24 17 7 19 22 11 18 15 20
58 1 2 5 0 8 4 1 6 9 3 14 12 21 13 23 10 16 24 17 7 19 22 11 18 15 20
57 1 2 0 5 8 4 1 6 9 3 14 12 21 13 23 10 16 24 17 7 19 22 11 18 15 20
56 1 0 2 5 8 4 1 6 9 3 14 12 21 13 23 10 16 24 17 7 19 22 11 18 15 20
55 1 1 2 5 8 4 0 6 9 3 14 12 21 13 23 10 16 24 17 7 19 22 11 18 15 20
54 1 1 2 5 8 4 6 0 9 3 14 12 21 13 23 10 16 24 17 7 19 22 11 18 15 20
53 1 1 2 5 8 4 6 9 0 3 14 12 21 13 23 10 16 24 17 7 19 22 11 18 15 20
52 1 1 2 5 8 4 6 9 13 3 14 12 21 0 23 10 16 24 17 7 19 22 11 18 15 20
51 1 1 2 5 8 4 6 9 13 3 14 12 21 17 23 10 16 24 0 7 19 22 11 18 15 20
50 1 1 2 5 8 4 6 9 13 3 14 12 21 17 23 10 16 0 24 7 19 22 11 18 15 20
49 1 1 2 5 8 4 6 9 13 3 14 12 21 17 23 10 16 11 24 7 19 22 0 18 15 20
48 1 1 2 5 8 4 6 9 13 3 14 12 21 17 23 10 16 11 24 7 19 0 22 18 15 20
47 1 1 2 5 8 4 6 9 13 3 14 12 21 17 23 10 0 11 24 7 19 16 22 18 15 20
46 1 1 2 5 8 4 6 9 13 3 14 12 21 17 23 10 11 0 24 7 19 16 22 18 15 20
45 1 1 2 5 8 4 6 9 13 3 14 12 0 17 23 10 11 21 24 7 19 16 22 18 15 20
44 1 1 2 5 8 4 6 9 13 3 14 12 17 0 23 10 11 21 24 7 19 16 22 18 15 20
43 1 1 2 5 8 4 6 9 13 3 14 12 17 23 0 10 11 21 24 7 19 16 22 18 15 20
42 1 1 2 5 8 4 6 9 13 3 14 12 17 23 7 10 11 21 24 0 19 16 22 18 15 20
41 1 1 2 5 8 4 6 9 13 3 14 12 17 23 7 10 11 21 24 15 19 16 22 18 0 20
40 1 1 2 5 8 4 6 9 13 3 14 12 17 23 7 10 11 21 24 15 19 16 22 0 18 20
39 1 1 2 5 8 4 6 9 13 3 14 12 17 23 7 10 11 21 0 15 19 16 22 24 18 20
38 1 1 2 5 8 4 6 9 13 3 14 12 17 0 7 10 11 21 23 15 19 16 22 24 18 20
37 1 1 2 5 8 4 6 9 13 3 14 12 17 7 0 10 11 21 23 15 19 16 22 24 18 20
36 1 1 2 5 8 4 6 9 13 3 14 12 17 7 15 10 11 21 23 0 19 16 22 24 18 20
35 1 1 2 5 8 4 6 9 13 3 14 12 17 7 15 10 11 21 23 18 19 16 22 24 0 20
34 1 1 2 5 8 4 6 9 13 3 14 12 17 7 15 10 11 21 23 18 19 16 22 0 24 20
33 1 1 2 5 8 4 6 9 13 3 14 12 17 7 15 10 11 21 23 18 19 16 0 22 24 20
32 1 1 2 5 8 4 6 9 13 3 14 12 17 7 15 10 11 0 23 18 19 16 21 22 24 20
31 1 1 2 5 8 4 6 9 13 3 14 12 0 7 15 10 11 17 23 18 19 16 21 22 24 20
30 1 1 2 5 8 4 6 9 13 3 14 12 7 0 15 10 11 17 23 18 19 16 21 22 24 20
62 1 2 7 8 3 5 6 13 12 9 14 19 16 11 15 0 22 1 21 4 20 23 18 24 10 17
61 1 2 7 8 3 5 6 13 12 9 14 19 16 11 0 15 22 1 21 4 20 23 18 24 10 17
60 1 2 7 8 3 5 6 13 12 9 14 19 16 11 4 15 22 1 21 0 20 23 18 24 10 17
59 1 2 7 8 3 5 6 13 12 9 14 19 16 11 4 15 22 1 21 10 20 23 18 24 0 17
58 1 2 7 8 3 5 6 13 12 9 14 19 16 11 4 15 22 1 21 10 20 23 18 24 17 0
57 1 2 7 8 3 5 6 13 12 9 14 19 16 11 4 15 22 1 21 10 0 23 18 24 17 20
56 1 2 7 8 3 5 6 13 12 9 14 19 16 11 4 0 22 1 21 10 15 23 18 24 17 20
55 1 2 7 8 3 5 6 13 12 9 0 19 16 11 4 14 22 1 21 10 15 23 18 24 17 20
54 1 2 7 8 3 5 6 13 12 0 9 19 16 11 4 14 22 1 21 10 15 23 18 24 17 20
53 1 2 7 8 3 5 6 13 12 4 9 19 16 11 0 14 22 1 21 10 15 23 18 24 17 20
52 1 2 7 8 3 5 6 13 12 4 9 19 16 11 10 14 22 1 21 0 15 23 18 24 17 20
51 1 2 7 8 3 5 6 13 12 4 9 19 16 11 10 14 22 1 21 17 15 23 18 24 0 20
50 1 2 7 8 3 5 6 13 12 4 9 19 16 11 10 14 22 1 21 17 15 23 18 0 24 20
49 1 2 7 8 3 5 6 13 12 4 9 19 16 11 10 14 22 1 21 17 15 23 0 18 24 20
48 1 2 7 8 3 5 6 13 12 4 9 19 16 11 10 14 22 1 21 17 15 0 23 18 24 20
47 1 2 7 8 3 5 6 13 12 4 9 19 16 11 10 14 0 1 21 17 15 22 23 18 24 20
46 1 2 7 8 3 5 6 13 12 4 9 19 16 11 10 14 1 0 21 17 15 22 23 18 24 20
45 1 2 7 8 3 5 6 13 12 4 9 19 0 11 10 14 1 16 21 17 15 22 23 18 24 20
44 1 2 7 8 3 5 6 13 12 4 9 0 19 11 10 14 1 16 21 17 15 22 23 18 24 20
43 1 2 7 8 3 5 6 13 12 4 9 1 19 11 10 14 0 16 21 17 15 22 23 18 24 20
42 1 2 7 8 3 5 6 13 12 4 9 1 19 11 10 14 16 0 21 17 15 22 23 18 24 20
41 1 2 7 8 3 5 6 13 12 4 9 1 19 11 10 14 16 21 0 17 15 22 23 18 24 20
40 1 2 7 8 3 5 6 13 12 4 9 1 19 0 10 14 16 21 11 17 15 22 23 18 24 20
39 1 2 7 8 3 5 6 13 12 4 9 1 0 19 10 14 16 21 11 17 15 22 23 18 24 20
38 1 2 7 8 3 5 6 13 12 4 9 0 1 19 10 14 16 21 11 17 15 22 23 18 24 20
37 1 2 7 8 3 5 6 13 12 4 9 16 1 19 10 14 0 21 11 17 15 22 23 18 24 20
36 1 2 7 8 3 5 6 13 12 4 9 16 1 19 10 14 21 0 11 17 15 22 23 18 24 20
35 1 2 7 8 3 5 6 13 12 4 9 16 1 19 10 14 21 11 0 17 15 22 23 18 24 20
34 1 2 7 8 3 5 6 13 12 4 9 16 1 19 10 14 21 11 17 0 15 22 23 18 24 20
33 1 2 7 8 3 5 6 13 12 4 9 16 1 19 10 14 21 11 17 15 0 22 23 18 24 20
32 1 2 7 8 3 5 6 13 12 4 9 16 1 19 10 0 21 11 17 15 14 22 23 18 24 20
31 1 2 7 8 3 5 6 13 12 4 9 16 1 19 0 10 21 11 17 15 14 22 23 18 24 20
30 1 2 7 8 3 5 6 13 12 4 9 16 1 0 19 10 21 11 17 15 14 22 23 18 24 20
56 1 2 5 3 10 9 11 6 7 4 15 18 1 8 19 0 21 12 14 24 22 16 17 13 20 23
55 1 2 5 3 10 9 11 6 7 4 0 18 1 8 19 15 21 12 14 24 22 16 17 13 20 23
54 1 2 5 3 10 0 11 6 7 4 9 18 1 8 19 15 21 12 14 24 22 16 17 13 20 23
53 1 2 5 3 0 10 11 6 7 4 9 18 1 8 19 15 21 12 14 24 22 16 17 13 20 23
52 1 2 5 0 3 10 11 6 7 4 9 18 1 8 19 15 21 12 14 24 22 16 17 13 20 23
51 1 2 0 5 3 10 11 6 7 4 9 18 1 8 19 15 21 12 14 24 22 16 17 13 20 23
50 1 2 6 5 3 10 11 0 7 4 9 18 1 8 19 15 21 12 14 24 22 16 17 13 20 23
49 1 2 6 5 3 10 11 1 7 4 9 18 0 8 19 15 21 12 14 24 22 16 17 13 20 23
48 1 2 6 5 3 10 11 1 7 4 9 18 12 8 19 15 21 0 14 24 22 16 17 13 20 23
47 1 2 6 5 3 10 11 1 7 4 9 18 12 8 19 15 0 21 14 24 22 16 17 13 20 23
46 1 2 6 5 3 10 11 1 7 4 9 0 12 8 19 15 18 21 14 24 22 16 17 13 20 23
45 1 2 6 5 3 10 0 1 7 4 9 11 12 8 19 15 18 21 14 24 22 16 17 13 20 23
44 1 2 6 5 3 10 1 0 7 4 9 11 12 8 19 15 18 21 14 24 22 16 17 13 20 23
43 1 2 0 5 3 10 1 6 7 4 9 11 12 8 19 15 18 21 14 24 22 16 17 13 20 23
42 1 0 2 5 3 10 1 6 7 4 9 11 12 8 19 15 18 21 14 24 22 16 17 13 20 23
41 1 1 2 5 3 10 0 6 7 4 9 11 12 8 19 15 18 21 14 24 22 16 17 13 20 23
40 1 1 2 5 3 10 6 0 7 4 9 11 12 8 19 15 18 21 14 24 22 16 17 13 20 23
39 1 1 2 5 3 10 6 7 0 4 9 11 12 8 19 15 18 21 14 24 22 16 17 13 20 23
38 1 1 2 5 3 10 6 7 4 0 9 11 12 8 19 15 18 21 14 24 22 16 17 13 20 23
37 1 1 2 5 0 10 6 7 4 3 9 11 12 8 19 15 18 21 14 24 22 16 17 13 20 23
36 1 1 2 0 5 10 6 7 4 3 9 11 12 8 19 15 18 21 14 24 22 16 17 13 20 23
35 1 1 2 4 5 10 6 7 0 3 9 11 12 8 19 15 18 21 14 24 22 16 17 13 20 23
34 1 1 2 4 5 10 6 7 3 0 9 11 12 8 19 15 18 21 14 24 22 16 17 13 20 23
33 1 1 2 4 5 10 6 7 3 9 0 11 12 8 19 15 18 21 14 24 22 16 17 13 20 23
32 1 1 2 4 5 0 6 7 3 9 10 11 12 8 19 15 18 21 14 24 22 16 17 13 20 23
31 1 1 2 4 0 5 6 7 3 9 10 11 12 8 19 15 18 21 14 24 22 16 17 13 20 23
30 1 1 2 0 4 5 6 7 3 9 10 11 12 8 19 15 18 21 14 24 22 16 17 13 20 23
62 1 12 1 9 10 5 6 4 11 7 15 8 3 0 14 2 21 22 18 17 19 24 16 13 23 20
61 1 12 1 9 10 5 6 4 0 7 15 8 3 11 14 2 21 22 18 17 19 24 16 13 23 20
60 1 12 1 9 10 5 6 0 4 7 15 8 3 11 14 2 21 22 18 17 19 24 16 13 23 20
59 1 12 1 9 10 5 6 3 4 7 15 8 0 11 14 2 21 22 18 17 19 24 16 13 23 20
58 1 12 1 9 10 5 6 3 4 7 15 8 22 11 14 2 21 0 18 17 19 24 16 13 23 20
57 1 12 1 9 10 5 6 3 4 7 15 8 22 11 14 2 21 16 18 17 19 24 0 13 23 20
56 1 12 1 9 10 5 6 3 4 7 15 8 22 11 14 2 21 16 18 17 19 0 24 13 23 20
55 1 12 1 9 10 5 6 3 4 7 15 8 22 11 14 2 0 16 18 17 19 21 24 13 23 20
54 1 12 1 9 10 5 6 3 4 7 15 8 22 11 14 2 16 0 18 17 19 21 24 13 23 20
53 1 12 1 9 10 5 6 3 4 7 15 8 0 11 14 2 16 22 18 17 19 21 24 13 23 20
52 1 12 1 9 10 5 6 3 4 7 15 8 11 0 14 2 16 22 18 17 19 21 24 13 23 20
51 1 12 1 9 10 5 6 3 4 7 15 8 11 18 14 2 16 22 0 17 19 21 24 13 23 20
50 1 12 1 9 10 5 6 3 4 7 15 8 11 18 14 2 16 22 17 0 19 21 24 13 23 20
49 1 12 1 9 10 5 6 3 4 7 15 8 11 18 0 2 16 22 17 14 19 21 24 13 23 20
48 1 12 1 9 10 5 6 3 4 7 15 8 11 18 2 0 16 22 17 14 19 21 24 13 23 20
47 1 12 1 9 10 5 6 3 4 7 15 8 11 18 2 19 16 22 17 14 0 21 24 13 23 20
46 1 12 1 9 10 5 6 3 4 7 15 8 11 18 2 19 16 22 17 0 14 21 24 13 23 20
45 1 12 1 9 10 5 6 3 4 7 15 8 11 18 2 19 16 22 17 23 14 21 24 13 0 20
44 1 12 1 9 10 5 6 3 4 7 15 8 11 18 2 19 16 22 17 23 14 21 24 0 13 20
43 1 12 1 9 10 5 6 3 4 7 15 8 11 18 2 19 16 22 17 23 14 21 0 24 13 20
42 1 12 1 9 10 5 6 3 4 7 15 8 11 18 2 19 16 0 17 23 14 21 22 24 13 20
41 1 12 1 9 10 5 6 3 4 7 15 8 11 18 2 19 16 17 0 23 14 21 22 24 13 20
40 1 12 1 9 10 5 6 3 4 7 15 8 11 18 2 19 16 17 23 0 14 21 22 24 13 20
39 1 12 1 9 10 5 6 3 4 7 15 8 11 18 2 19 16 17 23 13 14 21 22 24 0 20
38 1 12 1 9 10 5 6 3 4 7 15 8 11 18 2 19 16 17 23 13 14 21 22 0 24 20
37 1 12 1 9 10 5 6 3 4 7 15 8 11 18 2 19 16 17 0 13 14 21 22 23 24 20
36 1 12 1 9 10 5 6 3 4 7 15 8 11 0 2 19 16 17 18 13 14 21 22 23 24 20
35 1 12 1 9 10 5 6 3 4 7 15 8 11 2 0 19 16 17 18 13 14 21 22 23 24 20
34 1 12 1 9 10 5 6 3 4 0 15 8 11 2 7 19 16 17 18 13 14 21 22 23 24 20
33 1 12 1 9 0 5 6 3 4 10 15 8 11 2 7 19 16 17 18 13 14 21 22 23 24 20
32 1 12 1 0 9 5 6 3 4 10 15 8 11 2 7 19 16 17 18 13 14 21 22 23 24 20
31 1 12 1 4 9 5 6 3 0 10 15 8 11 2 7 19 16 17 18 13 14 21 22 23 24 20
30 1 12 1 4 9 5 6 3 2 10 15 8 11 0 7 19 16 17 18 13 14 21 22 23 24 20
84 1 13 22 21 15 3 4 10 12 8 1 6 11 17 2 19 16 7 5 0 14 23 9 18 24 20
83 1 13 22 21 15 3 4 10 12 8 1 6 11 17 2 19 16 7 0 5 14 23 9 18 24 20
82 1 13 22 21 15 3 4 10 12 8 1 6 11 0 2 19 16 7 17 5 14 23 9 18 24 20
81 1 13 22 21 15 3 4 10 0 8 1 6 11 12 2 19 16 7 17 5 14 23 9 18 24 20
80 1 13 22 21 15 3 4 10 8 0 1 6 11 12 2 19 16 7 17 5 14 23 9 18 24 20
79 1 13 22 21 15 3 4 10 8 1 0 6 11 12 2 19 16 7 17 5 14 23 9 18 24 20
78 1 13 22 21 15 0 4 10 8 1 3 6 11 12 2 19 16 7 17 5 14 23 9 18 24 20
77 1 13 22 21 0 15 4 10 8 1 3 6 11 12 2 19 16 7 17 5 14 23 9 18 24 20
76 1 13 22 21 1 15 4 10 8 0 3 6 11 12 2 19 16 7 17 5 14 23 9 18 24 20
75 1 13 22 21 1 15 4 10 0 8 3 6 11 12 2 19 16 7 17 5 14 23 9 18 24 20
74 1 13 22 0 1 15 4 10 21 8 3 6 11 12 2 19 16 7 17 5 14 23 9 18 24 20
73 1 13 22 1 0 15 4 10 21 8 3 6 11 12 2 19 16 7 17 5 14 23 9 18 24 20
72 1 13 22 1 8 15 4 10 21 0 3 6 11 12 2 19 16 7 17 5 14 23 9 18 24 20
71 1 13 22 1 8 15 4 10 21 2 3 6 11 12 0 19 16 7 17 5 14 23 9 18 24 20
70 1 13 22 1 8 15 4 10 21 2 3 6 11 0 12 19 16 7 17 5 14 23 9 18 24 20
69 1 13 22 1 8 15 4 10 0 2 3 6 11 21 12 19 16 7 17 5 14 23 9 18 24 20
68 1 13 22 1 8 15 4 0 10 2 3 6 11 21 12 19 16 7 17 5 14 23 9 18 24 20
67 1 13 22 1 8 15 0 4 10 2 3 6 11 21 12 19 16 7 17 5 14 23 9 18 24 20
66 1 0 22 1 8 15 13 4 10 2 3 6 11 21 12 19 16 7 17 5 14 23 9 18 24 20
65 1 22 0 1 8 15 13 4 10 2 3 6 11 21 12 19 16 7 17 5 14 23 9 18 24 20
64 1 22 1 0 8 15 13 4 10 2 3 6 11 21 12 19 16 7 17 5 14 23 9 18 24 20
63 1 22 1 10 8 15 13 4 0 2 3 6 11 21 12 19 16 7 17 5 14 23 9 18 24 20
62 1 22 1 10 8 15 13 4 2 0 3 6 11 21 12 19 16 7 17 5 14 23 9 18 24 20
61 1 22 1 10 8 15 13 4 2 3 0 6 11 21 12 19 16 7 17 5 14 23 9 18 24 20
60 1 22 1 10 8 0 13 4 2 3 15 6 11 21 12 19 16 7 17 5 14 23 9 18 24 20
59 1 22 1 10 0 8 13 4 2 3 15 6 11 21 12 19 16 7 17 5 14 23 9 18 24 20
58 1 22 1 0 10 8 13 4 2 3 15 6 11 21 12 19 16 7 17 5 14 23 9 18 24 20
57 1 22 1 2 10 8 13 4 0 3 15 6 11 21 12 19 16 7 17 5 14 23 9 18 24 20
56 1 22 1 2 10 8 13 0 4 3 15 6 11 21 12 19 16 7 17 5 14 23 9 18 24 20
55 1 22 1 2 10 8 0 13 4 3 15 6 11 21 12 19 16 7 17 5 14 23 9 18 24 20
54 1 0 1 2 10 8 22 13 4 3 15 6 11 21 12 19 16 7 17 5 14 23 9 18 24 20
53 1 1 0 2 10 8 22 13 4 3 15 6 11 21 12 19 16 7 17 5 14 23 9 18 24 20
52 1 1 2 0 10 8 22 13 4 3 15 6 11 21 12 19 16 7 17 5 14 23 9 18 24 20
51 1 1 2 4 10 8 22 13 0 3 15 6 11 21 12 19 16 7 17 5 14 23 9 18 24 20
50 1 1 2 4 10 8 22 0 13 3 15 6 11 21 12 19 16 7 17 5 14 23 9 18 24 20
49 1 1 2 4 10 8 22 11 13 3 15 6 0 21 12 19 16 7 17 5 14 23 9 18 24 20
48 1 1 2 4 10 8 22 11 13 3 15 0 6 21 12 19 16 7 17 5 14 23 9 18 24 20
47 1 1 2 4 10 8 0 11 13 3 15 22 6 21 12 19 16 7 17 5 14 23 9 18 24 20
46 1 1 2 4 10 8 11 0 13 3 15 22 6 21 12 19 16 7 17 5 14 23 9 18 24 20
45 1 1 2 4 10 8 11 6 13 3 15 22 0 21 12 19 16 7 17 5 14 23 9 18 24 20
44 1 1 2 4 10 8 11 6 13 3 15 22 7 21 12 19 16 0 17 5 14 23 9 18 24 20
43 1 1 2 4 10 8 11 6 13 3 15 22 7 21 12 19 16 9 17 5 14 23 0 18 24 20
42 1 1 2 4 10 8 11 6 13 3 15 22 7 21 12 19 16 9 17 5 14 0 23 18 24 20
41 1 1 2 4 10 8 11 6 13 3 15 22 7 21 12 19 0 9 17 5 14 16 23 18 24 20
40 1 1 2 4 10 8 11 6 13 3 15 0 7 21 12 19 22 9 17 5 14 16 23 18 24 20
39 1 1 2 4 10 8 0 6 13 3 15 11 7 21 12 19 22 9 17 5 14 16 23 18 24 20
38 1 1 2 4 10 8 6 0 13 3 15 11 7 21 12 19 22 9 17 5 14 16 23 18 24 20
37 1 1 2 4 10 8 6 7 13 3 15 11 0 21 12 19 22 9 17 5 14 16 23 18 24 20
36 1 1 2 4 10 8 6 7 13 3 15 11 21 0 12 19 22 9 17 5 14 16 23 18 24 20
35 1 1 2 4 10 8 6 7 13 3 15 11 21 17 12 19 22 9 0 5 14 16 23 18 24 20
34 1 1 2 4 10 8 6 7 13 3 15 11 21 17 12 19 22 0 9 5 14 16 23 18 24 20
33 1 1 2 4 10 8 6 7 13 3 15 11 0 17 12 19 22 21 9 5 14 16 23 18 24 20
32 1 1 2 4 10 8 6 7 13 3 15 11 17 0 12 19 22 21 9 5 14 16 23 18 24 20
31 1 1 2 4 10 8 6 7 13 3 15 11 17 12 0 19 22 21 9 5 14 16 23 18 24 20
30 1 1 2 4 10 8 6 7 13 3 15 11 17 12 5 19 22 21 9 0 14 16 23 18 24 20
70 1 12 4 5 3 10 1 13 2 6 9 21 7 15 24 16 8 11 22 14 20 18 19 23 17 0
69 1 12 4 5 3 10 1 13 2 6 9 21 7 15 24 16 8 11 22 14 20 18 19 23 0 17
68 1 12 4 5 3 10 1 13 2 6 9 21 7 15 24 16 8 11 22 0 20 18 19 23 14 17
67 1 12 4 5 3 10 1 13 2 6 9 21 7 15 0 16 8 11 22 24 20 18 19 23 14 17
66 1 12 4 5 3 10 1 13 2 6 9 21 7 15 16 0 8 11 22 24 20 18 19 23 14 17
65 1 12 4 5 3 10 1 13 2 6 9 21 7 15 16 20 8 11 22 24 0 18 19 23 14 17
64 1 12 4 5 3 10 1 13 2 6 9 21 7 15 16 20 8 11 22 0 24 18 19 23 14 17
63 1 12 4 5 3 10 1 13 2 6 9 21 7 15 0 20 8 11 22 16 24 18 19 23 14 17
62 1 12 4 5 3 10 1 13 2 6 9 21 7 0 15 20 8 11 22 16 24 18 19 23 14 17
61 1 12 4 5 3 10 1 13 2 6 9 21 0 7 15 20 8 11 22 16 24 18 19 23 14 17
60 1 12 4 5 3 10 1 0 2 6 9 21 13 7 15 20 8 11 22 16 24 18 19 23 14 17
59 1 12 4 5 3 10 1 2 0 6 9 21 13 7 15 20 8 11 22 16 24 18 19 23 14 17
58 1 12 4 5 3 10 1 2 6 0 9 21 13 7 15 20 8 11 22 16 24 18 19 23 14 17
57 1 12 4 5 0 10 1 2 6 3 9 21 13 7 15 20 8 11 22 16 24 18 19 23 14 17
56 1 12 4 0 5 10 1 2 6 3 9 21 13 7 15 20 8 11 22 16 24 18 19 23 14 17
55 1 12 0 4 5 10 1 2 6 3 9 21 13 7 15 20 8 11 22 16 24 18 19 23 14 17
54 1 12 2 4 5 10 1 0 6 3 9 21 13 7 15 20 8 11 22 16 24 18 19 23 14 17
53 1 12 2 4 5 10 1 6 0 3 9 21 13 7 15 20 8 11 22 16 24 18 19 23 14 17
52 1 12 2 4 5 10 1 6 3 0 9 21 13 7 15 20 8 11 22 16 24 18 19 23 14 17
51 1 12 2 4 5 10 1 6 3 9 0 21 13 7 15 20 8 11 22 16 24 18 19 23 14 17
50 1 12 2 4 5 0 1 6 3 9 10 21 13 7 15 20 8 11 22 16 24 18 19 23 14 17
49 1 12 2 4 0 5 1 6 3 9 10 21 13 7 15 20 8 11 22 16 24 18 19 23 14 17
48 1 12 2 0 4 5 1 6 3 9 10 21 13 7 15 20 8 11 22 16 24 18 19 23 14 17
47 1 12 0 2 4 5 1 6 3 9 10 21 13 7 15 20 8 11 22 16 24 18 19 23 14 17
46 1 0 12 2 4 5 1 6 3 9 10 21 13 7 15 20 8 11 22 16 24 18 19 23 14 17
45 1 1 12 2 4 5 0 6 3 9 10 21 13 7 15 20 8 11 22 16 24 18 19 23 14 17
44 1 1 12 2 4 5 6 0 3 9 10 21 13 7 15 20 8 11 22 16 24 18 19 23 14 17
43 1 1 0 2 4 5 6 12 3 9 10 21 13 7 15 20 8 11 22 16 24 18 19 23 14 17
42 1 1 2 0 4 5 6 12 3 9 10 21 13 7 15 20 8 11 22 16 24 18 19 23 14 17
41 1 1 2 3 4 5 6 12 0 9 10 21 13 7 15 20 8 11 22 16 24 18 19 23 14 17
40 1 1 2 3 4 5 6 12 7 9 10 21 13 0 15 20 8 11 22 16 24 18 19 23 14 17
39 1 1 2 3 4 5 6 12 7 9 10 21 0 13 15 20 8 11 22 16 24 18 19 23 14 17
38 1 1 2 3 4 5 6 12 7 9 10 21 11 13 15 20 8 0 22 16 24 18 19 23 14 17
37 1 1 2 3 4 5 6 12 7 9 10 21 11 13 15 20 0 8 22 16 24 18 19 23 14 17
36 1 1 2 3 4 5 6 12 7 9 10 0 11 13 15 20 21 8 22 16 24 18 19 23 14 17
35 1 1 2 3 4 5 6 12 7 9 10 11 0 13 15 20 21 8 22 16 24 18 19 23 14 17
34 1 1 2 3 4 5 6 12 7 9 10 11 8 13 15 20 21 0 22 16 24 18 19 23 14 17
33 1 1 2 3 4 5 6 12 7 9 10 11 8 13 15 20 21 22 0 16 24 18 19 23 14 17
32 1 1 2 3 4 5 6 12 7 9 10 11 8 13 15 20 21 22 16 0 24 18 19 23 14 17
31 1 1 2 3 4 5 6 12 7 9 10 11 8 13 15 20 21 22 16 14 24 18 19 23 0 17
30 1 1 2 3 4 5 6 12 7 9 10 11 8 13 15 20 21 22 16 14 24 18 19 23 17 0
80 1 11 8 6 9 7 21 1 14 13 5 16 10 4 2 3 12 0 20 15 24 19 18 23 22 17
79 1 11 8 6 9 7 21 1 14 13 5 16 10 4 2 3 12 18 20 15 24 19 0 23 22 17
78 1 11 8 6 9 7 21 1 14 13 5 16 10 4 2 3 12 18 20 15 24 19 23 0 22 17
77 1 11 8 6 9 7 21 1 14 13 5 16 10 4 2 3 12 18 20 15 24 19 23 22 0 17
76 1 11 8 6 9 7 21 1 14 13 5 16 10 4 2 3 12 18 20 15 24 19 23 22 17 0
75 1 11 8 6 9 7 21 1 14 13 5 16 10 4 2 3 12 18 20 15 0 19 23 22 17 24
74 1 11 8 6 9 7 21 1 14 13 5 16 10 4 2 3 12 18 20 0 15 19 23 22 17 24
73 1 11 8 6 9 7 21 1 14 13 5 16 10 4 2 3 12 18 0 20 15 19 23 22 17 24
72 1 11 8 6 9 7 21 1 14 13 5 16 10 0 2 3 12 18 4 20 15 19 23 22 17 24
71 1 11 8 6 9 7 21 1 0 13 5 16 10 14 2 3 12 18 4 20 15 19 23 22 17 24
70 1 11 8 0 9 7 21 1 6 13 5 16 10 14 2 3 12 18 4 20 15 19 23 22 17 24
69 1 11 0 8 9 7 21 1 6 13 5 16 10 14 2 3 12 18 4 20 15 19 23 22 17 24
68 1 11 1 8 9 7 21 0 6 13 5 16 10 14 2 3 12 18 4 20 15 19 23 22 17 24
67 1 11 1 8 9 7 21 6 0 13 5 16 10 14 2 3 12 18 4 20 15 19 23 22 17 24
66 1 11 1 8 9 7 21 6 13 0 5 16 10 14 2 3 12 18 4 20 15 19 23 22 17 24
65 1 11 1 8 0 7 21 6 13 9 5 16 10 14 2 3 12 18 4 20 15 19 23 22 17 24
64 1 11 1 8 7 0 21 6 13 9 5 16 10 14 2 3 12 18 4 20 15 19 23 22 17 24
63 1 11 1 8 7 5 21 6 13 9 0 16 10 14 2 3 12 18 4 20 15 19 23 22 17 24
62 1 11 1 8 7 5 21 6 13 0 9 16 10 14 2 3 12 18 4 20 15 19 23 22 17 24
61 1 11 1 8 7 5 21 6 13 2 9 16 10 14 0 3 12 18 4 20 15 19 23 22 17 24
60 1 11 1 8 7 5 21 6 13 2 9 16 10 14 3 0 12 18 4 20 15 19 23 22 17 24
59 1 11 1 8 7 5 21 6 13 2 9 16 10 14 3 15 12 18 4 20 0 19 23 22 17 24
58 1 11 1 8 7 5 21 6 13 2 9 16 10 14 3 15 12 18 4 0 20 19 23 22 17 24
57 1 11 1 8 7 5 21 6 13 2 9 16 10 14 3 15 12 18 0 4 20 19 23 22 17 24
56 1 11 1 8 7 5 21 6 13 2 9 16 10 0 3 15 12 18 14 4 20 19 23 22 17 24
55 1 11 1 8 7 5 21 6 13 2 9 16 0 10 3 15 12 18 14 4 20 19 23 22 17 24
54 1 11 1 8 7 5 21 6 13 2 9 0 16 10 3 15 12 18 14 4 20 19 23 22 17 24
53 1 11 1 8 7 5 0 6 13 2 9 21 16 10 3 15 12 18 14 4 20 19 23 22 17 24
52 1 0 1 8 7 5 11 6 13 2 9 21 16 10 3 15 12 18 14 4 20 19 23 22 17 24
51 1 1 0 8 7 5 11 6 13 2 9 21 16 10 3 15 12 18 14 4 20 19 23 22 17 24
50 1 1 8 0 7 5 11 6 13 2 9 21 16 10 3 15 12 18 14 4 20 19 23 22 17 24
49 1 1 8 7 0 5 11 6 13 2 9 21 16 10 3 15 12 18 14 4 20 19 23 22 17 24
48 1 1 8 7 2 5 11 6 13 0 9 21 16 10 3 15 12 18 14 4 20 19 23 22 17 24
47 1 1 8 7 2 5 11 6 13 3 9 21 16 10 0 15 12 18 14 4 20 19 23 22 17 24
46 1 1 8 7 2 5 11 6 13 3 9 21 16 10 4 15 12 18 14 0 20 19 23 22 17 24
45 1 1 8 7 2 5 11 6 13 3 9 21 16 10 4 15 12 18 0 14 20 19 23 22 17 24
44 1 1 8 7 2 5 11 6 13 3 9 21 16 10 4 15 12 0 18 14 20 19 23 22 17 24
43 1 1 8 7 2 5 11 6 13 3 9 21 16 10 4 15 0 12 18 14 20 19 23 22 17 24
42 1 1 8 7 2 5 11 6 13 3 9 0 16 10 4 15 21 12 18 14 20 19 23 22 17 24
41 1 1 8 7 2 5 11 6 13 3 9 16 0 10 4 15 21 12 18 14 20 19 23 22 17 24
40 1 1 8 7 2 5 11 6 13 3 9 16 12 10 4 15 21 0 18 14 20 19 23 22 17 24
39 1 1 8 7 2 5 11 6 13 3 9 16 12 10 4 15 21 23 18 14 20 19 0 22 17 24
38 1 1 8 7 2 5 11 6 13 3 9 16 12 10 4 15 21 23 18 14 20 0 19 22 17 24
37 1 1 8 7 2 5 11 6 13 3 9 16 12 10 4 15 0 23 18 14 20 21 19 22 17 24
36 1 1 8 7 2 5 11 6 13 3 9 0 12 10 4 15 16 23 18 14 20 21 19 22 17 24
35 1 1 8 7 2 5 0 6 13 3 9 11 12 10 4 15 16 23 18 14 20 21 19 22 17 24
34 1 1 8 7 2 5 6 0 13 3 9 11 12 10 4 15 16 23 18 14 20 21 19 22 17 24
33 1 1 0 7 2 5 6 8 13 3 9 11 12 10 4 15 16 23 18 14 20 21 19 22 17 24
32 1 1 7 0 2 5 6 8 13 3 9 11 12 10 4 15 16 23 18 14 20 21 19 22 17 24
31 1 1 7 2 0 5 6 8 13 3 9 11 12 10 4 15 16 23 18 14 20 21 19 22 17 24
30 1 1 7 2 3 5 6 8 13 0 9 11 12 10 4 15 16 23 18 14 20 21 19 22 17 24
80 1 8 16 5 14 4 7 12 1 0 3 6 22 19 9 13 21 23 11 15 2 24 17 20 10 18
79 1 8 16 5 0 4 7 12 1 14 3 6 22 19 9 13 21 23 11 15 2 24 17 20 10 18
78 1 8 16 0 5 4 7 12 1 14 3 6 22 19 9 13 21 23 11 15 2 24 17 20 10 18
77 1 8 16 1 5 4 7 12 0 14 3 6 22 19 9 13 21 23 11 15 2 24 17 20 10 18
76 1 8 16 1 5 4 7 12 19 14 3 6 22 0 9 13 21 23 11 15 2 24 17 20 10 18
75 1 8 16 1 5 4 7 12 19 14 3 6 22 11 9 13 21 23 0 15 2 24 17 20 10 18
74 1 8 16 1 5 4 7 12 19 14 3 6 22 11 9 13 21 0 23 15 2 24 17 20 10 18
73 1 8 16 1 5 4 7 12 19 14 3 6 22 11 9 13 21 17 23 15 2 24 0 20 10 18
72 1 8 16 1 5 4 7 12 19 14 3 6 22 11 9 13 21 17 23 15 2 0 24 20 10 18
71 1 8 16 1 5 4 7 12 19 14 3 6 22 11 9 13 0 17 23 15 2 21 24 20 10 18
70 1 8 16 1 5 4 7 12 19 14 3 6 22 11 9 13 17 0 23 15 2 21 24 20 10 18
69 1 8 16 1 5 4 7 12 19 14 3 6 0 11 9 13 17 22 23 15 2 21 24 20 10 18
68 1 8 16 1 5 4 7 12 19 14 3 6 11 0 9 13 17 22 23 15 2 21 24 20 10 18
67 1 8 16 1 5 4 7 12 0 14 3 6 11 19 9 13 17 22 23 15 2 21 24 20 10 18
66 1 8 16 1 5 4 7 12 14 0 3 6 11 19 9 13 17 22 23 15 2 21 24 20 10 18
65 1 8 16 1 5 4 7 12 14 3 0 6 11 19 9 13 17 22 23 15 2 21 24 20 10 18
64 1 8 16 1 5 0 7 12 14 3 4 6 11 19 9 13 17 22 23 15 2 21 24 20 10 18
63 1 8 16 1 0 5 7 12 14 3 4 6 11 19 9 13 17 22 23 15 2 21 24 20 10 18
62 1 8 16 1 3 5 7 12 14 0 4 6 11 19 9 13 17 22 23 15 2 21 24 20 10 18
61 1 8 16 1 3 5 7 12 14 4 0 6 11 19 9 13 17 22 23 15 2 21 24 20 10 18
60 1 8 16 1 3 5 7 12 14 4 13 6 11 19 9 0 17 22 23 15 2 21 24 20 10 18
59 1 8 16 1 3 5 7 12 14 4 13 6 11 19 9 2 17 22 23 15 0 21 24 20 10 18
58 1 8 16 1 3 5 7 12 14 4 13 6 11 19 9 2 17 22 23 15 18 21 24 20 10 0
57 1 8 16 1 3 5 7 12 14 4 13 6 11 19 9 2 17 22 23 15 18 21 24 20 0 10
56 1 8 16 1 3 5 7 12 14 4 13 6 11 19 9 2 17 22 23 0 18 21 24 20 15 10
55 1 8 16 1 3 5 7 12 14 4 13 6 11 19 9 2 17 22 23 18 0 21 24 20 15 10
54 1 8 16 1 3 5 7 12 14 4 13 6 11 19 9 2 17 22 23 18 10 21 24 20 15 0
53 1 8 16 1 3 5 7 12 14 4 13 6 11 19 9 2 17 22 23 18 10 21 24 20 0 15
52 1 8 16 1 3 5 7 12 14 4 13 6 11 19 9 2 17 22 23 18 10 21 24 0 20 15
51 1 8 16 1 3 5 7 12 14 4 13 6 11 19 9 2 17 22 23 18 10 21 0 24 20 15
50 1 8 16 1 3 5 7 12 14 4 13 6 11 19 9 2 17 0 23 18 10 21 22 24 20 15
49 1 8 16 1 3 5 7 12 14 4 13 6 0 19 9 2 17 11 23 18 10 21 22 24 20 15
48 1 8 16 1 3 5 7 0 14 4 13 6 12 19 9 2 17 11 23 18 10 21 22 24 20 15
47 1 8 0 1 3 5 7 16 14 4 13 6 12 19 9 2 17 11 23 18 10 21 22 24 20 15
46 1 8 1 0 3 5 7 16 14 4 13 6 12 19 9 2 17 11 23 18 10 21 22 24 20 15
45 1 8 1 3 0 5 7 16 14 4 13 6 12 19 9 2 17 11 23 18 10 21 22 24 20 15
44 1 8 1 3 4 5 7 16 14 0 13 6 12 19 9 2 17 11 23 18 10 21 22 24 20 15
43 1 8 1 3 4 5 7 16 14 13 0 6 12 19 9 2 17 11 23 18 10 21 22 24 20 15
42 1 8 1 3 4 5 7 16 14 13 2 6 12 19 9 0 17 11 23 18 10 21 22 24 20 15
41 1 8 1 3 4 5 7 16 14 13 2 6 12 19 0 9 17 11 23 18 10 21 22 24 20 15
40 1 8 1 3 4 5 7 16 14 13 2 6 12 0 19 9 17 11 23 18 10 21 22 24 20 15
39 1 8 1 3 4 5 7 16 0 13 2 6 12 14 19 9 17 11 23 18 10 21 22 24 20 15
38 1 8 1 3 4 5 7 16 13 0 2 6 12 14 19 9 17 11 23 18 10 21 22 24 20 15
37 1 8 1 3 4 5 7 16 13 2 0 6 12 14 19 9 17 11 23 18 10 21 22 24 20 15
36 1 8 1 3 4 5 7 16 13 2 9 6 12 14 19 0 17 11 23 18 10 21 22 24 20 15
35 1 8 1 3 4 5 7 16 13 2 9 6 12 14 19 10 17 11 23 18 0 21 22 24 20 15
34 1 8 1 3 4 5 7 16 13 2 9 6 12 14 19 10 17 11 23 18 15 21 22 24 20 0
33 1 8 1 3 4 5 7 16 13 2 9 6 12 14 19 10 17 11 23 18 15 21 22 24 0 20
32 1 8 1 3 4 5 7 16 13 2 9 6 12 14 19 10 17 11 23 18 15 21 22 0 24 20
31 1 8 1 3 4 5 7 16 13 2 9 6 12 14 19 10 17 11 0 18 15 21 22 23 24 20
30 1 8 1 3 4 5 7 16 13 2 9 6 12 14 19 10 17 11 18 0 15 21 22 23 24 20
66 1 2 6 8 13 4 12 18 11 7 5 3 1 19 22 9 17 21 10 15 24 0 16 23 14 20
65 1 2 6 8 13 4 12 18 11 7 5 3 1 19 22 9 17 21 10 15 24 16 0 23 14 20
64 1 2 6 8 13 4 12 18 11 7 5 3 1 19 22 9 17 0 10 15 24 16 21 23 14 20
63 1 2 6 8 13 4 12 18 11 7 5 3 0 19 22 9 17 1 10 15 24 16 21 23 14 20
62 1 2 6 8 13 4 12 18 11 7 5 3 19 0 22 9 17 1 10 15 24 16 21 23 14 20
61 1 2 6 8 13 4 12 18 11 7 5 3 19 22 0 9 17 1 10 15 24 16 21 23 14 20
60 1 2 6 8 13 4 12 18 11 7 5 3 19 22 9 0 17 1 10 15 24 16 21 23 14 20
59 1 2 6 8 13 4 12 18 11 7 5 3 19 22 9 24 17 1 10 15 0 16 21 23 14 20
58 1 2 6 8 13 4 12 18 11 7 5 3 19 22 9 24 17 1 10 0 15 16 21 23 14 20
57 1 2 6 8 13 4 12 18 11 7 5 3 19 22 9 24 17 1 0 10 15 16 21 23 14 20
56 1 2 6 8 13 4 12 18 11 7 5 3 19 0 9 24 17 1 22 10 15 16 21 23 14 20
55 1 2 6 8 13 4 12 18 11 7 5 3 0 19 9 24 17 1 22 10 15 16 21 23 14 20
54 1 2 6 8 13 4 12 18 11 7 5 0 3 19 9 24 17 1 22 10 15 16 21 23 14 20
53 1 2 6 8 13 4 12 18 11 7 5 17 3 19 9 24 0 1 22 10 15 16 21 23 14 20
52 1 2 6 8 13 4 12 18 11 7 5 17 3 19 9 24 1 0 22 10 15 16 21 23 14 20
51 1 2 6 8 13 4 12 18 11 7 5 17 3 19 9 24 1 22 0 10 15 16 21 23 14 20
50 1 2 6 8 13 4 12 18 11 7 5 17 3 0 9 24 1 22 19 10 15 16 21 23 14 20
49 1 2 6 8 13 4 12 18 0 7 5 17 3 11 9 24 1 22 19 10 15 16 21 23 14 20
48 1 2 6 8 13 4 12 0 18 7 5 17 3 11 9 24 1 22 19 10 15 16 21 23 14 20
47 1 2 6 8 13 4 12 3 18 7 5 17 0 11 9 24 1 22 19 10 15 16 21 23 14 20
46 1 2 6 8 13 4 12 3 18 7 5 0 17 11 9 24 1 22 19 10 15 16 21 23 14 20
45 1 2 6 8 13 4 12 3 18 7 5 1 17 11 9 24 0 22 19 10 15 16 21 23 14 20
44 1 2 6 8 13 4 12 3 18 7 5 1 17 11 9 24 16 22 19 10 15 0 21 23 14 20
43 1 2 6 8 13 4 12 3 18 7 5 1 17 11 9 24 16 22 19 10 15 21 0 23 14 20
42 1 2 6 8 13 4 12 3 18 7 5 1 17 11 9 24 16 0 19 10 15 21 22 23 14 20
41 1 2 6 8 13 4 12 3 18 7 5 1 0 11 9 24 16 17 19 10 15 21 22 23 14 20
40 1 2 6 8 13 4 12 3 18 7 5 1 11 0 9 24 16 17 19 10 15 21 22 23 14 20
39 1 2 6 8 13 4 12 3 0 7 5 1 11 18 9 24 16 17 19 10 15 21 22 23 14 20
38 1 2 6 8 13 4 12 0 3 7 5 1 11 18 9 24 16 17 19 10 15 21 22 23 14 20
37 1 2 6 8 13 4 0 12 3 7 5 1 11 18 9 24 16 17 19 10 15 21 22 23 14 20
36 1 2 6 8 13 4 1 12 3 7 5 0 11 18 9 24 16 17 19 10 15 21 22 23 14 20
35 1 2 6 8 13 4 1 12 3 7 5 11 0 18 9 24 16 17 19 10 15 21 22 23 14 20
34 1 2 6 8 13 4 1 0 3 7 5 11 12 18 9 24 16 17 19 10 15 21 22 23 14 20
33 1 2 0 8 13 4 1 6 3 7 5 11 12 18 9 24 16 17 19 10 15 21 22 23 14 20
32 1 2 8 0 13 4 1 6 3 7 5 11 12 18 9 24 16 17 19 10 15 21 22 23 14 20
31 1 2 8 3 13 4 1 6 0 7 5 11 12 18 9 24 16 17 19 10 15 21 22 23 14 20
30 1 2 8 3 13 4 1 6 7 0 5 11 12 18 9 24 16 17 19 10 15 21 22 23 14 20
68 1 16 1 14 4 3 7 11 12 2 17 0 6 22 9 5 13 20 8 15 10 23 21 18 19 24
67 1 16 1 14 4 3 7 11 12 2 17 6 0 22 9 5 13 20 8 15 10 23 21 18 19 24
66 1 16 1 14 4 3 7 0 12 2 17 6 11 22 9 5 13 20 8 15 10 23 21 18 19 24
65 1 16 1 14 4 3 0 7 12 2 17 6 11 22 9 5 13 20 8 15 10 23 21 18 19 24
64 1 0 1 14 4 3 16 7 12 2 17 6 11 22 9 5 13 20 8 15 10 23 21 18 19 24
63 1 1 0 14 4 3 16 7 12 2 17 6 11 22 9 5 13 20 8 15 10 23 21 18 19 24
62 1 1 7 14 4 3 16 0 12 2 17 6 11 22 9 5 13 20 8 15 10 23 21 18 19 24
61 1 1 7 14 4 3 16 11 12 2 17 6 0 22 9 5 13 20 8 15 10 23 21 18 19 24
60 1 1 7 14 4 3 16 11 12 2 17 0 6 22 9 5 13 20 8 15 10 23 21 18 19 24
59 1 1 7 14 4 3 0 11 12 2 17 16 6 22 9 5 13 20 8 15 10 23 21 18 19 24
58 1 1 7 14 4 3 11 0 12 2 17 16 6 22 9 5 13 20 8 15 10 23 21 18 19 24
57 1 1 7 14 4 3 11 6 12 2 17 16 0 22 9 5 13 20 8 15 10 23 21 18 19 24
56 1 1 7 14 4 3 11 6 12 2 17 16 22 0 9 5 13 20 8 15 10 23 21 18 19 24
55 1 1 7 14 4 3 11 6 0 2 17 16 22 12 9 5 13 20 8 15 10 23 21 18 19 24
54 1 1 7 14 4 3 11 6 2 0 17 16 22 12 9 5 13 20 8 15 10 23 21 18 19 24
53 1 1 7 14 4 3 11 6 2 17 0 16 22 12 9 5 13 20 8 15 10 23 21 18 19 24
52 1 1 7 14 4 0 11 6 2 17 3 16 22 12 9 5 13 20 8 15 10 23 21 18 19 24
51 1 1 7 14 0 4 11 6 2 17 3 16 22 12 9 5 13 20 8 15 10 23 21 18 19 24
50 1 1 7 0 14 4 11 6 2 17 3 16 22 12 9 5 13 20 8 15 10 23 21 18 19 24
49 1 1 7 2 14 4 11 6 0 17 3 16 22 12 9 5 13 20 8 15 10 23 21 18 19 24
48 1 1 7 2 14 4 11 6 17 0 3 16 22 12 9 5 13 20 8 15 10 23 21 18 19 24
47 1 1 7 2 14 4 11 6 17 3 0 16 22 12 9 5 13 20 8 15 10 23 21 18 19 24
46 1 1 7 2 14 4 11 6 17 3 5 16 22 12 9 0 13 20 8 15 10 23 21 18 19 24
45 1 1 7 2 14 4 11 6 17 3 5 16 22 12 9 10 13 20 8 15 0 23 21 18 19 24
44 1 1 7 2 14 4 11 6 17 3 5 16 22 12 9 10 13 20 8 0 15 23 21 18 19 24
43 1 1 7 2 14 4 11 6 17 3 5 16 22 12 9 10 13 20 0 8 15 23 21 18 19 24
42 1 1 7 2 14 4 11 6 17 3 5 16 22 12 9 10 13 0 20 8 15 23 21 18 19 24
41 1 1 7 2 14 4 11 6 17 3 5 16 22 12 9 10 0 13 20 8 15 23 21 18 19 24
40 1 1 7 2 14 4 11 6 17 3 5 16 22 12 9 10 23 13 20 8 15 0 21 18 19 24
39 1 1 7 2 14 4 11 6 17 3 5 16 22 12 9 10 23 13 20 8 15 21 0 18 19 24
38 1 1 7 2 14 4 11 6 17 3 5 16 22 12 9 10 23 0 20 8 15 21 13 18 19 24
37 1 1 7 2 14 4 11 6 17 3 5 16 22 12 9 10 0 23 20 8 15 21 13 18 19 24
36 1 1 7 2 14 4 11 6 17 3 5 0 22 12 9 10 16 23 20 8 15 21 13 18 19 24
35 1 1 7 2 14 4 0 6 17 3 5 11 22 12 9 10 16 23 20 8 15 21 13 18 19 24
34 1 1 7 2 14 4 6 0 17 3 5 11 22 12 9 10 16 23 20 8 15 21 13 18 19 24
33 1 1 7 2 14 4 6 17 0 3 5 11 22 12 9 10 16 23 20 8 15 21 13 18 19 24
32 1 1 7 2 14 4 6 17 3 0 5 11 22 12 9 10 16 23 20 8 15 21 13 18 19 24
31 1 1 7 2 14 4 6 17 3 9 5 11 22 12 0 10 16 23 20 8 15 21 13 18 19 24
30 1 1 7 2 14 4 6 17 3 9 5 11 22 12 8 10 16 23 20 0 15 21 13 18 19 24
74 1 21 2 16 5 0 22 6 12 3 10 1 13 7 17 15 23 8 18 4 14 9 19 11 24 20
73 1 21 2 16 0 5 22 6 12 3 10 1 13 7 17 15 23 8 18 4 14 9 19 11 24 20
72 1 21 2 16 3 5 22 6 12 0 10 1 13 7 17 15 23 8 18 4 14 9 19 11 24 20
71 1 21 2 16 3 5 22 6 12 17 10 1 13 7 0 15 23 8 18 4 14 9 19 11 24 20
70 1 21 2 16 3 5 22 6 12 17 10 1 13 7 4 15 23 8 18 0 14 9 19 11 24 20
69 1 21 2 16 3 5 22 6 12 17 10 1 13 7 4 15 23 8 0 18 14 9 19 11 24 20
68 1 21 2 16 3 5 22 6 12 17 10 1 13 0 4 15 23 8 7 18 14 9 19 11 24 20
67 1 21 2 16 3 5 22 6 12 17 10 1 0 13 4 15 23 8 7 18 14 9 19 11 24 20
66 1 21 2 16 3 5 22 6 12 17 10 0 1 13 4 15 23 8 7 18 14 9 19 11 24 20
65 1 21 2 16 3 5 0 6 12 17 10 22 1 13 4 15 23 8 7 18 14 9 19 11 24 20
64 1 0 2 16 3 5 21 6 12 17 10 22 1 13 4 15 23 8 7 18 14 9 19 11 24 20
63 1 2 0 16 3 5 21 6 12 17 10 22 1 13 4 15 23 8 7 18 14 9 19 11 24 20
62 1 2 16 0 3 5 21 6 12 17 10 22 1 13 4 15 23 8 7 18 14 9 19 11 24 20
61 1 2 16 12 3 5 21 6 0 17 10 22 1 13 4 15 23 8 7 18 14 9 19 11 24 20
60 1 2 16 12 3 5 21 6 17 0 10 22 1 13 4 15 23 8 7 18 14 9 19 11 24 20
59 1 2 16 12 3 5 21 6 17 4 10 22 1 13 0 15 23 8 7 18 14 9 19 11 24 20
58 1 2 16 12 3 5 21 6 17 4 10 22 1 0 13 15 23 8 7 18 14 9 19 11 24 20
57 1 2 16 12 3 5 21 6 17 4 10 22 1 7 13 15 23 8 0 18 14 9 19 11 24 20
56 1 2 16 12 3 5 21 6 17 4 10 22 1 7 13 15 23 8 11 18 14 9 19 0 24 20
55 1 2 16 12 3 5 21 6 17 4 10 22 1 7 13 15 23 8 11 18 14 9 0 19 24 20
54 1 2 16 12 3 5 21 6 17 4 10 22 1 7 13 15 23 8 11 18 14 0 9 19 24 20
53 1 2 16 12 3 5 21 6 17 4 10 22 1 7 13 15 0 8 11 18 14 23 9 19 24 20
52 1 2 16 12 3 5 21 6 17 4 10 0 1 7 13 15 22 8 11 18 14 23 9 19 24 20
51 1 2 16 12 3 5 0 6 17 4 10 21 1 7 13 15 22 8 11 18 14 23 9 19 24 20
50 1 2 16 12 3 5 6 0 17 4 10 21 1 7 13 15 22 8 11 18 14 23 9 19 24 20
49 1 2 16 12 3 5 6 1 17 4 10 21 0 7 13 15 22 8 11 18 14 23 9 19 24 20
48 1 2 16 12 3 5 6 1 17 4 10 21 8 7 13 15 22 0 11 18 14 23 9 19 24 20
47 1 2 16 12 3 5 6 1 17 4 10 21 8 7 13 15 22 9 11 18 14 23 0 19 24 20
46 1 2 16 12 3 5 6 1 17 4 10 21 8 7 13 15 22 9 11 18 14 0 23 19 24 20
45 1 2 16 12 3 5 6 1 17 4 10 21 8 7 13 15 0 9 11 18 14 22 23 19 24 20
44 1 2 16 12 3 5 6 1 17 4 10 0 8 7 13 15 21 9 11 18 14 22 23 19 24 20
43 1 2 16 12 3 5 0 1 17 4 10 6 8 7 13 15 21 9 11 18 14 22 23 19 24 20
42 1 2 16 12 3 5 1 0 17 4 10 6 8 7 13 15 21 9 11 18 14 22 23 19 24 20
41 1 2 16 12 3 5 1 17 0 4 10 6 8 7 13 15 21 9 11 18 14 22 23 19 24 20
40 1 2 16 12 3 5 1 17 7 4 10 6 8 0 13 15 21 9 11 18 14 22 23 19 24 20
39 1 2 16 12 3 5 1 17 7 4 10 6 0 8 13 15 21 9 11 18 14 22 23 19 24 20
38 1 2 16 12 3 5 1 0 7 4 10 6 17 8 13 15 21 9 11 18 14 22 23 19 24 20
37 1 2 0 12 3 5 1 16 7 4 10 6 17 8 13 15 21 9 11 18 14 22 23 19 24 20
36 1 2 12 0 3 5 1 16 7 4 10 6 17 8 13 15 21 9 11 18 14 22 23 19 24 20
35 1 2 12 3 0 5 1 16 7 4 10 6 17 8 13 15 21 9 11 18 14 22 23 19 24 20
34 1 2 12 3 4 5 1 16 7 0 10 6 17 8 13 15 21 9 11 18 14 22 23 19 24 20
33 1 2 12 3 4 5 1 16 7 13 10 6 17 8 0 15 21 9 11 18 14 22 23 19 24 20
32 1 2 12 3 4 5 1 16 7 13 10 6 17 0 8 15 21 9 11 18 14 22 23 19 24 20
31 1 2 12 3 4 5 1 16 7 13 10 6 17 11 8 15 21 9 0 18 14 22 23 19 24 20
30 1 2 12 3 4 5 1 16 7 13 10 6 17 11 8 15 21 0 9 18 14 22 23 19 24 20
54 1 2 11 4 5 14 1 8 10 15 9 7 6 3 13 24 16 23 19 20 18 21 22 12 17 0
53 1 2 11 4 5 14 1 8 10 15 9 7 6 3 13 24 16 23 19 20 0 21 22 12 17 18
52 1 2 11 4 5 14 1 8 10 15 9 7 6 3 13 0 16 23 19 20 24 21 22 12 17 18
51 1 2 11 4 5 14 1 8 10 15 0 7 6 3 13 9 16 23 19 20 24 21 22 12 17 18
50 1 2 11 4 5 14 1 8 10 0 15 7 6 3 13 9 16 23 19 20 24 21 22 12 17 18
49 1 2 11 4 5 14 1 8 0 10 15 7 6 3 13 9 16 23 19 20 24 21 22 12 17 18
48 1 2 11 4 5 14 1 8 3 10 15 7 6 0 13 9 16 23 19 20 24 21 22 12 17 18
47 1 2 11 4 5 14 1 8 3 10 15 7 6 19 13 9 16 23 0 20 24 21 22 12 17 18
46 1 2 11 4 5 14 1 8 3 10 15 7 6 19 13 9 16 23 12 20 24 21 22 0 17 18
45 1 2 11 4 5 14 1 8 3 10 15 7 6 19 13 9 16 23 12 20 24 21 0 22 17 18
44 1 2 11 4 5 14 1 8 3 10 15 7 6 19 13 9 16 0 12 20 24 21 23 22 17 18
43 1 2 11 4 5 14 1 8 3 10 15 7 6 19 13 9 16 12 0 20 24 21 23 22 17 18
42 1 2 11 4 5 14 1 8 3 10 15 7 6 19 13 9 16 12 22 20 24 21 23 0 17 18
41 1 2 11 4 5 14 1 8 3 10 15 7 6 19 13 9 16 12 22 20 24 21 23 17 0 18
40 1 2 11 4 5 14 1 8 3 10 15 7 6 19 13 9 16 12 22 0 24 21 23 17 20 18
39 1 2 11 4 5 14 1 8 3 10 15 7 6 19 0 9 16 12 22 13 24 21 23 17 20 18
38 1 2 11 4 5 14 1 8 3 10 15 7 6 19 9 0 16 12 22 13 24 21 23 17 20 18
37 1 2 11 4 5 14 1 8 3 10 0 7 6 19 9 15 16 12 22 13 24 21 23 17 20 18
36 1 2 11 4 5 0 1 8 3 10 14 7 6 19 9 15 16 12 22 13 24 21 23 17 20 18
35 1 2 11 4 0 5 1 8 3 10 14 7 6 19 9 15 16 12 22 13 24 21 23 17 20 18
34 1 2 11 0 4 5 1 8 3 10 14 7 6 19 9 15 16 12 22 13 24 21 23 17 20 18
33 1 2 11 3 4 5 1 8 0 10 14 7 6 19 9 15 16 12 22 13 24 21 23 17 20 18
32 1 2 11 3 4 5 1 0 8 10 14 7 6 19 9 15 16 12 22 13 24 21 23 17 20 18
31 1 2 0 3 4 5 1 11 8 10 14 7 6 19 9 15 16 12 22 13 24 21 23 17 20 18
30 1 0 2 3 4 5 1 11 8 10 14 7 6 19 9 15 16 12 22 13 24 21 23 17 20 18
66 1 12 6 2 3 5 18 8 7 4 9 21 19 15 20 13 16 22 1 11 14 23 17 0 10 24
65 1 12 6 2 3 5 18 8 7 4 9 21 19 15 20 13 16 22 1 11 14 23 0 17 10 24
64 1 12 6 2 3 5 18 8 7 4 9 21 19 15 20 13 16 0 1 11 14 23 22 17 10 24
63 1 12 6 2 3 5 18 8 7 4 9 21 19 15 20 13 16 1 0 11 14 23 22 17 10 24
62 1 12 6 2 3 5 18 8 7 4 9 21 19 15 20 13 16 1 11 0 14 23 22 17 10 24
61 1 12 6 2 3 5 18 8 7 4 9 21 19 15 0 13 16 1 11 20 14 23 22 17 10 24
60 1 12 6 2 3 5 18 8 7 4 9 21 19 0 15 13 16 1 11 20 14 23 22 17 10 24
59 1 12 6 2 3 5 18 8 7 4 9 21 0 19 15 13 16 1 11 20 14 23 22 17 10 24
58 1 12 6 2 3 5 18 8 7 4 9 21 1 19 15 13 16 0 11 20 14 23 22 17 10 24
57 1 12 6 2 3 5 18 8 7 4 9 21 1 19 15 13 0 16 11 20 14 23 22 17 10 24
56 1 12 6 2 3 5 18 8 7 4 9 0 1 19 15 13 21 16 11 20 14 23 22 17 10 24
55 1 12 6 2 3 5 18 8 7 4 9 1 0 19 15 13 21 16 11 20 14 23 22 17 10 24
54 1 12 6 2 3 5 18 8 7 4 9 1 16 19 15 13 21 0 11 20 14 23 22 17 10 24
53 1 12 6 2 3 5 18 8 7 4 9 1 16 19 15 13 21 11 0 20 14 23 22 17 10 24
52 1 12 6 2 3 5 18 8 7 4 9 1 16 0 15 13 21 11 19 20 14 23 22 17 10 24
51 1 12 6 2 3 5 18 8 0 4 9 1 16 7 15 13 21 11 19 20 14 23 22 17 10 24
50 1 12 6 2 3 5 18 0 8 4 9 1 16 7 15 13 21 11 19 20 14 23 22 17 10 24
49 1 12 6 2 3 5 0 18 8 4 9 1 16 7 15 13 21 11 19 20 14 23 22 17 10 24
48 1 12 6 2 3 5 1 18 8 4 9 0 16 7 15 13 21 11 19 20 14 23 22 17 10 24
47 1 12 6 2 3 5 1 18 8 4 9 16 0 7 15 13 21 11 19 20 14 23 22 17 10 24
46 1 12 6 2 3 5 1 0 8 4 9 16 18 7 15 13 21 11 19 20 14 23 22 17 10 24
45 1 12 0 2 3 5 1 6 8 4 9 16 18 7 15 13 21 11 19 20 14 23 22 17 10 24
44 1 0 12 2 3 5 1 6 8 4 9 16 18 7 15 13 21 11 19 20 14 23 22 17 10 24
43 1 1 12 2 3 5 0 6 8 4 9 16 18 7 15 13 21 11 19 20 14 23 22 17 10 24
42 1 1 12 2 3 5 6 0 8 4 9 16 18 7 15 13 21 11 19 20 14 23 22 17 10 24
41 1 1 0 2 3 5 6 12 8 4 9 16 18 7 15 13 21 11 19 20 14 23 22 17 10 24
40 1 1 2 0 3 5 6 12 8 4 9 16 18 7 15 13 21 11 19 20 14 23 22 17 10 24
39 1 1 2 8 3 5 6 12 0 4 9 16 18 7 15 13 21 11 19 20 14 23 22 17 10 24
38 1 1 2 8 3 5 6 12 7 4 9 16 18 0 15 13 21 11 19 20 14 23 22 17 10 24
37 1 1 2 8 3 5 6 12 7 4 9 16 0 18 15 13 21 11 19 20 14 23 22 17 10 24
36 1 1 2 8 3 5 6 12 7 4 9 16 11 18 15 13 21 0 19 20 14 23 22 17 10 24
35 1 1 2 8 3 5 6 12 7 4 9 16 11 18 15 13 21 22 19 20 14 23 0 17 10 24
34 1 1 2 8 3 5 6 12 7 4 9 16 11 18 15 13 21 22 19 20 14 0 23 17 10 24
33 1 1 2 8 3 5 6 12 7 4 9 16 11 18 15 13 0 22 19 20 14 21 23 17 10 24
32 1 1 2 8 3 5 6 12 7 4 9 0 11 18 15 13 16 22 19 20 14 21 23 17 10 24
31 1 1 2 8 3 5 6 12 7 4 9 11 0 18 15 13 16 22 19 20 14 21 23 17 10 24
30 1 1 2 8 3 5 6 0 7 4 9 11 12 18 15 13 16 22 19 20 14 21 23 17 10 24
80 1 6 5 10 22 0 1 12 14 8 9 13 11 4 3 19 7 16 18 24 17 21 20 23 2 15
79 1 6 5 10 22 9 1 12 14 8 0 13 11 4 3 19 7 16 18 24 17 21 20 23 2 15
78 1 6 5 10 22 9 1 12 14 0 8 13 11 4 3 19 7 16 18 24 17 21 20 23 2 15
77 1 6 5 10 0 9 1 12 14 22 8 13 11 4 3 19 7 16 18 24 17 21 20 23 2 15
76 1 6 5 0 10 9 1 12 14 22 8 13 11 4 3 19 7 16 18 24 17 21 20 23 2 15
75 1 6 5 14 10 9 1 12 0 22 8 13 11 4 3 19 7 16 18 24 17 21 20 23 2 15
74 1 6 5 14 10 9 1 12 4 22 8 13 11 0 3 19 7 16 18 24 17 21 20 23 2 15
73 1 6 5 14 10 9 1 12 4 22 8 13 0 11 3 19 7 16 18 24 17 21 20 23 2 15
72 1 6 5 14 10 9 1 0 4 22 8 13 12 11 3 19 7 16 18 24 17 21 20 23 2 15
71 1 6 5 14 10 9 0 1 4 22 8 13 12 11 3 19 7 16 18 24 17 21 20 23 2 15
70 1 6 5 14 10 9 13 1 4 22 8 0 12 11 3 19 7 16 18 24 17 21 20 23 2 15
69 1 6 5 14 10 9 13 1 4 22 8 7 12 11 3 19 0 16 18 24 17 21 20 23 2 15
68 1 6 5 14 10 9 13 1 4 22 8 7 12 11 3 19 16 0 18 24 17 21 20 23 2 15
67 1 6 5 14 10 9 13 1 4 22 8 7 12 11 3 19 16 20 18 24 17 21 0 23 2 15
66 1 6 5 14 10 9 13 1 4 22 8 7 12 11 3 19 16 20 18 24 17 21 23 0 2 15
65 1 6 5 14 10 9 13 1 4 22 8 7 12 11 3 19 16 20 18 24 17 21 23 2 0 15
64 1 6 5 14 10 9 13 1 4 22 8 7 12 11 3 19 16 20 18 0 17 21 23 2 24 15
63 1 6 5 14 10 9 13 1 4 22 8 7 12 11 3 19 16 20 0 18 17 21 23 2 24 15
62 1 6 5 14 10 9 13 1 4 22 8 7 12 11 3 19 16 0 20 18 17 21 23 2 24 15
61 1 6 5 14 10 9 13 1 4 22 8 7 0 11 3 19 16 12 20 18 17 21 23 2 24 15
60 1 6 5 14 10 9 13 1 4 22 8 7 11 0 3 19 16 12 20 18 17 21 23 2 24 15
59 1 6 5 14 10 9 13 1 4 22 8 7 11 3 0 19 16 12 20 18 17 21 23 2 24 15
58 1 6 5 14 10 9 13 1 4 22 8 7 11 3 18 19 16 12 20 0 17 21 23 2 24 15
57 1 6 5 14 10 9 13 1 4 22 8 7 11 3 18 19 16 12 0 20 17 21 23 2 24 15
56 1 6 5 14 10 9 13 1 4 22 8 7 11 3 18 19 16 12 2 20 17 21 23 0 24 15
55 1 6 5 14 10 9 13 1 4 22 8 7 11 3 18 19 16 12 2 20 17 21 23 24 0 15
54 1 6 5 14 10 9 13 1 4 22 8 7 11 3 18 19 16 12 2 0 17 21 23 24 20 15
53 1 6 5 14 10 9 13 1 4 22 8 7 11 3 0 19 16 12 2 18 17 21 23 24 20 15
52 1 6 5 14 10 9 13 1 4 0 8 7 11 3 22 19 16 12 2 18 17 21 23 24 20 15
51 1 6 5 14 0 9 13 1 4 10 8 7 11 3 22 19 16 12 2 18 17 21 23 24 20 15
50 1 6 5 0 14 9 13 1 4 10 8 7 11 3 22 19 16 12 2 18 17 21 23 24 20 15
49 1 6 0 5 14 9 13 1 4 10 8 7 11 3 22 19 16 12 2 18 17 21 23 24 20 15
48 1 6 1 5 14 9 13 0 4 10 8 7 11 3 22 19 16 12 2 18 17 21 23 24 20 15
47 1 6 1 5 14 9 0 13 4 10 8 7 11 3 22 19 16 12 2 18 17 21 23 24 20 15
46 1 6 1 5 14 9 7 13 4 10 8 0 11 3 22 19 16 12 2 18 17 21 23 24 20 15
45 1 6 1 5 14 9 7 13 4 10 8 11 0 3 22 19 16 12 2 18 17 21 23 24 20 15
44 1 6 1 5 14 9 7 13 4 10 8 11 3 0 22 19 16 12 2 18 17 21 23 24 20 15
43 1 6 1 5 14 9 7 13 4 10 8 11 3 2 22 19 16 12 0 18 17 21 23 24 20 15
42 1 6 1 5 14 9 7 13 4 10 8 11 3 2 22 19 16 12 18 0 17 21 23 24 20 15
41 1 6 1 5 14 9 7 13 4 10 8 11 3 2 0 19 16 12 18 22 17 21 23 24 20 15
40 1 6 1 5 14 9 7 13 4 0 8 11 3 2 10 19 16 12 18 22 17 21 23 24 20 15
39 1 6 1 5 0 9 7 13 4 14 8 11 3 2 10 19 16 12 18 22 17 21 23 24 20 15
38 1 6 1 0 5 9 7 13 4 14 8 11 3 2 10 19 16 12 18 22 17 21 23 24 20 15
37 1 6 1 4 5 9 7 13 0 14 8 11 3 2 10 19 16 12 18 22 17 21 23 24 20 15
36 1 6 1 4 5 9 7 13 2 14 8 11 3 0 10 19 16 12 18 22 17 21 23 24 20 15
35 1 6 1 4 5 9 7 13 2 14 8 11 3 18 10 19 16 12 0 22 17 21 23 24 20 15
34 1 6 1 4 5 9 7 13 2 14 8 11 3 18 10 19 16 12 22 0 17 21 23 24 20 15
33 1 6 1 4 5 9 7 13 2 14 8 11 3 18 10 19 16 12 22 17 0 21 23 24 20 15
32 1 6 1 4 5 9 7 13 2 14 8 11 3 18 10 0 16 12 22 17 19 21 23 24 20 15
31 1 6 1 4 5 9 7 13 2 14 8 11 3 18 0 10 16 12 22 17 19 21 23 24 20 15
30 1 6 1 4 5 9 7 13 2 0 8 11 3 18 14 10 16 12 22 17 19 21 23 24 20 15
76 1 0 1 14 9 7 17 18 6 8 3 16 21 22 5 15 23 13 12 10 4 11 2 24 19 20
75 1 17 1 14 9 7 0 18 6 8 3 16 21 22 5 15 23 13 12 10 4 11 2 24 19 20
74 1 17 1 14 9 7 16 18 6 8 3 0 21 22 5 15 23 13 12 10 4 11 2 24 19 20
73 1 17 1 14 9 7 16 18 6 8 3 21 0 22 5 15 23 13 12 10 4 11 2 24 19 20
72 1 17 1 14 9 7 16 0 6 8 3 21 18 22 5 15 23 13 12 10 4 11 2 24 19 20
71 1 17 1 14 9 7 16 6 0 8 3 21 18 22 5 15 23 13 12 10 4 11 2 24 19 20
70 1 17 1 14 9 7 16 6 8 0 3 21 18 22 5 15 23 13 12 10 4 11 2 24 19 20
69 1 17 1 14 0 7 16 6 8 9 3 21 18 22 5 15 23 13 12 10 4 11 2 24 19 20
68 1 17 1 14 7 0 16 6 8 9 3 21 18 22 5 15 23 13 12 10 4 11 2 24 19 20
67 1 17 1 14 7 3 16 6 8 9 0 21 18 22 5 15 23 13 12 10 4 11 2 24 19 20
66 1 17 1 14 7 3 16 6 8 0 9 21 18 22 5 15 23 13 12 10 4 11 2 24 19 20
65 1 17 1 14 7 3 16 6 8 5 9 21 18 22 0 15 23 13 12 10 4 11 2 24 19 20
64 1 17 1 14 7 3 16 6 8 5 9 21 18 22 10 15 23 13 12 0 4 11 2 24 19 20
63 1 17 1 14 7 3 16 6 8 5 9 21 18 22 10 15 23 13 12 4 0 11 2 24 19 20
62 1 17 1 14 7 3 16 6 8 5 9 21 18 22 10 0 23 13 12 4 15 11 2 24 19 20
61 1 17 1 14 7 3 16 6 8 5 0 21 18 22 10 9 23 13 12 4 15 11 2 24 19 20
60 1 17 1 14 7 3 16 6 8 0 5 21 18 22 10 9 23 13 12 4 15 11 2 24 19 20
59 1 17 1 14 0 3 16 6 8 7 5 21 18 22 10 9 23 13 12 4 15 11 2 24 19 20
58 1 17 1 14 3 0 16 6 8 7 5 21 18 22 10 9 23 13 12 4 15 11 2 24 19 20
57 1 17 1 14 3 5 16 6 8 7 0 21 18 22 10 9 23 13 12 4 15 11 2 24 19 20
56 1 17 1 14 3 5 16 6 8 7 9 21 18 22 10 0 23 13 12 4 15 11 2 24 19 20
55 1 17 1 14 3 5 16 6 8 7 9 21 18 22 0 10 23 13 12 4 15 11 2 24 19 20
54 1 17 1 14 3 5 16 6 8 7 9 21 18 22 4 10 23 13 12 0 15 11 2 24 19 20
53 1 17 1 14 3 5 16 6 8 7 9 21 18 22 4 10 23 13 0 12 15 11 2 24 19 20
52 1 17 1 14 3 5 16 6 8 7 9 21 18 22 4 10 23 0 13 12 15 11 2 24 19 20
51 1 17 1 14 3 5 16 6 8 7 9 21 0 22 4 10 23 18 13 12 15 11 2 24 19 20
50 1 17 1 14 3 5 16 6 8 7 9 21 22 0 4 10 23 18 13 12 15 11 2 24 19 20
49 1 17 1 14 3 5 16 6 0 7 9 21 22 8 4 10 23 18 13 12 15 11 2 24 19 20
48 1 17 1 14 3 5 16 6 7 0 9 21 22 8 4 10 23 18 13 12 15 11 2 24 19 20
47 1 17 1 14 3 5 16 6 7 4 9 21 22 8 0 10 23 18 13 12 15 11 2 24 19 20
46 1 17 1 14 3 5 16 6 7 4 9 21 22 8 12 10 23 18 13 0 15 11 2 24 19 20
45 1 17 1 14 3 5 16 6 7 4 9 21 22 8 12 10 23 18 0 13 15 11 2 24 19 20
44 1 17 1 14 3 5 16 6 7 4 9 21 22 8 12 10 23 0 18 13 15 11 2 24 19 20
43 1 17 1 14 3 5 16 6 7 4 9 21 22 8 12 10 23 2 18 13 15 11 0 24 19 20
42 1 17 1 14 3 5 16 6 7 4 9 21 22 8 12 10 23 2 18 13 15 0 11 24 19 20
41 1 17 1 14 3 5 16 6 7 4 9 21 22 8 12 10 0 2 18 13 15 23 11 24 19 20
40 1 17 1 14 3 5 16 6 7 4 9 0 22 8 12 10 21 2 18 13 15 23 11 24 19 20
39 1 17 1 14 3 5 16 6 7 4 9 22 0 8 12 10 21 2 18 13 15 23 11 24 19 20
38 1 17 1 14 3 5 16 6 7 4 9 22 2 8 12 10 21 0 18 13 15 23 11 24 19 20
37 1 17 1 14 3 5 16 6 7 4 9 22 2 8 12 10 21 11 18 13 15 23 0 24 19 20
36 1 17 1 14 3 5 16 6 7 4 9 22 2 8 12 10 21 11 18 13 15 0 23 24 19 20
35 1 17 1 14 3 5 16 6 7 4 9 22 2 8 12 10 0 11 18 13 15 21 23 24 19 20
34 1 17 1 14 3 5 16 6 7 4 9 0 2 8 12 10 22 11 18 13 15 21 23 24 19 20
33 1 17 1 14 3 5 0 6 7 4 9 16 2 8 12 10 22 11 18 13 15 21 23 24 19 20
32 1 17 1 14 3 5 6 0 7 4 9 16 2 8 12 10 22 11 18 13 15 21 23 24 19 20
31 1 17 1 14 3 5 6 2 7 4 9 16 0 8 12 10 22 11 18 13 15 21 23 24 19 20
30 1 17 1 14 3 5 6 2 7 4 9 16 11 8 12 10 22 0 18 13 15 21 23 24 19 20
70 1 1 5 7 10 0 2 13 14 3 15 11 19 8 12 4 21 16 9 6 17 22 24 18 20 23
69 1 1 5 7 10 15 2 13 14 3 0 11 19 8 12 4 21 16 9 6 17 22 24 18 20 23
68 1 1 5 7 10 15 2 13 14 0 3 11 19 8 12 4 21 16 9 6 17 22 24 18 20 23
67 1 1 5 7 10 15 2 13 0 14 3 11 19 8 12 4 21 16 9 6 17 22 24 18 20 23
66 1 1 5 7 10 15 2 13 8 14 3 11 19 0 12 4 21 16 9 6 17 22 24 18 20 23
65 1 1 5 7 10 15 2 13 8 14 3 11 0 19 12 4 21 16 9 6 17 22 24 18 20 23
64 1 1 5 7 10 15 2 13 8 14 3 11 16 19 12 4 21 0 9 6 17 22 24 18 20 23
63 1 1 5 7 10 15 2 13 8 14 3 11 16 19 12 4 21 9 0 6 17 22 24 18 20 23
62 1 1 5 7 10 15 2 13 8 14 3 11 16 19 12 4 21 9 6 0 17 22 24 18 20 23
61 1 1 5 7 10 15 2 13 8 14 3 11 16 19 0 4 21 9 6 12 17 22 24 18 20 23
60 1 1 5 7 10 15 2 13 8 0 3 11 16 19 14 4 21 9 6 12 17 22 24 18 20 23
59 1 1 5 7 10 15 2 13 8 3 0 11 16 19 14 4 21 9 6 12 17 22 24 18 20 23
58 1 1 5 7 10 15 2 13 8 3 4 11 16 19 14 0 21 9 6 12 17 22 24 18 20 23
57 1 1 5 7 10 15 2 13 8 3 4 11 16 19 0 14 21 9 6 12 17 22 24 18 20 23
56 1 1 5 7 10 15 2 13 8 3 4 11 16 0 19 14 21 9 6 12 17 22 24 18 20 23
55 1 1 5 7 10 15 2 13 8 3 4 11 16 6 19 14 21 9 0 12 17 22 24 18 20 23
54 1 1 5 7 10 15 2 13 8 3 4 11 16 6 19 14 21 0 9 12 17 22 24 18 20 23
53 1 1 5 7 10 15 2 13 8 3 4 11 0 6 19 14 21 16 9 12 17 22 24 18 20 23
52 1 1 5 7 10 15 2 13 8 3 4 11 6 0 19 14 21 16 9 12 17 22 24 18 20 23
51 1 1 5 7 10 15 2 13 8 3 4 11 6 9 19 14 21 16 0 12 17 22 24 18 20 23
50 1 1 5 7 10 15 2 13 8 3 4 11 6 9 19 14 21 16 12 0 17 22 24 18 20 23
49 1 1 5 7 10 15 2 13 8 3 4 11 6 9 19 14 21 16 12 17 0 22 24 18 20 23
48 1 1 5 7 10 15 2 13 8 3 4 11 6 9 19 14 21 16 12 17 23 22 24 18 20 0
47 1 1 5 7 10 15 2 13 8 3 4 11 6 9 19 14 21 16 12 17 23 22 24 18 0 20
46 1 1 5 7 10 15 2 13 8 3 4 11 6 9 19 14 21 16 12 17 23 22 24 0 18 20
45 1 1 5 7 10 15 2 13 8 3 4 11 6 9 19 14 21 16 12 17 23 22 0 24 18 20
44 1 1 5 7 10 15 2 13 8 3 4 11 6 9 19 14 21 16 12 17 23 0 22 24 18 20
43 1 1 5 7 10 15 2 13 8 3 4 11 6 9 19 14 0 16 12 17 23 21 22 24 18 20
42 1 1 5 7 10 15 2 13 8 3 4 0 6 9 19 14 11 16 12 17 23 21 22 24 18 20
41 1 1 5 7 10 15 2 13 8 3 4 6 0 9 19 14 11 16 12 17 23 21 22 24 18 20
40 1 1 5 7 10 15 2 0 8 3 4 6 13 9 19 14 11 16 12 17 23 21 22 24 18 20
39 1 1 5 7 10 15 0 2 8 3 4 6 13 9 19 14 11 16 12 17 23 21 22 24 18 20
38 1 1 5 7 10 15 6 2 8 3 4 0 13 9 19 14 11 16 12 17 23 21 22 24 18 20
37 1 1 5 7 10 15 6 2 8 3 4 11 13 9 19 14 0 16 12 17 23 21 22 24 18 20
36 1 1 5 7 10 15 6 2 8 3 4 11 13 9 19 14 16 0 12 17 23 21 22 24 18 20
35 1 1 5 7 10 15 6 2 8 3 4 11 13 9 19 14 16 12 0 17 23 21 22 24 18 20
34 1 1 5 7 10 15 6 2 8 3 4 11 13 9 19 14 16 12 17 0 23 21 22 24 18 20
33 1 1 5 7 10 15 6 2 8 3 4 11 13 9 19 14 16 12 17 23 0 21 22 24 18 20
32 1 1 5 7 10 15 6 2 8 3 4 11 13 9 19 0 16 12 17 23 14 21 22 24 18 20
31 1 1 5 7 10 15 6 2 8 3 4 11 13 9 0 19 16 12 17 23 14 21 22 24 18 20
30 1 1 5 7 10 15 6 2 8 3 4 11 13 0 9 19 16 12 17 23 14 21 22 24 18 20
74 1 13 17 6 5 3 4 7 9 0 10 2 12 1 22 20 16 21 15 14 8 11 23 18 24 19
73 1 13 17 6 5 3 4 7 0 9 10 2 12 1 22 20 16 21 15 14 8 11 23 18 24 19
72 1 13 17 6 5 3 4 0 7 9 10 2 12 1 22 20 16 21 15 14 8 11 23 18 24 19
71 1 13 0 6 5 3 4 17 7 9 10 2 12 1 22 20 16 21 15 14 8 11 23 18 24 19
70 1 0 13 6 5 3 4 17 7 9 10 2 12 1 22 20 16 21 15 14 8 11 23 18 24 19
69 1 4 13 6 5 3 0 17 7 9 10 2 12 1 22 20 16 21 15 14 8 11 23 18 24 19
68 1 4 13 6 5 3 2 17 7 9 10 0 12 1 22 20 16 21 15 14 8 11 23 18 24 19
67 1 4 13 6 5 3 2 17 7 9 10 12 0 1 22 20 16 21 15 14 8 11 23 18 24 19
66 1 4 13 6 5 3 2 17 7 9 10 12 1 0 22 20 16 21 15 14 8 11 23 18 24 19
65 1 4 13 6 5 3 2 17 7 9 10 12 1 22 0 20 16 21 15 14 8 11 23 18 24 19
64 1 4 13 6 5 3 2 17 7 9 10 12 1 22 14 20 16 21 15 0 8 11 23 18 24 19
63 1 4 13 6 5 3 2 17 7 9 10 12 1 22 14 20 16 21 15 8 0 11 23 18 24 19
62 1 4 13 6 5 3 2 17 7 9 10 12 1 22 14 20 16 21 15 8 19 11 23 18 24 0
61 1 4 13 6 5 3 2 17 7 9 10 12 1 22 14 20 16 21 15 8 19 11 23 18 0 24
60 1 4 13 6 5 3 2 17 7 9 10 12 1 22 14 20 16 21 15 8 19 11 23 0 18 24
59 1 4 13 6 5 3 2 17 7 9 10 12 1 22 14 20 16 21 15 8 19 11 0 23 18 24
58 1 4 13 6 5 3 2 17 7 9 10 12 1 22 14 20 16 0 15 8 19 11 21 23 18 24
57 1 4 13 6 5 3 2 17 7 9 10 12 1 22 14 20 0 16 15 8 19 11 21 23 18 24
56 1 4 13 6 5 3 2 17 7 9 10 0 1 22 14 20 12 16 15 8 19 11 21 23 18 24
55 1 4 13 6 5 3 2 17 7 9 10 1 0 22 14 20 12 16 15 8 19 11 21 23 18 24
54 1 4 13 6 5 3 2 0 7 9 10 1 17 22 14 20 12 16 15 8 19 11 21 23 18 24
53 1 4 0 6 5 3 2 13 7 9 10 1 17 22 14 20 12 16 15 8 19 11 21 23 18 24
52 1 4 6 0 5 3 2 13 7 9 10 1 17 22 14 20 12 16 15 8 19 11 21 23 18 24
51 1 4 6 5 0 3 2 13 7 9 10 1 17 22 14 20 12 16 15 8 19 11 21 23 18 24
50 1 4 6 5 3 0 2 13 7 9 10 1 17 22 14 20 12 16 15 8 19 11 21 23 18 24
49 1 4 6 5 3 10 2 13 7 9 0 1 17 22 14 20 12 16 15 8 19 11 21 23 18 24
48 1 4 6 5 3 10 2 13 7 0 9 1 17 22 14 20 12 16 15 8 19 11 21 23 18 24
47 1 4 6 5 3 10 2 13 7 14 9 1 17 22 0 20 12 16 15 8 19 11 21 23 18 24
46 1 4 6 5 3 10 2 13 7 14 9 1 17 22 8 20 12 16 15 0 19 11 21 23 18 24
45 1 4 6 5 3 10 2 13 7 14 9 1 17 22 8 20 12 16 0 15 19 11 21 23 18 24
44 1 4 6 5 3 10 2 13 7 14 9 1 17 0 8 20 12 16 22 15 19 11 21 23 18 24
43 1 4 6 5 3 10 2 13 7 14 9 1 17 8 0 20 12 16 22 15 19 11 21 23 18 24
42 1 4 6 5 3 10 2 13 7 14 9 1 17 8 15 20 12 16 22 0 19 11 21 23 18 24
41 1 4 6 5 3 10 2 13 7 14 9 1 17 8 15 20 12 16 22 18 19 11 21 23 0 24
40 1 4 6 5 3 10 2 13 7 14 9 1 17 8 15 20 12 16 22 18 19 11 21 0 23 24
39 1 4 6 5 3 10 2 13 7 14 9 1 17 8 15 20 12 16 0 18 19 11 21 22 23 24
38 1 4 6 5 3 10 2 13 7 14 9 1 17 8 15 20 12 0 16 18 19 11 21 22 23 24
37 1 4 6 5 3 10 2 13 7 14 9 1 0 8 15 20 12 17 16 18 19 11 21 22 23 24
36 1 4 6 5 3 10 2 0 7 14 9 1 13 8 15 20 12 17 16 18 19 11 21 22 23 24
35 1 4 0 5 3 10 2 6 7 14 9 1 13 8 15 20 12 17 16 18 19 11 21 22 23 24
34 1 0 4 5 3 10 2 6 7 14 9 1 13 8 15 20 12 17 16 18 19 11 21 22 23 24
33 1 2 4 5 3 10 0 6 7 14 9 1 13 8 15 20 12 17 16 18 19 11 21 22 23 24
32 1 2 4 5 3 10 1 6 7 14 9 0 13 8 15 20 12 17 16 18 19 11 21 22 23 24
31 1 2 4 5 3 10 1 6 7 14 9 12 13 8 15 20 0 17 16 18 19 11 21 22 23 24
30 1 2 4 5 3 10 1 6 7 14 9 12 13 8 15 20 11 17 16 18 19 0 21 22 23 24
66 1 0 1 3 2 14 6 13 22 5 4 16 21 10 9 11 23 18 7 12 15 24 20 8 17 19
65 1 1 0 3 2 14 6 13 22 5 4 16 21 10 9 11 23 18 7 12 15 24 20 8 17 19
64 1 1 13 3 2 14 6 0 22 5 4 16 21 10 9 11 23 18 7 12 15 24 20 8 17 19
63 1 1 13 3 2 14 6 22 0 5 4 16 21 10 9 11 23 18 7 12 15 24 20 8 17 19
62 1 1 13 0 2 14 6 22 3 5 4 16 21 10 9 11 23 18 7 12 15 24 20 8 17 19
61 1 1 13 2 0 14 6 22 3 5 4 16 21 10 9 11 23 18 7 12 15 24 20 8 17 19
60 1 1 13 2 5 14 6 22 3 0 4 16 21 10 9 11 23 18 7 12 15 24 20 8 17 19
59 1 1 13 2 5 14 6 22 3 9 4 16 21 10 0 11 23 18 7 12 15 24 20 8 17 19
58 1 1 13 2 5 14 6 22 3 9 4 16 21 0 10 11 23 18 7 12 15 24 20 8 17 19
57 1 1 13 2 5 14 6 22 3 9 4 16 21 7 10 11 23 18 0 12 15 24 20 8 17 19
56 1 1 13 2 5 14 6 22 3 9 4 16 21 7 10 11 23 18 8 12 15 24 20 0 17 19
55 1 1 13 2 5 14 6 22 3 9 4 16 21 7 10 11 23 18 8 12 15 24 0 20 17 19
54 1 1 13 2 5 14 6 22 3 9 4 16 21 7 10 11 23 0 8 12 15 24 18 20 17 19
53 1 1 13 2 5 14 6 22 3 9 4 16 0 7 10 11 23 21 8 12 15 24 18 20 17 19
52 1 1 13 2 5 14 6 0 3 9 4 16 22 7 10 11 23 21 8 12 15 24 18 20 17 19
51 1 1 0 2 5 14 6 13 3 9 4 16 22 7 10 11 23 21 8 12 15 24 18 20 17 19
50 1 1 2 0 5 14 6 13 3 9 4 16 22 7 10 11 23 21 8 12 15 24 18 20 17 19
49 1 1 2 3 5 14 6 13 0 9 4 16 22 7 10 11 23 21 8 12 15 24 18 20 17 19
48 1 1 2 3 5 14 6 13 9 0 4 16 22 7 10 11 23 21 8 12 15 24 18 20 17 19
47 1 1 2 3 5 14 6 13 9 4 0 16 22 7 10 11 23 21 8 12 15 24 18 20 17 19
46 1 1 2 3 5 0 6 13 9 4 14 16 22 7 10 11 23 21 8 12 15 24 18 20 17 19
45 1 1 2 3 0 5 6 13 9 4 14 16 22 7 10 11 23 21 8 12 15 24 18 20 17 19
44 1 1 2 3 4 5 6 13 9 0 14 16 22 7 10 11 23 21 8 12 15 24 18 20 17 19
43 1 1 2 3 4 5 6 13 9 10 14 16 22 7 0 11 23 21 8 12 15 24 18 20 17 19
42 1 1 2 3 4 5 6 13 9 10 14 16 22 7 11 0 23 21 8 12 15 24 18 20 17 19
41 1 1 2 3 4 5 6 13 9 10 0 16 22 7 11 14 23 21 8 12 15 24 18 20 17 19
40 1 1 2 3 4 5 6 13 9 0 10 16 22 7 11 14 23 21 8 12 15 24 18 20 17 19
39 1 1 2 3 4 5 6 13 0 9 10 16 22 7 11 14 23 21 8 12 15 24 18 20 17 19
38 1 1 2 3 4 5 6 13 7 9 10 16 22 0 11 14 23 21 8 12 15 24 18 20 17 19
37 1 1 2 3 4 5 6 13 7 9 10 16 22 11 0 14 23 21 8 12 15 24 18 20 17 19
36 1 1 2 3 4 5 6 13 7 9 10 16 22 11 12 14 23 21 8 0 15 24 18 20 17 19
35 1 1 2 3 4 5 6 13 7 9 10 16 22 11 12 14 23 21 8 17 15 24 18 20 0 19
34 1 1 2 3 4 5 6 13 7 9 10 16 22 11 12 14 23 21 8 17 15 24 18 0 20 19
33 1 1 2 3 4 5 6 13 7 9 10 16 22 11 12 14 23 21 8 17 15 24 0 18 20 19
32 1 1 2 3 4 5 6 13 7 9 10 16 22 11 12 14 23 21 8 17 15 0 24 18 20 19
31 1 1 2 3 4 5 6 13 7 9 10 16 22 11 12 14 0 21 8 17 15 23 24 18 20 19
30 1 1 2 3 4 5 6 13 7 9 10 16 22 11 12 14 21 0 8 17 15 23 24 18 20 19
54 1 6 1 8 4 5 11 3 17 0 10 20 15 7 2 12 16 23 22 24 13 21 18 14 9 19
53 1 6 1 8 4 5 11 3 17 2 10 20 15 7 0 12 16 23 22 24 13 21 18 14 9 19
52 1 6 1 8 4 5 11 3 17 2 10 20 15 7 12 0 16 23 22 24 13 21 18 14 9 19
51 1 6 1 8 4 5 11 3 17 2 10 20 15 7 12 13 16 23 22 24 0 21 18 14 9 19
50 1 6 1 8 4 5 11 3 17 2 10 20 15 7 12 13 16 23 22 0 24 21 18 14 9 19
49 1 6 1 8 4 5 11 3 17 2 10 20 15 7 12 13 16 23 22 9 24 21 18 14 0 19
48 1 6 1 8 4 5 11 3 17 2 10 20 15 7 12 13 16 23 22 9 24 21 18 0 14 19
47 1 6 1 8 4 5 11 3 17 2 10 20 15 7 12 13 16 23 22 9 24 21 0 18 14 19
46 1 6 1 8 4 5 11 3 17 2 10 20 15 7 12 13 16 0 22 9 24 21 23 18 14 19
45 1 6 1 8 4 5 11 3 17 2 10 20 0 7 12 13 16 15 22 9 24 21 23 18 14 19
44 1 6 1 8 4 5 11 3 17 2 10 0 20 7 12 13 16 15 22 9 24 21 23 18 14 19
43 1 6 1 8 4 5 0 3 17 2 10 11 20 7 12 13 16 15 22 9 24 21 23 18 14 19
42 1 0 1 8 4 5 6 3 17 2 10 11 20 7 12 13 16 15 22 9 24 21 23 18 14 19
41 1 1 0 8 4 5 6 3 17 2 10 11 20 7 12 13 16 15 22 9 24 21 23 18 14 19
40 1 1 3 8 4 5 6 0 17 2 10 11 20 7 12 13 16 15 22 9 24 21 23 18 14 19
39 1 1 3 8 4 5 6 17 0 2 10 11 20 7 12 13 16 15 22 9 24 21 23 18 14 19
38 1 1 3 8 4 5 6 17 7 2 10 11 20 0 12 13 16 15 22 9 24 21 23 18 14 19
37 1 1 3 8 4 5 6 17 7 2 10 11 20 22 12 13 16 15 0 9 24 21 23 18 14 19
36 1 1 3 8 4 5 6 17 7 2 10 11 20 22 12 13 16 0 15 9 24 21 23 18 14 19
35 1 1 3 8 4 5 6 17 7 2 10 11 0 22 12 13 16 20 15 9 24 21 23 18 14 19
34 1 1 3 8 4 5 6 17 7 2 10 11 22 0 12 13 16 20 15 9 24 21 23 18 14 19
33 1 1 3 8 4 5 6 17 7 2 10 11 22 12 0 13 16 20 15 9 24 21 23 18 14 19
32 1 1 3 8 4 5 6 17 7 2 10 11 22 12 9 13 16 20 15 0 24 21 23 18 14 19
31 1 1 3 8 4 5 6 17 7 2 10 11 22 12 9 13 16 20 15 14 24 21 23 18 0 19
30 1 1 3 8 4 5 6 17 7 2 10 11 22 12 9 13 16 20 15 14 24 21 23 18 19 0
80 1 0 12 9 14 4 3 7 8 18 20 6 1 13 15 21 17 2 24 5 16 23 22 19 11 10
79 1 12 0 9 14 4 3 7 8 18 20 6 1 13 15 21 17 2 24 5 16 23 22 19 11 10
78 1 12 7 9 14 4 3 0 8 18 20 6 1 13 15 21 17 2 24 5 16 23 22 19 11 10
77 1 12 7 9 14 4 3 1 8 18 20 6 0 13 15 21 17 2 24 5 16 23 22 19 11 10
76 1 12 7 9 14 4 3 1 8 18 20 6 2 13 15 21 17 0 24 5 16 23 22 19 11 10
75 1 12 7 9 14 4 3 1 8 18 20 6 2 13 15 21 17 22 24 5 16 23 0 19 11 10
74 1 12 7 9 14 4 3 1 8 18 20 6 2 13 15 21 17 22 24 5 16 23 19 0 11 10
73 1 12 7 9 14 4 3 1 8 18 20 6 2 13 15 21 17 22 0 5 16 23 19 24 11 10
72 1 12 7 9 14 4 3 1 8 18 20 6 2 0 15 21 17 22 13 5 16 23 19 24 11 10
71 1 12 7 9 14 4 3 1 8 18 20 6 2 15 0 21 17 22 13 5 16 23 19 24 11 10
70 1 12 7 9 14 4 3 1 8 18 20 6 2 15 5 21 17 22 13 0 16 23 19 24 11 10
69 1 12 7 9 14 4 3 1 8 18 20 6 2 15 5 21 17 22 13 16 0 23 19 24 11 10
68 1 12 7 9 14 4 3 1 8 18 20 6 2 15 5 0 17 22 13 16 21 23 19 24 11 10
67 1 12 7 9 14 4 3 1 8 18 20 6 2 15 0 5 17 22 13 16 21 23 19 24 11 10
66 1 12 7 9 14 4 3 1 8 18 20 6 2 0 15 5 17 22 13 16 21 23 19 24 11 10
65 1 12 7 9 14 4 3 1 8 18 20 6 2 13 15 5 17 22 0 16 21 23 19 24 11 10
64 1 12 7 9 14 4 3 1 8 18 20 6 2 13 15 5 17 22 16 0 21 23 19 24 11 10
63 1 12 7 9 14 4 3 1 8 18 20 6 2 13 15 5 17 22 16 11 21 23 19 24 0 10
62 1 12 7 9 14 4 3 1 8 18 20 6 2 13 15 5 17 22 16 11 21 23 19 0 24 10
61 1 12 7 9 14 4 3 1 8 18 20 6 2 13 15 5 17 22 16 11 21 23 0 19 24 10
60 1 12 7 9 14 4 3 1 8 18 20 6 2 13 15 5 17 22 16 11 21 0 23 19 24 10
59 1 12 7 9 14 4 3 1 8 18 20 6 2 13 15 5 0 22 16 11 21 17 23 19 24 10
58 1 12 7 9 14 4 3 1 8 18 20 6 2 13 15 5 22 0 16 11 21 17 23 19 24 10
57 1 12 7 9 14 4 3 1 8 18 20 6 2 13 15 5 22 16 0 11 21 17 23 19 24 10
56 1 12 7 9 14 4 3 1 8 18 20 6 2 13 15 5 22 16 11 0 21 17 23 19 24 10
55 1 12 7 9 14 4 3 1 8 18 20 6 2 13 15 5 22 16 11 21 0 17 23 19 24 10
54 1 12 7 9 14 4 3 1 8 18 20 6 2 13 15 5 22 16 11 21 10 17 23 19 24 0
53 1 12 7 9 14 4 3 1 8 18 20 6 2 13 15 5 22 16 11 21 10 17 23 19 0 24
52 1 12 7 9 14 4 3 1 8 18 20 6 2 13 15 5 22 16 11 21 10 17 23 0 19 24
51 1 12 7 9 14 4 3 1 8 18 20 6 2 13 15 5 22 16 11 21 10 17 0 23 19 24
50 1 12 7 9 14 4 3 1 8 18 20 6 2 13 15 5 22 16 11 21 10 0 17 23 19 24
49 1 12 7 9 14 4 3 1 8 18 20 6 2 13 15 5 0 16 11 21 10 22 17 23 19 24
48 1 12 7 9 14 4 3 1 8 18 20 6 2 13 15 5 16 0 11 21 10 22 17 23 19 24
47 1 12 7 9 14 4 3 1 8 18 20 6 2 13 15 5 16 11 0 21 10 22 17 23 19 24
46 1 12 7 9 14 4 3 1 8 18 20 6 2 13 15 5 16 11 21 0 10 22 17 23 19 24
45 1 12 7 9 14 4 3 1 8 18 20 6 2 13 0 5 16 11 21 15 10 22 17 23 19 24
44 1 12 7 9 14 4 3 1 8 0 20 6 2 13 18 5 16 11 21 15 10 22 17 23 19 24
43 1 12 7 9 14 4 3 1 8 20 0 6 2 13 18 5 16 11 21 15 10 22 17 23 19 24
42 1 12 7 9 14 4 3 1 8 20 5 6 2 13 18 0 16 11 21 15 10 22 17 23 19 24
41 1 12 7 9 14 4 3 1 8 20 5 6 2 13 18 10 16 11 21 15 0 22 17 23 19 24
40 1 12 7 9 14 4 3 1 8 20 5 6 2 13 18 10 16 11 21 0 15 22 17 23 19 24
39 1 12 7 9 14 4 3 1 8 20 5 6 2 13 0 10 16 11 21 18 15 22 17 23 19 24
38 1 12 7 9 14 4 3 1 8 0 5 6 2 13 20 10 16 11 21 18 15 22 17 23 19 24
37 1 12 7 9 0 4 3 1 8 14 5 6 2 13 20 10 16 11 21 18 15 22 17 23 19 24
36 1 12 7 0 9 4 3 1 8 14 5 6 2 13 20 10 16 11 21 18 15 22 17 23 19 24
35 1 12 0 7 9 4 3 1 8 14 5 6 2 13 20 10 16 11 21 18 15 22 17 23 19 24
34 1 12 1 7 9 4 3 0 8 14 5 6 2 13 20 10 16 11 21 18 15 22 17 23 19 24
33 1 12 1 7 9 4 0 3 8 14 5 6 2 13 20 10 16 11 21 18 15 22 17 23 19 24
32 1 0 1 7 9 4 12 3 8 14 5 6 2 13 20 10 16 11 21 18 15 22 17 23 19 24
31 1 1 0 7 9 4 12 3 8 14 5 6 2 13 20 10 16 11 21 18 15 22 17 23 19 24
30 1 1 3 7 9 4 12 0 8 14 5 6 2 13 20 10 16 11 21 18 15 22 17 23 19 24
70 1 11 1 10 5 4 3 7 16 12 19 21 6 2 14 24 15 0 9 8 22 23 17 13 20 18
69 1 11 1 10 5 4 3 7 16 12 19 21 6 2 14 24 0 15 9 8 22 23 17 13 20 18
68 1 11 1 10 5 4 3 7 16 12 19 0 6 2 14 24 21 15 9 8 22 23 17 13 20 18
67 1 11 1 10 5 4 3 7 16 12 19 6 0 2 14 24 21 15 9 8 22 23 17 13 20 18
66 1 11 1 10 5 4 3 0 16 12 19 6 7 2 14 24 21 15 9 8 22 23 17 13 20 18
65 1 11 1 10 5 4 0 3 16 12 19 6 7 2 14 24 21 15 9 8 22 23 17 13 20 18
64 1 0 1 10 5 4 11 3 16 12 19 6 7 2 14 24 21 15 9 8 22 23 17 13 20 18
63 1 1 0 10 5 4 11 3 16 12 19 6 7 2 14 24 21 15 9 8 22 23 17 13 20 18
62 1 1 3 10 5 4 11 0 16 12 19 6 7 2 14 24 21 15 9 8 22 23 17 13 20 18
61 1 1 3 10 5 4 11 16 0 12 19 6 7 2 14 24 21 15 9 8 22 23 17 13 20 18
60 1 1 3 10 5 4 11 16 2 12 19 6 7 0 14 24 21 15 9 8 22 23 17 13 20 18
59 1 1 3 10 5 4 11 16 2 12 19 6 0 7 14 24 21 15 9 8 22 23 17 13 20 18
58 1 1 3 10 5 4 11 0 2 12 19 6 16 7 14 24 21 15 9 8 22 23 17 13 20 18
57 1 1 3 10 5 4 0 11 2 12 19 6 16 7 14 24 21 15 9 8 22 23 17 13 20 18
56 1 1 3 10 5 4 6 11 2 12 19 0 16 7 14 24 21 15 9 8 22 23 17 13 20 18
55 1 1 3 10 5 4 6 11 2 12 19 16 0 7 14 24 21 15 9 8 22 23 17 13 20 18
54 1 1 3 10 5 4 6 0 2 12 19 16 11 7 14 24 21 15 9 8 22 23 17 13 20 18
53 1 1 3 10 5 4 6 2 0 12 19 16 11 7 14 24 21 15 9 8 22 23 17 13 20 18
52 1 1 3 10 5 4 6 2 12 0 19 16 11 7 14 24 21 15 9 8 22 23 17 13 20 18
51 1 1 3 10 0 4 6 2 12 5 19 16 11 7 14 24 21 15 9 8 22 23 17 13 20 18
50 1 1 3 0 10 4 6 2 12 5 19 16 11 7 14 24 21 15 9 8 22 23 17 13 20 18
49 1 1 0 3 10 4 6 2 12 5 19 16 11 7 14 24 21 15 9 8 22 23 17 13 20 18
48 1 1 2 3 10 4 6 0 12 5 19 16 11 7 14 24 21 15 9 8 22 23 17 13 20 18
47 1 1 2 3 10 4 6 12 0 5 19 16 11 7 14 24 21 15 9 8 22 23 17 13 20 18
46 1 1 2 3 10 4 6 12 7 5 19 16 11 0 14 24 21 15 9 8 22 23 17 13 20 18
45 1 1 2 3 10 4 6 12 7 5 19 16 11 9 14 24 21 15 0 8 22 23 17 13 20 18
44 1 1 2 3 10 4 6 12 7 5 19 16 11 9 14 24 21 0 15 8 22 23 17 13 20 18
43 1 1 2 3 10 4 6 12 7 5 19 16 11 9 14 24 21 17 15 8 22 23 0 13 20 18
42 1 1 2 3 10 4 6 12 7 5 19 16 11 9 14 24 21 17 15 8 22 0 23 13 20 18
41 1 1 2 3 10 4 6 12 7 5 19 16 11 9 14 24 0 17 15 8 22 21 23 13 20 18
40 1 1 2 3 10 4 6 12 7 5 19 0 11 9 14 24 16 17 15 8 22 21 23 13 20 18
39 1 1 2 3 10 4 6 12 7 5 19 11 0 9 14 24 16 17 15 8 22 21 23 13 20 18
38 1 1 2 3 10 4 6 0 7 5 19 11 12 9 14 24 16 17 15 8 22 21 23 13 20 18
37 1 1 2 3 10 4 6 7 0 5 19 11 12 9 14 24 16 17 15 8 22 21 23 13 20 18
36 1 1 2 3 10 4 6 7 9 5 19 11 12 0 14 24 16 17 15 8 22 21 23 13 20 18
35 1 1 2 3 10 4 6 7 9 5 19 11 12 15 14 24 16 17 0 8 22 21 23 13 20 18
34 1 1 2 3 10 4 6 7 9 5 19 11 12 15 14 24 16 17 8 0 22 21 23 13 20 18
33 1 1 2 3 10 4 6 7 9 5 19 11 12 15 14 24 16 17 8 22 0 21 23 13 20 18
32 1 1 2 3 10 4 6 7 9 5 19 11 12 15 14 0 16 17 8 22 24 21 23 13 20 18
31 1 1 2 3 10 4 6 7 9 5 0 11 12 15 14 19 16 17 8 22 24 21 23 13 20 18
30 1 1 2 3 10 4 6 7 9 0 5 11 12 15 14 19 16 17 8 22 24 21 23 13 20 18
80 1 9 11 14 10 6 13 16 5 0 4 3 22 15 2 19 7 18 8 24 23 12 1 21 17 20
79 1 9 11 14 10 6 13 16 0 5 4 3 22 15 2 19 7 18 8 24 23 12 1 21 17 20
78 1 9 11 0 10 6 13 16 14 5 4 3 22 15 2 19 7 18 8 24 23 12 1 21 17 20
77 1 9 11 10 0 6 13 16 14 5 4 3 22 15 2 19 7 18 8 24 23 12 1 21 17 20
76 1 9 11 10 6 0 13 16 14 5 4 3 22 15 2 19 7 18 8 24 23 12 1 21 17 20
75 1 9 11 10 6 4 13 16 14 5 0 3 22 15 2 19 7 18 8 24 23 12 1 21 17 20
74 1 9 11 10 6 4 13 16 14 0 5 3 22 15 2 19 7 18 8 24 23 12 1 21 17 20
73 1 9 11 10 6 4 13 16 14 2 5 3 22 15 0 19 7 18 8 24 23 12 1 21 17 20
72 1 9 11 10 6 4 13 16 14 2 5 3 22 0 15 19 7 18 8 24 23 12 1 21 17 20
71 1 9 11 10 6 4 13 16 14 2 5 3 22 8 15 19 7 18 0 24 23 12 1 21 17 20
70 1 9 11 10 6 4 13 16 14 2 5 3 22 8 15 19 7 0 18 24 23 12 1 21 17 20
69 1 9 11 10 6 4 13 16 14 2 5 3 0 8 15 19 7 22 18 24 23 12 1 21 17 20
68 1 9 11 10 6 4 13 0 14 2 5 3 16 8 15 19 7 22 18 24 23 12 1 21 17 20
67 1 9 11 10 6 4 0 13 14 2 5 3 16 8 15 19 7 22 18 24 23 12 1 21 17 20
66 1 9 11 10 6 4 3 13 14 2 5 0 16 8 15 19 7 22 18 24 23 12 1 21 17 20
65 1 9 11 10 6 4 3 13 14 2 5 16 0 8 15 19 7 22 18 24 23 12 1 21 17 20
64 1 9 11 10 6 4 3 13 14 2 5 16 8 0 15 19 7 22 18 24 23 12 1 21 17 20
63 1 9 11 10 6 4 3 13 14 2 5 16 8 18 15 19 7 22 0 24 23 12 1 21 17 20
62 1 9 11 10 6 4 3 13 14 2 5 16 8 18 15 19 7 0 22 24 23 12 1 21 17 20
61 1 9 11 10 6 4 3 13 14 2 5 16 8 18 15 19 7 1 22 24 23 12 0 21 17 20
60 1 9 11 10 6 4 3 13 14 2 5 16 8 18 15 19 7 1 22 24 23 12 21 0 17 20
59 1 9 11 10 6 4 3 13 14 2 5 16 8 18 15 19 7 1 22 24 23 12 21 17 0 20
58 1 9 11 10 6 4 3 13 14 2 5 16 8 18 15 19 7 1 22 0 23 12 21 17 24 20
57 1 9 11 10 6 4 3 13 14 2 5 16 8 18 15 19 7 1 22 23 0 12 21 17 24 20
56 1 9 11 10 6 4 3 13 14 2 5 16 8 18 15 0 7 1 22 23 19 12 21 17 24 20
55 1 9 11 10 6 4 3 13 14 2 5 16 8 18 0 15 7 1 22 23 19 12 21 17 24 20
54 1 9 11 10 6 4 3 13 14 2 5 16 8 0 18 15 7 1 22 23 19 12 21 17 24 20
53 1 9 11 10 6 4 3 13 0 2 5 16 8 14 18 15 7 1 22 23 19 12 21 17 24 20
52 1 9 11 0 6 4 3 13 10 2 5 16 8 14 18 15 7 1 22 23 19 12 21 17 24 20
51 1 9 11 6 0 4 3 13 10 2 5 16 8 14 18 15 7 1 22 23 19 12 21 17 24 20
50 1 9 11 6 2 4 3 13 10 0 5 16 8 14 18 15 7 1 22 23 19 12 21 17 24 20
49 1 9 11 6 2 4 3 13 0 10 5 16 8 14 18 15 7 1 22 23 19 12 21 17 24 20
48 1 9 11 6 2 4 3 0 13 10 5 16 8 14 18 15 7 1 22 23 19 12 21 17 24 20
47 1 9 0 6 2 4 3 11 13 10 5 16 8 14 18 15 7 1 22 23 19 12 21 17 24 20
46 1 0 9 6 2 4 3 11 13 10 5 16 8 14 18 15 7 1 22 23 19 12 21 17 24 20
45 1 3 9 6 2 4 0 11 13 10 5 16 8 14 18 15 7 1 22 23 19 12 21 17 24 20
44 1 3 9 6 2 4 11 0 13 10 5 16 8 14 18 15 7 1 22 23 19 12 21 17 24 20
43 1 3 9 6 2 4 11 8 13 10 5 16 0 14 18 15 7 1 22 23 19 12 21 17 24 20
42 1 3 9 6 2 4 11 8 13 10 5 16 1 14 18 15 7 0 22 23 19 12 21 17 24 20
41 1 3 9 6 2 4 11 8 13 10 5 16 1 14 18 15 0 7 22 23 19 12 21 17 24 20
40 1 3 9 6 2 4 11 8 13 10 5 16 1 14 18 15 12 7 22 23 19 0 21 17 24 20
39 1 3 9 6 2 4 11 8 13 10 5 16 1 14 18 15 12 7 22 23 19 21 0 17 24 20
38 1 3 9 6 2 4 11 8 13 10 5 16 1 14 18 15 12 7 22 23 19 21 17 0 24 20
37 1 3 9 6 2 4 11 8 13 10 5 16 1 14 18 15 12 7 0 23 19 21 17 22 24 20
36 1 3 9 6 2 4 11 8 13 10 5 16 1 14 18 15 12 7 23 0 19 21 17 22 24 20
35 1 3 9 6 2 4 11 8 13 10 5 16 1 14 0 15 12 7 23 18 19 21 17 22 24 20
34 1 3 9 6 2 4 11 8 13 10 5 16 1 0 14 15 12 7 23 18 19 21 17 22 24 20
33 1 3 9 6 2 4 11 8 0 10 5 16 1 13 14 15 12 7 23 18 19 21 17 22 24 20
32 1 3 9 0 2 4 11 8 6 10 5 16 1 13 14 15 12 7 23 18 19 21 17 22 24 20
31 1 3 0 9 2 4 11 8 6 10 5 16 1 13 14 15 12 7 23 18 19 21 17 22 24 20
30 1 3 8 9 2 4 11 0 6 10 5 16 1 13 14 15 12 7 23 18 19 21 17 22 24 20
88 1 4 1 19 14 6 3 10 11 18 21 0 12 9 15 8 17 2 16 5 20 22 24 7 23 13
87 1 4 1 19 14 6 3 10 11 18 21 12 0 9 15 8 17 2 16 5 20 22 24 7 23 13
86 1 4 1 19 14 6 3 0 11 18 21 12 10 9 15 8 17 2 16 5 20 22 24 7 23 13
85 1 4 0 19 14 6 3 1 11 18 21 12 10 9 15 8 17 2 16 5 20 22 24 7 23 13
84 1 0 4 19 14 6 3 1 11 18 21 12 10 9 15 8 17 2 16 5 20 22 24 7 23 13
83 1 3 4 19 14 6 0 1 11 18 21 12 10 9 15 8 17 2 16 5 20 22 24 7 23 13
82 1 3 4 19 14 6 1 0 11 18 21 12 10 9 15 8 17 2 16 5 20 22 24 7 23 13
81 1 3 4 19 14 6 1 11 0 18 21 12 10 9 15 8 17 2 16 5 20 22 24 7 23 13
80 1 3 4 19 14 6 1 11 9 18 21 12 10 0 15 8 17 2 16 5 20 22 24 7 23 13
79 1 3 4 19 14 6 1 11 9 18 21 12 0 10 15 8 17 2 16 5 20 22 24 7 23 13
78 1 3 4 19 14 6 1 11 9 18 21 12 2 10 15 8 17 0 16 5 20 22 24 7 23 13
77 1 3 4 19 14 6 1 11 9 18 21 12 2 10 15 8 17 16 0 5 20 22 24 7 23 13
76 1 3 4 19 14 6 1 11 9 18 21 12 2 10 15 8 17 16 7 5 20 22 24 0 23 13
75 1 3 4 19 14 6 1 11 9 18 21 12 2 10 15 8 17 16 7 5 20 22 24 23 0 13
74 1 3 4 19 14 6 1 11 9 18 21 12 2 10 15 8 17 16 7 5 20 22 24 23 13 0
73 1 3 4 19 14 6 1 11 9 18 21 12 2 10 15 8 17 16 7 5 0 22 24 23 13 20
72 1 3 4 19 14 6 1 11 9 18 21 12 2 10 15 8 17 16 7 0 5 22 24 23 13 20
71 1 3 4 19 14 6 1 11 9 18 21 12 2 10 0 8 17 16 7 15 5 22 24 23 13 20
70 1 3 4 19 14 6 1 11 9 0 21 12 2 10 18 8 17 16 7 15 5 22 24 23 13 20
69 1 3 4 19 14 6 1 11 9 21 0 12 2 10 18 8 17 16 7 15 5 22 24 23 13 20
68 1 3 4 19 14 6 1 11 9 21 8 12 2 10 18 0 17 16 7 15 5 22 24 23 13 20
67 1 3 4 19 14 6 1 11 9 21 8 12 2 10 18 5 17 16 7 15 0 22 24 23 13 20
66 1 3 4 19 14 6 1 11 9 21 8 12 2 10 18 5 17 16 7 0 15 22 24 23 13 20
65 1 3 4 19 14 6 1 11 9 21 8 12 2 10 0 5 17 16 7 18 15 22 24 23 13 20
64 1 3 4 19 14 6 1 11 9 21 8 12 2 0 10 5 17 16 7 18 15 22 24 23 13 20
63 1 3 4 19 14 6 1 11 0 21 8 12 2 9 10 5 17 16 7 18 15 22 24 23 13 20
62 1 3 4 19 14 6 1 11 21 0 8 12 2 9 10 5 17 16 7 18 15 22 24 23 13 20
61 1 3 4 19 0 6 1 11 21 14 8 12 2 9 10 5 17 16 7 18 15 22 24 23 13 20
60 1 3 4 19 6 0 1 11 21 14 8 12 2 9 10 5 17 16 7 18 15 22 24 23 13 20
59 1 3 4 19 6 8 1 11 21 14 0 12 2 9 10 5 17 16 7 18 15 22 24 23 13 20
58 1 3 4 19 6 8 1 11 21 14 5 12 2 9 10 0 17 16 7 18 15 22 24 23 13 20
57 1 3 4 19 6 8 1 11 21 14 5 12 2 9 0 10 17 16 7 18 15 22 24 23 13 20
56 1 3 4 19 6 8 1 11 21 0 5 12 2 9 14 10 17 16 7 18 15 22 24 23 13 20
55 1 3 4 19 0 8 1 11 21 6 5 12 2 9 14 10 17 16 7 18 15 22 24 23 13 20
54 1 3 4 19 8 0 1 11 21 6 5 12 2 9 14 10 17 16 7 18 15 22 24 23 13 20
53 1 3 4 19 8 5 1 11 21 6 0 12 2 9 14 10 17 16 7 18 15 22 24 23 13 20
52 1 3 4 19 8 5 1 11 21 6 10 12 2 9 14 0 17 16 7 18 15 22 24 23 13 20
51 1 3 4 19 8 5 1 11 21 6 10 12 2 9 0 14 17 16 7 18 15 22 24 23 13 20
50 1 3 4 19 8 5 1 11 21 6 10 12 2 0 9 14 17 16 7 18 15 22 24 23 13 20
49 1 3 4 19 8 5 1 11 0 6 10 12 2 21 9 14 17 16 7 18 15 22 24 23 13 20
48 1 3 4 0 8 5 1 11 19 6 10 12 2 21 9 14 17 16 7 18 15 22 24 23 13 20
47 1 3 0 4 8 5 1 11 19 6 10 12 2 21 9 14 17 16 7 18 15 22 24 23 13 20
46 1 0 3 4 8 5 1 11 19 6 10 12 2 21 9 14 17 16 7 18 15 22 24 23 13 20
45 1 1 3 4 8 5 0 11 19 6 10 12 2 21 9 14 17 16 7 18 15 22 24 23 13 20
44 1 1 3 4 8 5 11 0 19 6 10 12 2 21 9 14 17 16 7 18 15 22 24 23 13 20
43 1 1 3 4 8 5 11 2 19 6 10 12 0 21 9 14 17 16 7 18 15 22 24 23 13 20
42 1 1 3 4 8 5 11 2 19 6 10 12 21 0 9 14 17 16 7 18 15 22 24 23 13 20
41 1 1 3 4 8 5 11 2 19 6 10 12 21 7 9 14 17 16 0 18 15 22 24 23 13 20
40 1 1 3 4 8 5 11 2 19 6 10 12 21 7 9 14 17 16 23 18 15 22 24 0 13 20
39 1 1 3 4 8 5 11 2 19 6 10 12 21 7 9 14 17 16 23 18 15 22 0 24 13 20
38 1 1 3 4 8 5 11 2 19 6 10 12 21 7 9 14 17 0 23 18 15 22 16 24 13 20
37 1 1 3 4 8 5 11 2 19 6 10 12 21 7 9 14 0 17 23 18 15 22 16 24 13 20
36 1 1 3 4 8 5 11 2 19 6 10 0 21 7 9 14 12 17 23 18 15 22 16 24 13 20
35 1 1 3 4 8 5 11 2 19 6 10 21 0 7 9 14 12 17 23 18 15 22 16 24 13 20
34 1 1 3 4 8 5 11 2 19 6 10 21 7 0 9 14 12 17 23 18 15 22 16 24 13 20
33 1 1 3 4 8 5 11 2 0 6 10 21 7 19 9 14 12 17 23 18 15 22 16 24 13 20
32 1 1 3 4 8 5 11 2 6 0 10 21 7 19 9 14 12 17 23 18 15 22 16 24 13 20
31 1 1 3 4 0 5 11 2 6 8 10 21 7 19 9 14 12 17 23 18 15 22 16 24 13 20
30 1 1 3 0 4 5 11 2 6 8 10 21 7 19 9 14 12 17 23 18 15 22 16 24 13 20
64 1 1 8 11 3 4 23 2 19 6 5 16 21 0 24 9 7 17 10 15 13 22 12 14 18 20
63 1 1 8 11 3 4 23 2 0 6 5 16 21 19 24 9 7 17 10 15 13 22 12 14 18 20
62 1 1 8 0 3 4 23 2 11 6 5 16 21 19 24 9 7 17 10 15 13 22 12 14 18 20
61 1 1 0 8 3 4 23 2 11 6 5 16 21 19 24 9 7 17 10 15 13 22 12 14 18 20
60 1 1 2 8 3 4 23 0 11 6 5 16 21 19 24 9 7 17 10 15 13 22 12 14 18 20
59 1 1 2 8 3 4 0 23 11 6 5 16 21 19 24 9 7 17 10 15 13 22 12 14 18 20
58 1 1 2 8 3 4 16 23 11 6 5 0 21 19 24 9 7 17 10 15 13 22 12 14 18 20
57 1 1 2 8 3 4 16 23 11 6 5 21 0 19 24 9 7 17 10 15 13 22 12 14 18 20
56 1 1 2 8 3 4 16 0 11 6 5 21 23 19 24 9 7 17 10 15 13 22 12 14 18 20
55 1 1 2 8 3 4 16 11 0 6 5 21 23 19 24 9 7 17 10 15 13 22 12 14 18 20
54 1 1 2 8 3 4 16 11 19 6 5 21 23 0 24 9 7 17 10 15 13 22 12 14 18 20
53 1 1 2 8 3 4 16 11 19 6 5 21 23 10 24 9 7 17 0 15 13 22 12 14 18 20
52 1 1 2 8 3 4 16 11 19 6 5 21 23 10 24 9 7 0 17 15 13 22 12 14 18 20
51 1 1 2 8 3 4 16 11 19 6 5 21 23 10 24 9 0 7 17 15 13 22 12 14 18 20
50 1 1 2 8 3 4 16 11 19 6 5 0 23 10 24 9 21 7 17 15 13 22 12 14 18 20
49 1 1 2 8 3 4 0 11 19 6 5 16 23 10 24 9 21 7 17 15 13 22 12 14 18 20
48 1 1 2 8 3 4 11 0 19 6 5 16 23 10 24 9 21 7 17 15 13 22 12 14 18 20
47 1 1 2 8 3 4 11 19 0 6 5 16 23 10 24 9 21 7 17 15 13 22 12 14 18 20
46 1 1 2 8 3 4 11 19 6 0 5 16 23 10 24 9 21 7 17 15 13 22 12 14 18 20
45 1 1 2 8 3 4 11 19 6 24 5 16 23 10 0 9 21 7 17 15 13 22 12 14 18 20
44 1 1 2 8 3 4 11 19 6 24 5 16 23 0 10 9 21 7 17 15 13 22 12 14 18 20
43 1 1 2 8 3 4 11 19 6 24 5 16 0 23 10 9 21 7 17 15 13 22 12 14 18 20
42 1 1 2 8 3 4 11 0 6 24 5 16 19 23 10 9 21 7 17 15 13 22 12 14 18 20
41 1 1 2 8 3 4 11 6 0 24 5 16 19 23 10 9 21 7 17 15 13 22 12 14 18 20
40 1 1 2 0 3 4 11 6 8 24 5 16 19 23 10 9 21 7 17 15 13 22 12 14 18 20
39 1 1 2 3 0 4 11 6 8 24 5 16 19 23 10 9 21 7 17 15 13 22 12 14 18 20
38 1 1 2 3 4 0 11 6 8 24 5 16 19 23 10 9 21 7 17 15 13 22 12 14 18 20
37 1 1 2 3 4 5 11 6 8 24 0 16 19 23 10 9 21 7 17 15 13 22 12 14 18 20
36 1 1 2 3 4 5 11 6 8 24 9 16 19 23 10 0 21 7 17 15 13 22 12 14 18 20
35 1 1 2 3 4 5 11 6 8 24 9 16 19 23 0 10 21 7 17 15 13 22 12 14 18 20
34 1 1 2 3 4 5 11 6 8 0 9 16 19 23 24 10 21 7 17 15 13 22 12 14 18 20
33 1 1 2 3 4 5 11 6 8 9 0 16 19 23 24 10 21 7 17 15 13 22 12 14 18 20
32 1 1 2 3 4 5 11 6 8 9 10 16 19 23 24 0 21 7 17 15 13 22 12 14 18 20
31 1 1 2 3 4 5 11 6 8 9 10 16 19 23 24 13 21 7 17 15 0 22 12 14 18 20
30 1 1 2 3 4 5 11 6 8 9 10 16 19 23 24 13 21 7 17 0 15 22 12 14 18 20
74 1 6 23 3 14 5 11 0 1 18 17 12 21 2 13 15 4 22 7 10 8 16 24 9 19 20
73 1 6 0 3 14 5 11 23 1 18 17 12 21 2 13 15 4 22 7 10 8 16 24 9 19 20
72 1 0 6 3 14 5 11 23 1 18 17 12 21 2 13 15 4 22 7 10 8 16 24 9 19 20
71 1 11 6 3 14 5 0 23 1 18 17 12 21 2 13 15 4 22 7 10 8 16 24 9 19 20
70 1 11 6 3 14 5 12 23 1 18 17 0 21 2 13 15 4 22 7 10 8 16 24 9 19 20
69 1 11 6 3 14 5 12 23 1 18 17 4 21 2 13 15 0 22 7 10 8 16 24 9 19 20
68 1 11 6 3 14 5 12 23 1 18 17 4 21 2 13 15 22 0 7 10 8 16 24 9 19 20
67 1 11 6 3 14 5 12 23 1 18 17 4 0 2 13 15 22 21 7 10 8 16 24 9 19 20
66 1 11 6 3 14 5 12 0 1 18 17 4 23 2 13 15 22 21 7 10 8 16 24 9 19 20
65 1 11 6 3 14 5 12 1 0 18 17 4 23 2 13 15 22 21 7 10 8 16 24 9 19 20
64 1 11 6 3 14 5 12 1 2 18 17 4 23 0 13 15 22 21 7 10 8 16 24 9 19 20
63 1 11 6 3 14 5 12 1 2 18 17 4 23 7 13 15 22 21 0 10 8 16 24 9 19 20
62 1 11 6 3 14 5 12 1 2 18 17 4 23 7 13 15 22 21 9 10 8 16 24 0 19 20
61 1 11 6 3 14 5 12 1 2 18 17 4 23 7 13 15 22 21 9 10 8 16 0 24 19 20
60 1 11 6 3 14 5 12 1 2 18 17 4 23 7 13 15 22 0 9 10 8 16 21 24 19 20
59 1 11 6 3 14 5 12 1 2 18 17 4 0 7 13 15 22 23 9 10 8 16 21 24 19 20
58 1 11 6 3 14 5 12 1 2 18 17 0 4 7 13 15 22 23 9 10 8 16 21 24 19 20
57 1 11 6 3 14 5 0 1 2 18 17 12 4 7 13 15 22 23 9 10 8 16 21 24 19 20
56 1 0 6 3 14 5 11 1 2 18 17 12 4 7 13 15 22 23 9 10 8 16 21 24 19 20
55 1 6 0 3 14 5 11 1 2 18 17 12 4 7 13 15 22 23 9 10 8 16 21 24 19 20
54 1 6 1 3 14 5 11 0 2 18 17 12 4 7 13 15 22 23 9 10 8 16 21 24 19 20
53 1 6 1 3 14 5 11 4 2 18 17 12 0 7 13 15 22 23 9 10 8 16 21 24 19 20
52 1 6 1 3 14 5 11 4 2 18 17 12 7 0 13 15 22 23 9 10 8 16 21 24 19 20
51 1 6 1 3 14 5 11 4 2 18 17 12 7 13 0 15 22 23 9 10 8 16 21 24 19 20
50 1 6 1 3 14 5 11 4 2 0 17 12 7 13 18 15 22 23 9 10 8 16 21 24 19 20
49 1 6 1 3 0 5 11 4 2 14 17 12 7 13 18 15 22 23 9 10 8 16 21 24 19 20
48 1 6 1 0 3 5 11 4 2 14 17 12 7 13 18 15 22 23 9 10 8 16 21 24 19 20
47 1 6 1 2 3 5 11 4 0 14 17 12 7 13 18 15 22 23 9 10 8 16 21 24 19 20
46 1 6 1 2 3 5 11 4 13 14 17 12 7 0 18 15 22 23 9 10 8 16 21 24 19 20
45 1 6 1 2 3 5 11 4 13 14 17 12 7 18 0 15 22 23 9 10 8 16 21 24 19 20
44 1 6 1 2 3 5 11 4 13 14 17 12 7 18 10 15 22 23 9 0 8 16 21 24 19 20
43 1 6 1 2 3 5 11 4 13 14 17 12 7 18 10 15 22 23 9 8 0 16 21 24 19 20
42 1 6 1 2 3 5 11 4 13 14 17 12 7 18 10 0 22 23 9 8 15 16 21 24 19 20
41 1 6 1 2 3 5 11 4 13 14 0 12 7 18 10 17 22 23 9 8 15 16 21 24 19 20
40 1 6 1 2 3 5 11 4 13 0 14 12 7 18 10 17 22 23 9 8 15 16 21 24 19 20
39 1 6 1 2 3 5 11 4 13 10 14 12 7 18 0 17 22 23 9 8 15 16 21 24 19 20
38 1 6 1 2 3 5 11 4 13 10 14 12 7 18 17 0 22 23 9 8 15 16 21 24 19 20
37 1 6 1 2 3 5 11 4 13 10 0 12 7 18 17 14 22 23 9 8 15 16 21 24 19 20
36 1 6 1 2 3 5 11 4 13 0 10 12 7 18 17 14 22 23 9 8 15 16 21 24 19 20
35 1 6 1 2 3 5 11 4 0 13 10 12 7 18 17 14 22 23 9 8 15 16 21 24 19 20
34 1 6 1 2 3 5 11 0 4 13 10 12 7 18 17 14 22 23 9 8 15 16 21 24 19 20
33 1 6 1 2 3 5 11 7 4 13 10 12 0 18 17 14 22 23 9 8 15 16 21 24 19 20
32 1 6 1 2 3 5 11 7 4 13 10 12 18 0 17 14 22 23 9 8 15 16 21 24 19 20
31 1 6 1 2 3 5 11 7 4 13 10 12 18 17 0 14 22 23 9 8 15 16 21 24 19 20
30 1 6 1 2 3 5 11 7 4 13 10 12 18 17 8 14 22 23 9 0 15 16 21 24 19 20
72 1 3 12 1 8 10 2 11 14 9 5 6 17 24 4 22 13 15 7 19 23 16 21 0 18 20
71 1 3 12 1 8 10 2 11 14 9 5 6 17 24 4 22 13 15 7 19 23 16 21 18 0 20
70 1 3 12 1 8 10 2 11 14 9 5 6 17 24 4 22 13 15 7 0 23 16 21 18 19 20
69 1 3 12 1 8 10 2 11 14 9 5 6 17 24 0 22 13 15 7 4 23 16 21 18 19 20
68 1 3 12 1 8 10 2 11 14 9 5 6 17 0 24 22 13 15 7 4 23 16 21 18 19 20
67 1 3 12 1 8 10 2 11 14 9 5 6 17 7 24 22 13 15 0 4 23 16 21 18 19 20
66 1 3 12 1 8 10 2 11 14 9 5 6 17 7 24 22 13 0 15 4 23 16 21 18 19 20
65 1 3 12 1 8 10 2 11 14 9 5 6 0 7 24 22 13 17 15 4 23 16 21 18 19 20
64 1 3 12 1 8 10 2 11 14 9 5 6 7 0 24 22 13 17 15 4 23 16 21 18 19 20
63 1 3 12 1 8 10 2 11 14 9 5 6 7 24 0 22 13 17 15 4 23 16 21 18 19 20
62 1 3 12 1 8 10 2 11 14 9 5 6 7 24 22 0 13 17 15 4 23 16 21 18 19 20
61 1 3 12 1 8 10 2 11 14 9 5 6 7 24 22 23 13 17 15 4 0 16 21 18 19 20
60 1 3 12 1 8 10 2 11 14 9 5 6 7 24 22 23 13 17 15 0 4 16 21 18 19 20
59 1 3 12 1 8 10 2 11 14 9 5 6 7 24 22 23 13 17 0 15 4 16 21 18 19 20
58 1 3 12 1 8 10 2 11 14 9 5 6 7 0 22 23 13 17 24 15 4 16 21 18 19 20
57 1 3 12 1 8 10 2 11 14 9 5 6 7 22 0 23 13 17 24 15 4 16 21 18 19 20
56 1 3 12 1 8 10 2 11 14 9 5 6 7 22 23 0 13 17 24 15 4 16 21 18 19 20
55 1 3 12 1 8 10 2 11 14 9 5 6 7 22 23 4 13 17 24 15 0 16 21 18 19 20
54 1 3 12 1 8 10 2 11 14 9 5 6 7 22 23 4 13 17 24 0 15 16 21 18 19 20
53 1 3 12 1 8 10 2 11 14 9 5 6 7 22 23 4 13 17 24 19 15 16 21 18 0 20
52 1 3 12 1 8 10 2 11 14 9 5 6 7 22 23 4 13 17 24 19 15 16 21 0 18 20
51 1 3 12 1 8 10 2 11 14 9 5 6 7 22 23 4 13 17 0 19 15 16 21 24 18 20
50 1 3 12 1 8 10 2 11 14 9 5 6 7 0 23 4 13 17 22 19 15 16 21 24 18 20
49 1 3 12 1 8 10 2 11 14 9 5 6 7 23 0 4 13 17 22 19 15 16 21 24 18 20
48 1 3 12 1 8 10 2 11 14 0 5 6 7 23 9 4 13 17 22 19 15 16 21 24 18 20
47 1 3 12 1 8 10 2 11 14 5 0 6 7 23 9 4 13 17 22 19 15 16 21 24 18 20
46 1 3 12 1 8 10 2 11 14 5 4 6 7 23 9 0 13 17 22 19 15 16 21 24 18 20
45 1 3 12 1 8 10 2 11 14 5 4 6 7 23 9 15 13 17 22 19 0 16 21 24 18 20
44 1 3 12 1 8 10 2 11 14 5 4 6 7 23 9 15 13 17 22 0 19 16 21 24 18 20
43 1 3 12 1 8 10 2 11 14 5 4 6 7 23 9 15 13 17 22 18 19 16 21 24 0 20
42 1 3 12 1 8 10 2 11 14 5 4 6 7 23 9 15 13 17 22 18 19 16 21 0 24 20
41 1 3 12 1 8 10 2 11 14 5 4 6 7 23 9 15 13 17 0 18 19 16 21 22 24 20
40 1 3 12 1 8 10 2 11 14 5 4 6 7 0 9 15 13 17 23 18 19 16 21 22 24 20
39 1 3 12 1 8 10 2 11 0 5 4 6 7 14 9 15 13 17 23 18 19 16 21 22 24 20
38 1 3 12 1 8 10 2 0 11 5 4 6 7 14 9 15 13 17 23 18 19 16 21 22 24 20
37 1 3 0 1 8 10 2 12 11 5 4 6 7 14 9 15 13 17 23 18 19 16 21 22 24 20
36 1 3 1 0 8 10 2 12 11 5 4 6 7 14 9 15 13 17 23 18 19 16 21 22 24 20
35 1 3 1 8 0 10 2 12 11 5 4 6 7 14 9 15 13 17 23 18 19 16 21 22 24 20
34 1 3 1 8 5 10 2 12 11 0 4 6 7 14 9 15 13 17 23 18 19 16 21 22 24 20
33 1 3 1 8 5 10 2 12 11 4 0 6 7 14 9 15 13 17 23 18 19 16 21 22 24 20
32 1 3 1 8 5 0 2 12 11 4 10 6 7 14 9 15 13 17 23 18 19 16 21 22 24 20
31 1 3 1 8 0 5 2 12 11 4 10 6 7 14 9 15 13 17 23 18 19 16 21 22 24 20
30 1 3 1 8 4 5 2 12 11 0 10 6 7 14 9 15 13 17 23 18 19 16 21 22 24 20
64 1 1 7 10 5 9 17 18 8 3 19 12 2 0 16 13 6 14 15 4 22 11 21 23 24 20
63 1 1 7 10 5 9 17 18 8 3 19 12 2 16 0 13 6 14 15 4 22 11 21 23 24 20
62 1 1 7 10 5 9 17 18 8 3 19 12 2 16 4 13 6 14 15 0 22 11 21 23 24 20
61 1 1 7 10 5 9 17 18 8 3 19 12 2 16 4 13 6 14 15 22 0 11 21 23 24 20
60 1 1 7 10 5 9 17 18 8 3 19 12 2 16 4 0 6 14 15 22 13 11 21 23 24 20
59 1 1 7 10 5 9 17 18 8 3 0 12 2 16 4 19 6 14 15 22 13 11 21 23 24 20
58 1 1 7 10 5 0 17 18 8 3 9 12 2 16 4 19 6 14 15 22 13 11 21 23 24 20
57 1 1 7 10 0 5 17 18 8 3 9 12 2 16 4 19 6 14 15 22 13 11 21 23 24 20
56 1 1 7 10 3 5 17 18 8 0 9 12 2 16 4 19 6 14 15 22 13 11 21 23 24 20
55 1 1 7 10 3 5 17 18 8 4 9 12 2 16 0 19 6 14 15 22 13 11 21 23 24 20
54 1 1 7 10 3 5 17 18 8 4 9 12 2 0 16 19 6 14 15 22 13 11 21 23 24 20
53 1 1 7 10 3 5 17 18 8 4 9 12 2 15 16 19 6 14 0 22 13 11 21 23 24 20
52 1 1 7 10 3 5 17 18 8 4 9 12 2 15 16 19 6 14 22 0 13 11 21 23 24 20
51 1 1 7 10 3 5 17 18 8 4 9 12 2 15 0 19 6 14 22 16 13 11 21 23 24 20
50 1 1 7 10 3 5 17 18 8 4 9 12 2 0 15 19 6 14 22 16 13 11 21 23 24 20
49 1 1 7 10 3 5 17 18 0 4 9 12 2 8 15 19 6 14 22 16 13 11 21 23 24 20
48 1 1 7 10 3 5 17 0 18 4 9 12 2 8 15 19 6 14 22 16 13 11 21 23 24 20
47 1 1 7 10 3 5 17 2 18 4 9 12 0 8 15 19 6 14 22 16 13 11 21 23 24 20
46 1 1 7 10 3 5 17 2 18 4 9 12 14 8 15 19 6 0 22 16 13 11 21 23 24 20
45 1 1 7 10 3 5 17 2 18 4 9 12 14 8 15 19 6 22 0 16 13 11 21 23 24 20
44 1 1 7 10 3 5 17 2 18 4 9 12 14 8 15 19 6 22 16 0 13 11 21 23 24 20
43 1 1 7 10 3 5 17 2 18 4 9 12 14 8 15 19 6 22 16 13 0 11 21 23 24 20
42 1 1 7 10 3 5 17 2 18 4 9 12 14 8 15 0 6 22 16 13 19 11 21 23 24 20
41 1 1 7 10 3 5 17 2 18 4 9 12 14 8 0 15 6 22 16 13 19 11 21 23 24 20
40 1 1 7 10 3 5 17 2 18 4 9 12 14 0 8 15 6 22 16 13 19 11 21 23 24 20
39 1 1 7 10 3 5 17 2 0 4 9 12 14 18 8 15 6 22 16 13 19 11 21 23 24 20
38 1 1 7 0 3 5 17 2 10 4 9 12 14 18 8 15 6 22 16 13 19 11 21 23 24 20
37 1 1 0 7 3 5 17 2 10 4 9 12 14 18 8 15 6 22 16 13 19 11 21 23 24 20
36 1 1 2 7 3 5 17 0 10 4 9 12 14 18 8 15 6 22 16 13 19 11 21 23 24 20
35 1 1 2 7 3 5 0 17 10 4 9 12 14 18 8 15 6 22 16 13 19 11 21 23 24 20
34 1 1 2 7 3 5 12 17 10 4 9 0 14 18 8 15 6 22 16 13 19 11 21 23 24 20
33 1 1 2 7 3 5 12 17 10 4 9 6 14 18 8 15 0 22 16 13 19 11 21 23 24 20
32 1 1 2 7 3 5 12 17 10 4 9 6 14 18 8 15 11 22 16 13 19 0 21 23 24 20
31 1 1 2 7 3 5 12 17 10 4 9 6 14 18 8 15 11 22 16 13 19 21 0 23 24 20
30 1 1 2 7 3 5 12 17 10 4 9 6 14 18 8 15 11 0 16 13 19 21 22 23 24 20
82 1 13 8 0 4 23 12 3 2 9 10 11 7 1 15 24 17 5 16 20 22 6 18 21 19 14
81 1 13 8 2 4 23 12 3 0 9 10 11 7 1 15 24 17 5 16 20 22 6 18 21 19 14
80 1 13 8 2 4 23 12 0 3 9 10 11 7 1 15 24 17 5 16 20 22 6 18 21 19 14
79 1 13 8 2 4 23 12 7 3 9 10 11 0 1 15 24 17 5 16 20 22 6 18 21 19 14
78 1 13 8 2 4 23 12 7 3 9 10 11 5 1 15 24 17 0 16 20 22 6 18 21 19 14
77 1 13 8 2 4 23 12 7 3 9 10 11 5 1 15 24 17 18 16 20 22 6 0 21 19 14
76 1 13 8 2 4 23 12 7 3 9 10 11 5 1 15 24 17 18 16 20 22 6 21 0 19 14
75 1 13 8 2 4 23 12 7 3 9 10 11 5 1 15 24 17 18 16 20 22 6 21 19 0 14
74 1 13 8 2 4 23 12 7 3 9 10 11 5 1 15 24 17 18 16 0 22 6 21 19 20 14
73 1 13 8 2 4 23 12 7 3 9 10 11 5 1 15 24 17 18 16 22 0 6 21 19 20 14
72 1 13 8 2 4 23 12 7 3 9 10 11 5 1 15 0 17 18 16 22 24 6 21 19 20 14
71 1 13 8 2 4 23 12 7 3 9 10 11 5 1 0 15 17 18 16 22 24 6 21 19 20 14
70 1 13 8 2 4 23 12 7 3 0 10 11 5 1 9 15 17 18 16 22 24 6 21 19 20 14
69 1 13 8 2 0 23 12 7 3 4 10 11 5 1 9 15 17 18 16 22 24 6 21 19 20 14
68 1 13 8 2 23 0 12 7 3 4 10 11 5 1 9 15 17 18 16 22 24 6 21 19 20 14
67 1 13 8 2 23 10 12 7 3 4 0 11 5 1 9 15 17 18 16 22 24 6 21 19 20 14
66 1 13 8 2 23 10 12 7 3 0 4 11 5 1 9 15 17 18 16 22 24 6 21 19 20 14
65 1 13 8 2 23 10 12 7 0 3 4 11 5 1 9 15 17 18 16 22 24 6 21 19 20 14
64 1 13 8 2 23 10 12 7 1 3 4 11 5 0 9 15 17 18 16 22 24 6 21 19 20 14
63 1 13 8 2 23 10 12 7 1 3 4 11 0 5 9 15 17 18 16 22 24 6 21 19 20 14
62 1 13 8 2 23 10 12 7 1 3 4 0 11 5 9 15 17 18 16 22 24 6 21 19 20 14
61 1 13 8 2 23 10 0 7 1 3 4 12 11 5 9 15 17 18 16 22 24 6 21 19 20 14
60 1 13 8 2 23 10 7 0 1 3 4 12 11 5 9 15 17 18 16 22 24 6 21 19 20 14
59 1 13 8 2 23 10 7 1 0 3 4 12 11 5 9 15 17 18 16 22 24 6 21 19 20 14
58 1 13 8 2 23 10 7 1 5 3 4 12 11 0 9 15 17 18 16 22 24 6 21 19 20 14
57 1 13 8 2 23 10 7 1 5 3 4 12 11 16 9 15 17 18 0 22 24 6 21 19 20 14
56 1 13 8 2 23 10 7 1 5 3 4 12 11 16 9 15 17 18 22 0 24 6 21 19 20 14
55 1 13 8 2 23 10 7 1 5 3 4 12 11 16 9 15 17 18 22 20 24 6 21 19 0 14
54 1 13 8 2 23 10 7 1 5 3 4 12 11 16 9 15 17 18 22 20 24 6 21 19 14 0
53 1 13 8 2 23 10 7 1 5 3 4 12 11 16 9 15 17 18 22 20 0 6 21 19 14 24
52 1 13 8 2 23 10 7 1 5 3 4 12 11 16 9 15 17 18 22 0 20 6 21 19 14 24
51 1 13 8 2 23 10 7 1 5 3 4 12 11 16 9 15 17 18 22 14 20 6 21 19 0 24
50 1 13 8 2 23 10 7 1 5 3 4 12 11 16 9 15 17 18 22 14 20 6 21 0 19 24
49 1 13 8 2 23 10 7 1 5 3 4 12 11 16 9 15 17 18 0 14 20 6 21 22 19 24
48 1 13 8 2 23 10 7 1 5 3 4 12 11 16 9 15 17 0 18 14 20 6 21 22 19 24
47 1 13 8 2 23 10 7 1 5 3 4 12 11 16 9 15 0 17 18 14 20 6 21 22 19 24
46 1 13 8 2 23 10 7 1 5 3 4 12 11 16 9 15 6 17 18 14 20 0 21 22 19 24
45 1 13 8 2 23 10 7 1 5 3 4 12 11 16 9 15 6 17 18 14 20 21 0 22 19 24
44 1 13 8 2 23 10 7 1 5 3 4 12 11 16 9 15 6 0 18 14 20 21 17 22 19 24
43 1 13 8 2 23 10 7 1 5 3 4 12 0 16 9 15 6 11 18 14 20 21 17 22 19 24
42 1 13 8 2 23 10 7 1 5 3 4 0 12 16 9 15 6 11 18 14 20 21 17 22 19 24
41 1 13 8 2 23 10 0 1 5 3 4 7 12 16 9 15 6 11 18 14 20 21 17 22 19 24
40 1 0 8 2 23 10 13 1 5 3 4 7 12 16 9 15 6 11 18 14 20 21 17 22 19 24
39 1 8 0 2 23 10 13 1 5 3 4 7 12 16 9 15 6 11 18 14 20 21 17 22 19 24
38 1 8 1 2 23 10 13 0 5 3 4 7 12 16 9 15 6 11 18 14 20 21 17 22 19 24
37 1 8 1 2 23 10 0 13 5 3 4 7 12 16 9 15 6 11 18 14 20 21 17 22 19 24
36 1 0 1 2 23 10 8 13 5 3 4 7 12 16 9 15 6 11 18 14 20 21 17 22 19 24
35 1 1 0 2 23 10 8 13 5 3 4 7 12 16 9 15 6 11 18 14 20 21 17 22 19 24
34 1 1 2 0 23 10 8 13 5 3 4 7 12 16 9 15 6 11 18 14 20 21 17 22 19 24
33 1 1 2 5 23 10 8 13 0 3 4 7 12 16 9 15 6 11 18 14 20 21 17 22 19 24
32 1 1 2 5 23 10 8 13 3 0 4 7 12 16 9 15 6 11 18 14 20 21 17 22 19 24
31 1 1 2 5 0 10 8 13 3 23 4 7 12 16 9 15 6 11 18 14 20 21 17 22 19 24
30 1 1 2 0 5 10 8 13 3 23 4 7 12 16 9 15 6 11 18 14 20 21 17 22 19 24
76 1 1 8 23 9 4 2 21 3 15 18 12 17 20 16 10 11 19 6 14 5 0 7 22 13 24
75 1 1 8 23 9 4 2 21 3 15 18 12 17 20 16 10 0 19 6 14 5 11 7 22 13 24
74 1 1 8 23 9 4 2 21 3 15 18 0 17 20 16 10 12 19 6 14 5 11 7 22 13 24
73 1 1 8 23 9 4 2 21 3 15 18 17 0 20 16 10 12 19 6 14 5 11 7 22 13 24
72 1 1 8 23 9 4 2 21 3 15 18 17 19 20 16 10 12 0 6 14 5 11 7 22 13 24
71 1 1 8 23 9 4 2 21 3 15 18 17 19 20 16 10 12 6 0 14 5 11 7 22 13 24
70 1 1 8 23 9 4 2 21 3 15 18 17 19 0 16 10 12 6 20 14 5 11 7 22 13 24
69 1 1 8 23 9 4 2 21 3 15 18 17 19 16 0 10 12 6 20 14 5 11 7 22 13 24
68 1 1 8 23 9 4 2 21 3 15 18 17 19 16 14 10 12 6 20 0 5 11 7 22 13 24
67 1 1 8 23 9 4 2 21 3 15 18 17 19 16 14 10 12 6 0 20 5 11 7 22 13 24
66 1 1 8 23 9 4 2 21 3 15 18 17 19 0 14 10 12 6 16 20 5 11 7 22 13 24
65 1 1 8 23 9 4 2 21 3 15 18 17 0 19 14 10 12 6 16 20 5 11 7 22 13 24
64 1 1 8 23 9 4 2 21 3 15 18 17 6 19 14 10 12 0 16 20 5 11 7 22 13 24
63 1 1 8 23 9 4 2 21 3 15 18 17 6 19 14 10 0 12 16 20 5 11 7 22 13 24
62 1 1 8 23 9 4 2 21 3 15 18 0 6 19 14 10 17 12 16 20 5 11 7 22 13 24
61 1 1 8 23 9 4 2 21 3 15 18 6 0 19 14 10 17 12 16 20 5 11 7 22 13 24
60 1 1 8 23 9 4 2 0 3 15 18 6 21 19 14 10 17 12 16 20 5 11 7 22 13 24
59 1 1 8 23 9 4 2 3 0 15 18 6 21 19 14 10 17 12 16 20 5 11 7 22 13 24
58 1 1 8 0 9 4 2 3 23 15 18 6 21 19 14 10 17 12 16 20 5 11 7 22 13 24
57 1 1 0 8 9 4 2 3 23 15 18 6 21 19 14 10 17 12 16 20 5 11 7 22 13 24
56 1 1 3 8 9 4 2 0 23 15 18 6 21 19 14 10 17 12 16 20 5 11 7 22 13 24
55 1 1 3 8 9 4 0 2 23 15 18 6 21 19 14 10 17 12 16 20 5 11 7 22 13 24
54 1 1 3 8 9 4 6 2 23 15 18 0 21 19 14 10 17 12 16 20 5 11 7 22 13 24
53 1 1 3 8 9 4 6 2 23 15 18 21 0 19 14 10 17 12 16 20 5 11 7 22 13 24
52 1 1 3 8 9 4 6 2 23 15 18 21 12 19 14 10 17 0 16 20 5 11 7 22 13 24
51 1 1 3 8 9 4 6 2 23 15 18 21 12 19 14 10 17 7 16 20 5 11 0 22 13 24
50 1 1 3 8 9 4 6 2 23 15 18 21 12 19 14 10 17 7 16 20 5 0 11 22 13 24
49 1 1 3 8 9 4 6 2 23 15 18 21 12 19 14 10 0 7 16 20 5 17 11 22 13 24
48 1 1 3 8 9 4 6 2 23 15 18 0 12 19 14 10 21 7 16 20 5 17 11 22 13 24
47 1 1 3 8 9 4 6 2 23 15 18 12 0 19 14 10 21 7 16 20 5 17 11 22 13 24
46 1 1 3 8 9 4 6 2 23 15 18 12 7 19 14 10 21 0 16 20 5 17 11 22 13 24
45 1 1 3 8 9 4 6 2 23 15 18 12 7 19 14 10 21 11 16 20 5 17 0 22 13 24
44 1 1 3 8 9 4 6 2 23 15 18 12 7 19 14 10 21 11 16 20 5 0 17 22 13 24
43 1 1 3 8 9 4 6 2 23 15 18 12 7 19 14 10 0 11 16 20 5 21 17 22 13 24
42 1 1 3 8 9 4 6 2 23 15 18 12 7 19 14 10 11 0 16 20 5 21 17 22 13 24
41 1 1 3 8 9 4 6 2 23 15 18 12 7 19 14 10 11 16 0 20 5 21 17 22 13 24
40 1 1 3 8 9 4 6 2 23 15 18 12 7 0 14 10 11 16 19 20 5 21 17 22 13 24
39 1 1 3 8 9 4 6 2 0 15 18 12 7 23 14 10 11 16 19 20 5 21 17 22 13 24
38 1 1 3 0 9 4 6 2 8 15 18 12 7 23 14 10 11 16 19 20 5 21 17 22 13 24
37 1 1 0 3 9 4 6 2 8 15 18 12 7 23 14 10 11 16 19 20 5 21 17 22 13 24
36 1 1 2 3 9 4 6 0 8 15 18 12 7 23 14 10 11 16 19 20 5 21 17 22 13 24
35 1 1 2 3 9 4 6 7 8 15 18 12 0 23 14 10 11 16 19 20 5 21 17 22 13 24
34 1 1 2 3 9 4 6 7 8 15 18 0 12 23 14 10 11 16 19 20 5 21 17 22 13 24
33 1 1 2 3 9 4 6 7 8 15 18 11 12 23 14 10 0 16 19 20 5 21 17 22 13 24
32 1 1 2 3 9 4 6 7 8 15 18 11 12 23 14 10 16 0 19 20 5 21 17 22 13 24
31 1 1 2 3 9 4 6 7 8 15 18 11 12 23 14 10 16 17 19 20 5 21 0 22 13 24
30 1 1 2 3 9 4 6 7 8 15 18 11 12 23 14 10 16 17 19 20 5 21 22 0 13 24
66 1 1 18 7 3 4 16 0 6 17 13 11 2 24 5 15 10 21 19 8 14 22 12 23 20 9
65 1 1 18 7 3 4 16 6 0 17 13 11 2 24 5 15 10 21 19 8 14 22 12 23 20 9
64 1 1 18 7 3 4 16 6 17 0 13 11 2 24 5 15 10 21 19 8 14 22 12 23 20 9
63 1 1 18 7 3 4 16 6 17 5 13 11 2 24 0 15 10 21 19 8 14 22 12 23 20 9
62 1 1 18 7 3 4 16 6 17 5 13 11 2 24 8 15 10 21 19 0 14 22 12 23 20 9
61 1 1 18 7 3 4 16 6 17 5 13 11 2 24 8 15 10 21 0 19 14 22 12 23 20 9
60 1 1 18 7 3 4 16 6 17 5 13 11 2 0 8 15 10 21 24 19 14 22 12 23 20 9
59 1 1 18 7 3 4 16 6 17 5 13 11 0 2 8 15 10 21 24 19 14 22 12 23 20 9
58 1 1 18 7 3 4 16 6 17 5 13 0 11 2 8 15 10 21 24 19 14 22 12 23 20 9
57 1 1 18 7 3 4 16 6 17 5 13 10 11 2 8 15 0 21 24 19 14 22 12 23 20 9
56 1 1 18 7 3 4 16 6 17 5 13 10 11 2 8 15 21 0 24 19 14 22 12 23 20 9
55 1 1 18 7 3 4 16 6 17 5 13 10 0 2 8 15 21 11 24 19 14 22 12 23 20 9
54 1 1 18 7 3 4 16 6 17 5 13 0 10 2 8 15 21 11 24 19 14 22 12 23 20 9
53 1 1 18 7 3 4 0 6 17 5 13 16 10 2 8 15 21 11 24 19 14 22 12 23 20 9
52 1 1 18 7 3 4 6 0 17 5 13 16 10 2 8 15 21 11 24 19 14 22 12 23 20 9
51 1 1 18 7 3 4 6 10 17 5 13 16 0 2 8 15 21 11 24 19 14 22 12 23 20 9
50 1 1 18 7 3 4 6 10 17 5 13 16 2 0 8 15 21 11 24 19 14 22 12 23 20 9
49 1 1 18 7 3 4 6 10 0 5 13 16 2 17 8 15 21 11 24 19 14 22 12 23 20 9
48 1 1 18 7 3 4 6 0 10 5 13 16 2 17 8 15 21 11 24 19 14 22 12 23 20 9
47 1 1 18 7 3 4 6 2 10 5 13 16 0 17 8 15 21 11 24 19 14 22 12 23 20 9
46 1 1 18 7 3 4 6 2 10 5 13 16 11 17 8 15 21 0 24 19 14 22 12 23 20 9
45 1 1 18 7 3 4 6 2 10 5 13 16 11 17 8 15 21 12 24 19 14 22 0 23 20 9
44 1 1 18 7 3 4 6 2 10 5 13 16 11 17 8 15 21 12 24 19 14 22 23 0 20 9
43 1 1 18 7 3 4 6 2 10 5 13 16 11 17 8 15 21 12 0 19 14 22 23 24 20 9
42 1 1 18 7 3 4 6 2 10 5 13 16 11 17 8 15 21 12 19 0 14 22 23 24 20 9
41 1 1 18 7 3 4 6 2 10 5 13 16 11 17 8 15 21 12 19 14 0 22 23 24 20 9
40 1 1 18 7 3 4 6 2 10 5 13 16 11 17 8 15 21 12 19 14 9 22 23 24 20 0
39 1 1 18 7 3 4 6 2 10 5 13 16 11 17 8 15 21 12 19 14 9 22 23 24 0 20
38 1 1 18 7 3 4 6 2 10 5 13 16 11 17 8 15 21 12 19 0 9 22 23 24 14 20
37 1 1 18 7 3 4 6 2 10 5 13 16 11 17 8 15 21 12 19 9 0 22 23 24 14 20
36 1 1 18 7 3 4 6 2 10 5 13 16 11 17 8 0 21 12 19 9 15 22 23 24 14 20
35 1 1 18 7 3 4 6 2 10 5 0 16 11 17 8 13 21 12 19 9 15 22 23 24 14 20
34 1 1 18 7 3 4 6 2 10 0 5 16 11 17 8 13 21 12 19 9 15 22 23 24 14 20
33 1 1 18 7 3 4 6 2 0 10 5 16 11 17 8 13 21 12 19 9 15 22 23 24 14 20
32 1 1 18 0 3 4 6 2 7 10 5 16 11 17 8 13 21 12 19 9 15 22 23 24 14 20
31 1 1 0 18 3 4 6 2 7 10 5 16 11 17 8 13 21 12 19 9 15 22 23 24 14 20
30 1 1 2 18 3 4 6 0 7 10 5 16 11 17 8 13 21 12 19 9 15 22 23 24 14 20
74 1 1 2 0 6 8 11 12 16 23 10 21 7 4 3 15 20 22 9 18 5 24 13 17 14 19
73 1 1 2 6 0 8 11 12 16 23 10 21 7 4 3 15 20 22 9 18 5 24 13 17 14 19
72 1 1 2 6 23 8 11 12 16 0 10 21 7 4 3 15 20 22 9 18 5 24 13 17 14 19
71 1 1 2 6 23 8 11 12 16 3 10 21 7 4 0 15 20 22 9 18 5 24 13 17 14 19
70 1 1 2 6 23 8 11 12 16 3 10 21 7 0 4 15 20 22 9 18 5 24 13 17 14 19
69 1 1 2 6 23 8 11 12 0 3 10 21 7 16 4 15 20 22 9 18 5 24 13 17 14 19
68 1 1 2 6 23 8 11 0 12 3 10 21 7 16 4 15 20 22 9 18 5 24 13 17 14 19
67 1 1 2 6 23 8 11 7 12 3 10 21 0 16 4 15 20 22 9 18 5 24 13 17 14 19
66 1 1 2 6 23 8 11 7 12 3 10 21 16 0 4 15 20 22 9 18 5 24 13 17 14 19
65 1 1 2 6 23 8 11 7 0 3 10 21 16 12 4 15 20 22 9 18 5 24 13 17 14 19
64 1 1 2 0 23 8 11 7 6 3 10 21 16 12 4 15 20 22 9 18 5 24 13 17 14 19
63 1 1 2 23 0 8 11 7 6 3 10 21 16 12 4 15 20 22 9 18 5 24 13 17 14 19
62 1 1 2 23 3 8 11 7 6 0 10 21 16 12 4 15 20 22 9 18 5 24 13 17 14 19
61 1 1 2 23 3 8 11 7 6 4 10 21 16 12 0 15 20 22 9 18 5 24 13 17 14 19
60 1 1 2 23 3 8 11 7 6 4 10 21 16 12 15 0 20 22 9 18 5 24 13 17 14 19
59 1 1 2 23 3 8 11 7 6 4 10 21 16 12 15 5 20 22 9 18 0 24 13 17 14 19
58 1 1 2 23 3 8 11 7 6 4 10 21 16 12 15 5 20 22 9 0 18 24 13 17 14 19
57 1 1 2 23 3 8 11 7 6 4 10 21 16 12 15 5 20 22 0 9 18 24 13 17 14 19
56 1 1 2 23 3 8 11 7 6 4 10 21 16 12 15 5 20 22 17 9 18 24 13 0 14 19
55 1 1 2 23 3 8 11 7 6 4 10 21 16 12 15 5 20 22 17 9 18 24 0 13 14 19
54 1 1 2 23 3 8 11 7 6 4 10 21 16 12 15 5 20 22 17 9 18 0 24 13 14 19
53 1 1 2 23 3 8 11 7 6 4 10 21 16 12 15 5 0 22 17 9 18 20 24 13 14 19
52 1 1 2 23 3 8 11 7 6 4 10 21 16 12 15 5 22 0 17 9 18 20 24 13 14 19
51 1 1 2 23 3 8 11 7 6 4 10 21 16 12 15 5 22 17 0 9 18 20 24 13 14 19
50 1 1 2 23 3 8 11 7 6 4 10 21 16 12 15 5 22 17 13 9 18 20 24 0 14 19
49 1 1 2 23 3 8 11 7 6 4 10 21 16 12 15 5 22 17 13 9 18 20 0 24 14 19
48 1 1 2 23 3 8 11 7 6 4 10 21 16 12 15 5 22 17 13 9 18 0 20 24 14 19
47 1 1 2 23 3 8 11 7 6 4 10 21 16 12 15 5 0 17 13 9 18 22 20 24 14 19
46 1 1 2 23 3 8 11 7 6 4 10 0 16 12 15 5 21 17 13 9 18 22 20 24 14 19
45 1 1 2 23 3 8 11 7 6 4 10 16 0 12 15 5 21 17 13 9 18 22 20 24 14 19
44 1 1 2 23 3 8 11 0 6 4 10 16 7 12 15 5 21 17 13 9 18 22 20 24 14 19
43 1 1 2 23 3 8 11 6 0 4 10 16 7 12 15 5 21 17 13 9 18 22 20 24 14 19
42 1 1 2 0 3 8 11 6 23 4 10 16 7 12 15 5 21 17 13 9 18 22 20 24 14 19
41 1 1 2 3 0 8 11 6 23 4 10 16 7 12 15 5 21 17 13 9 18 22 20 24 14 19
40 1 1 2 3 4 8 11 6 23 0 10 16 7 12 15 5 21 17 13 9 18 22 20 24 14 19
39 1 1 2 3 4 8 11 6 23 10 0 16 7 12 15 5 21 17 13 9 18 22 20 24 14 19
38 1 1 2 3 4 0 11 6 23 10 8 16 7 12 15 5 21 17 13 9 18 22 20 24 14 19
37 1 1 2 3 0 4 11 6 23 10 8 16 7 12 15 5 21 17 13 9 18 22 20 24 14 19
36 1 1 2 3 10 4 11 6 23 0 8 16 7 12 15 5 21 17 13 9 18 22 20 24 14 19
35 1 1 2 3 10 4 11 6 23 8 0 16 7 12 15 5 21 17 13 9 18 22 20 24 14 19
34 1 1 2 3 10 4 11 6 23 8 5 16 7 12 15 0 21 17 13 9 18 22 20 24 14 19
33 1 1 2 3 10 4 11 6 23 8 5 16 7 12 0 15 21 17 13 9 18 22 20 24 14 19
32 1 1 2 3 10 4 11 6 23 8 5 16 7 12 9 15 21 17 13 0 18 22 20 24 14 19
31 1 1 2 3 10 4 11 6 23 8 5 16 7 12 9 15 21 17 0 13 18 22 20 24 14 19
30 1 1 2 3 10 4 11 6 23 8 5 16 7 12 9 15 21 17 24 13 18 22 20 0 14 19
80 1 12 13 10 7 5 2 24 3 4 9 1 20 22 6 14 21 23 11 18 15 19 8 0 16 17
79 1 12 13 10 7 5 2 24 3 4 9 1 20 22 6 14 21 23 11 18 15 19 0 8 16 17
78 1 12 13 10 7 5 2 24 3 4 9 1 20 22 6 14 21 0 11 18 15 19 23 8 16 17
77 1 12 13 10 7 5 2 24 3 4 9 1 0 22 6 14 21 20 11 18 15 19 23 8 16 17
76 1 12 13 10 7 5 2 0 3 4 9 1 24 22 6 14 21 20 11 18 15 19 23 8 16 17
75 1 12 13 10 7 5 2 3 0 4 9 1 24 22 6 14 21 20 11 18 15 19 23 8 16 17
74 1 12 13 0 7 5 2 3 10 4 9 1 24 22 6 14 21 20 11 18 15 19 23 8 16 17
73 1 12 13 7 0 5 2 3 10 4 9 1 24 22 6 14 21 20 11 18 15 19 23 8 16 17
72 1 12 13 7 4 5 2 3 10 0 9 1 24 22 6 14 21 20 11 18 15 19 23 8 16 17
71 1 12 13 7 4 5 2 3 0 10 9 1 24 22 6 14 21 20 11 18 15 19 23 8 16 17
70 1 12 13 7 4 5 2 3 22 10 9 1 24 0 6 14 21 20 11 18 15 19 23 8 16 17
69 1 12 13 7 4 5 2 3 22 10 9 1 0 24 6 14 21 20 11 18 15 19 23 8 16 17
68 1 12 13 7 4 5 2 3 22 10 9 1 20 24 6 14 21 0 11 18 15 19 23 8 16 17
67 1 12 13 7 4 5 2 3 22 10 9 1 20 24 6 14 21 11 0 18 15 19 23 8 16 17
66 1 12 13 7 4 5 2 3 22 10 9 1 20 0 6 14 21 11 24 18 15 19 23 8 16 17
65 1 12 13 7 4 5 2 3 22 10 9 1 20 6 0 14 21 11 24 18 15 19 23 8 16 17
64 1 12 13 7 4 5 2 3 22 0 9 1 20 6 10 14 21 11 24 18 15 19 23 8 16 17
63 1 12 13 7 4 5 2 3 22 9 0 1 20 6 10 14 21 11 24 18 15 19 23 8 16 17
62 1 12 13 7 4 5 2 3 22 9 14 1 20 6 10 0 21 11 24 18 15 19 23 8 16 17
61 1 12 13 7 4 5 2 3 22 9 14 1 20 6 0 10 21 11 24 18 15 19 23 8 16 17
60 1 12 13 7 4 5 2 3 22 9 14 1 20 6 18 10 21 11 24 0 15 19 23 8 16 17
59 1 12 13 7 4 5 2 3 22 9 14 1 20 6 18 10 21 11 0 24 15 19 23 8 16 17
58 1 12 13 7 4 5 2 3 22 9 14 1 20 6 18 10 21 11 8 24 15 19 23 0 16 17
57 1 12 13 7 4 5 2 3 22 9 14 1 20 6 18 10 21 11 8 24 15 19 0 23 16 17
56 1 12 13 7 4 5 2 3 22 9 14 1 20 6 18 10 21 11 8 24 15 0 19 23 16 17
55 1 12 13 7 4 5 2 3 22 9 14 1 20 6 18 10 0 11 8 24 15 21 19 23 16 17
54 1 12 13 7 4 5 2 3 22 9 14 1 20 6 18 10 11 0 8 24 15 21 19 23 16 17
53 1 12 13 7 4 5 2 3 22 9 14 1 0 6 18 10 11 20 8 24 15 21 19 23 16 17
52 1 12 13 7 4 5 2 3 22 9 14 1 6 0 18 10 11 20 8 24 15 21 19 23 16 17
51 1 12 13 7 4 5 2 3 0 9 14 1 6 22 18 10 11 20 8 24 15 21 19 23 16 17
50 1 12 13 7 4 5 2 0 3 9 14 1 6 22 18 10 11 20 8 24 15 21 19 23 16 17
49 1 12 0 7 4 5 2 13 3 9 14 1 6 22 18 10 11 20 8 24 15 21 19 23 16 17
48 1 0 12 7 4 5 2 13 3 9 14 1 6 22 18 10 11 20 8 24 15 21 19 23 16 17
47 1 2 12 7 4 5 0 13 3 9 14 1 6 22 18 10 11 20 8 24 15 21 19 23 16 17
46 1 2 12 7 4 5 1 13 3 9 14 0 6 22 18 10 11 20 8 24 15 21 19 23 16 17
45 1 2 12 7 4 5 1 13 3 9 14 6 0 22 18 10 11 20 8 24 15 21 19 23 16 17
44 1 2 12 7 4 5 1 13 3 9 14 6 22 0 18 10 11 20 8 24 15 21 19 23 16 17
43 1 2 12 7 4 5 1 13 3 9 14 6 22 8 18 10 11 20 0 24 15 21 19 23 16 17
42 1 2 12 7 4 5 1 13 3 9 14 6 22 8 18 10 11 0 20 24 15 21 19 23 16 17
41 1 2 12 7 4 5 1 13 3 9 14 6 0 8 18 10 11 22 20 24 15 21 19 23 16 17
40 1 2 12 7 4 5 1 0 3 9 14 6 13 8 18 10 11 22 20 24 15 21 19 23 16 17
39 1 2 0 7 4 5 1 12 3 9 14 6 13 8 18 10 11 22 20 24 15 21 19 23 16 17
38 1 2 7 0 4 5 1 12 3 9 14 6 13 8 18 10 11 22 20 24 15 21 19 23 16 17
37 1 2 7 3 4 5 1 12 0 9 14 6 13 8 18 10 11 22 20 24 15 21 19 23 16 17
36 1 2 7 3 4 5 1 12 9 0 14 6 13 8 18 10 11 22 20 24 15 21 19 23 16 17
35 1 2 7 3 4 5 1 12 9 14 0 6 13 8 18 10 11 22 20 24 15 21 19 23 16 17
34 1 2 7 3 4 5 1 12 9 14 10 6 13 8 18 0 11 22 20 24 15 21 19 23 16 17
33 1 2 7 3 4 5 1 12 9 14 10 6 13 8 18 15 11 22 20 24 0 21 19 23 16 17
32 1 2 7 3 4 5 1 12 9 14 10 6 13 8 18 15 11 22 20 0 24 21 19 23 16 17
31 1 2 7 3 4 5 1 12 9 14 10 6 13 8 18 15 11 22 0 20 24 21 19 23 16 17
30 1 2 7 3 4 5 1 12 9 14 10 6 13 8 18 15 11 22 23 20 24 21 19 0 16 17
68 1 1 11 8 14 4 21 0 7 5 2 16 6 9 19 15 23 12 3 18 24 17 13 22 20 10
67 1 1 11 8 14 4 21 6 7 5 2 16 0 9 19 15 23 12 3 18 24 17 13 22 20 10
66 1 1 11 8 14 4 21 6 7 5 2 0 16 9 19 15 23 12 3 18 24 17 13 22 20 10
65 1 1 11 8 14 4 0 6 7 5 2 21 16 9 19 15 23 12 3 18 24 17 13 22 20 10
64 1 1 11 8 14 4 6 0 7 5 2 21 16 9 19 15 23 12 3 18 24 17 13 22 20 10
63 1 1 11 8 14 4 6 7 0 5 2 21 16 9 19 15 23 12 3 18 24 17 13 22 20 10
62 1 1 11 8 14 4 6 7 9 5 2 21 16 0 19 15 23 12 3 18 24 17 13 22 20 10
61 1 1 11 8 14 4 6 7 9 5 2 21 16 3 19 15 23 12 0 18 24 17 13 22 20 10
60 1 1 11 8 14 4 6 7 9 5 2 21 16 3 19 15 23 12 18 0 24 17 13 22 20 10
59 1 1 11 8 14 4 6 7 9 5 2 21 16 3 19 15 23 12 18 24 0 17 13 22 20 10
58 1 1 11 8 14 4 6 7 9 5 2 21 16 3 19 15 23 12 18 24 10 17 13 22 20 0
57 1 1 11 8 14 4 6 7 9 5 2 21 16 3 19 15 23 12 18 24 10 17 13 22 0 20
56 1 1 11 8 14 4 6 7 9 5 2 21 16 3 19 15 23 12 18 0 10 17 13 22 24 20
55 1 1 11 8 14 4 6 7 9 5 2 21 16 3 0 15 23 12 18 19 10 17 13 22 24 20
54 1 1 11 8 14 4 6 7 9 0 2 21 16 3 5 15 23 12 18 19 10 17 13 22 24 20
53 1 1 11 8 14 4 6 7 9 2 0 21 16 3 5 15 23 12 18 19 10 17 13 22 24 20
52 1 1 11 8 14 0 6 7 9 2 4 21 16 3 5 15 23 12 18 19 10 17 13 22 24 20
51 1 1 11 8 0 14 6 7 9 2 4 21 16 3 5 15 23 12 18 19 10 17 13 22 24 20
50 1 1 11 8 2 14 6 7 9 0 4 21 16 3 5 15 23 12 18 19 10 17 13 22 24 20
49 1 1 11 8 2 14 6 7 9 5 4 21 16 3 0 15 23 12 18 19 10 17 13 22 24 20
48 1 1 11 8 2 14 6 7 9 5 4 21 16 3 15 0 23 12 18 19 10 17 13 22 24 20
47 1 1 11 8 2 14 6 7 9 5 4 21 16 3 15 10 23 12 18 19 0 17 13 22 24 20
46 1 1 11 8 2 14 6 7 9 5 4 21 16 3 15 10 23 12 18 0 19 17 13 22 24 20
45 1 1 11 8 2 14 6 7 9 5 4 21 16 3 15 10 23 12 0 18 19 17 13 22 24 20
44 1 1 11 8 2 14 6 7 9 5 4 21 16 3 15 10 23 0 12 18 19 17 13 22 24 20
43 1 1 11 8 2 14 6 7 9 5 4 21 16 3 15 10 0 23 12 18 19 17 13 22 24 20
42 1 1 11 8 2 14 6 7 9 5 4 0 16 3 15 10 21 23 12 18 19 17 13 22 24 20
41 1 1 11 8 2 14 6 7 9 5 4 16 0 3 15 10 21 23 12 18 19 17 13 22 24 20
40 1 1 11 8 2 14 6 7 9 5 4 16 23 3 15 10 21 0 12 18 19 17 13 22 24 20
39 1 1 11 8 2 14 6 7 9 5 4 16 23 3 15 10 21 13 12 18 19 17 0 22 24 20
38 1 1 11 8 2 14 6 7 9 5 4 16 23 3 15 10 21 13 12 18 19 0 17 22 24 20
37 1 1 11 8 2 14 6 7 9 5 4 16 23 3 15 10 0 13 12 18 19 21 17 22 24 20
36 1 1 11 8 2 14 6 7 9 5 4 0 23 3 15 10 16 13 12 18 19 21 17 22 24 20
35 1 1 11 8 2 14 0 7 9 5 4 6 23 3 15 10 16 13 12 18 19 21 17 22 24 20
34 1 1 11 8 2 14 7 0 9 5 4 6 23 3 15 10 16 13 12 18 19 21 17 22 24 20
33 1 1 0 8 2 14 7 11 9 5 4 6 23 3 15 10 16 13 12 18 19 21 17 22 24 20
32 1 1 8 0 2 14 7 11 9 5 4 6 23 3 15 10 16 13 12 18 19 21 17 22 24 20
31 1 1 8 2 0 14 7 11 9 5 4 6 23 3 15 10 16 13 12 18 19 21 17 22 24 20
30 1 1 8 2 5 14 7 11 9 0 4 6 23 3 15 10 16 13 12 18 19 21 17 22 24 20
70 1 8 1 2 9 19 11 4 13 3 5 7 17 10 6 0 16 21 12 22 20 23 15 24 14 18
69 1 8 1 2 9 19 11 4 13 3 0 7 17 10 6 5 16 21 12 22 20 23 15 24 14 18
68 1 8 1 2 9 0 11 4 13 3 19 7 17 10 6 5 16 21 12 22 20 23 15 24 14 18
67 1 8 1 2 0 9 11 4 13 3 19 7 17 10 6 5 16 21 12 22 20 23 15 24 14 18
66 1 8 1 2 3 9 11 4 13 0 19 7 17 10 6 5 16 21 12 22 20 23 15 24 14 18
65 1 8 1 2 3 9 11 4 13 6 19 7 17 10 0 5 16 21 12 22 20 23 15 24 14 18
64 1 8 1 2 3 9 11 4 13 6 19 7 17 0 10 5 16 21 12 22 20 23 15 24 14 18
63 1 8 1 2 3 9 11 4 13 6 19 7 0 17 10 5 16 21 12 22 20 23 15 24 14 18
62 1 8 1 2 3 9 11 4 13 6 19 0 7 17 10 5 16 21 12 22 20 23 15 24 14 18
61 1 8 1 2 3 9 11 4 13 6 19 16 7 17 10 5 0 21 12 22 20 23 15 24 14 18
60 1 8 1 2 3 9 11 4 13 6 19 16 7 17 10 5 21 0 12 22 20 23 15 24 14 18
59 1 8 1 2 3 9 11 4 13 6 19 16 7 17 10 5 21 12 0 22 20 23 15 24 14 18
58 1 8 1 2 3 9 11 4 13 6 19 16 7 17 10 5 21 12 22 0 20 23 15 24 14 18
57 1 8 1 2 3 9 11 4 13 6 19 16 7 17 10 5 21 12 22 14 20 23 15 24 0 18
56 1 8 1 2 3 9 11 4 13 6 19 16 7 17 10 5 21 12 22 14 20 23 15 0 24 18
55 1 8 1 2 3 9 11 4 13 6 19 16 7 17 10 5 21 12 22 14 20 23 0 15 24 18
54 1 8 1 2 3 9 11 4 13 6 19 16 7 17 10 5 21 12 22 14 20 0 23 15 24 18
53 1 8 1 2 3 9 11 4 13 6 19 16 7 17 10 5 0 12 22 14 20 21 23 15 24 18
52 1 8 1 2 3 9 11 4 13 6 19 16 7 17 10 5 12 0 22 14 20 21 23 15 24 18
51 1 8 1 2 3 9 11 4 13 6 19 16 7 17 10 5 12 22 0 14 20 21 23 15 24 18
50 1 8 1 2 3 9 11 4 13 6 19 16 7 17 10 5 12 22 15 14 20 21 23 0 24 18
49 1 8 1 2 3 9 11 4 13 6 19 16 7 17 10 5 12 22 15 14 20 21 23 24 0 18
48 1 8 1 2 3 9 11 4 13 6 19 16 7 17 10 5 12 22 15 14 20 21 23 24 18 0
47 1 8 1 2 3 9 11 4 13 6 19 16 7 17 10 5 12 22 15 14 0 21 23 24 18 20
46 1 8 1 2 3 9 11 4 13 6 19 16 7 17 10 5 12 22 15 0 14 21 23 24 18 20
45 1 8 1 2 3 9 11 4 13 6 19 16 7 17 10 5 12 22 0 15 14 21 23 24 18 20
44 1 8 1 2 3 9 11 4 13 6 19 16 7 0 10 5 12 22 17 15 14 21 23 24 18 20
43 1 8 1 2 3 9 11 4 0 6 19 16 7 13 10 5 12 22 17 15 14 21 23 24 18 20
42 1 8 1 2 3 9 11 0 4 6 19 16 7 13 10 5 12 22 17 15 14 21 23 24 18 20
41 1 8 0 2 3 9 11 1 4 6 19 16 7 13 10 5 12 22 17 15 14 21 23 24 18 20
40 1 8 2 0 3 9 11 1 4 6 19 16 7 13 10 5 12 22 17 15 14 21 23 24 18 20
39 1 8 2 4 3 9 11 1 0 6 19 16 7 13 10 5 12 22 17 15 14 21 23 24 18 20
38 1 8 2 4 3 9 11 1 6 0 19 16 7 13 10 5 12 22 17 15 14 21 23 24 18 20
37 1 8 2 4 3 9 11 1 6 19 0 16 7 13 10 5 12 22 17 15 14 21 23 24 18 20
36 1 8 2 4 3 9 11 1 6 19 5 16 7 13 10 0 12 22 17 15 14 21 23 24 18 20
35 1 8 2 4 3 9 11 1 6 19 5 16 7 13 0 10 12 22 17 15 14 21 23 24 18 20
34 1 8 2 4 3 9 11 1 6 0 5 16 7 13 19 10 12 22 17 15 14 21 23 24 18 20
33 1 8 2 4 0 9 11 1 6 3 5 16 7 13 19 10 12 22 17 15 14 21 23 24 18 20
32 1 8 2 4 9 0 11 1 6 3 5 16 7 13 19 10 12 22 17 15 14 21 23 24 18 20
31 1 8 2 4 9 5 11 1 6 3 0 16 7 13 19 10 12 22 17 15 14 21 23 24 18 20
30 1 8 2 4 9 5 11 1 6 3 10 16 7 13 19 0 12 22 17 15 14 21 23 24 18 20
66 1 6 1 0 2 4 3 8 16 18 5 7 13 11 14 15 20 23 17 9 10 21 12 19 22 24
65 1 6 1 16 2 4 3 8 0 18 5 7 13 11 14 15 20 23 17 9 10 21 12 19 22 24
64 1 6 1 16 2 4 3 8 18 0 5 7 13 11 14 15 20 23 17 9 10 21 12 19 22 24
63 1 6 1 16 2 4 3 8 18 14 5 7 13 11 0 15 20 23 17 9 10 21 12 19 22 24
62 1 6 1 16 2 4 3 8 18 14 5 7 13 11 9 15 20 23 17 0 10 21 12 19 22 24
61 1 6 1 16 2 4 3 8 18 14 5 7 13 11 9 15 20 23 17 22 10 21 12 19 0 24
60 1 6 1 16 2 4 3 8 18 14 5 7 13 11 9 15 20 23 17 22 10 21 12 0 19 24
59 1 6 1 16 2 4 3 8 18 14 5 7 13 11 9 15 20 23 0 22 10 21 12 17 19 24
58 1 6 1 16 2 4 3 8 18 14 5 7 13 11 9 15 20 0 23 22 10 21 12 17 19 24
57 1 6 1 16 2 4 3 8 18 14 5 7 0 11 9 15 20 13 23 22 10 21 12 17 19 24
56 1 6 1 16 2 4 3 8 18 14 5 7 11 0 9 15 20 13 23 22 10 21 12 17 19 24
55 1 6 1 16 2 4 3 8 0 14 5 7 11 18 9 15 20 13 23 22 10 21 12 17 19 24
54 1 6 1 16 2 4 3 8 14 0 5 7 11 18 9 15 20 13 23 22 10 21 12 17 19 24
53 1 6 1 16 2 4 3 8 14 9 5 7 11 18 0 15 20 13 23 22 10 21 12 17 19 24
52 1 6 1 16 2 4 3 8 14 9 5 7 11 18 15 0 20 13 23 22 10 21 12 17 19 24
51 1 6 1 16 2 4 3 8 14 9 5 7 11 18 15 10 20 13 23 22 0 21 12 17 19 24
50 1 6 1 16 2 4 3 8 14 9 5 7 11 18 15 10 20 13 23 22 24 21 12 17 19 0
49 1 6 1 16 2 4 3 8 14 9 5 7 11 18 15 10 20 13 23 22 24 21 12 17 0 19
48 1 6 1 16 2 4 3 8 14 9 5 7 11 18 15 10 20 13 23 0 24 21 12 17 22 19
47 1 6 1 16 2 4 3 8 14 9 5 7 11 18 15 10 20 13 0 23 24 21 12 17 22 19
46 1 6 1 16 2 4 3 8 14 9 5 7 11 0 15 10 20 13 18 23 24 21 12 17 22 19
45 1 6 1 16 2 4 3 8 0 9 5 7 11 14 15 10 20 13 18 23 24 21 12 17 22 19
44 1 6 1 0 2 4 3 8 16 9 5 7 11 14 15 10 20 13 18 23 24 21 12 17 22 19
43 1 6 1 2 0 4 3 8 16 9 5 7 11 14 15 10 20 13 18 23 24 21 12 17 22 19
42 1 6 1 2 4 0 3 8 16 9 5 7 11 14 15 10 20 13 18 23 24 21 12 17 22 19
41 1 6 1 2 4 5 3 8 16 9 0 7 11 14 15 10 20 13 18 23 24 21 12 17 22 19
40 1 6 1 2 4 5 3 8 16 9 10 7 11 14 15 0 20 13 18 23 24 21 12 17 22 19
39 1 6 1 2 4 5 3 8 16 9 10 7 11 14 0 15 20 13 18 23 24 21 12 17 22 19
38 1 6 1 2 4 5 3 8 16 9 10 7 11 0 14 15 20 13 18 23 24 21 12 17 22 19
37 1 6 1 2 4 5 3 8 0 9 10 7 11 16 14 15 20 13 18 23 24 21 12 17 22 19
36 1 6 1 2 4 5 3 0 8 9 10 7 11 16 14 15 20 13 18 23 24 21 12 17 22 19
35 1 6 1 2 4 5 0 3 8 9 10 7 11 16 14 15 20 13 18 23 24 21 12 17 22 19
34 1 6 1 2 4 5 7 3 8 9 10 0 11 16 14 15 20 13 18 23 24 21 12 17 22 19
33 1 6 1 2 4 5 7 3 8 9 10 11 0 16 14 15 20 13 18 23 24 21 12 17 22 19
32 1 6 1 2 4 5 7 3 8 9 10 11 16 0 14 15 20 13 18 23 24 21 12 17 22 19
31 1 6 1 2 4 5 7 3 0 9 10 11 16 8 14 15 20 13 18 23 24 21 12 17 22 19
30 1 6 1 2 4 5 7 0 3 9 10 11 16 8 14 15 20 13 18 23 24 21 12 17 22 19
68 1 1 2 3 19 4 13 11 23 12 5 22 8 18 24 9 20 6 17 7 15 0 21 16 14 10
67 1 1 2 3 19 4 13 11 23 12 5 22 8 18 24 9 0 6 17 7 15 20 21 16 14 10
66 1 1 2 3 19 4 13 11 23 12 5 0 8 18 24 9 22 6 17 7 15 20 21 16 14 10
65 1 1 2 3 19 4 0 11 23 12 5 13 8 18 24 9 22 6 17 7 15 20 21 16 14 10
64 1 1 2 3 19 4 11 0 23 12 5 13 8 18 24 9 22 6 17 7 15 20 21 16 14 10
63 1 1 2 3 19 4 11 8 23 12 5 13 0 18 24 9 22 6 17 7 15 20 21 16 14 10
62 1 1 2 3 19 4 11 8 23 12 5 13 6 18 24 9 22 0 17 7 15 20 21 16 14 10
61 1 1 2 3 19 4 11 8 23 12 5 13 6 18 24 9 22 21 17 7 15 20 0 16 14 10
60 1 1 2 3 19 4 11 8 23 12 5 13 6 18 24 9 22 21 17 7 15 0 20 16 14 10
59 1 1 2 3 19 4 11 8 23 12 5 13 6 18 24 9 0 21 17 7 15 22 20 16 14 10
58 1 1 2 3 19 4 11 8 23 12 5 13 6 18 24 9 21 0 17 7 15 22 20 16 14 10
57 1 1 2 3 19 4 11 8 23 12 5 13 6 18 24 9 21 17 0 7 15 22 20 16 14 10
56 1 1 2 3 19 4 11 8 23 12 5 13 6 18 24 9 21 17 16 7 15 22 20 0 14 10
55 1 1 2 3 19 4 11 8 23 12 5 13 6 18 24 9 21 17 16 7 15 22 0 20 14 10
54 1 1 2 3 19 4 11 8 23 12 5 13 6 18 24 9 21 17 16 7 15 0 22 20 14 10
53 1 1 2 3 19 4 11 8 23 12 5 13 6 18 24 9 0 17 16 7 15 21 22 20 14 10
52 1 1 2 3 19 4 11 8 23 12 5 13 6 18 24 9 17 0 16 7 15 21 22 20 14 10
51 1 1 2 3 19 4 11 8 23 12 5 13 6 18 24 9 17 16 0 7 15 21 22 20 14 10
50 1 1 2 3 19 4 11 8 23 12 5 13 6 0 24 9 17 16 18 7 15 21 22 20 14 10
49 1 1 2 3 19 4 11 8 0 12 5 13 6 23 24 9 17 16 18 7 15 21 22 20 14 10
48 1 1 2 3 19 4 11 0 8 12 5 13 6 23 24 9 17 16 18 7 15 21 22 20 14 10
47 1 1 2 3 19 4 11 6 8 12 5 13 0 23 24 9 17 16 18 7 15 21 22 20 14 10
46 1 1 2 3 19 4 11 6 8 12 5 0 13 23 24 9 17 16 18 7 15 21 22 20 14 10
45 1 1 2 3 19 4 11 6 8 12 5 17 13 23 24 9 0 16 18 7 15 21 22 20 14 10
44 1 1 2 3 19 4 11 6 8 12 5 17 13 23 24 9 16 0 18 7 15 21 22 20 14 10
43 1 1 2 3 19 4 11 6 8 12 5 17 13 23 24 9 16 18 0 7 15 21 22 20 14 10
42 1 1 2 3 19 4 11 6 8 12 5 17 13 0 24 9 16 18 23 7 15 21 22 20 14 10
41 1 1 2 3 19 4 11 6 8 12 5 17 0 13 24 9 16 18 23 7 15 21 22 20 14 10
40 1 1 2 3 19 4 11 6 8 12 5 0 17 13 24 9 16 18 23 7 15 21 22 20 14 10
39 1 1 2 3 19 4 0 6 8 12 5 11 17 13 24 9 16 18 23 7 15 21 22 20 14 10
38 1 1 2 3 19 4 6 0 8 12 5 11 17 13 24 9 16 18 23 7 15 21 22 20 14 10
37 1 1 2 3 19 4 6 8 0 12 5 11 17 13 24 9 16 18 23 7 15 21 22 20 14 10
36 1 1 2 3 19 4 6 8 12 0 5 11 17 13 24 9 16 18 23 7 15 21 22 20 14 10
35 1 1 2 3 0 4 6 8 12 19 5 11 17 13 24 9 16 18 23 7 15 21 22 20 14 10
34 1 1 2 3 4 0 6 8 12 19 5 11 17 13 24 9 16 18 23 7 15 21 22 20 14 10
33 1 1 2 3 4 5 6 8 12 19 0 11 17 13 24 9 16 18 23 7 15 21 22 20 14 10
32 1 1 2 3 4 5 6 8 12 19 9 11 17 13 24 0 16 18 23 7 15 21 22 20 14 10
31 1 1 2 3 4 5 6 8 12 19 9 11 17 13 24 15 16 18 23 7 0 21 22 20 14 10
30 1 1 2 3 4 5 6 8 12 19 9 11 17 13 24 15 16 18 23 7 10 21 22 20 14 0
66 1 7 6 1 13 14 18 8 3 11 4 2 23 5 10 9 22 21 19 24 15 0 16 12 17 20
65 1 7 6 1 13 14 18 8 3 11 4 2 23 5 10 9 22 21 19 24 15 16 0 12 17 20
64 1 7 6 1 13 14 18 8 3 11 4 2 23 5 10 9 22 0 19 24 15 16 21 12 17 20
63 1 7 6 1 13 14 18 8 3 11 4 2 23 5 10 9 0 22 19 24 15 16 21 12 17 20
62 1 7 6 1 13 14 18 8 3 11 4 2 23 5 10 9 16 22 19 24 15 0 21 12 17 20
61 1 7 6 1 13 14 18 8 3 11 4 2 23 5 10 9 16 22 19 24 15 21 0 12 17 20
60 1 7 6 1 13 14 18 8 3 11 4 2 23 5 10 9 16 22 19 24 15 21 12 0 17 20
59 1 7 6 1 13 14 18 8 3 11 4 2 23 5 10 9 16 22 19 24 15 21 12 17 0 20
58 1 7 6 1 13 14 18 8 3 11 4 2 23 5 10 9 16 22 19 0 15 21 12 17 24 20
57 1 7 6 1 13 14 18 8 3 11 4 2 23 5 0 9 16 22 19 10 15 21 12 17 24 20
56 1 7 6 1 13 14 18 8 3 11 4 2 23 0 5 9 16 22 19 10 15 21 12 17 24 20
55 1 7 6 1 13 14 18 8 3 11 4 2 0 23 5 9 16 22 19 10 15 21 12 17 24 20
54 1 7 6 1 13 14 18 0 3 11 4 2 8 23 5 9 16 22 19 10 15 21 12 17 24 20
53 1 7 0 1 13 14 18 6 3 11 4 2 8 23 5 9 16 22 19 10 15 21 12 17 24 20
52 1 7 1 0 13 14 18 6 3 11 4 2 8 23 5 9 16 22 19 10 15 21 12 17 24 20
51 1 7 1 3 13 14 18 6 0 11 4 2 8 23 5 9 16 22 19 10 15 21 12 17 24 20
50 1 7 1 3 13 14 18 6 11 0 4 2 8 23 5 9 16 22 19 10 15 21 12 17 24 20
49 1 7 1 3 13 14 18 6 11 5 4 2 8 23 0 9 16 22 19 10 15 21 12 17 24 20
48 1 7 1 3 13 14 18 6 11 5 4 2 8 23 10 9 16 22 19 0 15 21 12 17 24 20
47 1 7 1 3 13 14 18 6 11 5 4 2 8 23 10 9 16 22 0 19 15 21 12 17 24 20
46 1 7 1 3 13 14 18 6 11 5 4 2 8 23 10 9 16 0 22 19 15 21 12 17 24 20
45 1 7 1 3 13 14 18 6 11 5 4 2 8 23 10 9 16 12 22 19 15 21 0 17 24 20
44 1 7 1 3 13 14 18 6 11 5 4 2 8 23 10 9 16 12 22 19 15 21 17 0 24 20
43 1 7 1 3 13 14 18 6 11 5 4 2 8 23 10 9 16 12 0 19 15 21 17 22 24 20
42 1 7 1 3 13 14 18 6 11 5 4 2 8 0 10 9 16 12 23 19 15 21 17 22 24 20
41 1 7 1 3 13 14 18 6 11 5 4 2 0 8 10 9 16 12 23 19 15 21 17 22 24 20
40 1 7 1 3 13 14 18 0 11 5 4 2 6 8 10 9 16 12 23 19 15 21 17 22 24 20
39 1 7 1 3 13 14 0 18 11 5 4 2 6 8 10 9 16 12 23 19 15 21 17 22 24 20
38 1 7 1 3 13 14 2 18 11 5 4 0 6 8 10 9 16 12 23 19 15 21 17 22 24 20
37 1 7 1 3 13 14 2 18 11 5 4 6 0 8 10 9 16 12 23 19 15 21 17 22 24 20
36 1 7 1 3 13 14 2 0 11 5 4 6 18 8 10 9 16 12 23 19 15 21 17 22 24 20
35 1 7 1 3 13 14 2 11 0 5 4 6 18 8 10 9 16 12 23 19 15 21 17 22 24 20
34 1 7 1 3 13 14 2 11 8 5 4 6 18 0 10 9 16 12 23 19 15 21 17 22 24 20
33 1 7 1 3 13 14 2 11 8 5 4 6 0 18 10 9 16 12 23 19 15 21 17 22 24 20
32 1 7 1 3 13 14 2 0 8 5 4 6 11 18 10 9 16 12 23 19 15 21 17 22 24 20
31 1 7 1 3 13 14 0 2 8 5 4 6 11 18 10 9 16 12 23 19 15 21 17 22 24 20
30 1 0 1 3 13 14 7 2 8 5 4 6 11 18 10 9 16 12 23 19 15 21 17 22 24 20
82 1 20 2 16 9 4 22 24 6 18 8 1 3 12 15 5 11 23 21 10 14 17 7 0 19 13
81 1 20 2 16 9 4 22 24 6 18 8 1 3 12 15 5 11 23 0 10 14 17 7 21 19 13
80 1 20 2 16 9 4 22 24 6 18 8 1 3 0 15 5 11 23 12 10 14 17 7 21 19 13
79 1 20 2 16 9 4 22 24 6 18 8 1 0 3 15 5 11 23 12 10 14 17 7 21 19 13
78 1 20 2 16 9 4 22 0 6 18 8 1 24 3 15 5 11 23 12 10 14 17 7 21 19 13
77 1 20 2 16 9 4 0 22 6 18 8 1 24 3 15 5 11 23 12 10 14 17 7 21 19 13
76 1 0 2 16 9 4 20 22 6 18 8 1 24 3 15 5 11 23 12 10 14 17 7 21 19 13
75 1 2 0 16 9 4 20 22 6 18 8 1 24 3 15 5 11 23 12 10 14 17 7 21 19 13
74 1 2 16 0 9 4 20 22 6 18 8 1 24 3 15 5 11 23 12 10 14 17 7 21 19 13
73 1 2 16 6 9 4 20 22 0 18 8 1 24 3 15 5 11 23 12 10 14 17 7 21 19 13
72 1 2 16 6 9 4 20 22 3 18 8 1 24 0 15 5 11 23 12 10 14 17 7 21 19 13
71 1 2 16 6 9 4 20 22 3 18 8 1 24 12 15 5 11 23 0 10 14 17 7 21 19 13
70 1 2 16 6 9 4 20 22 3 18 8 1 24 12 15 5 11 0 23 10 14 17 7 21 19 13
69 1 2 16 6 9 4 20 22 3 18 8 1 0 12 15 5 11 24 23 10 14 17 7 21 19 13
68 1 2 16 6 9 4 20 0 3 18 8 1 22 12 15 5 11 24 23 10 14 17 7 21 19 13
67 1 2 0 6 9 4 20 16 3 18 8 1 22 12 15 5 11 24 23 10 14 17 7 21 19 13
66 1 2 6 0 9 4 20 16 3 18 8 1 22 12 15 5 11 24 23 10 14 17 7 21 19 13
65 1 2 6 3 9 4 20 16 0 18 8 1 22 12 15 5 11 24 23 10 14 17 7 21 19 13
64 1 2 6 3 9 4 20 16 12 18 8 1 22 0 15 5 11 24 23 10 14 17 7 21 19 13
63 1 2 6 3 9 4 20 16 12 18 8 1 22 23 15 5 11 24 0 10 14 17 7 21 19 13
62 1 2 6 3 9 4 20 16 12 18 8 1 22 23 15 5 11 0 24 10 14 17 7 21 19 13
61 1 2 6 3 9 4 20 16 12 18 8 1 0 23 15 5 11 22 24 10 14 17 7 21 19 13
60 1 2 6 3 9 4 20 0 12 18 8 1 16 23 15 5 11 22 24 10 14 17 7 21 19 13
59 1 2 6 3 9 4 0 20 12 18 8 1 16 23 15 5 11 22 24 10 14 17 7 21 19 13
58 1 2 6 3 9 4 1 20 12 18 8 0 16 23 15 5 11 22 24 10 14 17 7 21 19 13
57 1 2 6 3 9 4 1 20 12 18 8 11 16 23 15 5 0 22 24 10 14 17 7 21 19 13
56 1 2 6 3 9 4 1 20 12 18 8 11 16 23 15 5 22 0 24 10 14 17 7 21 19 13
55 1 2 6 3 9 4 1 20 12 18 8 11 16 23 15 5 22 7 24 10 14 17 0 21 19 13
54 1 2 6 3 9 4 1 20 12 18 8 11 16 23 15 5 22 7 24 10 14 17 21 0 19 13
53 1 2 6 3 9 4 1 20 12 18 8 11 16 23 15 5 22 7 24 10 14 17 21 19 0 13
52 1 2 6 3 9 4 1 20 12 18 8 11 16 23 15 5 22 7 24 10 14 17 21 19 13 0
51 1 2 6 3 9 4 1 20 12 18 8 11 16 23 15 5 22 7 24 10 0 17 21 19 13 14
50 1 2 6 3 9 4 1 20 12 18 8 11 16 23 15 5 22 7 24 0 10 17 21 19 13 14
49 1 2 6 3 9 4 1 20 12 18 8 11 16 23 15 5 22 7 0 24 10 17 21 19 13 14
48 1 2 6 3 9 4 1 20 12 18 8 11 16 0 15 5 22 7 23 24 10 17 21 19 13 14
47 1 2 6 3 9 4 1 20 0 18 8 11 16 12 15 5 22 7 23 24 10 17 21 19 13 14
46 1 2 6 3 9 4 1 0 20 18 8 11 16 12 15 5 22 7 23 24 10 17 21 19 13 14
45 1 2 0 3 9 4 1 6 20 18 8 11 16 12 15 5 22 7 23 24 10 17 21 19 13 14
44 1 0 2 3 9 4 1 6 20 18 8 11 16 12 15 5 22 7 23 24 10 17 21 19 13 14
43 1 1 2 3 9 4 0 6 20 18 8 11 16 12 15 5 22 7 23 24 10 17 21 19 13 14
42 1 1 2 3 9 4 11 6 20 18 8 0 16 12 15 5 22 7 23 24 10 17 21 19 13 14
41 1 1 2 3 9 4 11 6 20 18 8 16 0 12 15 5 22 7 23 24 10 17 21 19 13 14
40 1 1 2 3 9 4 11 6 20 18 8 16 7 12 15 5 22 0 23 24 10 17 21 19 13 14
39 1 1 2 3 9 4 11 6 20 18 8 16 7 12 15 5 0 22 23 24 10 17 21 19 13 14
38 1 1 2 3 9 4 11 6 20 18 8 16 7 12 15 5 17 22 23 24 10 0 21 19 13 14
37 1 1 2 3 9 4 11 6 20 18 8 16 7 12 15 5 17 22 23 24 10 21 0 19 13 14
36 1 1 2 3 9 4 11 6 20 18 8 16 7 12 15 5 17 0 23 24 10 21 22 19 13 14
35 1 1 2 3 9 4 11 6 20 18 8 16 7 12 15 5 0 17 23 24 10 21 22 19 13 14
34 1 1 2 3 9 4 11 6 20 18 8 0 7 12 15 5 16 17 23 24 10 21 22 19 13 14
33 1 1 2 3 9 4 0 6 20 18 8 11 7 12 15 5 16 17 23 24 10 21 22 19 13 14
32 1 1 2 3 9 4 6 0 20 18 8 11 7 12 15 5 16 17 23 24 10 21 22 19 13 14
31 1 1 2 3 9 4 6 7 20 18 8 11 0 12 15 5 16 17 23 24 10 21 22 19 13 14
30 1 1 2 3 9 4 6 7 20 18 8 11 12 0 15 5 16 17 23 24 10 21 22 19 13 14
70 1 11 10 6 2 3 7 1 8 5 24 0 12 15 4 9 23 20 16 19 14 21 17 22 13 18
69 1 11 10 6 2 3 7 1 8 5 24 12 0 15 4 9 23 20 16 19 14 21 17 22 13 18
68 1 11 10 6 2 3 7 1 8 5 24 12 20 15 4 9 23 0 16 19 14 21 17 22 13 18
67 1 11 10 6 2 3 7 1 8 5 24 12 20 15 4 9 23 16 0 19 14 21 17 22 13 18
66 1 11 10 6 2 3 7 1 8 5 24 12 20 0 4 9 23 16 15 19 14 21 17 22 13 18
65 1 11 10 6 2 3 7 1 0 5 24 12 20 8 4 9 23 16 15 19 14 21 17 22 13 18
64 1 11 10 0 2 3 7 1 6 5 24 12 20 8 4 9 23 16 15 19 14 21 17 22 13 18
63 1 11 0 10 2 3 7 1 6 5 24 12 20 8 4 9 23 16 15 19 14 21 17 22 13 18
62 1 11 1 10 2 3 7 0 6 5 24 12 20 8 4 9 23 16 15 19 14 21 17 22 13 18
61 1 11 1 10 2 3 0 7 6 5 24 12 20 8 4 9 23 16 15 19 14 21 17 22 13 18
60 1 0 1 10 2 3 11 7 6 5 24 12 20 8 4 9 23 16 15 19 14 21 17 22 13 18
59 1 1 0 10 2 3 11 7 6 5 24 12 20 8 4 9 23 16 15 19 14 21 17 22 13 18
58 1 1 7 10 2 3 11 0 6 5 24 12 20 8 4 9 23 16 15 19 14 21 17 22 13 18
57 1 1 7 10 2 3 11 6 0 5 24 12 20 8 4 9 23 16 15 19 14 21 17 22 13 18
56 1 1 7 0 2 3 11 6 10 5 24 12 20 8 4 9 23 16 15 19 14 21 17 22 13 18
55 1 1 7 2 0 3 11 6 10 5 24 12 20 8 4 9 23 16 15 19 14 21 17 22 13 18
54 1 1 7 2 5 3 11 6 10 0 24 12 20 8 4 9 23 16 15 19 14 21 17 22 13 18
53 1 1 7 2 5 3 11 6 10 4 24 12 20 8 0 9 23 16 15 19 14 21 17 22 13 18
52 1 1 7 2 5 3 11 6 10 4 24 12 20 8 9 0 23 16 15 19 14 21 17 22 13 18
51 1 1 7 2 5 3 11 6 10 4 0 12 20 8 9 24 23 16 15 19 14 21 17 22 13 18
50 1 1 7 2 5 3 11 6 10 0 4 12 20 8 9 24 23 16 15 19 14 21 17 22 13 18
49 1 1 7 2 0 3 11 6 10 5 4 12 20 8 9 24 23 16 15 19 14 21 17 22 13 18
48 1 1 7 2 3 0 11 6 10 5 4 12 20 8 9 24 23 16 15 19 14 21 17 22 13 18
47 1 1 7 2 3 4 11 6 10 5 0 12 20 8 9 24 23 16 15 19 14 21 17 22 13 18
46 1 1 7 2 3 4 11 6 10 0 5 12 20 8 9 24 23 16 15 19 14 21 17 22 13 18
45 1 1 7 2 3 4 11 6 0 10 5 12 20 8 9 24 23 16 15 19 14 21 17 22 13 18
44 1 1 7 2 3 4 11 6 8 10 5 12 20 0 9 24 23 16 15 19 14 21 17 22 13 18
43 1 1 7 2 3 4 11 6 8 10 5 12 0 20 9 24 23 16 15 19 14 21 17 22 13 18
42 1 1 7 2 3 4 11 6 8 10 5 0 12 20 9 24 23 16 15 19 14 21 17 22 13 18
41 1 1 7 2 3 4 11 6 8 10 5 23 12 20 9 24 0 16 15 19 14 21 17 22 13 18
40 1 1 7 2 3 4 11 6 8 10 5 23 12 20 9 24 16 0 15 19 14 21 17 22 13 18
39 1 1 7 2 3 4 11 6 8 10 5 23 0 20 9 24 16 12 15 19 14 21 17 22 13 18
38 1 1 7 2 3 4 11 6 8 10 5 0 23 20 9 24 16 12 15 19 14 21 17 22 13 18
37 1 1 7 2 3 4 0 6 8 10 5 11 23 20 9 24 16 12 15 19 14 21 17 22 13 18
36 1 1 7 2 3 4 6 0 8 10 5 11 23 20 9 24 16 12 15 19 14 21 17 22 13 18
35 1 1 0 2 3 4 6 7 8 10 5 11 23 20 9 24 16 12 15 19 14 21 17 22 13 18
34 1 1 2 0 3 4 6 7 8 10 5 11 23 20 9 24 16 12 15 19 14 21 17 22 13 18
33 1 1 2 3 0 4 6 7 8 10 5 11 23 20 9 24 16 12 15 19 14 21 17 22 13 18
32 1 1 2 3 4 0 6 7 8 10 5 11 23 20 9 24 16 12 15 19 14 21 17 22 13 18
31 1 1 2 3 4 5 6 7 8 10 0 11 23 20 9 24 16 12 15 19 14 21 17 22 13 18
30 1 1 2 3 4 5 6 7 8 0 10 11 23 20 9 24 16 12 15 19 14 21 17 22 13 18
76 1 2 7 17 19 5 6 11 23 3 9 0 21 22 1 4 18 12 8 20 24 16 15 14 10 13
75 1 2 7 17 19 5 6 11 23 3 9 18 21 22 1 4 0 12 8 20 24 16 15 14 10 13
74 1 2 7 17 19 5 6 11 23 3 9 18 21 22 1 4 12 0 8 20 24 16 15 14 10 13
73 1 2 7 17 19 5 6 11 23 3 9 18 0 22 1 4 12 21 8 20 24 16 15 14 10 13
72 1 2 7 17 19 5 6 11 23 3 9 18 22 0 1 4 12 21 8 20 24 16 15 14 10 13
71 1 2 7 17 19 5 6 11 0 3 9 18 22 23 1 4 12 21 8 20 24 16 15 14 10 13
70 1 2 7 0 19 5 6 11 17 3 9 18 22 23 1 4 12 21 8 20 24 16 15 14 10 13
69 1 2 7 19 0 5 6 11 17 3 9 18 22 23 1 4 12 21 8 20 24 16 15 14 10 13
68 1 2 7 19 3 5 6 11 17 0 9 18 22 23 1 4 12 21 8 20 24 16 15 14 10 13
67 1 2 7 19 3 5 6 11 17 1 9 18 22 23 0 4 12 21 8 20 24 16 15 14 10 13
66 1 2 7 19 3 5 6 11 17 1 9 18 22 23 20 4 12 21 8 0 24 16 15 14 10 13
65 1 2 7 19 3 5 6 11 17 1 9 18 22 23 20 4 12 21 8 10 24 16 15 14 0 13
64 1 2 7 19 3 5 6 11 17 1 9 18 22 23 20 4 12 21 8 10 24 16 15 14 13 0
63 1 2 7 19 3 5 6 11 17 1 9 18 22 23 20 4 12 21 8 10 0 16 15 14 13 24
62 1 2 7 19 3 5 6 11 17 1 9 18 22 23 20 4 12 21 8 0 10 16 15 14 13 24
61 1 2 7 19 3 5 6 11 17 1 9 18 22 23 0 4 12 21 8 20 10 16 15 14 13 24
60 1 2 7 19 3 5 6 11 17 1 9 18 22 23 4 0 12 21 8 20 10 16 15 14 13 24
59 1 2 7 19 3 5 6 11 17 1 9 18 22 23 4 10 12 21 8 20 0 16 15 14 13 24
58 1 2 7 19 3 5 6 11 17 1 9 18 22 23 4 10 12 21 8 0 20 16 15 14 13 24
57 1 2 7 19 3 5 6 11 17 1 9 18 22 23 4 10 12 21 0 8 20 16 15 14 13 24
56 1 2 7 19 3 5 6 11 17 1 9 18 22 0 4 10 12 21 23 8 20 16 15 14 13 24
55 1 2 7 19 3 5 6 11 0 1 9 18 22 17 4 10 12 21 23 8 20 16 15 14 13 24
54 1 2 7 19 3 5 6 11 1 0 9 18 22 17 4 10 12 21 23 8 20 16 15 14 13 24
53 1 2 7 19 3 5 6 11 1 4 9 18 22 17 0 10 12 21 23 8 20 16 15 14 13 24
52 1 2 7 19 3 5 6 11 1 4 9 18 22 17 8 10 12 21 23 0 20 16 15 14 13 24
51 1 2 7 19 3 5 6 11 1 4 9 18 22 17 8 10 12 21 23 13 20 16 15 14 0 24
50 1 2 7 19 3 5 6 11 1 4 9 18 22 17 8 10 12 21 23 13 20 16 15 0 14 24
49 1 2 7 19 3 5 6 11 1 4 9 18 22 17 8 10 12 21 23 13 20 16 0 15 14 24
48 1 2 7 19 3 5 6 11 1 4 9 18 22 17 8 10 12 0 23 13 20 16 21 15 14 24
47 1 2 7 19 3 5 6 11 1 4 9 18 0 17 8 10 12 22 23 13 20 16 21 15 14 24
46 1 2 7 19 3 5 6 11 1 4 9 0 18 17 8 10 12 22 23 13 20 16 21 15 14 24
45 1 2 7 19 3 5 6 11 1 4 9 12 18 17 8 10 0 22 23 13 20 16 21 15 14 24
44 1 2 7 19 3 5 6 11 1 4 9 12 18 17 8 10 16 22 23 13 20 0 21 15 14 24
43 1 2 7 19 3 5 6 11 1 4 9 12 18 17 8 10 16 22 23 13 20 21 0 15 14 24
42 1 2 7 19 3 5 6 11 1 4 9 12 18 17 8 10 16 0 23 13 20 21 22 15 14 24
41 1 2 7 19 3 5 6 11 1 4 9 12 0 17 8 10 16 18 23 13 20 21 22 15 14 24
40 1 2 7 19 3 5 6 0 1 4 9 12 11 17 8 10 16 18 23 13 20 21 22 15 14 24
39 1 2 7 19 3 5 6 1 0 4 9 12 11 17 8 10 16 18 23 13 20 21 22 15 14 24
38 1 2 7 0 3 5 6 1 19 4 9 12 11 17 8 10 16 18 23 13 20 21 22 15 14 24
37 1 2 0 7 3 5 6 1 19 4 9 12 11 17 8 10 16 18 23 13 20 21 22 15 14 24
36 1 0 2 7 3 5 6 1 19 4 9 12 11 17 8 10 16 18 23 13 20 21 22 15 14 24
35 1 6 2 7 3 5 0 1 19 4 9 12 11 17 8 10 16 18 23 13 20 21 22 15 14 24
34 1 6 2 7 3 5 12 1 19 4 9 0 11 17 8 10 16 18 23 13 20 21 22 15 14 24
33 1 6 2 7 3 5 12 1 19 4 9 11 0 17 8 10 16 18 23 13 20 21 22 15 14 24
32 1 6 2 7 3 5 12 1 19 4 9 11 17 0 8 10 16 18 23 13 20 21 22 15 14 24
31 1 6 2 7 3 5 12 1 0 4 9 11 17 19 8 10 16 18 23 13 20 21 22 15 14 24
30 1 6 2 0 3 5 12 1 7 4 9 11 17 19 8 10 16 18 23 13 20 21 22 15 14 24
60 1 1 2 22 9 5 11 8 7 3 4 21 23 6 12 10 16 0 17 20 15 18 13 24 14 19
59 1 1 2 22 9 5 11 8 7 3 4 21 0 6 12 10 16 23 17 20 15 18 13 24 14 19
58 1 1 2 22 9 5 11 8 7 3 4 21 6 0 12 10 16 23 17 20 15 18 13 24 14 19
57 1 1 2 22 9 5 11 8 0 3 4 21 6 7 12 10 16 23 17 20 15 18 13 24 14 19
56 1 1 2 0 9 5 11 8 22 3 4 21 6 7 12 10 16 23 17 20 15 18 13 24 14 19
55 1 1 2 9 0 5 11 8 22 3 4 21 6 7 12 10 16 23 17 20 15 18 13 24 14 19
54 1 1 2 9 3 5 11 8 22 0 4 21 6 7 12 10 16 23 17 20 15 18 13 24 14 19
53 1 1 2 9 3 5 11 8 22 4 0 21 6 7 12 10 16 23 17 20 15 18 13 24 14 19
52 1 1 2 9 3 5 11 8 22 4 10 21 6 7 12 0 16 23 17 20 15 18 13 24 14 19
51 1 1 2 9 3 5 11 8 22 4 10 21 6 7 12 15 16 23 17 20 0 18 13 24 14 19
50 1 1 2 9 3 5 11 8 22 4 10 21 6 7 12 15 16 23 17 0 20 18 13 24 14 19
49 1 1 2 9 3 5 11 8 22 4 10 21 6 7 12 15 16 23 17 14 20 18 13 24 0 19
48 1 1 2 9 3 5 11 8 22 4 10 21 6 7 12 15 16 23 17 14 20 18 13 0 24 19
47 1 1 2 9 3 5 11 8 22 4 10 21 6 7 12 15 16 23 17 14 20 18 0 13 24 19
46 1 1 2 9 3 5 11 8 22 4 10 21 6 7 12 15 16 0 17 14 20 18 23 13 24 19
45 1 1 2 9 3 5 11 8 22 4 10 21 6 7 12 15 0 16 17 14 20 18 23 13 24 19
44 1 1 2 9 3 5 11 8 22 4 10 0 6 7 12 15 21 16 17 14 20 18 23 13 24 19
43 1 1 2 9 3 5 0 8 22 4 10 11 6 7 12 15 21 16 17 14 20 18 23 13 24 19
42 1 1 2 9 3 5 8 0 22 4 10 11 6 7 12 15 21 16 17 14 20 18 23 13 24 19
41 1 1 2 9 3 5 8 22 0 4 10 11 6 7 12 15 21 16 17 14 20 18 23 13 24 19
40 1 1 2 0 3 5 8 22 9 4 10 11 6 7 12 15 21 16 17 14 20 18 23 13 24 19
39 1 1 2 3 0 5 8 22 9 4 10 11 6 7 12 15 21 16 17 14 20 18 23 13 24 19
38 1 1 2 3 4 5 8 22 9 0 10 11 6 7 12 15 21 16 17 14 20 18 23 13 24 19
37 1 1 2 3 4 5 8 22 9 10 0 11 6 7 12 15 21 16 17 14 20 18 23 13 24 19
36 1 1 2 3 4 5 8 22 9 10 15 11 6 7 12 0 21 16 17 14 20 18 23 13 24 19
35 1 1 2 3 4 5 8 22 9 10 15 11 6 7 12 20 21 16 17 14 0 18 23 13 24 19
34 1 1 2 3 4 5 8 22 9 10 15 11 6 7 12 20 21 16 17 14 19 18 23 13 24 0
33 1 1 2 3 4 5 8 22 9 10 15 11 6 7 12 20 21 16 17 14 19 18 23 13 0 24
32 1 1 2 3 4 5 8 22 9 10 15 11 6 7 12 20 21 16 17 14 19 18 23 0 13 24
31 1 1 2 3 4 5 8 22 9 10 15 11 6 7 12 20 21 16 17 14 19 18 0 23 13 24
30 1 1 2 3 4 5 8 22 9 10 15 11 6 7 12 20 21 16 17 14 19 0 18 23 13 24
68 1 20 1 19 4 10 2 6 3 12 5 0 8 7 11 24 17 9 23 14 15 16 21 22 18 13
67 1 20 1 19 4 10 2 6 3 12 5 8 0 7 11 24 17 9 23 14 15 16 21 22 18 13
66 1 20 1 19 4 10 2 0 3 12 5 8 6 7 11 24 17 9 23 14 15 16 21 22 18 13
65 1 20 1 19 4 10 0 2 3 12 5 8 6 7 11 24 17 9 23 14 15 16 21 22 18 13
64 1 0 1 19 4 10 20 2 3 12 5 8 6 7 11 24 17 9 23 14 15 16 21 22 18 13
63 1 1 0 19 4 10 20 2 3 12 5 8 6 7 11 24 17 9 23 14 15 16 21 22 18 13
62 1 1 2 19 4 10 20 0 3 12 5 8 6 7 11 24 17 9 23 14 15 16 21 22 18 13
61 1 1 2 19 4 10 0 20 3 12 5 8 6 7 11 24 17 9 23 14 15 16 21 22 18 13
60 1 1 2 19 4 10 8 20 3 12 5 0 6 7 11 24 17 9 23 14 15 16 21 22 18 13
59 1 1 2 19 4 10 8 20 3 12 5 6 0 7 11 24 17 9 23 14 15 16 21 22 18 13
58 1 1 2 19 4 10 8 20 3 12 5 6 9 7 11 24 17 0 23 14 15 16 21 22 18 13
57 1 1 2 19 4 10 8 20 3 12 5 6 9 7 11 24 0 17 23 14 15 16 21 22 18 13
56 1 1 2 19 4 10 8 20 3 12 5 6 9 7 11 24 16 17 23 14 15 0 21 22 18 13
55 1 1 2 19 4 10 8 20 3 12 5 6 9 7 11 24 16 17 23 14 15 21 0 22 18 13
54 1 1 2 19 4 10 8 20 3 12 5 6 9 7 11 24 16 17 23 14 15 21 22 0 18 13
53 1 1 2 19 4 10 8 20 3 12 5 6 9 7 11 24 16 17 0 14 15 21 22 23 18 13
52 1 1 2 19 4 10 8 20 3 12 5 6 9 0 11 24 16 17 7 14 15 21 22 23 18 13
51 1 1 2 19 4 10 8 20 3 12 5 6 9 11 0 24 16 17 7 14 15 21 22 23 18 13
50 1 1 2 19 4 10 8 20 3 0 5 6 9 11 12 24 16 17 7 14 15 21 22 23 18 13
49 1 1 2 19 4 10 8 20 3 5 0 6 9 11 12 24 16 17 7 14 15 21 22 23 18 13
48 1 1 2 19 4 0 8 20 3 5 10 6 9 11 12 24 16 17 7 14 15 21 22 23 18 13
47 1 1 2 19 0 4 8 20 3 5 10 6 9 11 12 24 16 17 7 14 15 21 22 23 18 13
46 1 1 2 0 19 4 8 20 3 5 10 6 9 11 12 24 16 17 7 14 15 21 22 23 18 13
45 1 1 2 3 19 4 8 20 0 5 10 6 9 11 12 24 16 17 7 14 15 21 22 23 18 13
44 1 1 2 3 19 4 8 0 20 5 10 6 9 11 12 24 16 17 7 14 15 21 22 23 18 13
43 1 1 2 3 19 4 8 9 20 5 10 6 0 11 12 24 16 17 7 14 15 21 22 23 18 13
42 1 1 2 3 19 4 8 9 20 5 10 6 11 0 12 24 16 17 7 14 15 21 22 23 18 13
41 1 1 2 3 19 4 8 9 20 5 10 6 11 7 12 24 16 17 0 14 15 21 22 23 18 13
40 1 1 2 3 19 4 8 9 20 5 10 6 11 7 12 24 16 17 14 0 15 21 22 23 18 13
39 1 1 2 3 19 4 8 9 20 5 10 6 11 7 12 24 16 17 14 15 0 21 22 23 18 13
38 1 1 2 3 19 4 8 9 20 5 10 6 11 7 12 0 16 17 14 15 24 21 22 23 18 13
37 1 1 2 3 19 4 8 9 20 5 0 6 11 7 12 10 16 17 14 15 24 21 22 23 18 13
36 1 1 2 3 19 4 8 9 20 0 5 6 11 7 12 10 16 17 14 15 24 21 22 23 18 13
35 1 1 2 3 19 4 8 9 0 20 5 6 11 7 12 10 16 17 14 15 24 21 22 23 18 13
34 1 1 2 3 19 4 8 0 9 20 5 6 11 7 12 10 16 17 14 15 24 21 22 23 18 13
33 1 1 2 3 19 4 0 8 9 20 5 6 11 7 12 10 16 17 14 15 24 21 22 23 18 13
32 1 1 2 3 19 4 6 8 9 20 5 0 11 7 12 10 16 17 14 15 24 21 22 23 18 13
31 1 1 2 3 19 4 6 8 9 20 5 11 0 7 12 10 16 17 14 15 24 21 22 23 18 13
30 1 1 2 3 19 4 6 8 9 20 5 11 7 0 12 10 16 17 14 15 24 21 22 23 18 13
68 1 7 1 10 15 5 2 6 9 14 8 3 11 0 20 18 21 12 17 23 4 22 13 16 24 19
67 1 7 1 10 15 5 2 6 0 14 8 3 11 9 20 18 21 12 17 23 4 22 13 16 24 19
66 1 7 1 0 15 5 2 6 10 14 8 3 11 9 20 18 21 12 17 23 4 22 13 16 24 19
65 1 7 0 1 15 5 2 6 10 14 8 3 11 9 20 18 21 12 17 23 4 22 13 16 24 19
64 1 7 6 1 15 5 2 0 10 14 8 3 11 9 20 18 21 12 17 23 4 22 13 16 24 19
63 1 7 6 1 15 5 0 2 10 14 8 3 11 9 20 18 21 12 17 23 4 22 13 16 24 19
62 1 7 6 1 15 5 3 2 10 14 8 0 11 9 20 18 21 12 17 23 4 22 13 16 24 19
61 1 7 6 1 15 5 3 2 10 14 8 11 0 9 20 18 21 12 17 23 4 22 13 16 24 19
60 1 7 6 1 15 5 3 2 10 14 8 11 12 9 20 18 21 0 17 23 4 22 13 16 24 19
59 1 7 6 1 15 5 3 2 10 14 8 11 12 9 20 18 21 17 0 23 4 22 13 16 24 19
58 1 7 6 1 15 5 3 2 10 14 8 11 12 9 20 18 21 17 23 0 4 22 13 16 24 19
57 1 7 6 1 15 5 3 2 10 14 8 11 12 9 0 18 21 17 23 20 4 22 13 16 24 19
56 1 7 6 1 15 5 3 2 10 14 8 11 12 9 18 0 21 17 23 20 4 22 13 16 24 19
55 1 7 6 1 15 5 3 2 10 14 0 11 12 9 18 8 21 17 23 20 4 22 13 16 24 19
54 1 7 6 1 15 5 3 2 10 0 14 11 12 9 18 8 21 17 23 20 4 22 13 16 24 19
53 1 7 6 1 15 5 3 2 0 10 14 11 12 9 18 8 21 17 23 20 4 22 13 16 24 19
52 1 7 6 1 15 5 3 2 9 10 14 11 12 0 18 8 21 17 23 20 4 22 13 16 24 19
51 1 7 6 1 15 5 3 2 9 10 14 11 0 12 18 8 21 17 23 20 4 22 13 16 24 19
50 1 7 6 1 15 5 3 2 9 10 14 11 17 12 18 8 21 0 23 20 4 22 13 16 24 19
49 1 7 6 1 15 5 3 2 9 10 14 11 17 12 18 8 21 13 23 20 4 22 0 16 24 19
48 1 7 6 1 15 5 3 2 9 10 14 11 17 12 18 8 21 13 23 20 4 22 16 0 24 19
47 1 7 6 1 15 5 3 2 9 10 14 11 17 12 18 8 21 13 23 20 4 22 16 24 0 19
46 1 7 6 1 15 5 3 2 9 10 14 11 17 12 18 8 21 13 23 0 4 22 16 24 20 19
45 1 7 6 1 15 5 3 2 9 10 14 11 17 12 0 8 21 13 23 18 4 22 16 24 20 19
44 1 7 6 1 15 5 3 2 9 10 14 11 17 12 8 0 21 13 23 18 4 22 16 24 20 19
43 1 7 6 1 15 5 3 2 9 10 14 11 17 12 8 4 21 13 23 18 0 22 16 24 20 19
42 1 7 6 1 15 5 3 2 9 10 14 11 17 12 8 4 21 13 23 18 19 22 16 24 20 0
41 1 7 6 1 15 5 3 2 9 10 14 11 17 12 8 4 21 13 23 18 19 22 16 24 0 20
40 1 7 6 1 15 5 3 2 9 10 14 11 17 12 8 4 21 13 23 18 19 22 16 0 24 20
39 1 7 6 1 15 5 3 2 9 10 14 11 17 12 8 4 21 13 0 18 19 22 16 23 24 20
38 1 7 6 1 15 5 3 2 9 10 14 11 17 12 8 4 21 0 13 18 19 22 16 23 24 20
37 1 7 6 1 15 5 3 2 9 10 14 11 17 12 8 4 21 16 13 18 19 22 0 23 24 20
36 1 7 6 1 15 5 3 2 9 10 14 11 17 12 8 4 21 16 13 18 19 0 22 23 24 20
35 1 7 6 1 15 5 3 2 9 10 14 11 17 12 8 4 0 16 13 18 19 21 22 23 24 20
34 1 7 6 1 15 5 3 2 9 10 14 11 17 12 8 4 16 0 13 18 19 21 22 23 24 20
33 1 7 6 1 15 5 3 2 9 10 14 11 0 12 8 4 16 17 13 18 19 21 22 23 24 20
32 1 7 6 1 15 5 3 2 9 10 14 11 12 0 8 4 16 17 13 18 19 21 22 23 24 20
31 1 7 6 1 15 5 3 2 9 10 14 11 12 8 0 4 16 17 13 18 19 21 22 23 24 20
30 1 7 6 1 15 5 3 2 9 10 14 11 12 8 4 0 16 17 13 18 19 21 22 23 24 20
70 1 3 11 4 7 2 12 16 18 6 5 22 13 8 9 17 21 23 19 14 10 0 1 24 15 20
69 1 3 11 4 7 2 12 16 18 6 5 22 13 8 9 17 21 23 19 14 10 1 0 24 15 20
68 1 3 11 4 7 2 12 16 18 6 5 22 13 8 9 17 21 0 19 14 10 1 23 24 15 20
67 1 3 11 4 7 2 12 16 18 6 5 22 13 8 9 17 0 21 19 14 10 1 23 24 15 20
66 1 3 11 4 7 2 12 16 18 6 5 0 13 8 9 17 22 21 19 14 10 1 23 24 15 20
65 1 3 11 4 7 2 12 16 18 6 5 13 0 8 9 17 22 21 19 14 10 1 23 24 15 20
64 1 3 11 4 7 2 12 0 18 6 5 13 16 8 9 17 22 21 19 14 10 1 23 24 15 20
63 1 3 11 4 7 2 12 18 0 6 5 13 16 8 9 17 22 21 19 14 10 1 23 24 15 20
62 1 3 11 4 7 2 12 18 6 0 5 13 16 8 9 17 22 21 19 14 10 1 23 24 15 20
61 1 3 11 4 0 2 12 18 6 7 5 13 16 8 9 17 22 21 19 14 10 1 23 24 15 20
60 1 3 11 0 4 2 12 18 6 7 5 13 16 8 9 17 22 21 19 14 10 1 23 24 15 20
59 1 3 11 6 4 2 12 18 0 7 5 13 16 8 9 17 22 21 19 14 10 1 23 24 15 20
58 1 3 11 6 4 2 12 18 7 0 5 13 16 8 9 17 22 21 19 14 10 1 23 24 15 20
57 1 3 11 6 4 2 12 18 7 9 5 13 16 8 0 17 22 21 19 14 10 1 23 24 15 20
56 1 3 11 6 4 2 12 18 7 9 5 13 16 8 17 0 22 21 19 14 10 1 23 24 15 20
55 1 3 11 6 4 2 12 18 7 9 5 13 16 8 17 10 22 21 19 14 0 1 23 24 15 20
54 1 3 11 6 4 2 12 18 7 9 5 13 16 8 17 10 22 21 19 0 14 1 23 24 15 20
53 1 3 11 6 4 2 12 18 7 9 5 13 16 8 17 10 22 21 19 15 14 1 23 24 0 20
52 1 3 11 6 4 2 12 18 7 9 5 13 16 8 17 10 22 21 19 15 14 1 23 0 24 20
51 1 3 11 6 4 2 12 18 7 9 5 13 16 8 17 10 22 21 19 15 14 1 0 23 24 20
50 1 3 11 6 4 2 12 18 7 9 5 13 16 8 17 10 22 0 19 15 14 1 21 23 24 20
49 1 3 11 6 4 2 12 18 7 9 5 13 16 8 17 10 0 22 19 15 14 1 21 23 24 20
48 1 3 11 6 4 2 12 18 7 9 5 13 16 8 17 10 1 22 19 15 14 0 21 23 24 20
47 1 3 11 6 4 2 12 18 7 9 5 13 16 8 17 10 1 22 19 15 14 21 0 23 24 20
46 1 3 11 6 4 2 12 18 7 9 5 13 16 8 17 10 1 0 19 15 14 21 22 23 24 20
45 1 3 11 6 4 2 12 18 7 9 5 13 0 8 17 10 1 16 19 15 14 21 22 23 24 20
44 1 3 11 6 4 2 12 0 7 9 5 13 18 8 17 10 1 16 19 15 14 21 22 23 24 20
43 1 3 0 6 4 2 12 11 7 9 5 13 18 8 17 10 1 16 19 15 14 21 22 23 24 20
42 1 3 6 0 4 2 12 11 7 9 5 13 18 8 17 10 1 16 19 15 14 21 22 23 24 20
41 1 3 6 7 4 2 12 11 0 9 5 13 18 8 17 10 1 16 19 15 14 21 22 23 24 20
40 1 3 6 7 4 2 12 11 8 9 5 13 18 0 17 10 1 16 19 15 14 21 22 23 24 20
39 1 3 6 7 4 2 12 11 8 9 5 13 18 17 0 10 1 16 19 15 14 21 22 23 24 20
38 1 3 6 7 4 2 12 11 8 0 5 13 18 17 9 10 1 16 19 15 14 21 22 23 24 20
37 1 3 6 7 0 2 12 11 8 4 5 13 18 17 9 10 1 16 19 15 14 21 22 23 24 20
36 1 3 6 7 2 0 12 11 8 4 5 13 18 17 9 10 1 16 19 15 14 21 22 23 24 20
35 1 3 6 7 2 5 12 11 8 4 0 13 18 17 9 10 1 16 19 15 14 21 22 23 24 20
34 1 3 6 7 2 5 12 11 8 4 10 13 18 17 9 0 1 16 19 15 14 21 22 23 24 20
33 1 3 6 7 2 5 12 11 8 4 10 13 18 17 9 14 1 16 19 15 0 21 22 23 24 20
32 1 3 6 7 2 5 12 11 8 4 10 13 18 17 9 14 1 16 19 0 15 21 22 23 24 20
31 1 3 6 7 2 5 12 11 8 4 10 13 18 17 9 14 1 16 0 19 15 21 22 23 24 20
30 1 3 6 7 2 5 12 11 8 4 10 13 18 0 9 14 1 16 17 19 15 21 22 23 24 20
80 1 21 7 3 4 20 1 6 10 16 14 9 17 13 2 0 22 23 19 5 8 12 11 24 15 18
79 1 21 7 3 4 20 1 6 10 16 0 9 17 13 2 14 22 23 19 5 8 12 11 24 15 18
78 1 21 7 3 4 0 1 6 10 16 20 9 17 13 2 14 22 23 19 5 8 12 11 24 15 18
77 1 21 7 3 0 4 1 6 10 16 20 9 17 13 2 14 22 23 19 5 8 12 11 24 15 18
76 1 21 7 0 3 4 1 6 10 16 20 9 17 13 2 14 22 23 19 5 8 12 11 24 15 18
75 1 21 7 10 3 4 1 6 0 16 20 9 17 13 2 14 22 23 19 5 8 12 11 24 15 18
74 1 21 7 10 3 4 1 0 6 16 20 9 17 13 2 14 22 23 19 5 8 12 11 24 15 18
73 1 21 7 10 3 4 0 1 6 16 20 9 17 13 2 14 22 23 19 5 8 12 11 24 15 18
72 1 0 7 10 3 4 21 1 6 16 20 9 17 13 2 14 22 23 19 5 8 12 11 24 15 18
71 1 7 0 10 3 4 21 1 6 16 20 9 17 13 2 14 22 23 19 5 8 12 11 24 15 18
70 1 7 1 10 3 4 21 0 6 16 20 9 17 13 2 14 22 23 19 5 8 12 11 24 15 18
69 1 7 1 10 3 4 21 6 0 16 20 9 17 13 2 14 22 23 19 5 8 12 11 24 15 18
68 1 7 1 10 3 4 21 6 16 0 20 9 17 13 2 14 22 23 19 5 8 12 11 24 15 18
67 1 7 1 10 3 4 21 6 16 2 20 9 17 13 0 14 22 23 19 5 8 12 11 24 15 18
66 1 7 1 10 3 4 21 6 16 2 20 9 17 13 5 14 22 23 19 0 8 12 11 24 15 18
65 1 7 1 10 3 4 21 6 16 2 20 9 17 13 5 14 22 23 19 15 8 12 11 24 0 18
64 1 7 1 10 3 4 21 6 16 2 20 9 17 13 5 14 22 23 19 15 8 12 11 0 24 18
63 1 7 1 10 3 4 21 6 16 2 20 9 17 13 5 14 22 23 0 15 8 12 11 19 24 18
62 1 7 1 10 3 4 21 6 16 2 20 9 17 13 5 14 22 0 23 15 8 12 11 19 24 18
61 1 7 1 10 3 4 21 6 16 2 20 9 0 13 5 14 22 17 23 15 8 12 11 19 24 18
60 1 7 1 10 3 4 21 6 16 2 20 0 9 13 5 14 22 17 23 15 8 12 11 19 24 18
59 1 7 1 10 3 4 0 6 16 2 20 21 9 13 5 14 22 17 23 15 8 12 11 19 24 18
58 1 7 1 10 3 4 6 0 16 2 20 21 9 13 5 14 22 17 23 15 8 12 11 19 24 18
57 1 7 1 10 3 4 6 16 0 2 20 21 9 13 5 14 22 17 23 15 8 12 11 19 24 18
56 1 7 1 10 3 4 6 16 2 0 20 21 9 13 5 14 22 17 23 15 8 12 11 19 24 18
55 1 7 1 10 3 4 6 16 2 5 20 21 9 13 0 14 22 17 23 15 8 12 11 19 24 18
54 1 7 1 10 3 4 6 16 2 5 20 21 9 13 15 14 22 17 23 0 8 12 11 19 24 18
53 1 7 1 10 3 4 6 16 2 5 20 21 9 13 15 14 22 17 23 8 0 12 11 19 24 18
52 1 7 1 10 3 4 6 16 2 5 20 21 9 13 15 0 22 17 23 8 14 12 11 19 24 18
51 1 7 1 10 3 4 6 16 2 5 0 21 9 13 15 20 22 17 23 8 14 12 11 19 24 18
50 1 7 1 10 3 4 6 16 2 0 5 21 9 13 15 20 22 17 23 8 14 12 11 19 24 18
49 1 7 1 10 3 4 6 16 2 15 5 21 9 13 0 20 22 17 23 8 14 12 11 19 24 18
48 1 7 1 10 3 4 6 16 2 15 5 21 9 13 8 20 22 17 23 0 14 12 11 19 24 18
47 1 7 1 10 3 4 6 16 2 15 5 21 9 13 8 20 22 17 23 14 0 12 11 19 24 18
46 1 7 1 10 3 4 6 16 2 15 5 21 9 13 8 20 22 17 23 14 18 12 11 19 24 0
45 1 7 1 10 3 4 6 16 2 15 5 21 9 13 8 20 22 17 23 14 18 12 11 19 0 24
44 1 7 1 10 3 4 6 16 2 15 5 21 9 13 8 20 22 17 23 14 18 12 11 0 19 24
43 1 7 1 10 3 4 6 16 2 15 5 21 9 13 8 20 22 17 0 14 18 12 11 23 19 24
42 1 7 1 10 3 4 6 16 2 15 5 21 9 0 8 20 22 17 13 14 18 12 11 23 19 24
41 1 7 1 10 3 4 6 16 2 15 5 21 0 9 8 20 22 17 13 14 18 12 11 23 19 24
40 1 7 1 10 3 4 6 0 2 15 5 21 16 9 8 20 22 17 13 14 18 12 11 23 19 24
39 1 7 1 10 3 4 6 2 0 15 5 21 16 9 8 20 22 17 13 14 18 12 11 23 19 24
38 1 7 1 0 3 4 6 2 10 15 5 21 16 9 8 20 22 17 13 14 18 12 11 23 19 24
37 1 7 1 3 0 4 6 2 10 15 5 21 16 9 8 20 22 17 13 14 18 12 11 23 19 24
36 1 7 1 3 4 0 6 2 10 15 5 21 16 9 8 20 22 17 13 14 18 12 11 23 19 24
35 1 7 1 3 4 5 6 2 10 15 0 21 16 9 8 20 22 17 13 14 18 12 11 23 19 24
34 1 7 1 3 4 5 6 2 10 0 15 21 16 9 8 20 22 17 13 14 18 12 11 23 19 24
33 1 7 1 3 4 5 6 2 0 10 15 21 16 9 8 20 22 17 13 14 18 12 11 23 19 24
32 1 7 1 3 4 5 6 2 9 10 15 21 16 0 8 20 22 17 13 14 18 12 11 23 19 24
31 1 7 1 3 4 5 6 2 9 10 15 21 16 8 0 20 22 17 13 14 18 12 11 23 19 24
30 1 7 1 3 4 5 6 2 9 10 15 21 16 8 14 20 22 17 13 0 18 12 11 23 19 24
72 1 2 7 11 3 0 6 4 8 18 9 12 1 15 5 13 21 22 23 19 17 14 16 24 10 20
71 1 2 7 11 3 9 6 4 8 18 0 12 1 15 5 13 21 22 23 19 17 14 16 24 10 20
70 1 2 7 11 3 9 6 4 8 18 13 12 1 15 5 0 21 22 23 19 17 14 16 24 10 20
69 1 2 7 11 3 9 6 4 8 18 13 12 1 15 0 5 21 22 23 19 17 14 16 24 10 20
68 1 2 7 11 3 9 6 4 8 0 13 12 1 15 18 5 21 22 23 19 17 14 16 24 10 20
67 1 2 7 11 3 9 6 4 0 8 13 12 1 15 18 5 21 22 23 19 17 14 16 24 10 20
66 1 2 7 0 3 9 6 4 11 8 13 12 1 15 18 5 21 22 23 19 17 14 16 24 10 20
65 1 2 7 3 0 9 6 4 11 8 13 12 1 15 18 5 21 22 23 19 17 14 16 24 10 20
64 1 2 7 3 8 9 6 4 11 0 13 12 1 15 18 5 21 22 23 19 17 14 16 24 10 20
63 1 2 7 3 8 9 6 4 11 18 13 12 1 15 0 5 21 22 23 19 17 14 16 24 10 20
62 1 2 7 3 8 9 6 4 11 18 13 12 1 0 15 5 21 22 23 19 17 14 16 24 10 20
61 1 2 7 3 8 9 6 4 0 18 13 12 1 11 15 5 21 22 23 19 17 14 16 24 10 20
60 1 2 7 3 8 9 6 0 4 18 13 12 1 11 15 5 21 22 23 19 17 14 16 24 10 20
59 1 2 7 3 8 9 6 1 4 18 13 12 0 11 15 5 21 22 23 19 17 14 16 24 10 20
58 1 2 7 3 8 9 6 1 4 18 13 12 22 11 15 5 21 0 23 19 17 14 16 24 10 20
57 1 2 7 3 8 9 6 1 4 18 13 12 22 11 15 5 21 16 23 19 17 14 0 24 10 20
56 1 2 7 3 8 9 6 1 4 18 13 12 22 11 15 5 21 16 23 19 17 0 14 24 10 20
55 1 2 7 3 8 9 6 1 4 18 13 12 22 11 15 5 0 16 23 19 17 21 14 24 10 20
54 1 2 7 3 8 9 6 1 4 18 13 12 22 11 15 5 16 0 23 19 17 21 14 24 10 20
53 1 2 7 3 8 9 6 1 4 18 13 12 22 11 15 5 16 23 0 19 17 21 14 24 10 20
52 1 2 7 3 8 9 6 1 4 18 13 12 22 11 15 5 16 23 19 0 17 21 14 24 10 20
51 1 2 7 3 8 9 6 1 4 18 13 12 22 11 15 5 16 23 19 10 17 21 14 24 0 20
50 1 2 7 3 8 9 6 1 4 18 13 12 22 11 15 5 16 23 19 10 17 21 14 0 24 20
49 1 2 7 3 8 9 6 1 4 18 13 12 22 11 15 5 16 23 19 10 17 21 0 14 24 20
48 1 2 7 3 8 9 6 1 4 18 13 12 22 11 15 5 16 0 19 10 17 21 23 14 24 20
47 1 2 7 3 8 9 6 1 4 18 13 12 0 11 15 5 16 22 19 10 17 21 23 14 24 20
46 1 2 7 3 8 9 6 1 4 18 13 0 12 11 15 5 16 22 19 10 17 21 23 14 24 20
45 1 2 7 3 8 9 0 1 4 18 13 6 12 11 15 5 16 22 19 10 17 21 23 14 24 20
44 1 2 7 3 8 9 1 0 4 18 13 6 12 11 15 5 16 22 19 10 17 21 23 14 24 20
43 1 2 0 3 8 9 1 7 4 18 13 6 12 11 15 5 16 22 19 10 17 21 23 14 24 20
42 1 2 3 0 8 9 1 7 4 18 13 6 12 11 15 5 16 22 19 10 17 21 23 14 24 20
41 1 2 3 4 8 9 1 7 0 18 13 6 12 11 15 5 16 22 19 10 17 21 23 14 24 20
40 1 2 3 4 8 9 1 7 18 0 13 6 12 11 15 5 16 22 19 10 17 21 23 14 24 20
39 1 2 3 4 8 9 1 7 18 13 0 6 12 11 15 5 16 22 19 10 17 21 23 14 24 20
38 1 2 3 4 8 9 1 7 18 13 5 6 12 11 15 0 16 22 19 10 17 21 23 14 24 20
37 1 2 3 4 8 9 1 7 18 13 5 6 12 11 15 17 16 22 19 10 0 21 23 14 24 20
36 1 2 3 4 8 9 1 7 18 13 5 6 12 11 15 17 16 22 19 0 10 21 23 14 24 20
35 1 2 3 4 8 9 1 7 18 13 5 6 12 11 0 17 16 22 19 15 10 21 23 14 24 20
34 1 2 3 4 8 9 1 7 18 13 5 6 12 11 17 0 16 22 19 15 10 21 23 14 24 20
33 1 2 3 4 8 9 1 7 18 13 5 6 12 11 17 10 16 22 19 15 0 21 23 14 24 20
32 1 2 3 4 8 9 1 7 18 13 5 6 12 11 17 10 16 22 19 0 15 21 23 14 24 20
31 1 2 3 4 8 9 1 7 18 13 5 6 12 11 17 10 16 22 0 19 15 21 23 14 24 20
30 1 2 3 4 8 9 1 7 18 13 5 6 12 11 17 10 16 22 14 19 15 21 23 0 24 20
72 1 1 12 10 2 5 11 7 20 0 9 8 22 24 17 4 21 16 23 3 19 14 6 18 13 15
71 1 1 12 10 2 5 11 7 20 17 9 8 22 24 0 4 21 16 23 3 19 14 6 18 13 15
70 1 1 12 10 2 5 11 7 20 17 9 8 22 24 3 4 21 16 23 0 19 14 6 18 13 15
69 1 1 12 10 2 5 11 7 20 17 9 8 22 24 3 4 21 16 23 13 19 14 6 18 0 15
68 1 1 12 10 2 5 11 7 20 17 9 8 22 24 3 4 21 16 23 13 19 14 6 0 18 15
67 1 1 12 10 2 5 11 7 20 17 9 8 22 24 3 4 21 16 0 13 19 14 6 23 18 15
66 1 1 12 10 2 5 11 7 20 17 9 8 22 0 3 4 21 16 24 13 19 14 6 23 18 15
65 1 1 12 10 2 5 11 7 0 17 9 8 22 20 3 4 21 16 24 13 19 14 6 23 18 15
64 1 1 12 10 2 5 11 7 17 0 9 8 22 20 3 4 21 16 24 13 19 14 6 23 18 15
63 1 1 12 10 2 5 11 7 17 3 9 8 22 20 0 4 21 16 24 13 19 14 6 23 18 15
62 1 1 12 10 2 5 11 7 17 3 9 8 22 20 13 4 21 16 24 0 19 14 6 23 18 15
61 1 1 12 10 2 5 11 7 17 3 9 8 22 20 13 4 21 16 0 24 19 14 6 23 18 15
60 1 1 12 10 2 5 11 7 17 3 9 8 22 20 13 4 21 0 16 24 19 14 6 23 18 15
59 1 1 12 10 2 5 11 7 17 3 9 8 22 20 13 4 21 6 16 24 19 14 0 23 18 15
58 1 1 12 10 2 5 11 7 17 3 9 8 22 20 13 4 21 6 16 24 19 0 14 23 18 15
57 1 1 12 10 2 5 11 7 17 3 9 8 22 20 13 4 0 6 16 24 19 21 14 23 18 15
56 1 1 12 10 2 5 11 7 17 3 9 0 22 20 13 4 8 6 16 24 19 21 14 23 18 15
55 1 1 12 10 2 5 11 7 17 3 9 22 0 20 13 4 8 6 16 24 19 21 14 23 18 15
54 1 1 12 10 2 5 11 7 17 3 9 22 6 20 13 4 8 0 16 24 19 21 14 23 18 15
53 1 1 12 10 2 5 11 7 17 3 9 22 6 20 13 4 8 16 0 24 19 21 14 23 18 15
52 1 1 12 10 2 5 11 7 17 3 9 22 6 0 13 4 8 16 20 24 19 21 14 23 18 15
51 1 1 12 10 2 5 11 7 0 3 9 22 6 17 13 4 8 16 20 24 19 21 14 23 18 15
50 1 1 12 0 2 5 11 7 10 3 9 22 6 17 13 4 8 16 20 24 19 21 14 23 18 15
49 1 1 12 2 0 5 11 7 10 3 9 22 6 17 13 4 8 16 20 24 19 21 14 23 18 15
48 1 1 12 2 3 5 11 7 10 0 9 22 6 17 13 4 8 16 20 24 19 21 14 23 18 15
47 1 1 12 2 3 5 11 7 0 10 9 22 6 17 13 4 8 16 20 24 19 21 14 23 18 15
46 1 1 12 2 3 5 11 0 7 10 9 22 6 17 13 4 8 16 20 24 19 21 14 23 18 15
45 1 1 12 2 3 5 11 6 7 10 9 22 0 17 13 4 8 16 20 24 19 21 14 23 18 15
44 1 1 12 2 3 5 11 6 7 10 9 0 22 17 13 4 8 16 20 24 19 21 14 23 18 15
43 1 1 12 2 3 5 11 6 7 10 9 8 22 17 13 4 0 16 20 24 19 21 14 23 18 15
42 1 1 12 2 3 5 11 6 7 10 9 8 22 17 13 4 16 0 20 24 19 21 14 23 18 15
41 1 1 12 2 3 5 11 6 7 10 9 8 22 17 13 4 16 14 20 24 19 21 0 23 18 15
40 1 1 12 2 3 5 11 6 7 10 9 8 22 17 13 4 16 14 20 24 19 21 23 0 18 15
39 1 1 12 2 3 5 11 6 7 10 9 8 22 17 13 4 16 14 20 24 19 21 23 18 0 15
38 1 1 12 2 3 5 11 6 7 10 9 8 22 17 13 4 16 14 20 0 19 21 23 18 24 15
37 1 1 12 2 3 5 11 6 7 10 9 8 22 17 13 4 16 14 20 19 0 21 23 18 24 15
36 1 1 12 2 3 5 11 6 7 10 9 8 22 17 13 4 16 14 20 19 15 21 23 18 24 0
35 1 1 12 2 3 5 11 6 7 10 9 8 22 17 13 4 16 14 20 19 15 21 23 18 0 24
34 1 1 12 2 3 5 11 6 7 10 9 8 22 17 13 4 16 14 20 0 15 21 23 18 19 24
33 1 1 12 2 3 5 11 6 7 10 9 8 22 17 13 4 16 14 0 20 15 21 23 18 19 24
32 1 1 12 2 3 5 11 6 7 10 9 8 22 17 13 4 16 0 14 20 15 21 23 18 19 24
31 1 1 12 2 3 5 11 6 7 10 9 8 0 17 13 4 16 22 14 20 15 21 23 18 19 24
30 1 1 12 2 3 5 11 6 7 10 9 8 17 0 13 4 16 22 14 20 15 21 23 18 19 24
74 1 3 18 9 20 8 1 13 5 0 10 6 21 15 4 23 2 22 7 24 19 12 16 14 17 11
73 1 3 18 9 0 8 1 13 5 20 10 6 21 15 4 23 2 22 7 24 19 12 16 14 17 11
72 1 3 18 9 8 0 1 13 5 20 10 6 21 15 4 23 2 22 7 24 19 12 16 14 17 11
71 1 3 18 9 8 10 1 13 5 20 0 6 21 15 4 23 2 22 7 24 19 12 16 14 17 11
70 1 3 18 9 8 10 1 13 5 0 20 6 21 15 4 23 2 22 7 24 19 12 16 14 17 11
69 1 3 18 9 8 10 1 13 0 5 20 6 21 15 4 23 2 22 7 24 19 12 16 14 17 11
68 1 3 18 0 8 10 1 13 9 5 20 6 21 15 4 23 2 22 7 24 19 12 16 14 17 11
67 1 3 18 8 0 10 1 13 9 5 20 6 21 15 4 23 2 22 7 24 19 12 16 14 17 11
66 1 3 18 8 5 10 1 13 9 0 20 6 21 15 4 23 2 22 7 24 19 12 16 14 17 11
65 1 3 18 8 5 10 1 13 9 4 20 6 21 15 0 23 2 22 7 24 19 12 16 14 17 11
64 1 3 18 8 5 10 1 13 9 4 20 6 21 15 24 23 2 22 7 0 19 12 16 14 17 11
63 1 3 18 8 5 10 1 13 9 4 20 6 21 15 24 23 2 22 7 17 19 12 16 14 0 11
62 1 3 18 8 5 10 1 13 9 4 20 6 21 15 24 23 2 22 7 17 19 12 16 14 11 0
61 1 3 18 8 5 10 1 13 9 4 20 6 21 15 24 23 2 22 7 17 0 12 16 14 11 19
60 1 3 18 8 5 10 1 13 9 4 20 6 21 15 24 0 2 22 7 17 23 12 16 14 11 19
59 1 3 18 8 5 10 1 13 9 4 20 6 21 15 0 24 2 22 7 17 23 12 16 14 11 19
58 1 3 18 8 5 10 1 13 9 4 20 6 21 0 15 24 2 22 7 17 23 12 16 14 11 19
57 1 3 18 8 5 10 1 13 9 4 20 6 21 7 15 24 2 22 0 17 23 12 16 14 11 19
56 1 3 18 8 5 10 1 13 9 4 20 6 21 7 15 24 2 22 14 17 23 12 16 0 11 19
55 1 3 18 8 5 10 1 13 9 4 20 6 21 7 15 24 2 22 14 17 23 12 16 11 0 19
54 1 3 18 8 5 10 1 13 9 4 20 6 21 7 15 24 2 22 14 17 23 12 16 11 19 0
53 1 3 18 8 5 10 1 13 9 4 20 6 21 7 15 24 2 22 14 17 0 12 16 11 19 23
52 1 3 18 8 5 10 1 13 9 4 20 6 21 7 15 0 2 22 14 17 24 12 16 11 19 23
51 1 3 18 8 5 10 1 13 9 4 0 6 21 7 15 20 2 22 14 17 24 12 16 11 19 23
50 1 3 18 8 5 0 1 13 9 4 10 6 21 7 15 20 2 22 14 17 24 12 16 11 19 23
49 1 3 18 8 0 5 1 13 9 4 10 6 21 7 15 20 2 22 14 17 24 12 16 11 19 23
48 1 3 18 8 4 5 1 13 9 0 10 6 21 7 15 20 2 22 14 17 24 12 16 11 19 23
47 1 3 18 8 4 5 1 13 0 9 10 6 21 7 15 20 2 22 14 17 24 12 16 11 19 23
46 1 3 18 8 4 5 1 0 13 9 10 6 21 7 15 20 2 22 14 17 24 12 16 11 19 23
45 1 3 0 8 4 5 1 18 13 9 10 6 21 7 15 20 2 22 14 17 24 12 16 11 19 23
44 1 0 3 8 4 5 1 18 13 9 10 6 21 7 15 20 2 22 14 17 24 12 16 11 19 23
43 1 1 3 8 4 5 0 18 13 9 10 6 21 7 15 20 2 22 14 17 24 12 16 11 19 23
42 1 1 3 8 4 5 6 18 13 9 10 0 21 7 15 20 2 22 14 17 24 12 16 11 19 23
41 1 1 3 8 4 5 6 18 13 9 10 2 21 7 15 20 0 22 14 17 24 12 16 11 19 23
40 1 1 3 8 4 5 6 18 13 9 10 2 21 7 15 20 12 22 14 17 24 0 16 11 19 23
39 1 1 3 8 4 5 6 18 13 9 10 2 21 7 15 20 12 22 14 17 24 16 0 11 19 23
38 1 1 3 8 4 5 6 18 13 9 10 2 21 7 15 20 12 0 14 17 24 16 22 11 19 23
37 1 1 3 8 4 5 6 18 13 9 10 2 0 7 15 20 12 21 14 17 24 16 22 11 19 23
36 1 1 3 8 4 5 6 0 13 9 10 2 18 7 15 20 12 21 14 17 24 16 22 11 19 23
35 1 1 3 8 4 5 6 13 0 9 10 2 18 7 15 20 12 21 14 17 24 16 22 11 19 23
34 1 1 3 8 4 5 6 13 7 9 10 2 18 0 15 20 12 21 14 17 24 16 22 11 19 23
33 1 1 3 8 4 5 6 13 7 9 10 2 18 14 15 20 12 21 0 17 24 16 22 11 19 23
32 1 1 3 8 4 5 6 13 7 9 10 2 18 14 15 20 12 21 11 17 24 16 22 0 19 23
31 1 1 3 8 4 5 6 13 7 9 10 2 18 14 15 20 12 21 11 17 24 16 0 22 19 23
30 1 1 3 8 4 5 6 13 7 9 10 2 18 14 15 20 12 0 11 17 24 16 21 22 19 23
80 1 15 7 20 9 5 6 3 4 0 8 16 1 17 2 13 12 14 24 22 23 21 10 11 19 18
79 1 15 7 20 0 5 6 3 4 9 8 16 1 17 2 13 12 14 24 22 23 21 10 11 19 18
78 1 15 7 0 20 5 6 3 4 9 8 16 1 17 2 13 12 14 24 22 23 21 10 11 19 18
77 1 15 7 4 20 5 6 3 0 9 8 16 1 17 2 13 12 14 24 22 23 21 10 11 19 18
76 1 15 7 4 20 5 6 3 17 9 8 16 1 0 2 13 12 14 24 22 23 21 10 11 19 18
75 1 15 7 4 20 5 6 3 17 9 8 16 1 2 0 13 12 14 24 22 23 21 10 11 19 18
74 1 15 7 4 20 5 6 3 17 0 8 16 1 2 9 13 12 14 24 22 23 21 10 11 19 18
73 1 15 7 4 0 5 6 3 17 20 8 16 1 2 9 13 12 14 24 22 23 21 10 11 19 18
72 1 15 7 0 4 5 6 3 17 20 8 16 1 2 9 13 12 14 24 22 23 21 10 11 19 18
71 1 15 0 7 4 5 6 3 17 20 8 16 1 2 9 13 12 14 24 22 23 21 10 11 19 18
70 1 15 3 7 4 5 6 0 17 20 8 16 1 2 9 13 12 14 24 22 23 21 10 11 19 18
69 1 15 3 7 4 5 6 1 17 20 8 16 0 2 9 13 12 14 24 22 23 21 10 11 19 18
68 1 15 3 7 4 5 6 1 17 20 8 16 14 2 9 13 12 0 24 22 23 21 10 11 19 18
67 1 15 3 7 4 5 6 1 17 20 8 16 14 2 9 13 12 10 24 22 23 21 0 11 19 18
66 1 15 3 7 4 5 6 1 17 20 8 16 14 2 9 13 12 10 24 22 23 21 11 0 19 18
65 1 15 3 7 4 5 6 1 17 20 8 16 14 2 9 13 12 10 0 22 23 21 11 24 19 18
64 1 15 3 7 4 5 6 1 17 20 8 16 14 2 9 13 12 0 10 22 23 21 11 24 19 18
63 1 15 3 7 4 5 6 1 17 20 8 16 0 2 9 13 12 14 10 22 23 21 11 24 19 18
62 1 15 3 7 4 5 6 1 17 20 8 16 2 0 9 13 12 14 10 22 23 21 11 24 19 18
61 1 15 3 7 4 5 6 1 17 20 8 16 2 10 9 13 12 14 0 22 23 21 11 24 19 18
60 1 15 3 7 4 5 6 1 17 20 8 16 2 10 9 13 12 14 22 0 23 21 11 24 19 18
59 1 15 3 7 4 5 6 1 17 20 8 16 2 10 9 13 12 14 22 19 23 21 11 24 0 18
58 1 15 3 7 4 5 6 1 17 20 8 16 2 10 9 13 12 14 22 19 23 21 11 0 24 18
57 1 15 3 7 4 5 6 1 17 20 8 16 2 10 9 13 12 14 0 19 23 21 11 22 24 18
56 1 15 3 7 4 5 6 1 17 20 8 16 2 10 9 13 12 14 19 0 23 21 11 22 24 18
55 1 15 3 7 4 5 6 1 17 20 8 16 2 10 9 13 12 14 19 23 0 21 11 22 24 18
54 1 15 3 7 4 5 6 1 17 20 8 16 2 10 9 0 12 14 19 23 13 21 11 22 24 18
53 1 15 3 7 4 5 6 1 17 20 8 16 2 10 0 9 12 14 19 23 13 21 11 22 24 18
52 1 15 3 7 4 5 6 1 17 0 8 16 2 10 20 9 12 14 19 23 13 21 11 22 24 18
51 1 15 3 7 4 5 6 1 17 8 0 16 2 10 20 9 12 14 19 23 13 21 11 22 24 18
50 1 15 3 7 4 5 6 1 17 8 9 16 2 10 20 0 12 14 19 23 13 21 11 22 24 18
49 1 15 3 7 4 5 6 1 17 8 9 16 2 10 0 20 12 14 19 23 13 21 11 22 24 18
48 1 15 3 7 4 5 6 1 17 8 9 16 2 0 10 20 12 14 19 23 13 21 11 22 24 18
47 1 15 3 7 4 5 6 1 0 8 9 16 2 17 10 20 12 14 19 23 13 21 11 22 24 18
46 1 15 3 0 4 5 6 1 7 8 9 16 2 17 10 20 12 14 19 23 13 21 11 22 24 18
45 1 15 0 3 4 5 6 1 7 8 9 16 2 17 10 20 12 14 19 23 13 21 11 22 24 18
44 1 15 1 3 4 5 6 0 7 8 9 16 2 17 10 20 12 14 19 23 13 21 11 22 24 18
43 1 15 1 3 4 5 6 2 7 8 9 16 0 17 10 20 12 14 19 23 13 21 11 22 24 18
42 1 15 1 3 4 5 6 2 7 8 9 16 14 17 10 20 12 0 19 23 13 21 11 22 24 18
41 1 15 1 3 4 5 6 2 7 8 9 16 14 17 10 20 12 11 19 23 13 21 0 22 24 18
40 1 15 1 3 4 5 6 2 7 8 9 16 14 17 10 20 12 11 19 23 13 21 22 0 24 18
39 1 15 1 3 4 5 6 2 7 8 9 16 14 17 10 20 12 11 0 23 13 21 22 19 24 18
38 1 15 1 3 4 5 6 2 7 8 9 16 14 0 10 20 12 11 17 23 13 21 22 19 24 18
37 1 15 1 3 4 5 6 2 7 8 9 16 0 14 10 20 12 11 17 23 13 21 22 19 24 18
36 1 15 1 3 4 5 6 2 7 8 9 16 11 14 10 20 12 0 17 23 13 21 22 19 24 18
35 1 15 1 3 4 5 6 2 7 8 9 16 11 14 10 20 0 12 17 23 13 21 22 19 24 18
34 1 15 1 3 4 5 6 2 7 8 9 0 11 14 10 20 16 12 17 23 13 21 22 19 24 18
33 1 15 1 3 4 5 0 2 7 8 9 6 11 14 10 20 16 12 17 23 13 21 22 19 24 18
32 1 0 1 3 4 5 15 2 7 8 9 6 11 14 10 20 16 12 17 23 13 21 22 19 24 18
31 1 1 0 3 4 5 15 2 7 8 9 6 11 14 10 20 16 12 17 23 13 21 22 19 24 18
30 1 1 2 3 4 5 15 0 7 8 9 6 11 14 10 20 16 12 17 23 13 21 22 19 24 18
90 1 21 13 4 9 10 12 8 14 19 6 22 11 24 2 0 17 3 20 5 7 16 15 1 23 18
89 1 21 13 4 9 10 12 8 14 19 0 22 11 24 2 6 17 3 20 5 7 16 15 1 23 18
88 1 21 13 4 9 10 12 8 14 0 19 22 11 24 2 6 17 3 20 5 7 16 15 1 23 18
87 1 21 13 4 9 10 12 8 14 2 19 22 11 24 0 6 17 3 20 5 7 16 15 1 23 18
86 1 21 13 4 9 10 12 8 14 2 19 22 11 24 5 6 17 3 20 0 7 16 15 1 23 18
85 1 21 13 4 9 10 12 8 14 2 19 22 11 24 5 6 17 3 0 20 7 16 15 1 23 18
84 1 21 13 4 9 10 12 8 14 2 19 22 11 0 5 6 17 3 24 20 7 16 15 1 23 18
83 1 21 13 4 9 10 12 8 0 2 19 22 11 14 5 6 17 3 24 20 7 16 15 1 23 18
82 1 21 13 4 9 10 12 8 2 0 19 22 11 14 5 6 17 3 24 20 7 16 15 1 23 18
81 1 21 13 4 0 10 12 8 2 9 19 22 11 14 5 6 17 3 24 20 7 16 15 1 23 18
80 1 21 13 0 4 10 12 8 2 9 19 22 11 14 5 6 17 3 24 20 7 16 15 1 23 18
79 1 21 13 2 4 10 12 8 0 9 19 22 11 14 5 6 17 3 24 20 7 16 15 1 23 18
78 1 21 13 2 4 10 12 8 9 0 19 22 11 14 5 6 17 3 24 20 7 16 15 1 23 18
77 1 21 13 2 4 10 12 8 9 5 19 22 11 14 0 6 17 3 24 20 7 16 15 1 23 18
76 1 21 13 2 4 10 12 8 9 5 19 22 11 0 14 6 17 3 24 20 7 16 15 1 23 18
75 1 21 13 2 4 10 12 8 9 5 19 22 0 11 14 6 17 3 24 20 7 16 15 1 23 18
74 1 21 13 2 4 10 12 8 9 5 19 22 3 11 14 6 17 0 24 20 7 16 15 1 23 18
73 1 21 13 2 4 10 12 8 9 5 19 22 3 11 14 6 17 15 24 20 7 16 0 1 23 18
72 1 21 13 2 4 10 12 8 9 5 19 22 3 11 14 6 17 15 24 20 7 16 1 0 23 18
71 1 21 13 2 4 10 12 8 9 5 19 22 3 11 14 6 17 15 24 20 7 16 1 23 0 18
70 1 21 13 2 4 10 12 8 9 5 19 22 3 11 14 6 17 15 24 0 7 16 1 23 20 18
69 1 21 13 2 4 10 12 8 9 5 19 22 3 11 14 6 17 15 0 24 7 16 1 23 20 18
68 1 21 13 2 4 10 12 8 9 5 19 22 3 11 14 6 17 0 15 24 7 16 1 23 20 18
67 1 21 13 2 4 10 12 8 9 5 19 22 3 11 14 6 0 17 15 24 7 16 1 23 20 18
66 1 21 13 2 4 10 12 8 9 5 19 0 3 11 14 6 22 17 15 24 7 16 1 23 20 18
65 1 21 13 2 4 10 0 8 9 5 19 12 3 11 14 6 22 17 15 24 7 16 1 23 20 18
64 1 0 13 2 4 10 21 8 9 5 19 12 3 11 14 6 22 17 15 24 7 16 1 23 20 18
63 1 13 0 2 4 10 21 8 9 5 19 12 3 11 14 6 22 17 15 24 7 16 1 23 20 18
62 1 13 2 0 4 10 21 8 9 5 19 12 3 11 14 6 22 17 15 24 7 16 1 23 20 18
61 1 13 2 4 0 10 21 8 9 5 19 12 3 11 14 6 22 17 15 24 7 16 1 23 20 18
60 1 13 2 4 5 10 21 8 9 0 19 12 3 11 14 6 22 17 15 24 7 16 1 23 20 18
59 1 13 2 4 5 10 21 8 9 14 19 12 3 11 0 6 22 17 15 24 7 16 1 23 20 18
58 1 13 2 4 5 10 21 8 9 14 19 12 3 11 6 0 22 17 15 24 7 16 1 23 20 18
57 1 13 2 4 5 10 21 8 9 14 19 12 3 11 6 7 22 17 15 24 0 16 1 23 20 18
56 1 13 2 4 5 10 21 8 9 14 19 12 3 11 6 7 22 17 15 24 18 16 1 23 20 0
55 1 13 2 4 5 10 21 8 9 14 19 12 3 11 6 7 22 17 15 24 18 16 1 23 0 20
54 1 13 2 4 5 10 21 8 9 14 19 12 3 11 6 7 22 17 15 0 18 16 1 23 24 20
53 1 13 2 4 5 10 21 8 9 14 19 12 3 11 6 7 22 17 0 15 18 16 1 23 24 20
52 1 13 2 4 5 10 21 8 9 14 19 12 3 11 6 7 22 0 17 15 18 16 1 23 24 20
51 1 13 2 4 5 10 21 8 9 14 19 12 3 11 6 7 22 1 17 15 18 16 0 23 24 20
50 1 13 2 4 5 10 21 8 9 14 19 12 3 11 6 7 22 1 17 15 18 0 16 23 24 20
49 1 13 2 4 5 10 21 8 9 14 19 12 3 11 6 7 0 1 17 15 18 22 16 23 24 20
48 1 13 2 4 5 10 21 8 9 14 19 0 3 11 6 7 12 1 17 15 18 22 16 23 24 20
47 1 13 2 4 5 10 0 8 9 14 19 21 3 11 6 7 12 1 17 15 18 22 16 23 24 20
46 1 0 2 4 5 10 13 8 9 14 19 21 3 11 6 7 12 1 17 15 18 22 16 23 24 20
45 1 2 0 4 5 10 13 8 9 14 19 21 3 11 6 7 12 1 17 15 18 22 16 23 24 20
44 1 2 8 4 5 10 13 0 9 14 19 21 3 11 6 7 12 1 17 15 18 22 16 23 24 20
43 1 2 8 4 5 10 13 3 9 14 19 21 0 11 6 7 12 1 17 15 18 22 16 23 24 20
42 1 2 8 4 5 10 13 3 9 14 19 21 1 11 6 7 12 0 17 15 18 22 16 23 24 20
41 1 2 8 4 5 10 13 3 9 14 19 21 1 11 6 7 0 12 17 15 18 22 16 23 24 20
40 1 2 8 4 5 10 13 3 9 14 19 0 1 11 6 7 21 12 17 15 18 22 16 23 24 20
39 1 2 8 4 5 10 13 3 9 14 19 1 0 11 6 7 21 12 17 15 18 22 16 23 24 20
38 1 2 8 4 5 10 13 3 9 14 19 1 11 0 6 7 21 12 17 15 18 22 16 23 24 20
37 1 2 8 4 5 10 13 3 9 14 19 1 11 6 0 7 21 12 17 15 18 22 16 23 24 20
36 1 2 8 4 5 10 13 3 9 14 19 1 11 6 7 0 21 12 17 15 18 22 16 23 24 20
35 1 2 8 4 5 10 13 3 9 14 0 1 11 6 7 19 21 12 17 15 18 22 16 23 24 20
34 1 2 8 4 5 0 13 3 9 14 10 1 11 6 7 19 21 12 17 15 18 22 16 23 24 20
33 1 2 8 4 0 5 13 3 9 14 10 1 11 6 7 19 21 12 17 15 18 22 16 23 24 20
32 1 2 8 0 4 5 13 3 9 14 10 1 11 6 7 19 21 12 17 15 18 22 16 23 24 20
31 1 2 0 8 4 5 13 3 9 14 10 1 11 6 7 19 21 12 17 15 18 22 16 23 24 20
30 1 2 3 8 4 5 13 0 9 14 10 1 11 6 7 19 21 12 17 15 18 22 16 23 24 20
88 1 11 3 22 20 0 16 24 7 12 2 13 4 6 5 14 18 1 17 23 10 21 9 15 8 19
87 1 11 3 22 20 2 16 24 7 12 0 13 4 6 5 14 18 1 17 23 10 21 9 15 8 19
86 1 11 3 22 20 2 16 24 7 12 14 13 4 6 5 0 18 1 17 23 10 21 9 15 8 19
85 1 11 3 22 20 2 16 24 7 12 14 13 4 6 0 5 18 1 17 23 10 21 9 15 8 19
84 1 11 3 22 20 2 16 24 7 0 14 13 4 6 12 5 18 1 17 23 10 21 9 15 8 19
83 1 11 3 22 20 2 16 24 0 7 14 13 4 6 12 5 18 1 17 23 10 21 9 15 8 19
82 1 11 3 22 20 2 16 0 24 7 14 13 4 6 12 5 18 1 17 23 10 21 9 15 8 19
81 1 11 3 22 20 2 16 4 24 7 14 13 0 6 12 5 18 1 17 23 10 21 9 15 8 19
80 1 11 3 22 20 2 16 4 24 7 14 13 6 0 12 5 18 1 17 23 10 21 9 15 8 19
79 1 11 3 22 20 2 16 4 0 7 14 13 6 24 12 5 18 1 17 23 10 21 9 15 8 19
78 1 11 3 0 20 2 16 4 22 7 14 13 6 24 12 5 18 1 17 23 10 21 9 15 8 19
77 1 11 3 20 0 2 16 4 22 7 14 13 6 24 12 5 18 1 17 23 10 21 9 15 8 19
76 1 11 3 20 7 2 16 4 22 0 14 13 6 24 12 5 18 1 17 23 10 21 9 15 8 19
75 1 11 3 20 7 2 16 4 22 14 0 13 6 24 12 5 18 1 17 23 10 21 9 15 8 19
74 1 11 3 20 7 2 16 4 22 14 5 13 6 24 12 0 18 1 17 23 10 21 9 15 8 19
73 1 11 3 20 7 2 16 4 22 14 5 13 6 24 12 10 18 1 17 23 0 21 9 15 8 19
72 1 11 3 20 7 2 16 4 22 14 5 13 6 24 12 10 18 1 17 0 23 21 9 15 8 19
71 1 11 3 20 7 2 16 4 22 14 5 13 6 24 12 10 18 1 17 8 23 21 9 15 0 19
70 1 11 3 20 7 2 16 4 22 14 5 13 6 24 12 10 18 1 17 8 23 21 9 0 15 19
69 1 11 3 20 7 2 16 4 22 14 5 13 6 24 12 10 18 1 0 8 23 21 9 17 15 19
68 1 11 3 20 7 2 16 4 22 14 5 13 6 0 12 10 18 1 24 8 23 21 9 17 15 19
67 1 11 3 20 7 2 16 4 0 14 5 13 6 22 12 10 18 1 24 8 23 21 9 17 15 19
66 1 11 3 0 7 2 16 4 20 14 5 13 6 22 12 10 18 1 24 8 23 21 9 17 15 19
65 1 11 3 7 0 2 16 4 20 14 5 13 6 22 12 10 18 1 24 8 23 21 9 17 15 19
64 1 11 3 7 2 0 16 4 20 14 5 13 6 22 12 10 18 1 24 8 23 21 9 17 15 19
63 1 11 3 7 2 5 16 4 20 14 0 13 6 22 12 10 18 1 24 8 23 21 9 17 15 19
62 1 11 3 7 2 5 16 4 20 0 14 13 6 22 12 10 18 1 24 8 23 21 9 17 15 19
61 1 11 3 7 2 5 16 4 0 20 14 13 6 22 12 10 18 1 24 8 23 21 9 17 15 19
60 1 11 3 7 2 5 16 0 4 20 14 13 6 22 12 10 18 1 24 8 23 21 9 17 15 19
59 1 11 3 7 2 5 16 6 4 20 14 13 0 22 12 10 18 1 24 8 23 21 9 17 15 19
58 1 11 3 7 2 5 16 6 4 20 14 13 1 22 12 10 18 0 24 8 23 21 9 17 15 19
57 1 11 3 7 2 5 16 6 4 20 14 13 1 22 12 10 18 9 24 8 23 21 0 17 15 19
56 1 11 3 7 2 5 16 6 4 20 14 13 1 22 12 10 18 9 24 8 23 21 17 0 15 19
55 1 11 3 7 2 5 16 6 4 20 14 13 1 22 12 10 18 9 0 8 23 21 17 24 15 19
54 1 11 3 7 2 5 16 6 4 20 14 13 1 0 12 10 18 9 22 8 23 21 17 24 15 19
53 1 11 3 7 2 5 16 6 4 20 14 13 1 12 0 10 18 9 22 8 23 21 17 24 15 19
52 1 11 3 7 2 5 16 6 4 0 14 13 1 12 20 10 18 9 22 8 23 21 17 24 15 19
51 1 11 3 7 2 5 16 6 0 4 14 13 1 12 20 10 18 9 22 8 23 21 17 24 15 19
50 1 11 3 0 2 5 16 6 7 4 14 13 1 12 20 10 18 9 22 8 23 21 17 24 15 19
49 1 11 0 3 2 5 16 6 7 4 14 13 1 12 20 10 18 9 22 8 23 21 17 24 15 19
48 1 11 6 3 2 5 16 0 7 4 14 13 1 12 20 10 18 9 22 8 23 21 17 24 15 19
47 1 11 6 3 2 5 16 1 7 4 14 13 0 12 20 10 18 9 22 8 23 21 17 24 15 19
46 1 11 6 3 2 5 16 1 7 4 14 0 13 12 20 10 18 9 22 8 23 21 17 24 15 19
45 1 11 6 3 2 5 0 1 7 4 14 16 13 12 20 10 18 9 22 8 23 21 17 24 15 19
44 1 0 6 3 2 5 11 1 7 4 14 16 13 12 20 10 18 9 22 8 23 21 17 24 15 19
43 1 6 0 3 2 5 11 1 7 4 14 16 13 12 20 10 18 9 22 8 23 21 17 24 15 19
42 1 6 1 3 2 5 11 0 7 4 14 16 13 12 20 10 18 9 22 8 23 21 17 24 15 19
41 1 6 1 3 2 5 11 7 0 4 14 16 13 12 20 10 18 9 22 8 23 21 17 24 15 19
40 1 6 1 0 2 5 11 7 3 4 14 16 13 12 20 10 18 9 22 8 23 21 17 24 15 19
39 1 6 1 2 0 5 11 7 3 4 14 16 13 12 20 10 18 9 22 8 23 21 17 24 15 19
38 1 6 1 2 4 5 11 7 3 0 14 16 13 12 20 10 18 9 22 8 23 21 17 24 15 19
37 1 6 1 2 4 5 11 7 3 14 0 16 13 12 20 10 18 9 22 8 23 21 17 24 15 19
36 1 6 1 2 4 5 11 7 3 14 10 16 13 12 20 0 18 9 22 8 23 21 17 24 15 19
35 1 6 1 2 4 5 11 7 3 14 10 16 13 12 0 20 18 9 22 8 23 21 17 24 15 19
34 1 6 1 2 4 5 11 7 3 14 10 16 13 12 8 20 18 9 22 0 23 21 17 24 15 19
33 1 6 1 2 4 5 11 7 3 14 10 16 13 12 8 20 18 9 22 15 23 21 17 24 0 19
32 1 6 1 2 4 5 11 7 3 14 10 16 13 12 8 20 18 9 22 15 23 21 17 0 24 19
31 1 6 1 2 4 5 11 7 3 14 10 16 13 12 8 20 18 9 0 15 23 21 17 22 24 19
30 1 6 1 2 4 5 11 7 3 14 10 16 13 12 8 20 18 0 9 15 23 21 17 22 24 19
84 1 10 11 6 9 2 16 7 13 14 18 24 12 8 20 1 4 17 22 0 3 21 23 19 15 5
83 1 10 11 6 9 2 16 7 13 14 18 24 12 8 0 1 4 17 22 20 3 21 23 19 15 5
82 1 10 11 6 9 2 16 7 13 0 18 24 12 8 14 1 4 17 22 20 3 21 23 19 15 5
81 1 10 11 6 9 2 16 7 13 18 0 24 12 8 14 1 4 17 22 20 3 21 23 19 15 5
80 1 10 11 6 9 2 16 7 13 18 1 24 12 8 14 0 4 17 22 20 3 21 23 19 15 5
79 1 10 11 6 9 2 16 7 13 18 1 24 12 8 14 3 4 17 22 20 0 21 23 19 15 5
78 1 10 11 6 9 2 16 7 13 18 1 24 12 8 14 3 4 17 22 20 5 21 23 19 15 0
77 1 10 11 6 9 2 16 7 13 18 1 24 12 8 14 3 4 17 22 20 5 21 23 19 0 15
76 1 10 11 6 9 2 16 7 13 18 1 24 12 8 14 3 4 17 22 0 5 21 23 19 20 15
75 1 10 11 6 9 2 16 7 13 18 1 24 12 8 0 3 4 17 22 14 5 21 23 19 20 15
74 1 10 11 6 9 2 16 7 13 18 1 24 12 0 8 3 4 17 22 14 5 21 23 19 20 15
73 1 10 11 6 9 2 16 7 0 18 1 24 12 13 8 3 4 17 22 14 5 21 23 19 20 15
72 1 10 11 6 9 2 16 0 7 18 1 24 12 13 8 3 4 17 22 14 5 21 23 19 20 15
71 1 10 11 6 9 2 16 12 7 18 1 24 0 13 8 3 4 17 22 14 5 21 23 19 20 15
70 1 10 11 6 9 2 16 12 7 18 1 0 24 13 8 3 4 17 22 14 5 21 23 19 20 15
69 1 10 11 6 9 2 16 12 7 18 1 4 24 13 8 3 0 17 22 14 5 21 23 19 20 15
68 1 10 11 6 9 2 16 12 7 18 1 4 24 13 8 3 17 0 22 14 5 21 23 19 20 15
67 1 10 11 6 9 2 16 12 7 18 1 4 24 13 8 3 17 22 0 14 5 21 23 19 20 15
66 1 10 11 6 9 2 16 12 7 18 1 4 24 0 8 3 17 22 13 14 5 21 23 19 20 15
65 1 10 11 6 9 2 16 12 7 18 1 4 0 24 8 3 17 22 13 14 5 21 23 19 20 15
64 1 10 11 6 9 2 16 12 7 18 1 0 4 24 8 3 17 22 13 14 5 21 23 19 20 15
63 1 10 11 6 9 2 0 12 7 18 1 16 4 24 8 3 17 22 13 14 5 21 23 19 20 15
62 1 0 11 6 9 2 10 12 7 18 1 16 4 24 8 3 17 22 13 14 5 21 23 19 20 15
61 1 11 0 6 9 2 10 12 7 18 1 16 4 24 8 3 17 22 13 14 5 21 23 19 20 15
60 1 11 6 0 9 2 10 12 7 18 1 16 4 24 8 3 17 22 13 14 5 21 23 19 20 15
59 1 11 6 7 9 2 10 12 0 18 1 16 4 24 8 3 17 22 13 14 5 21 23 19 20 15
58 1 11 6 7 9 2 10 12 18 0 1 16 4 24 8 3 17 22 13 14 5 21 23 19 20 15
57 1 11 6 7 9 2 10 12 18 1 0 16 4 24 8 3 17 22 13 14 5 21 23 19 20 15
56 1 11 6 7 9 2 10 12 18 1 3 16 4 24 8 0 17 22 13 14 5 21 23 19 20 15
55 1 11 6 7 9 2 10 12 18 1 3 16 4 24 8 5 17 22 13 14 0 21 23 19 20 15
54 1 11 6 7 9 2 10 12 18 1 3 16 4 24 8 5 17 22 13 0 14 21 23 19 20 15
53 1 11 6 7 9 2 10 12 18 1 3 16 4 24 8 5 17 22 0 13 14 21 23 19 20 15
52 1 11 6 7 9 2 10 12 18 1 3 16 4 0 8 5 17 22 24 13 14 21 23 19 20 15
51 1 11 6 7 9 2 10 12 0 1 3 16 4 18 8 5 17 22 24 13 14 21 23 19 20 15
50 1 11 6 7 9 2 10 12 1 0 3 16 4 18 8 5 17 22 24 13 14 21 23 19 20 15
49 1 11 6 7 0 2 10 12 1 9 3 16 4 18 8 5 17 22 24 13 14 21 23 19 20 15
48 1 11 6 7 2 0 10 12 1 9 3 16 4 18 8 5 17 22 24 13 14 21 23 19 20 15
47 1 11 6 7 2 3 10 12 1 9 0 16 4 18 8 5 17 22 24 13 14 21 23 19 20 15
46 1 11 6 7 2 3 10 12 1 9 5 16 4 18 8 0 17 22 24 13 14 21 23 19 20 15
45 1 11 6 7 2 3 10 12 1 9 5 16 4 18 8 14 17 22 24 13 0 21 23 19 20 15
44 1 11 6 7 2 3 10 12 1 9 5 16 4 18 8 14 17 22 24 13 15 21 23 19 20 0
43 1 11 6 7 2 3 10 12 1 9 5 16 4 18 8 14 17 22 24 13 15 21 23 19 0 20
42 1 11 6 7 2 3 10 12 1 9 5 16 4 18 8 14 17 22 24 13 15 21 23 0 19 20
41 1 11 6 7 2 3 10 12 1 9 5 16 4 18 8 14 17 22 0 13 15 21 23 24 19 20
40 1 11 6 7 2 3 10 12 1 9 5 16 4 0 8 14 17 22 18 13 15 21 23 24 19 20
39 1 11 6 7 2 3 10 12 1 9 5 16 0 4 8 14 17 22 18 13 15 21 23 24 19 20
38 1 11 6 7 2 3 10 0 1 9 5 16 12 4 8 14 17 22 18 13 15 21 23 24 19 20
37 1 11 6 7 2 3 0 10 1 9 5 16 12 4 8 14 17 22 18 13 15 21 23 24 19 20
36 1 0 6 7 2 3 11 10 1 9 5 16 12 4 8 14 17 22 18 13 15 21 23 24 19 20
35 1 6 0 7 2 3 11 10 1 9 5 16 12 4 8 14 17 22 18 13 15 21 23 24 19 20
34 1 6 7 0 2 3 11 10 1 9 5 16 12 4 8 14 17 22 18 13 15 21 23 24 19 20
33 1 6 7 1 2 3 11 10 0 9 5 16 12 4 8 14 17 22 18 13 15 21 23 24 19 20
32 1 6 7 1 2 3 11 0 10 9 5 16 12 4 8 14 17 22 18 13 15 21 23 24 19 20
31 1 6 0 1 2 3 11 7 10 9 5 16 12 4 8 14 17 22 18 13 15 21 23 24 19 20
30 1 6 1 0 2 3 11 7 10 9 5 16 12 4 8 14 17 22 18 13 15 21 23 24 19 20
78 1 3 9 2 4 5 11 1 22 16 12 17 13 23 10 6 24 0 21 18 7 8 15 19 14 20
77 1 3 9 2 4 5 11 1 22 16 12 17 13 23 10 6 24 21 0 18 7 8 15 19 14 20
76 1 3 9 2 4 5 11 1 22 16 12 17 13 0 10 6 24 21 23 18 7 8 15 19 14 20
75 1 3 9 2 4 5 11 1 0 16 12 17 13 22 10 6 24 21 23 18 7 8 15 19 14 20
74 1 3 9 2 4 5 11 0 1 16 12 17 13 22 10 6 24 21 23 18 7 8 15 19 14 20
73 1 3 9 2 4 5 11 13 1 16 12 17 0 22 10 6 24 21 23 18 7 8 15 19 14 20
72 1 3 9 2 4 5 11 13 1 16 12 17 22 0 10 6 24 21 23 18 7 8 15 19 14 20
71 1 3 9 2 4 5 11 13 0 16 12 17 22 1 10 6 24 21 23 18 7 8 15 19 14 20
70 1 3 9 2 4 5 11 13 16 0 12 17 22 1 10 6 24 21 23 18 7 8 15 19 14 20
69 1 3 9 2 4 5 11 13 16 10 12 17 22 1 0 6 24 21 23 18 7 8 15 19 14 20
68 1 3 9 2 4 5 11 13 16 10 12 17 22 1 18 6 24 21 23 0 7 8 15 19 14 20
67 1 3 9 2 4 5 11 13 16 10 12 17 22 1 18 6 24 21 23 14 7 8 15 19 0 20
66 1 3 9 2 4 5 11 13 16 10 12 17 22 1 18 6 24 21 23 14 7 8 15 0 19 20
65 1 3 9 2 4 5 11 13 16 10 12 17 22 1 18 6 24 21 23 14 7 8 0 15 19 20
64 1 3 9 2 4 5 11 13 16 10 12 17 22 1 18 6 24 0 23 14 7 8 21 15 19 20
63 1 3 9 2 4 5 11 13 16 10 12 17 22 1 18 6 0 24 23 14 7 8 21 15 19 20
62 1 3 9 2 4 5 11 13 16 10 12 17 22 1 18 6 8 24 23 14 7 0 21 15 19 20
61 1 3 9 2 4 5 11 13 16 10 12 17 22 1 18 6 8 24 23 14 7 21 0 15 19 20
60 1 3 9 2 4 5 11 13 16 10 12 17 22 1 18 6 8 0 23 14 7 21 24 15 19 20
59 1 3 9 2 4 5 11 13 16 10 12 17 22 1 18 6 8 23 0 14 7 21 24 15 19 20
58 1 3 9 2 4 5 11 13 16 10 12 17 22 1 18 6 8 23 15 14 7 21 24 0 19 20
57 1 3 9 2 4 5 11 13 16 10 12 17 22 1 18 6 8 23 15 14 7 21 0 24 19 20
56 1 3 9 2 4 5 11 13 16 10 12 17 22 1 18 6 8 0 15 14 7 21 23 24 19 20
55 1 3 9 2 4 5 11 13 16 10 12 17 0 1 18 6 8 22 15 14 7 21 23 24 19 20
54 1 3 9 2 4 5 11 13 16 10 12 17 1 0 18 6 8 22 15 14 7 21 23 24 19 20
53 1 3 9 2 4 5 11 13 0 10 12 17 1 16 18 6 8 22 15 14 7 21 23 24 19 20
52 1 3 9 2 4 5 11 0 13 10 12 17 1 16 18 6 8 22 15 14 7 21 23 24 19 20
51 1 3 9 2 4 5 11 1 13 10 12 17 0 16 18 6 8 22 15 14 7 21 23 24 19 20
50 1 3 9 2 4 5 11 1 13 10 12 17 16 0 18 6 8 22 15 14 7 21 23 24 19 20
49 1 3 9 2 4 5 11 1 13 10 12 17 16 18 0 6 8 22 15 14 7 21 23 24 19 20
48 1 3 9 2 4 5 11 1 13 10 12 17 16 18 6 0 8 22 15 14 7 21 23 24 19 20
47 1 3 9 2 4 5 11 1 13 10 12 17 16 18 6 7 8 22 15 14 0 21 23 24 19 20
46 1 3 9 2 4 5 11 1 13 10 12 17 16 18 6 7 8 22 15 0 14 21 23 24 19 20
45 1 3 9 2 4 5 11 1 13 10 12 17 16 18 6 7 8 22 0 15 14 21 23 24 19 20
44 1 3 9 2 4 5 11 1 13 10 12 17 16 0 6 7 8 22 18 15 14 21 23 24 19 20
43 1 3 9 2 4 5 11 1 13 10 12 17 16 6 0 7 8 22 18 15 14 21 23 24 19 20
42 1 3 9 2 4 5 11 1 13 10 12 17 16 6 7 0 8 22 18 15 14 21 23 24 19 20
41 1 3 9 2 4 5 11 1 13 10 0 17 16 6 7 12 8 22 18 15 14 21 23 24 19 20
40 1 3 9 2 4 5 11 1 13 0 10 17 16 6 7 12 8 22 18 15 14 21 23 24 19 20
39 1 3 9 2 4 5 11 1 0 13 10 17 16 6 7 12 8 22 18 15 14 21 23 24 19 20
38 1 3 9 2 4 5 11 1 6 13 10 17 16 0 7 12 8 22 18 15 14 21 23 24 19 20
37 1 3 9 2 4 5 11 1 6 13 10 17 16 7 0 12 8 22 18 15 14 21 23 24 19 20
36 1 3 9 2 4 5 11 1 6 13 10 17 16 7 12 0 8 22 18 15 14 21 23 24 19 20
35 1 3 9 2 4 5 11 1 6 13 10 17 16 7 12 14 8 22 18 15 0 21 23 24 19 20
34 1 3 9 2 4 5 11 1 6 13 10 17 16 7 12 14 8 22 18 0 15 21 23 24 19 20
33 1 3 9 2 4 5 11 1 6 13 10 17 16 7 12 14 8 22 18 19 15 21 23 24 0 20
32 1 3 9 2 4 5 11 1 6 13 10 17 16 7 12 14 8 22 18 19 15 21 23 0 24 20
31 1 3 9 2 4 5 11 1 6 13 10 17 16 7 12 14 8 22 18 19 15 21 0 23 24 20
30 1 3 9 2 4 5 11 1 6 13 10 17 16 7 12 14 8 0 18 19 15 21 22 23 24 20
58 1 1 12 7 4 9 2 18 13 10 5 16 3 6 14 15 21 23 17 0 20 8 11 22 24 19
57 1 1 12 7 4 9 2 18 13 10 5 16 3 6 0 15 21 23 17 14 20 8 11 22 24 19
56 1 1 12 7 4 9 2 18 13 0 5 16 3 6 10 15 21 23 17 14 20 8 11 22 24 19
55 1 1 12 7 4 9 2 18 0 13 5 16 3 6 10 15 21 23 17 14 20 8 11 22 24 19
54 1 1 12 7 4 9 2 0 18 13 5 16 3 6 10 15 21 23 17 14 20 8 11 22 24 19
53 1 1 12 7 4 9 2 3 18 13 5 16 0 6 10 15 21 23 17 14 20 8 11 22 24 19
52 1 1 12 7 4 9 2 3 18 13 5 16 6 0 10 15 21 23 17 14 20 8 11 22 24 19
51 1 1 12 7 4 9 2 3 18 13 5 16 6 17 10 15 21 23 0 14 20 8 11 22 24 19
50 1 1 12 7 4 9 2 3 18 13 5 16 6 17 10 15 21 0 23 14 20 8 11 22 24 19
49 1 1 12 7 4 9 2 3 18 13 5 16 6 17 10 15 21 11 23 14 20 8 0 22 24 19
48 1 1 12 7 4 9 2 3 18 13 5 16 6 17 10 15 21 11 23 14 20 0 8 22 24 19
47 1 1 12 7 4 9 2 3 18 13 5 16 6 17 10 15 0 11 23 14 20 21 8 22 24 19
46 1 1 12 7 4 9 2 3 18 13 5 0 6 17 10 15 16 11 23 14 20 21 8 22 24 19
45 1 1 12 7 4 9 2 3 18 13 5 6 0 17 10 15 16 11 23 14 20 21 8 22 24 19
44 1 1 12 7 4 9 2 3 18 13 5 6 11 17 10 15 16 0 23 14 20 21 8 22 24 19
43 1 1 12 7 4 9 2 3 18 13 5 6 11 17 10 15 16 8 23 14 20 21 0 22 24 19
42 1 1 12 7 4 9 2 3 18 13 5 6 11 17 10 15 16 8 23 14 20 21 22 0 24 19
41 1 1 12 7 4 9 2 3 18 13 5 6 11 17 10 15 16 8 23 14 20 21 22 24 0 19
40 1 1 12 7 4 9 2 3 18 13 5 6 11 17 10 15 16 8 23 14 20 21 22 24 19 0
39 1 1 12 7 4 9 2 3 18 13 5 6 11 17 10 15 16 8 23 14 0 21 22 24 19 20
38 1 1 12 7 4 9 2 3 18 13 5 6 11 17 10 0 16 8 23 14 15 21 22 24 19 20
37 1 1 12 7 4 9 2 3 18 13 5 6 11 17 0 10 16 8 23 14 15 21 22 24 19 20
36 1 1 12 7 4 9 2 3 18 13 5 6 11 17 14 10 16 8 23 0 15 21 22 24 19 20
35 1 1 12 7 4 9 2 3 18 13 5 6 11 17 14 10 16 8 23 19 15 21 22 24 0 20
34 1 1 12 7 4 9 2 3 18 13 5 6 11 17 14 10 16 8 23 19 15 21 22 0 24 20
33 1 1 12 7 4 9 2 3 18 13 5 6 11 17 14 10 16 8 0 19 15 21 22 23 24 20
32 1 1 12 7 4 9 2 3 18 13 5 6 11 0 14 10 16 8 17 19 15 21 22 23 24 20
31 1 1 12 7 4 9 2 3 0 13 5 6 11 18 14 10 16 8 17 19 15 21 22 23 24 20
30 1 1 12 0 4 9 2 3 7 13 5 6 11 18 14 10 16 8 17 19 15 21 22 23 24 20
60 1 6 11 0 2 4 16 13 10 1 5 3 8 18 14 9 12 17 20 24 15 21 22 23 19 7
59 1 6 11 2 0 4 16 13 10 1 5 3 8 18 14 9 12 17 20 24 15 21 22 23 19 7
58 1 6 11 2 1 4 16 13 10 0 5 3 8 18 14 9 12 17 20 24 15 21 22 23 19 7
57 1 6 11 2 1 4 16 13 0 10 5 3 8 18 14 9 12 17 20 24 15 21 22 23 19 7
56 1 6 11 0 1 4 16 13 2 10 5 3 8 18 14 9 12 17 20 24 15 21 22 23 19 7
55 1 6 11 1 0 4 16 13 2 10 5 3 8 18 14 9 12 17 20 24 15 21 22 23 19 7
54 1 6 11 1 4 0 16 13 2 10 5 3 8 18 14 9 12 17 20 24 15 21 22 23 19 7
53 1 6 11 1 4 5 16 13 2 10 0 3 8 18 14 9 12 17 20 24 15 21 22 23 19 7
52 1 6 11 1 4 5 16 13 2 0 10 3 8 18 14 9 12 17 20 24 15 21 22 23 19 7
51 1 6 11 1 4 5 16 13 2 14 10 3 8 18 0 9 12 17 20 24 15 21 22 23 19 7
50 1 6 11 1 4 5 16 13 2 14 10 3 8 18 9 0 12 17 20 24 15 21 22 23 19 7
49 1 6 11 1 4 5 16 13 2 14 10 3 8 18 9 15 12 17 20 24 0 21 22 23 19 7
48 1 6 11 1 4 5 16 13 2 14 10 3 8 18 9 15 12 17 20 0 24 21 22 23 19 7
47 1 6 11 1 4 5 16 13 2 14 10 3 8 18 9 15 12 17 0 20 24 21 22 23 19 7
46 1 6 11 1 4 5 16 13 2 14 10 3 8 18 9 15 12 17 23 20 24 21 22 0 19 7
45 1 6 11 1 4 5 16 13 2 14 10 3 8 18 9 15 12 17 23 20 24 21 22 19 0 7
44 1 6 11 1 4 5 16 13 2 14 10 3 8 18 9 15 12 17 23 20 24 21 22 19 7 0
43 1 6 11 1 4 5 16 13 2 14 10 3 8 18 9 15 12 17 23 20 0 21 22 19 7 24
42 1 6 11 1 4 5 16 13 2 14 10 3 8 18 9 15 12 17 23 0 20 21 22 19 7 24
41 1 6 11 1 4 5 16 13 2 14 10 3 8 18 9 15 12 17 23 7 20 21 22 19 0 24
40 1 6 11 1 4 5 16 13 2 14 10 3 8 18 9 15 12 17 23 7 20 21 22 0 19 24
39 1 6 11 1 4 5 16 13 2 14 10 3 8 18 9 15 12 17 0 7 20 21 22 23 19 24
38 1 6 11 1 4 5 16 13 2 14 10 3 8 0 9 15 12 17 18 7 20 21 22 23 19 24
37 1 6 11 1 4 5 16 13 2 14 10 3 8 9 0 15 12 17 18 7 20 21 22 23 19 24
36 1 6 11 1 4 5 16 13 2 14 10 3 8 9 7 15 12 17 18 0 20 21 22 23 19 24
35 1 6 11 1 4 5 16 13 2 14 10 3 8 9 7 15 12 17 0 18 20 21 22 23 19 24
34 1 6 11 1 4 5 16 13 2 14 10 3 8 9 7 15 12 0 17 18 20 21 22 23 19 24
33 1 6 11 1 4 5 16 13 2 14 10 3 0 9 7 15 12 8 17 18 20 21 22 23 19 24
32 1 6 11 1 4 5 16 13 2 14 10 0 3 9 7 15 12 8 17 18 20 21 22 23 19 24
31 1 6 11 1 4 5 0 13 2 14 10 16 3 9 7 15 12 8 17 18 20 21 22 23 19 24
30 1 6 11 1 4 5 13 0 2 14 10 16 3 9 7 15 12 8 17 18 20 21 22 23 19 24
78 1 6 7 3 17 2 12 0 5 13 14 18 24 1 19 9 20 16 8 15 4 21 22 11 23 10
77 1 6 7 3 17 2 12 5 0 13 14 18 24 1 19 9 20 16 8 15 4 21 22 11 23 10
76 1 6 7 3 17 2 12 5 1 13 14 18 24 0 19 9 20 16 8 15 4 21 22 11 23 10
75 1 6 7 3 17 2 12 5 1 13 14 18 0 24 19 9 20 16 8 15 4 21 22 11 23 10
74 1 6 7 3 17 2 12 5 1 13 14 18 16 24 19 9 20 0 8 15 4 21 22 11 23 10
73 1 6 7 3 17 2 12 5 1 13 14 18 16 24 19 9 20 8 0 15 4 21 22 11 23 10
72 1 6 7 3 17 2 12 5 1 13 14 18 16 24 19 9 20 8 11 15 4 21 22 0 23 10
71 1 6 7 3 17 2 12 5 1 13 14 18 16 24 19 9 20 8 11 15 4 21 22 23 0 10
70 1 6 7 3 17 2 12 5 1 13 14 18 16 24 19 9 20 8 11 0 4 21 22 23 15 10
69 1 6 7 3 17 2 12 5 1 13 14 18 16 24 0 9 20 8 11 19 4 21 22 23 15 10
68 1 6 7 3 17 2 12 5 1 13 14 18 16 0 24 9 20 8 11 19 4 21 22 23 15 10
67 1 6 7 3 17 2 12 5 1 13 14 18 16 11 24 9 20 8 0 19 4 21 22 23 15 10
66 1 6 7 3 17 2 12 5 1 13 14 18 16 11 24 9 20 8 19 0 4 21 22 23 15 10
65 1 6 7 3 17 2 12 5 1 13 14 18 16 11 0 9 20 8 19 24 4 21 22 23 15 10
64 1 6 7 3 17 2 12 5 1 0 14 18 16 11 13 9 20 8 19 24 4 21 22 23 15 10
63 1 6 7 3 0 2 12 5 1 17 14 18 16 11 13 9 20 8 19 24 4 21 22 23 15 10
62 1 6 7 0 3 2 12 5 1 17 14 18 16 11 13 9 20 8 19 24 4 21 22 23 15 10
61 1 6 7 1 3 2 12 5 0 17 14 18 16 11 13 9 20 8 19 24 4 21 22 23 15 10
60 1 6 7 1 3 2 12 5 17 0 14 18 16 11 13 9 20 8 19 24 4 21 22 23 15 10
59 1 6 7 1 0 2 12 5 17 3 14 18 16 11 13 9 20 8 19 24 4 21 22 23 15 10
58 1 6 7 1 2 0 12 5 17 3 14 18 16 11 13 9 20 8 19 24 4 21 22 23 15 10
57 1 6 7 1 2 14 12 5 17 3 0 18 16 11 13 9 20 8 19 24 4 21 22 23 15 10
56 1 6 7 1 2 14 12 5 17 3 9 18 16 11 13 0 20 8 19 24 4 21 22 23 15 10
55 1 6 7 1 2 14 12 5 17 3 9 18 16 11 13 4 20 8 19 24 0 21 22 23 15 10
54 1 6 7 1 2 14 12 5 17 3 9 18 16 11 13 4 20 8 19 24 10 21 22 23 15 0
53 1 6 7 1 2 14 12 5 17 3 9 18 16 11 13 4 20 8 19 24 10 21 22 23 0 15
52 1 6 7 1 2 14 12 5 17 3 9 18 16 11 13 4 20 8 19 0 10 21 22 23 24 15
51 1 6 7 1 2 14 12 5 17 3 9 18 16 11 13 4 20 8 0 19 10 21 22 23 24 15
50 1 6 7 1 2 14 12 5 17 3 9 18 16 11 13 4 20 0 8 19 10 21 22 23 24 15
49 1 6 7 1 2 14 12 5 17 3 9 18 16 11 13 4 0 20 8 19 10 21 22 23 24 15
48 1 6 7 1 2 14 12 5 17 3 9 0 16 11 13 4 18 20 8 19 10 21 22 23 24 15
47 1 6 7 1 2 14 12 5 17 3 9 16 0 11 13 4 18 20 8 19 10 21 22 23 24 15
46 1 6 7 1 2 14 12 5 17 3 9 16 11 0 13 4 18 20 8 19 10 21 22 23 24 15
45 1 6 7 1 2 14 12 5 0 3 9 16 11 17 13 4 18 20 8 19 10 21 22 23 24 15
44 1 6 7 1 2 14 12 0 5 3 9 16 11 17 13 4 18 20 8 19 10 21 22 23 24 15
43 1 6 7 1 2 14 12 11 5 3 9 16 0 17 13 4 18 20 8 19 10 21 22 23 24 15
42 1 6 7 1 2 14 12 11 5 3 9 16 17 0 13 4 18 20 8 19 10 21 22 23 24 15
41 1 6 7 1 2 14 12 11 5 3 9 16 17 8 13 4 18 20 0 19 10 21 22 23 24 15
40 1 6 7 1 2 14 12 11 5 3 9 16 17 8 13 4 18 0 20 19 10 21 22 23 24 15
39 1 6 7 1 2 14 12 11 5 3 9 16 17 8 13 4 0 18 20 19 10 21 22 23 24 15
38 1 6 7 1 2 14 12 11 5 3 9 0 17 8 13 4 16 18 20 19 10 21 22 23 24 15
37 1 6 7 1 2 14 0 11 5 3 9 12 17 8 13 4 16 18 20 19 10 21 22 23 24 15
36 1 6 7 1 2 14 11 0 5 3 9 12 17 8 13 4 16 18 20 19 10 21 22 23 24 15
35 1 6 0 1 2 14 11 7 5 3 9 12 17 8 13 4 16 18 20 19 10 21 22 23 24 15
34 1 6 1 0 2 14 11 7 5 3 9 12 17 8 13 4 16 18 20 19 10 21 22 23 24 15
33 1 6 1 2 0 14 11 7 5 3 9 12 17 8 13 4 16 18 20 19 10 21 22 23 24 15
32 1 6 1 2 14 0 11 7 5 3 9 12 17 8 13 4 16 18 20 19 10 21 22 23 24 15
31 1 6 1 2 14 9 11 7 5 3 0 12 17 8 13 4 16 18 20 19 10 21 22 23 24 15
30 1 6 1 2 14 9 11 7 5 3 4 12 17 8 13 0 16 18 20 19 10 21 22 23 24 15
76 1 3 13 11 7 5 2 23 6 8 24 16 21 17 4 10 22 12 15 0 9 20 1 19 18 14
75 1 3 13 11 7 5 2 23 6 8 24 16 21 17 4 10 22 12 0 15 9 20 1 19 18 14
74 1 3 13 11 7 5 2 23 6 8 24 16 21 17 4 10 22 0 12 15 9 20 1 19 18 14
73 1 3 13 11 7 5 2 23 6 8 24 16 0 17 4 10 22 21 12 15 9 20 1 19 18 14
72 1 3 13 11 7 5 2 0 6 8 24 16 23 17 4 10 22 21 12 15 9 20 1 19 18 14
71 1 3 0 11 7 5 2 13 6 8 24 16 23 17 4 10 22 21 12 15 9 20 1 19 18 14
70 1 3 11 0 7 5 2 13 6 8 24 16 23 17 4 10 22 21 12 15 9 20 1 19 18 14
69 1 3 11 7 0 5 2 13 6 8 24 16 23 17 4 10 22 21 12 15 9 20 1 19 18 14
68 1 3 11 7 8 5 2 13 6 0 24 16 23 17 4 10 22 21 12 15 9 20 1 19 18 14
67 1 3 11 7 8 5 2 13 6 4 24 16 23 17 0 10 22 21 12 15 9 20 1 19 18 14
66 1 3 11 7 8 5 2 13 6 4 24 16 23 17 10 0 22 21 12 15 9 20 1 19 18 14
65 1 3 11 7 8 5 2 13 6 4 24 16 23 17 10 9 22 21 12 15 0 20 1 19 18 14
64 1 3 11 7 8 5 2 13 6 4 24 16 23 17 10 9 22 21 12 15 14 20 1 19 18 0
63 1 3 11 7 8 5 2 13 6 4 24 16 23 17 10 9 22 21 12 15 14 20 1 19 0 18
62 1 3 11 7 8 5 2 13 6 4 24 16 23 17 10 9 22 21 12 15 14 20 1 0 19 18
61 1 3 11 7 8 5 2 13 6 4 24 16 23 17 10 9 22 21 12 15 14 20 0 1 19 18
60 1 3 11 7 8 5 2 13 6 4 24 16 23 17 10 9 22 21 12 15 14 0 20 1 19 18
59 1 3 11 7 8 5 2 13 6 4 24 16 23 17 10 9 0 21 12 15 14 22 20 1 19 18
58 1 3 11 7 8 5 2 13 6 4 24 16 23 17 10 9 21 0 12 15 14 22 20 1 19 18
57 1 3 11 7 8 5 2 13 6 4 24 16 23 17 10 9 21 20 12 15 14 22 0 1 19 18
56 1 3 11 7 8 5 2 13 6 4 24 16 23 17 10 9 21 20 12 15 14 22 1 0 19 18
55 1 3 11 7 8 5 2 13 6 4 24 16 23 17 10 9 21 20 0 15 14 22 1 12 19 18
54 1 3 11 7 8 5 2 13 6 4 24 16 23 17 10 9 21 0 20 15 14 22 1 12 19 18
53 1 3 11 7 8 5 2 13 6 4 24 16 0 17 10 9 21 23 20 15 14 22 1 12 19 18
52 1 3 11 7 8 5 2 0 6 4 24 16 13 17 10 9 21 23 20 15 14 22 1 12 19 18
51 1 3 0 7 8 5 2 11 6 4 24 16 13 17 10 9 21 23 20 15 14 22 1 12 19 18
50 1 3 7 0 8 5 2 11 6 4 24 16 13 17 10 9 21 23 20 15 14 22 1 12 19 18
49 1 3 7 8 0 5 2 11 6 4 24 16 13 17 10 9 21 23 20 15 14 22 1 12 19 18
48 1 3 7 8 4 5 2 11 6 0 24 16 13 17 10 9 21 23 20 15 14 22 1 12 19 18
47 1 3 7 8 4 5 2 11 6 10 24 16 13 17 0 9 21 23 20 15 14 22 1 12 19 18
46 1 3 7 8 4 5 2 11 6 10 24 16 13 17 9 0 21 23 20 15 14 22 1 12 19 18
45 1 3 7 8 4 5 2 11 6 10 0 16 13 17 9 24 21 23 20 15 14 22 1 12 19 18
44 1 3 7 8 4 5 2 11 6 0 10 16 13 17 9 24 21 23 20 15 14 22 1 12 19 18
43 1 3 7 8 4 5 2 11 6 9 10 16 13 17 0 24 21 23 20 15 14 22 1 12 19 18
42 1 3 7 8 4 5 2 11 6 9 10 16 13 17 15 24 21 23 20 0 14 22 1 12 19 18
41 1 3 7 8 4 5 2 11 6 9 10 16 13 17 15 24 21 23 20 14 0 22 1 12 19 18
40 1 3 7 8 4 5 2 11 6 9 10 16 13 17 15 0 21 23 20 14 24 22 1 12 19 18
39 1 3 7 8 4 5 2 11 6 9 10 16 13 17 0 15 21 23 20 14 24 22 1 12 19 18
38 1 3 7 8 4 5 2 11 6 9 10 16 13 17 14 15 21 23 20 0 24 22 1 12 19 18
37 1 3 7 8 4 5 2 11 6 9 10 16 13 17 14 15 21 23 0 20 24 22 1 12 19 18
36 1 3 7 8 4 5 2 11 6 9 10 16 13 17 14 15 21 0 23 20 24 22 1 12 19 18
35 1 3 7 8 4 5 2 11 6 9 10 16 13 17 14 15 21 1 23 20 24 22 0 12 19 18
34 1 3 7 8 4 5 2 11 6 9 10 16 13 17 14 15 21 1 23 20 24 22 12 0 19 18
33 1 3 7 8 4 5 2 11 6 9 10 16 13 17 14 15 21 1 23 20 24 22 12 19 0 18
32 1 3 7 8 4 5 2 11 6 9 10 16 13 17 14 15 21 1 23 20 24 22 12 19 18 0
31 1 3 7 8 4 5 2 11 6 9 10 16 13 17 14 15 21 1 23 20 0 22 12 19 18 24
30 1 3 7 8 4 5 2 11 6 9 10 16 13 17 14 15 21 1 23 0 20 22 12 19 18 24
84 1 7 1 6 15 0 2 11 8 23 13 5 20 3 19 4 16 21 9 17 14 12 22 10 24 18
83 1 7 1 6 15 13 2 11 8 23 0 5 20 3 19 4 16 21 9 17 14 12 22 10 24 18
82 1 7 1 6 15 13 2 11 8 23 4 5 20 3 19 0 16 21 9 17 14 12 22 10 24 18
81 1 7 1 6 15 13 2 11 8 23 4 5 20 3 19 14 16 21 9 17 0 12 22 10 24 18
80 1 7 1 6 15 13 2 11 8 23 4 5 20 3 19 14 16 21 9 17 18 12 22 10 24 0
79 1 7 1 6 15 13 2 11 8 23 4 5 20 3 19 14 16 21 9 17 18 12 22 10 0 24
78 1 7 1 6 15 13 2 11 8 23 4 5 20 3 19 14 16 21 9 0 18 12 22 10 17 24
77 1 7 1 6 15 13 2 11 8 23 4 5 20 3 0 14 16 21 9 19 18 12 22 10 17 24
76 1 7 1 6 15 13 2 11 8 0 4 5 20 3 23 14 16 21 9 19 18 12 22 10 17 24
75 1 7 1 6 15 13 2 11 0 8 4 5 20 3 23 14 16 21 9 19 18 12 22 10 17 24
74 1 7 1 6 15 13 2 11 3 8 4 5 20 0 23 14 16 21 9 19 18 12 22 10 17 24
73 1 7 1 6 15 13 2 11 3 8 4 5 0 20 23 14 16 21 9 19 18 12 22 10 17 24
72 1 7 1 6 15 13 2 11 3 8 4 0 5 20 23 14 16 21 9 19 18 12 22 10 17 24
71 1 7 1 6 15 13 2 11 3 8 4 16 5 20 23 14 0 21 9 19 18 12 22 10 17 24
70 1 7 1 6 15 13 2 11 3 8 4 16 5 20 23 14 21 0 9 19 18 12 22 10 17 24
69 1 7 1 6 15 13 2 11 3 8 4 16 5 20 23 14 21 9 0 19 18 12 22 10 17 24
68 1 7 1 6 15 13 2 11 3 8 4 16 5 20 23 14 21 9 10 19 18 12 22 0 17 24
67 1 7 1 6 15 13 2 11 3 8 4 16 5 20 23 14 21 9 10 19 18 12 22 17 0 24
66 1 7 1 6 15 13 2 11 3 8 4 16 5 20 23 14 21 9 10 0 18 12 22 17 19 24
65 1 7 1 6 15 13 2 11 3 8 4 16 5 20 0 14 21 9 10 23 18 12 22 17 19 24
64 1 7 1 6 15 13 2 11 3 8 4 16 5 0 20 14 21 9 10 23 18 12 22 17 19 24
63 1 7 1 6 15 13 2 11 3 8 4 16 0 5 20 14 21 9 10 23 18 12 22 17 19 24
62 1 7 1 6 15 13 2 0 3 8 4 16 11 5 20 14 21 9 10 23 18 12 22 17 19 24
61 1 7 0 6 15 13 2 1 3 8 4 16 11 5 20 14 21 9 10 23 18 12 22 17 19 24
60 1 0 7 6 15 13 2 1 3 8 4 16 11 5 20 14 21 9 10 23 18 12 22 17 19 24
59 1 2 7 6 15 13 0 1 3 8 4 16 11 5 20 14 21 9 10 23 18 12 22 17 19 24
58 1 2 7 6 15 13 1 0 3 8 4 16 11 5 20 14 21 9 10 23 18 12 22 17 19 24
57 1 2 0 6 15 13 1 7 3 8 4 16 11 5 20 14 21 9 10 23 18 12 22 17 19 24
56 1 2 6 0 15 13 1 7 3 8 4 16 11 5 20 14 21 9 10 23 18 12 22 17 19 24
55 1 2 6 3 15 13 1 7 0 8 4 16 11 5 20 14 21 9 10 23 18 12 22 17 19 24
54 1 2 6 3 15 13 1 7 5 8 4 16 11 0 20 14 21 9 10 23 18 12 22 17 19 24
53 1 2 6 3 15 13 1 7 5 8 4 16 11 10 20 14 21 9 0 23 18 12 22 17 19 24
52 1 2 6 3 15 13 1 7 5 8 4 16 11 10 20 14 21 9 17 23 18 12 22 0 19 24
51 1 2 6 3 15 13 1 7 5 8 4 16 11 10 20 14 21 9 17 23 18 12 0 22 19 24
50 1 2 6 3 15 13 1 7 5 8 4 16 11 10 20 14 21 9 17 23 18 0 12 22 19 24
49 1 2 6 3 15 13 1 7 5 8 4 16 11 10 20 14 0 9 17 23 18 21 12 22 19 24
48 1 2 6 3 15 13 1 7 5 8 4 0 11 10 20 14 16 9 17 23 18 21 12 22 19 24
47 1 2 6 3 15 13 1 7 5 8 4 11 0 10 20 14 16 9 17 23 18 21 12 22 19 24
46 1 2 6 3 15 13 1 0 5 8 4 11 7 10 20 14 16 9 17 23 18 21 12 22 19 24
45 1 2 0 3 15 13 1 6 5 8 4 11 7 10 20 14 16 9 17 23 18 21 12 22 19 24
44 1 2 3 0 15 13 1 6 5 8 4 11 7 10 20 14 16 9 17 23 18 21 12 22 19 24
43 1 2 3 5 15 13 1 6 0 8 4 11 7 10 20 14 16 9 17 23 18 21 12 22 19 24
42 1 2 3 5 15 13 1 6 10 8 4 11 7 0 20 14 16 9 17 23 18 21 12 22 19 24
41 1 2 3 5 15 13 1 6 10 8 4 11 7 17 20 14 16 9 0 23 18 21 12 22 19 24
40 1 2 3 5 15 13 1 6 10 8 4 11 7 17 20 14 16 9 23 0 18 21 12 22 19 24
39 1 2 3 5 15 13 1 6 10 8 4 11 7 17 20 14 16 9 23 18 0 21 12 22 19 24
38 1 2 3 5 15 13 1 6 10 8 4 11 7 17 20 0 16 9 23 18 14 21 12 22 19 24
37 1 2 3 5 15 13 1 6 10 8 4 11 7 17 0 20 16 9 23 18 14 21 12 22 19 24
36 1 2 3 5 15 13 1 6 10 0 4 11 7 17 8 20 16 9 23 18 14 21 12 22 19 24
35 1 2 3 5 15 13 1 6 10 4 0 11 7 17 8 20 16 9 23 18 14 21 12 22 19 24
34 1 2 3 5 15 0 1 6 10 4 13 11 7 17 8 20 16 9 23 18 14 21 12 22 19 24
33 1 2 3 5 0 15 1 6 10 4 13 11 7 17 8 20 16 9 23 18 14 21 12 22 19 24
32 1 2 3 0 5 15 1 6 10 4 13 11 7 17 8 20 16 9 23 18 14 21 12 22 19 24
31 1 2 0 3 5 15 1 6 10 4 13 11 7 17 8 20 16 9 23 18 14 21 12 22 19 24
30 1 0 2 3 5 15 1 6 10 4 13 11 7 17 8 20 16 9 23 18 14 21 12 22 19 24
82 1 0 1 12 2 13 16 17 5 9 4 24 11 22 14 8 6 15 21 10 23 3 18 7 20 19
81 1 16 1 12 2 13 0 17 5 9 4 24 11 22 14 8 6 15 21 10 23 3 18 7 20 19
80 1 16 1 12 2 13 17 0 5 9 4 24 11 22 14 8 6 15 21 10 23 3 18 7 20 19
79 1 16 1 12 2 13 17 11 5 9 4 24 0 22 14 8 6 15 21 10 23 3 18 7 20 19
78 1 16 1 12 2 13 17 11 5 9 4 24 15 22 14 8 6 0 21 10 23 3 18 7 20 19
77 1 16 1 12 2 13 17 11 5 9 4 24 15 22 14 8 6 21 0 10 23 3 18 7 20 19
76 1 16 1 12 2 13 17 11 5 9 4 24 15 22 14 8 6 21 7 10 23 3 18 0 20 19
75 1 16 1 12 2 13 17 11 5 9 4 24 15 22 14 8 6 21 7 10 23 3 0 18 20 19
74 1 16 1 12 2 13 17 11 5 9 4 24 15 22 14 8 6 0 7 10 23 3 21 18 20 19
73 1 16 1 12 2 13 17 11 5 9 4 24 0 22 14 8 6 15 7 10 23 3 21 18 20 19
72 1 16 1 12 2 13 17 11 5 9 4 24 22 0 14 8 6 15 7 10 23 3 21 18 20 19
71 1 16 1 12 2 13 17 11 5 9 4 24 22 7 14 8 6 15 0 10 23 3 21 18 20 19
70 1 16 1 12 2 13 17 11 5 9 4 24 22 7 14 8 6 0 15 10 23 3 21 18 20 19
69 1 16 1 12 2 13 17 11 5 9 4 24 0 7 14 8 6 22 15 10 23 3 21 18 20 19
68 1 16 1 12 2 13 17 11 5 9 4 0 24 7 14 8 6 22 15 10 23 3 21 18 20 19
67 1 16 1 12 2 13 17 11 5 9 4 6 24 7 14 8 0 22 15 10 23 3 21 18 20 19
66 1 16 1 12 2 13 17 11 5 9 4 6 24 7 14 8 3 22 15 10 23 0 21 18 20 19
65 1 16 1 12 2 13 17 11 5 9 4 6 24 7 14 8 3 22 15 10 23 21 0 18 20 19
64 1 16 1 12 2 13 17 11 5 9 4 6 24 7 14 8 3 0 15 10 23 21 22 18 20 19
63 1 16 1 12 2 13 17 11 5 9 4 6 0 7 14 8 3 24 15 10 23 21 22 18 20 19
62 1 16 1 12 2 13 17 11 5 9 4 0 6 7 14 8 3 24 15 10 23 21 22 18 20 19
61 1 16 1 12 2 13 0 11 5 9 4 17 6 7 14 8 3 24 15 10 23 21 22 18 20 19
60 1 0 1 12 2 13 16 11 5 9 4 17 6 7 14 8 3 24 15 10 23 21 22 18 20 19
59 1 1 0 12 2 13 16 11 5 9 4 17 6 7 14 8 3 24 15 10 23 21 22 18 20 19
58 1 1 12 0 2 13 16 11 5 9 4 17 6 7 14 8 3 24 15 10 23 21 22 18 20 19
57 1 1 12 2 0 13 16 11 5 9 4 17 6 7 14 8 3 24 15 10 23 21 22 18 20 19
56 1 1 12 2 9 13 16 11 5 0 4 17 6 7 14 8 3 24 15 10 23 21 22 18 20 19
55 1 1 12 2 9 13 16 11 5 14 4 17 6 7 0 8 3 24 15 10 23 21 22 18 20 19
54 1 1 12 2 9 13 16 11 5 14 4 17 6 7 8 0 3 24 15 10 23 21 22 18 20 19
53 1 1 12 2 9 13 16 11 5 14 4 17 6 7 8 23 3 24 15 10 0 21 22 18 20 19
52 1 1 12 2 9 13 16 11 5 14 4 17 6 7 8 23 3 24 15 0 10 21 22 18 20 19
51 1 1 12 2 9 13 16 11 5 14 4 17 6 7 8 23 3 24 0 15 10 21 22 18 20 19
50 1 1 12 2 9 13 16 11 5 14 4 17 6 7 8 23 3 0 24 15 10 21 22 18 20 19
49 1 1 12 2 9 13 16 11 5 14 4 17 6 7 8 23 0 3 24 15 10 21 22 18 20 19
48 1 1 12 2 9 13 16 11 5 14 4 0 6 7 8 23 17 3 24 15 10 21 22 18 20 19
47 1 1 12 2 9 13 0 11 5 14 4 16 6 7 8 23 17 3 24 15 10 21 22 18 20 19
46 1 1 12 2 9 13 11 0 5 14 4 16 6 7 8 23 17 3 24 15 10 21 22 18 20 19
45 1 1 12 2 9 13 11 6 5 14 4 16 0 7 8 23 17 3 24 15 10 21 22 18 20 19
44 1 1 12 2 9 13 11 6 5 14 4 16 3 7 8 23 17 0 24 15 10 21 22 18 20 19
43 1 1 12 2 9 13 11 6 5 14 4 16 3 7 8 23 0 17 24 15 10 21 22 18 20 19
42 1 1 12 2 9 13 11 6 5 14 4 0 3 7 8 23 16 17 24 15 10 21 22 18 20 19
41 1 1 12 2 9 13 0 6 5 14 4 11 3 7 8 23 16 17 24 15 10 21 22 18 20 19
40 1 1 12 2 9 13 6 0 5 14 4 11 3 7 8 23 16 17 24 15 10 21 22 18 20 19
39 1 1 0 2 9 13 6 12 5 14 4 11 3 7 8 23 16 17 24 15 10 21 22 18 20 19
38 1 1 2 0 9 13 6 12 5 14 4 11 3 7 8 23 16 17 24 15 10 21 22 18 20 19
37 1 1 2 5 9 13 6 12 0 14 4 11 3 7 8 23 16 17 24 15 10 21 22 18 20 19
36 1 1 2 5 9 13 6 12 7 14 4 11 3 0 8 23 16 17 24 15 10 21 22 18 20 19
35 1 1 2 5 9 13 6 12 7 14 4 11 0 3 8 23 16 17 24 15 10 21 22 18 20 19
34 1 1 2 5 9 13 6 0 7 14 4 11 12 3 8 23 16 17 24 15 10 21 22 18 20 19
33 1 1 2 5 9 13 6 7 0 14 4 11 12 3 8 23 16 17 24 15 10 21 22 18 20 19
32 1 1 2 5 9 13 6 7 3 14 4 11 12 0 8 23 16 17 24 15 10 21 22 18 20 19
31 1 1 2 5 9 13 6 7 3 14 4 11 12 8 0 23 16 17 24 15 10 21 22 18 20 19
30 1 1 2 5 9 13 6 7 3 14 4 11 12 8 23 0 16 17 24 15 10 21 22 18 20 19
82 1 16 11 0 13 6 3 1 8 5 14 10 20 7 19 15 21 2 12 23 4 17 22 9 24 18
81 1 16 11 8 13 6 3 1 0 5 14 10 20 7 19 15 21 2 12 23 4 17 22 9 24 18
80 1 16 11 8 13 6 3 1 7 5 14 10 20 0 19 15 21 2 12 23 4 17 22 9 24 18
79 1 16 11 8 13 6 3 1 7 5 14 10 0 20 19 15 21 2 12 23 4 17 22 9 24 18
78 1 16 11 8 13 6 3 0 7 5 14 10 1 20 19 15 21 2 12 23 4 17 22 9 24 18
77 1 16 11 8 13 6 0 3 7 5 14 10 1 20 19 15 21 2 12 23 4 17 22 9 24 18
76 1 0 11 8 13 6 16 3 7 5 14 10 1 20 19 15 21 2 12 23 4 17 22 9 24 18
75 1 11 0 8 13 6 16 3 7 5 14 10 1 20 19 15 21 2 12 23 4 17 22 9 24 18
74 1 11 3 8 13 6 16 0 7 5 14 10 1 20 19 15 21 2 12 23 4 17 22 9 24 18
73 1 11 3 8 13 6 16 1 7 5 14 10 0 20 19 15 21 2 12 23 4 17 22 9 24 18
72 1 11 3 8 13 6 16 1 7 5 14 0 10 20 19 15 21 2 12 23 4 17 22 9 24 18
71 1 11 3 8 13 6 0 1 7 5 14 16 10 20 19 15 21 2 12 23 4 17 22 9 24 18
70 1 0 3 8 13 6 11 1 7 5 14 16 10 20 19 15 21 2 12 23 4 17 22 9 24 18
69 1 3 0 8 13 6 11 1 7 5 14 16 10 20 19 15 21 2 12 23 4 17 22 9 24 18
68 1 3 8 0 13 6 11 1 7 5 14 16 10 20 19 15 21 2 12 23 4 17 22 9 24 18
67 1 3 8 13 0 6 11 1 7 5 14 16 10 20 19 15 21 2 12 23 4 17 22 9 24 18
66 1 3 8 13 5 6 11 1 7 0 14 16 10 20 19 15 21 2 12 23 4 17 22 9 24 18
65 1 3 8 13 5 6 11 1 7 14 0 16 10 20 19 15 21 2 12 23 4 17 22 9 24 18
64 1 3 8 13 5 6 11 1 7 14 15 16 10 20 19 0 21 2 12 23 4 17 22 9 24 18
63 1 3 8 13 5 6 11 1 7 14 15 16 10 20 19 4 21 2 12 23 0 17 22 9 24 18
62 1 3 8 13 5 6 11 1 7 14 15 16 10 20 19 4 21 2 12 23 18 17 22 9 24 0
61 1 3 8 13 5 6 11 1 7 14 15 16 10 20 19 4 21 2 12 23 18 17 22 9 0 24
60 1 3 8 13 5 6 11 1 7 14 15 16 10 20 19 4 21 2 12 0 18 17 22 9 23 24
59 1 3 8 13 5 6 11 1 7 14 15 16 10 20 0 4 21 2 12 19 18 17 22 9 23 24
58 1 3 8 13 5 6 11 1 7 0 15 16 10 20 14 4 21 2 12 19 18 17 22 9 23 24
57 1 3 8 13 5 6 11 1 7 15 0 16 10 20 14 4 21 2 12 19 18 17 22 9 23 24
56 1 3 8 13 5 6 11 1 7 15 4 16 10 20 14 0 21 2 12 19 18 17 22 9 23 24
55 1 3 8 13 5 6 11 1 7 15 4 16 10 20 0 14 21 2 12 19 18 17 22 9 23 24
54 1 3 8 13 5 6 11 1 7 15 4 16 10 0 20 14 21 2 12 19 18 17 22 9 23 24
53 1 3 8 13 5 6 11 1 7 15 4 16 0 10 20 14 21 2 12 19 18 17 22 9 23 24
52 1 3 8 13 5 6 11 1 7 15 4 16 2 10 20 14 21 0 12 19 18 17 22 9 23 24
51 1 3 8 13 5 6 11 1 7 15 4 16 2 10 20 14 21 12 0 19 18 17 22 9 23 24
50 1 3 8 13 5 6 11 1 7 15 4 16 2 10 20 14 21 12 9 19 18 17 22 0 23 24
49 1 3 8 13 5 6 11 1 7 15 4 16 2 10 20 14 21 12 9 19 18 17 22 23 0 24
48 1 3 8 13 5 6 11 1 7 15 4 16 2 10 20 14 21 12 9 0 18 17 22 23 19 24
47 1 3 8 13 5 6 11 1 7 15 4 16 2 10 20 14 21 12 9 18 0 17 22 23 19 24
46 1 3 8 13 5 6 11 1 7 15 4 16 2 10 20 0 21 12 9 18 14 17 22 23 19 24
45 1 3 8 13 5 6 11 1 7 15 4 16 2 10 0 20 21 12 9 18 14 17 22 23 19 24
44 1 3 8 13 5 6 11 1 7 15 4 16 2 0 10 20 21 12 9 18 14 17 22 23 19 24
43 1 3 8 13 5 6 11 1 7 15 4 16 2 9 10 20 21 12 0 18 14 17 22 23 19 24
42 1 3 8 13 5 6 11 1 7 15 4 16 2 9 10 20 21 12 18 0 14 17 22 23 19 24
41 1 3 8 13 5 6 11 1 7 15 4 16 2 9 10 20 21 12 18 14 0 17 22 23 19 24
40 1 3 8 13 5 6 11 1 7 15 4 16 2 9 10 0 21 12 18 14 20 17 22 23 19 24
39 1 3 8 13 5 6 11 1 7 15 4 16 2 9 0 10 21 12 18 14 20 17 22 23 19 24
38 1 3 8 13 5 6 11 1 7 0 4 16 2 9 15 10 21 12 18 14 20 17 22 23 19 24
37 1 3 8 13 5 6 11 1 7 4 0 16 2 9 15 10 21 12 18 14 20 17 22 23 19 24
36 1 3 8 13 5 0 11 1 7 4 6 16 2 9 15 10 21 12 18 14 20 17 22 23 19 24
35 1 3 8 13 0 5 11 1 7 4 6 16 2 9 15 10 21 12 18 14 20 17 22 23 19 24
34 1 3 8 13 4 5 11 1 7 0 6 16 2 9 15 10 21 12 18 14 20 17 22 23 19 24
33 1 3 8 13 4 5 11 1 7 6 0 16 2 9 15 10 21 12 18 14 20 17 22 23 19 24
32 1 3 8 13 4 5 11 1 7 6 10 16 2 9 15 0 21 12 18 14 20 17 22 23 19 24
31 1 3 8 13 4 5 11 1 7 6 10 16 2 9 0 15 21 12 18 14 20 17 22 23 19 24
30 1 3 8 13 4 5 11 1 7 6 10 16 2 0 9 15 21 12 18 14 20 17 22 23 19 24
94 1 12 7 15 20 14 3 5 1 11 21 24 2 4 19 10 9 17 22 0 18 16 8 6 23 13
93 1 12 7 15 20 14 3 5 1 11 21 24 2 4 0 10 9 17 22 19 18 16 8 6 23 13
92 1 12 7 15 20 14 3 5 1 0 21 24 2 4 11 10 9 17 22 19 18 16 8 6 23 13
91 1 12 7 15 0 14 3 5 1 20 21 24 2 4 11 10 9 17 22 19 18 16 8 6 23 13
90 1 12 7 0 15 14 3 5 1 20 21 24 2 4 11 10 9 17 22 19 18 16 8 6 23 13
89 1 12 7 1 15 14 3 5 0 20 21 24 2 4 11 10 9 17 22 19 18 16 8 6 23 13
88 1 12 7 1 15 14 3 0 5 20 21 24 2 4 11 10 9 17 22 19 18 16 8 6 23 13
87 1 12 0 1 15 14 3 7 5 20 21 24 2 4 11 10 9 17 22 19 18 16 8 6 23 13
86 1 12 1 0 15 14 3 7 5 20 21 24 2 4 11 10 9 17 22 19 18 16 8 6 23 13
85 1 12 1 5 15 14 3 7 0 20 21 24 2 4 11 10 9 17 22 19 18 16 8 6 23 13
84 1 12 1 5 15 14 3 7 4 20 21 24 2 0 11 10 9 17 22 19 18 16 8 6 23 13
83 1 12 1 5 15 14 3 7 4 20 21 24 2 22 11 10 9 17 0 19 18 16 8 6 23 13
82 1 12 1 5 15 14 3 7 4 20 21 24 2 22 11 10 9 17 6 19 18 16 8 0 23 13
81 1 12 1 5 15 14 3 7 4 20 21 24 2 22 11 10 9 17 6 19 18 16 0 8 23 13
80 1 12 1 5 15 14 3 7 4 20 21 24 2 22 11 10 9 0 6 19 18 16 17 8 23 13
79 1 12 1 5 15 14 3 7 4 20 21 24 2 22 11 10 9 6 0 19 18 16 17 8 23 13
78 1 12 1 5 15 14 3 7 4 20 21 24 2 0 11 10 9 6 22 19 18 16 17 8 23 13
77 1 12 1 5 15 14 3 7 4 20 21 24 2 11 0 10 9 6 22 19 18 16 17 8 23 13
76 1 12 1 5 15 14 3 7 4 0 21 24 2 11 20 10 9 6 22 19 18 16 17 8 23 13
75 1 12 1 5 15 14 3 7 4 21 0 24 2 11 20 10 9 6 22 19 18 16 17 8 23 13
74 1 12 1 5 15 14 3 7 4 21 10 24 2 11 20 0 9 6 22 19 18 16 17 8 23 13
73 1 12 1 5 15 14 3 7 4 21 10 24 2 11 20 18 9 6 22 19 0 16 17 8 23 13
72 1 12 1 5 15 14 3 7 4 21 10 24 2 11 20 18 9 6 22 0 19 16 17 8 23 13
71 1 12 1 5 15 14 3 7 4 21 10 24 2 11 0 18 9 6 22 20 19 16 17 8 23 13
70 1 12 1 5 15 14 3 7 4 0 10 24 2 11 21 18 9 6 22 20 19 16 17 8 23 13
69 1 12 1 5 0 14 3 7 4 15 10 24 2 11 21 18 9 6 22 20 19 16 17 8 23 13
68 1 12 1 0 5 14 3 7 4 15 10 24 2 11 21 18 9 6 22 20 19 16 17 8 23 13
67 1 12 1 4 5 14 3 7 0 15 10 24 2 11 21 18 9 6 22 20 19 16 17 8 23 13
66 1 12 1 4 5 14 3 0 7 15 10 24 2 11 21 18 9 6 22 20 19 16 17 8 23 13
65 1 12 1 4 5 14 0 3 7 15 10 24 2 11 21 18 9 6 22 20 19 16 17 8 23 13
64 1 0 1 4 5 14 12 3 7 15 10 24 2 11 21 18 9 6 22 20 19 16 17 8 23 13
63 1 1 0 4 5 14 12 3 7 15 10 24 2 11 21 18 9 6 22 20 19 16 17 8 23 13
62 1 1 3 4 5 14 12 0 7 15 10 24 2 11 21 18 9 6 22 20 19 16 17 8 23 13
61 1 1 3 4 5 14 12 2 7 15 10 24 0 11 21 18 9 6 22 20 19 16 17 8 23 13
60 1 1 3 4 5 14 12 2 7 15 10 24 6 11 21 18 9 0 22 20 19 16 17 8 23 13
59 1 1 3 4 5 14 12 2 7 15 10 24 6 11 21 18 0 9 22 20 19 16 17 8 23 13
58 1 1 3 4 5 14 12 2 7 15 10 0 6 11 21 18 24 9 22 20 19 16 17 8 23 13
57 1 1 3 4 5 14 12 2 7 15 10 6 0 11 21 18 24 9 22 20 19 16 17 8 23 13
56 1 1 3 4 5 14 12 2 7 15 10 6 11 0 21 18 24 9 22 20 19 16 17 8 23 13
55 1 1 3 4 5 14 12 2 7 15 10 6 11 21 0 18 24 9 22 20 19 16 17 8 23 13
54 1 1 3 4 5 14 12 2 7 15 10 6 11 21 18 0 24 9 22 20 19 16 17 8 23 13
53 1 1 3 4 5 14 12 2 7 15 10 6 11 21 18 19 24 9 22 20 0 16 17 8 23 13
52 1 1 3 4 5 14 12 2 7 15 10 6 11 21 18 19 24 9 22 0 20 16 17 8 23 13
51 1 1 3 4 5 14 12 2 7 15 10 6 11 21 18 19 24 9 22 23 20 16 17 8 0 13
50 1 1 3 4 5 14 12 2 7 15 10 6 11 21 18 19 24 9 22 23 20 16 17 8 13 0
49 1 1 3 4 5 14 12 2 7 15 10 6 11 21 18 19 24 9 22 23 0 16 17 8 13 20
48 1 1 3 4 5 14 12 2 7 15 10 6 11 21 18 0 24 9 22 23 19 16 17 8 13 20
47 1 1 3 4 5 14 12 2 7 15 0 6 11 21 18 10 24 9 22 23 19 16 17 8 13 20
46 1 1 3 4 5 0 12 2 7 15 14 6 11 21 18 10 24 9 22 23 19 16 17 8 13 20
45 1 1 3 4 0 5 12 2 7 15 14 6 11 21 18 10 24 9 22 23 19 16 17 8 13 20
44 1 1 3 0 4 5 12 2 7 15 14 6 11 21 18 10 24 9 22 23 19 16 17 8 13 20
43 1 1 0 3 4 5 12 2 7 15 14 6 11 21 18 10 24 9 22 23 19 16 17 8 13 20
42 1 1 2 3 4 5 12 0 7 15 14 6 11 21 18 10 24 9 22 23 19 16 17 8 13 20
41 1 1 2 3 4 5 0 12 7 15 14 6 11 21 18 10 24 9 22 23 19 16 17 8 13 20
40 1 1 2 3 4 5 6 12 7 15 14 0 11 21 18 10 24 9 22 23 19 16 17 8 13 20
39 1 1 2 3 4 5 6 12 7 15 14 11 0 21 18 10 24 9 22 23 19 16 17 8 13 20
38 1 1 2 3 4 5 6 12 7 15 14 11 9 21 18 10 24 0 22 23 19 16 17 8 13 20
37 1 1 2 3 4 5 6 12 7 15 14 11 9 21 18 10 24 22 0 23 19 16 17 8 13 20
36 1 1 2 3 4 5 6 12 7 15 14 11 9 0 18 10 24 22 21 23 19 16 17 8 13 20
35 1 1 2 3 4 5 6 12 7 15 14 11 0 9 18 10 24 22 21 23 19 16 17 8 13 20
34 1 1 2 3 4 5 6 12 7 15 14 11 22 9 18 10 24 0 21 23 19 16 17 8 13 20
33 1 1 2 3 4 5 6 12 7 15 14 11 22 9 18 10 24 21 0 23 19 16 17 8 13 20
32 1 1 2 3 4 5 6 12 7 15 14 11 22 9 18 10 24 21 8 23 19 16 17 0 13 20
31 1 1 2 3 4 5 6 12 7 15 14 11 22 9 18 10 24 21 8 23 19 16 0 17 13 20
30 1 1 2 3 4 5 6 12 7 15 14 11 22 9 18 10 24 0 8 23 19 16 21 17 13 20
80 1 7 8 6 15 13 16 9 2 3 10 22 21 4 18 20 12 17 5 0 19 23 1 14 24 11
79 1 7 8 6 15 13 16 9 2 3 10 22 21 4 0 20 12 17 5 18 19 23 1 14 24 11
78 1 7 8 6 15 13 16 9 2 3 10 22 21 0 4 20 12 17 5 18 19 23 1 14 24 11
77 1 7 8 6 15 13 16 9 2 3 10 22 21 5 4 20 12 17 0 18 19 23 1 14 24 11
76 1 7 8 6 15 13 16 9 2 3 10 22 21 5 4 20 12 0 17 18 19 23 1 14 24 11
75 1 7 8 6 15 13 16 9 2 3 10 22 21 5 4 20 0 12 17 18 19 23 1 14 24 11
74 1 7 8 6 15 13 16 9 2 3 10 0 21 5 4 20 22 12 17 18 19 23 1 14 24 11
73 1 7 8 6 15 13 16 9 2 3 10 21 0 5 4 20 22 12 17 18 19 23 1 14 24 11
72 1 7 8 6 15 13 16 9 2 3 10 21 12 5 4 20 22 0 17 18 19 23 1 14 24 11
71 1 7 8 6 15 13 16 9 2 3 10 21 12 5 4 20 22 1 17 18 19 23 0 14 24 11
70 1 7 8 6 15 13 16 9 2 3 10 21 12 5 4 20 22 1 17 18 19 0 23 14 24 11
69 1 7 8 6 15 13 16 9 2 3 10 21 12 5 4 20 0 1 17 18 19 22 23 14 24 11
68 1 7 8 6 15 13 16 9 2 3 10 0 12 5 4 20 21 1 17 18 19 22 23 14 24 11
67 1 7 8 6 15 13 0 9 2 3 10 16 12 5 4 20 21 1 17 18 19 22 23 14 24 11
66 1 0 8 6 15 13 7 9 2 3 10 16 12 5 4 20 21 1 17 18 19 22 23 14 24 11
65 1 8 0 6 15 13 7 9 2 3 10 16 12 5 4 20 21 1 17 18 19 22 23 14 24 11
64 1 8 6 0 15 13 7 9 2 3 10 16 12 5 4 20 21 1 17 18 19 22 23 14 24 11
63 1 8 6 2 15 13 7 9 0 3 10 16 12 5 4 20 21 1 17 18 19 22 23 14 24 11
62 1 8 6 2 15 13 7 9 5 3 10 16 12 0 4 20 21 1 17 18 19 22 23 14 24 11
61 1 8 6 2 15 13 7 9 5 3 10 16 0 12 4 20 21 1 17 18 19 22 23 14 24 11
60 1 8 6 2 15 13 7 9 5 3 10 16 1 12 4 20 21 0 17 18 19 22 23 14 24 11
59 1 8 6 2 15 13 7 9 5 3 10 16 1 12 4 20 21 17 0 18 19 22 23 14 24 11
58 1 8 6 2 15 13 7 9 5 3 10 16 1 12 4 20 21 17 18 0 19 22 23 14 24 11
57 1 8 6 2 15 13 7 9 5 3 10 16 1 12 4 20 21 17 18 24 19 22 23 14 0 11
56 1 8 6 2 15 13 7 9 5 3 10 16 1 12 4 20 21 17 18 24 19 22 23 14 11 0
55 1 8 6 2 15 13 7 9 5 3 10 16 1 12 4 20 21 17 18 24 0 22 23 14 11 19
54 1 8 6 2 15 13 7 9 5 3 10 16 1 12 4 20 21 17 18 0 24 22 23 14 11 19
53 1 8 6 2 15 13 7 9 5 3 10 16 1 12 4 20 21 17 18 11 24 22 23 14 0 19
52 1 8 6 2 15 13 7 9 5 3 10 16 1 12 4 20 21 17 18 11 24 22 23 0 14 19
51 1 8 6 2 15 13 7 9 5 3 10 16 1 12 4 20 21 17 0 11 24 22 23 18 14 19
50 1 8 6 2 15 13 7 9 5 3 10 16 1 12 4 20 21 17 11 0 24 22 23 18 14 19
49 1 8 6 2 15 13 7 9 5 3 10 16 1 12 4 20 21 17 11 14 24 22 23 18 0 19
48 1 8 6 2 15 13 7 9 5 3 10 16 1 12 4 20 21 17 11 14 24 22 23 18 19 0
47 1 8 6 2 15 13 7 9 5 3 10 16 1 12 4 20 21 17 11 14 0 22 23 18 19 24
46 1 8 6 2 15 13 7 9 5 3 10 16 1 12 4 0 21 17 11 14 20 22 23 18 19 24
45 1 8 6 2 15 13 7 9 5 3 0 16 1 12 4 10 21 17 11 14 20 22 23 18 19 24
44 1 8 6 2 15 0 7 9 5 3 13 16 1 12 4 10 21 17 11 14 20 22 23 18 19 24
43 1 8 6 2 0 15 7 9 5 3 13 16 1 12 4 10 21 17 11 14 20 22 23 18 19 24
42 1 8 6 2 3 15 7 9 5 0 13 16 1 12 4 10 21 17 11 14 20 22 23 18 19 24
41 1 8 6 2 3 15 7 9 0 5 13 16 1 12 4 10 21 17 11 14 20 22 23 18 19 24
40 1 8 6 2 3 15 7 9 12 5 13 16 1 0 4 10 21 17 11 14 20 22 23 18 19 24
39 1 8 6 2 3 15 7 9 12 5 13 16 1 11 4 10 21 17 0 14 20 22 23 18 19 24
38 1 8 6 2 3 15 7 9 12 5 13 16 1 11 4 10 21 17 18 14 20 22 23 0 19 24
37 1 8 6 2 3 15 7 9 12 5 13 16 1 11 4 10 21 17 18 14 20 22 0 23 19 24
36 1 8 6 2 3 15 7 9 12 5 13 16 1 11 4 10 21 17 18 14 20 0 22 23 19 24
35 1 8 6 2 3 15 7 9 12 5 13 16 1 11 4 10 0 17 18 14 20 21 22 23 19 24
34 1 8 6 2 3 15 7 9 12 5 13 0 1 11 4 10 16 17 18 14 20 21 22 23 19 24
33 1 8 6 2 3 15 7 9 12 5 13 1 0 11 4 10 16 17 18 14 20 21 22 23 19 24
32 1 8 6 2 3 15 7 9 12 5 13 1 11 0 4 10 16 17 18 14 20 21 22 23 19 24
31 1 8 6 2 3 15 7 9 0 5 13 1 11 12 4 10 16 17 18 14 20 21 22 23 19 24
30 1 8 6 2 3 15 7 0 9 5 13 1 11 12 4 10 16 17 18 14 20 21 22 23 19 24
86 1 10 9 8 4 11 7 21 20 2 14 0 12 1 13 3 17 16 22 5 24 6 18 23 19 15
85 1 10 9 8 4 11 7 21 20 2 14 12 0 1 13 3 17 16 22 5 24 6 18 23 19 15
84 1 10 9 8 4 11 7 0 20 2 14 12 21 1 13 3 17 16 22 5 24 6 18 23 19 15
83 1 10 9 8 4 11 7 20 0 2 14 12 21 1 13 3 17 16 22 5 24 6 18 23 19 15
82 1 10 9 8 4 11 7 20 1 2 14 12 21 0 13 3 17 16 22 5 24 6 18 23 19 15
81 1 10 9 8 4 11 7 20 1 2 14 12 21 13 0 3 17 16 22 5 24 6 18 23 19 15
80 1 10 9 8 4 11 7 20 1 2 14 12 21 13 5 3 17 16 22 0 24 6 18 23 19 15
79 1 10 9 8 4 11 7 20 1 2 14 12 21 13 5 3 17 16 22 19 24 6 18 23 0 15
78 1 10 9 8 4 11 7 20 1 2 14 12 21 13 5 3 17 16 22 19 24 6 18 0 23 15
77 1 10 9 8 4 11 7 20 1 2 14 12 21 13 5 3 17 16 22 19 24 6 0 18 23 15
76 1 10 9 8 4 11 7 20 1 2 14 12 21 13 5 3 17 0 22 19 24 6 16 18 23 15
75 1 10 9 8 4 11 7 20 1 2 14 12 0 13 5 3 17 21 22 19 24 6 16 18 23 15
74 1 10 9 8 4 11 7 0 1 2 14 12 20 13 5 3 17 21 22 19 24 6 16 18 23 15
73 1 10 9 8 4 11 7 1 0 2 14 12 20 13 5 3 17 21 22 19 24 6 16 18 23 15
72 1 10 9 8 4 11 7 1 2 0 14 12 20 13 5 3 17 21 22 19 24 6 16 18 23 15
71 1 10 9 8 4 11 7 1 2 14 0 12 20 13 5 3 17 21 22 19 24 6 16 18 23 15
70 1 10 9 8 4 11 7 1 2 14 3 12 20 13 5 0 17 21 22 19 24 6 16 18 23 15
69 1 10 9 8 4 11 7 1 2 14 3 12 20 13 0 5 17 21 22 19 24 6 16 18 23 15
68 1 10 9 8 4 11 7 1 2 0 3 12 20 13 14 5 17 21 22 19 24 6 16 18 23 15
67 1 10 9 8 4 11 7 1 2 3 0 12 20 13 14 5 17 21 22 19 24 6 16 18 23 15
66 1 10 9 8 4 0 7 1 2 3 11 12 20 13 14 5 17 21 22 19 24 6 16 18 23 15
65 1 10 9 8 0 4 7 1 2 3 11 12 20 13 14 5 17 21 22 19 24 6 16 18 23 15
64 1 10 9 8 3 4 7 1 2 0 11 12 20 13 14 5 17 21 22 19 24 6 16 18 23 15
63 1 10 9 8 3 4 7 1 2 11 0 12 20 13 14 5 17 21 22 19 24 6 16 18 23 15
62 1 10 9 8 3 4 7 1 2 11 5 12 20 13 14 0 17 21 22 19 24 6 16 18 23 15
61 1 10 9 8 3 4 7 1 2 11 5 12 20 13 0 14 17 21 22 19 24 6 16 18 23 15
60 1 10 9 8 3 4 7 1 2 11 5 12 20 0 13 14 17 21 22 19 24 6 16 18 23 15
59 1 10 9 8 3 4 7 1 2 11 5 12 0 20 13 14 17 21 22 19 24 6 16 18 23 15
58 1 10 9 8 3 4 7 1 2 11 5 0 12 20 13 14 17 21 22 19 24 6 16 18 23 15
57 1 10 9 8 3 4 0 1 2 11 5 7 12 20 13 14 17 21 22 19 24 6 16 18 23 15
56 1 10 9 8 3 4 1 0 2 11 5 7 12 20 13 14 17 21 22 19 24 6 16 18 23 15
55 1 10 9 8 3 4 1 2 0 11 5 7 12 20 13 14 17 21 22 19 24 6 16 18 23 15
54 1 10 9 0 3 4 1 2 8 11 5 7 12 20 13 14 17 21 22 19 24 6 16 18 23 15
53 1 10 0 9 3 4 1 2 8 11 5 7 12 20 13 14 17 21 22 19 24 6 16 18 23 15
52 1 0 10 9 3 4 1 2 8 11 5 7 12 20 13 14 17 21 22 19 24 6 16 18 23 15
51 1 1 10 9 3 4 0 2 8 11 5 7 12 20 13 14 17 21 22 19 24 6 16 18 23 15
50 1 1 10 9 3 4 7 2 8 11 5 0 12 20 13 14 17 21 22 19 24 6 16 18 23 15
49 1 1 10 9 3 4 7 2 8 11 5 17 12 20 13 14 0 21 22 19 24 6 16 18 23 15
48 1 1 10 9 3 4 7 2 8 11 5 17 12 20 13 14 6 21 22 19 24 0 16 18 23 15
47 1 1 10 9 3 4 7 2 8 11 5 17 12 20 13 14 6 21 22 19 24 16 0 18 23 15
46 1 1 10 9 3 4 7 2 8 11 5 17 12 20 13 14 6 0 22 19 24 16 21 18 23 15
45 1 1 10 9 3 4 7 2 8 11 5 17 12 20 13 14 6 22 0 19 24 16 21 18 23 15
44 1 1 10 9 3 4 7 2 8 11 5 17 12 0 13 14 6 22 20 19 24 16 21 18 23 15
43 1 1 10 9 3 4 7 2 0 11 5 17 12 8 13 14 6 22 20 19 24 16 21 18 23 15
42 1 1 10 9 3 4 7 2 11 0 5 17 12 8 13 14 6 22 20 19 24 16 21 18 23 15
41 1 1 10 9 0 4 7 2 11 3 5 17 12 8 13 14 6 22 20 19 24 16 21 18 23 15
40 1 1 10 0 9 4 7 2 11 3 5 17 12 8 13 14 6 22 20 19 24 16 21 18 23 15
39 1 1 0 10 9 4 7 2 11 3 5 17 12 8 13 14 6 22 20 19 24 16 21 18 23 15
38 1 1 2 10 9 4 7 0 11 3 5 17 12 8 13 14 6 22 20 19 24 16 21 18 23 15
37 1 1 2 10 9 4 7 11 0 3 5 17 12 8 13 14 6 22 20 19 24 16 21 18 23 15
36 1 1 2 0 9 4 7 11 10 3 5 17 12 8 13 14 6 22 20 19 24 16 21 18 23 15
35 1 1 2 9 0 4 7 11 10 3 5 17 12 8 13 14 6 22 20 19 24 16 21 18 23 15
34 1 1 2 9 3 4 7 11 10 0 5 17 12 8 13 14 6 22 20 19 24 16 21 18 23 15
33 1 1 2 9 3 4 7 11 0 10 5 17 12 8 13 14 6 22 20 19 24 16 21 18 23 15
32 1 1 2 0 3 4 7 11 9 10 5 17 12 8 13 14 6 22 20 19 24 16 21 18 23 15
31 1 1 2 3 0 4 7 11 9 10 5 17 12 8 13 14 6 22 20 19 24 16 21 18 23 15
30 1 1 2 3 4 0 7 11 9 10 5 17 12 8 13 14 6 22 20 19 24 16 21 18 23 15
82 1 7 12 5 20 18 2 1 10 23 3 0 6 4 24 21 16 17 8 13 15 11 19 22 14 9
81 1 7 12 5 20 18 2 1 10 23 3 6 0 4 24 21 16 17 8 13 15 11 19 22 14 9
80 1 7 12 5 20 18 2 1 10 23 3 6 4 0 24 21 16 17 8 13 15 11 19 22 14 9
79 1 7 12 5 20 18 2 1 10 23 3 6 4 8 24 21 16 17 0 13 15 11 19 22 14 9
78 1 7 12 5 20 18 2 1 10 23 3 6 4 8 24 21 16 17 22 13 15 11 19 0 14 9
77 1 7 12 5 20 18 2 1 10 23 3 6 4 8 24 21 16 17 22 13 15 11 19 14 0 9
76 1 7 12 5 20 18 2 1 10 23 3 6 4 8 24 21 16 17 22 0 15 11 19 14 13 9
75 1 7 12 5 20 18 2 1 10 23 3 6 4 8 0 21 16 17 22 24 15 11 19 14 13 9
74 1 7 12 5 20 18 2 1 10 0 3 6 4 8 23 21 16 17 22 24 15 11 19 14 13 9
73 1 7 12 5 0 18 2 1 10 20 3 6 4 8 23 21 16 17 22 24 15 11 19 14 13 9
72 1 7 12 0 5 18 2 1 10 20 3 6 4 8 23 21 16 17 22 24 15 11 19 14 13 9
71 1 7 0 12 5 18 2 1 10 20 3 6 4 8 23 21 16 17 22 24 15 11 19 14 13 9
70 1 7 1 12 5 18 2 0 10 20 3 6 4 8 23 21 16 17 22 24 15 11 19 14 13 9
69 1 7 1 12 5 18 2 4 10 20 3 6 0 8 23 21 16 17 22 24 15 11 19 14 13 9
68 1 7 1 12 5 18 2 4 10 20 3 6 8 0 23 21 16 17 22 24 15 11 19 14 13 9
67 1 7 1 12 5 18 2 4 10 20 3 6 8 23 0 21 16 17 22 24 15 11 19 14 13 9
66 1 7 1 12 5 18 2 4 10 20 3 6 8 23 21 0 16 17 22 24 15 11 19 14 13 9
65 1 7 1 12 5 18 2 4 10 20 3 6 8 23 21 15 16 17 22 24 0 11 19 14 13 9
64 1 7 1 12 5 18 2 4 10 20 3 6 8 23 21 15 16 17 22 24 9 11 19 14 13 0
63 1 7 1 12 5 18 2 4 10 20 3 6 8 23 21 15 16 17 22 24 9 11 19 14 0 13
62 1 7 1 12 5 18 2 4 10 20 3 6 8 23 21 15 16 17 22 0 9 11 19 14 24 13
61 1 7 1 12 5 18 2 4 10 20 3 6 8 23 0 15 16 17 22 21 9 11 19 14 24 13
60 1 7 1 12 5 18 2 4 10 0 3 6 8 23 20 15 16 17 22 21 9 11 19 14 24 13
59 1 7 1 12 5 18 2 4 10 3 0 6 8 23 20 15 16 17 22 21 9 11 19 14 24 13
58 1 7 1 12 5 0 2 4 10 3 18 6 8 23 20 15 16 17 22 21 9 11 19 14 24 13
57 1 7 1 12 0 5 2 4 10 3 18 6 8 23 20 15 16 17 22 21 9 11 19 14 24 13
56 1 7 1 12 3 5 2 4 10 0 18 6 8 23 20 15 16 17 22 21 9 11 19 14 24 13
55 1 7 1 12 3 5 2 4 10 18 0 6 8 23 20 15 16 17 22 21 9 11 19 14 24 13
54 1 7 1 12 3 5 2 4 10 18 15 6 8 23 20 0 16 17 22 21 9 11 19 14 24 13
53 1 7 1 12 3 5 2 4 10 18 15 6 8 23 0 20 16 17 22 21 9 11 19 14 24 13
52 1 7 1 12 3 5 2 4 10 0 15 6 8 23 18 20 16 17 22 21 9 11 19 14 24 13
51 1 7 1 12 3 5 2 4 0 10 15 6 8 23 18 20 16 17 22 21 9 11 19 14 24 13
50 1 7 1 12 3 5 2 0 4 10 15 6 8 23 18 20 16 17 22 21 9 11 19 14 24 13
49 1 7 1 12 3 5 2 8 4 10 15 6 0 23 18 20 16 17 22 21 9 11 19 14 24 13
48 1 7 1 12 3 5 2 8 4 10 15 6 17 23 18 20 16 0 22 21 9 11 19 14 24 13
47 1 7 1 12 3 5 2 8 4 10 15 6 17 23 18 20 16 22 0 21 9 11 19 14 24 13
46 1 7 1 12 3 5 2 8 4 10 15 6 17 23 18 20 16 22 21 0 9 11 19 14 24 13
45 1 7 1 12 3 5 2 8 4 10 15 6 17 23 18 20 16 22 21 9 0 11 19 14 24 13
44 1 7 1 12 3 5 2 8 4 10 15 6 17 23 18 20 16 22 21 9 13 11 19 14 24 0
43 1 7 1 12 3 5 2 8 4 10 15 6 17 23 18 20 16 22 21 9 13 11 19 14 0 24
42 1 7 1 12 3 5 2 8 4 10 15 6 17 23 18 20 16 22 21 9 13 11 19 0 14 24
41 1 7 1 12 3 5 2 8 4 10 15 6 17 23 18 20 16 22 21 9 13 11 0 19 14 24
40 1 7 1 12 3 5 2 8 4 10 15 6 17 23 18 20 16 0 21 9 13 11 22 19 14 24
39 1 7 1 12 3 5 2 8 4 10 15 6 17 23 18 20 16 21 0 9 13 11 22 19 14 24
38 1 7 1 12 3 5 2 8 4 10 15 6 17 0 18 20 16 21 23 9 13 11 22 19 14 24
37 1 7 1 12 3 5 2 8 4 10 15 6 17 18 0 20 16 21 23 9 13 11 22 19 14 24
36 1 7 1 12 3 5 2 8 4 10 15 6 17 18 9 20 16 21 23 0 13 11 22 19 14 24
35 1 7 1 12 3 5 2 8 4 10 15 6 17 18 9 20 16 21 23 13 0 11 22 19 14 24
34 1 7 1 12 3 5 2 8 4 10 15 6 17 18 9 0 16 21 23 13 20 11 22 19 14 24
33 1 7 1 12 3 5 2 8 4 10 0 6 17 18 9 15 16 21 23 13 20 11 22 19 14 24
32 1 7 1 12 3 5 2 8 4 0 10 6 17 18 9 15 16 21 23 13 20 11 22 19 14 24
31 1 7 1 12 3 5 2 8 0 4 10 6 17 18 9 15 16 21 23 13 20 11 22 19 14 24
30 1 7 1 0 3 5 2 8 12 4 10 6 17 18 9 15 16 21 23 13 20 11 22 19 14 24
68 1 0 1 7 18 4 12 3 6 19 2 11 21 17 14 8 22 13 20 5 9 23 16 24 10 15
67 1 12 1 7 18 4 0 3 6 19 2 11 21 17 14 8 22 13 20 5 9 23 16 24 10 15
66 1 12 1 7 18 4 11 3 6 19 2 0 21 17 14 8 22 13 20 5 9 23 16 24 10 15
65 1 12 1 7 18 4 11 3 6 19 2 21 0 17 14 8 22 13 20 5 9 23 16 24 10 15
64 1 12 1 7 18 4 11 3 6 19 2 21 13 17 14 8 22 0 20 5 9 23 16 24 10 15
63 1 12 1 7 18 4 11 3 6 19 2 21 13 17 14 8 22 16 20 5 9 23 0 24 10 15
62 1 12 1 7 18 4 11 3 6 19 2 21 13 17 14 8 22 16 20 5 9 23 24 0 10 15
61 1 12 1 7 18 4 11 3 6 19 2 21 13 17 14 8 22 16 0 5 9 23 24 20 10 15
60 1 12 1 7 18 4 11 3 6 19 2 21 13 0 14 8 22 16 17 5 9 23 24 20 10 15
59 1 12 1 7 18 4 11 3 0 19 2 21 13 6 14 8 22 16 17 5 9 23 24 20 10 15
58 1 12 1 7 18 4 11 0 3 19 2 21 13 6 14 8 22 16 17 5 9 23 24 20 10 15
57 1 12 1 7 18 4 0 11 3 19 2 21 13 6 14 8 22 16 17 5 9 23 24 20 10 15
56 1 0 1 7 18 4 12 11 3 19 2 21 13 6 14 8 22 16 17 5 9 23 24 20 10 15
55 1 1 0 7 18 4 12 11 3 19 2 21 13 6 14 8 22 16 17 5 9 23 24 20 10 15
54 1 1 7 0 18 4 12 11 3 19 2 21 13 6 14 8 22 16 17 5 9 23 24 20 10 15
53 1 1 7 3 18 4 12 11 0 19 2 21 13 6 14 8 22 16 17 5 9 23 24 20 10 15
52 1 1 7 3 18 4 12 11 6 19 2 21 13 0 14 8 22 16 17 5 9 23 24 20 10 15
51 1 1 7 3 18 4 12 11 6 19 2 21 13 14 0 8 22 16 17 5 9 23 24 20 10 15
50 1 1 7 3 18 4 12 11 6 0 2 21 13 14 19 8 22 16 17 5 9 23 24 20 10 15
49 1 1 7 3 18 4 12 11 6 2 0 21 13 14 19 8 22 16 17 5 9 23 24 20 10 15
48 1 1 7 3 18 4 12 11 6 2 8 21 13 14 19 0 22 16 17 5 9 23 24 20 10 15
47 1 1 7 3 18 4 12 11 6 2 8 21 13 14 19 9 22 16 17 5 0 23 24 20 10 15
46 1 1 7 3 18 4 12 11 6 2 8 21 13 14 19 9 22 16 17 0 5 23 24 20 10 15
45 1 1 7 3 18 4 12 11 6 2 8 21 13 14 19 9 22 16 17 10 5 23 24 20 0 15
44 1 1 7 3 18 4 12 11 6 2 8 21 13 14 19 9 22 16 17 10 5 23 24 0 20 15
43 1 1 7 3 18 4 12 11 6 2 8 21 13 14 19 9 22 16 17 10 5 23 0 24 20 15
42 1 1 7 3 18 4 12 11 6 2 8 21 13 14 19 9 22 16 17 10 5 0 23 24 20 15
41 1 1 7 3 18 4 12 11 6 2 8 21 13 14 19 9 0 16 17 10 5 22 23 24 20 15
40 1 1 7 3 18 4 12 11 6 2 8 0 13 14 19 9 21 16 17 10 5 22 23 24 20 15
39 1 1 7 3 18 4 0 11 6 2 8 12 13 14 19 9 21 16 17 10 5 22 23 24 20 15
38 1 1 7 3 18 4 11 0 6 2 8 12 13 14 19 9 21 16 17 10 5 22 23 24 20 15
37 1 1 7 3 18 4 11 6 0 2 8 12 13 14 19 9 21 16 17 10 5 22 23 24 20 15
36 1 1 7 3 18 4 11 6 2 0 8 12 13 14 19 9 21 16 17 10 5 22 23 24 20 15
35 1 1 7 3 0 4 11 6 2 18 8 12 13 14 19 9 21 16 17 10 5 22 23 24 20 15
34 1 1 7 0 3 4 11 6 2 18 8 12 13 14 19 9 21 16 17 10 5 22 23 24 20 15
33 1 1 7 2 3 4 11 6 0 18 8 12 13 14 19 9 21 16 17 10 5 22 23 24 20 15
32 1 1 7 2 3 4 11 6 18 0 8 12 13 14 19 9 21 16 17 10 5 22 23 24 20 15
31 1 1 7 2 3 4 11 6 18 8 0 12 13 14 19 9 21 16 17 10 5 22 23 24 20 15
30 1 1 7 2 3 4 11 6 18 8 9 12 13 14 19 0 21 16 17 10 5 22 23 24 20 15
76 1 7 8 2 13 0 1 17 11 21 5 12 20 9 3 4 6 16 10 18 15 23 19 24 14 22
75 1 7 8 2 13 5 1 17 11 21 0 12 20 9 3 4 6 16 10 18 15 23 19 24 14 22
74 1 7 8 2 13 5 1 17 11 0 21 12 20 9 3 4 6 16 10 18 15 23 19 24 14 22
73 1 7 8 2 13 5 1 17 11 3 21 12 20 9 0 4 6 16 10 18 15 23 19 24 14 22
72 1 7 8 2 13 5 1 17 11 3 21 12 20 0 9 4 6 16 10 18 15 23 19 24 14 22
71 1 7 8 2 13 5 1 17 11 3 21 12 0 20 9 4 6 16 10 18 15 23 19 24 14 22
70 1 7 8 2 13 5 1 0 11 3 21 12 17 20 9 4 6 16 10 18 15 23 19 24 14 22
69 1 7 0 2 13 5 1 8 11 3 21 12 17 20 9 4 6 16 10 18 15 23 19 24 14 22
68 1 7 2 0 13 5 1 8 11 3 21 12 17 20 9 4 6 16 10 18 15 23 19 24 14 22
67 1 7 2 13 0 5 1 8 11 3 21 12 17 20 9 4 6 16 10 18 15 23 19 24 14 22
66 1 7 2 13 3 5 1 8 11 0 21 12 17 20 9 4 6 16 10 18 15 23 19 24 14 22
65 1 7 2 13 3 5 1 8 11 9 21 12 17 20 0 4 6 16 10 18 15 23 19 24 14 22
64 1 7 2 13 3 5 1 8 11 9 21 12 17 0 20 4 6 16 10 18 15 23 19 24 14 22
63 1 7 2 13 3 5 1 8 11 9 21 12 17 10 20 4 6 16 0 18 15 23 19 24 14 22
62 1 7 2 13 3 5 1 8 11 9 21 12 17 10 20 4 6 16 18 0 15 23 19 24 14 22
61 1 7 2 13 3 5 1 8 11 9 21 12 17 10 0 4 6 16 18 20 15 23 19 24 14 22
60 1 7 2 13 3 5 1 8 11 9 21 12 17 10 4 0 6 16 18 20 15 23 19 24 14 22
59 1 7 2 13 3 5 1 8 11 9 0 12 17 10 4 21 6 16 18 20 15 23 19 24 14 22
58 1 7 2 13 3 5 1 8 11 0 9 12 17 10 4 21 6 16 18 20 15 23 19 24 14 22
57 1 7 2 13 3 5 1 8 11 4 9 12 17 10 0 21 6 16 18 20 15 23 19 24 14 22
56 1 7 2 13 3 5 1 8 11 4 9 12 17 10 21 0 6 16 18 20 15 23 19 24 14 22
55 1 7 2 13 3 5 1 8 11 4 9 12 17 10 21 15 6 16 18 20 0 23 19 24 14 22
54 1 7 2 13 3 5 1 8 11 4 9 12 17 10 21 15 6 16 18 20 22 23 19 24 14 0
53 1 7 2 13 3 5 1 8 11 4 9 12 17 10 21 15 6 16 18 20 22 23 19 24 0 14
52 1 7 2 13 3 5 1 8 11 4 9 12 17 10 21 15 6 16 18 0 22 23 19 24 20 14
51 1 7 2 13 3 5 1 8 11 4 9 12 17 10 0 15 6 16 18 21 22 23 19 24 20 14
50 1 7 2 13 3 5 1 8 11 4 9 12 17 0 10 15 6 16 18 21 22 23 19 24 20 14
49 1 7 2 13 3 5 1 8 11 4 9 12 17 18 10 15 6 16 0 21 22 23 19 24 20 14
48 1 7 2 13 3 5 1 8 11 4 9 12 17 18 10 15 6 16 21 0 22 23 19 24 20 14
47 1 7 2 13 3 5 1 8 11 4 9 12 17 18 10 15 6 16 21 22 0 23 19 24 20 14
46 1 7 2 13 3 5 1 8 11 4 9 12 17 18 10 15 6 16 21 22 14 23 19 24 20 0
45 1 7 2 13 3 5 1 8 11 4 9 12 17 18 10 15 6 16 21 22 14 23 19 24 0 20
44 1 7 2 13 3 5 1 8 11 4 9 12 17 18 10 15 6 16 21 22 14 23 19 0 24 20
43 1 7 2 13 3 5 1 8 11 4 9 12 17 18 10 15 6 16 21 22 14 23 0 19 24 20
42 1 7 2 13 3 5 1 8 11 4 9 12 17 18 10 15 6 0 21 22 14 23 16 19 24 20
41 1 7 2 13 3 5 1 8 11 4 9 12 17 18 10 15 6 21 0 22 14 23 16 19 24 20
40 1 7 2 13 3 5 1 8 11 4 9 12 17 18 10 15 6 21 22 0 14 23 16 19 24 20
39 1 7 2 13 3 5 1 8 11 4 9 12 17 18 10 15 6 21 22 14 0 23 16 19 24 20
38 1 7 2 13 3 5 1 8 11 4 9 12 17 18 10 0 6 21 22 14 15 23 16 19 24 20
37 1 7 2 13 3 5 1 8 11 4 9 12 17 18 0 10 6 21 22 14 15 23 16 19 24 20
36 1 7 2 13 3 5 1 8 11 4 9 12 17 0 18 10 6 21 22 14 15 23 16 19 24 20
35 1 7 2 13 3 5 1 8 0 4 9 12 17 11 18 10 6 21 22 14 15 23 16 19 24 20
34 1 7 2 0 3 5 1 8 13 4 9 12 17 11 18 10 6 21 22 14 15 23 16 19 24 20
33 1 7 0 2 3 5 1 8 13 4 9 12 17 11 18 10 6 21 22 14 15 23 16 19 24 20
32 1 0 7 2 3 5 1 8 13 4 9 12 17 11 18 10 6 21 22 14 15 23 16 19 24 20
31 1 1 7 2 3 5 0 8 13 4 9 12 17 11 18 10 6 21 22 14 15 23 16 19 24 20
30 1 1 7 2 3 5 12 8 13 4 9 0 17 11 18 10 6 21 22 14 15 23 16 19 24 20
82 1 1 7 9 8 4 22 6 11 5 20 14 12 24 10 17 2 0 23 16 19 13 3 18 15 21
81 1 1 7 9 8 4 22 6 11 5 20 14 12 24 10 17 2 3 23 16 19 13 0 18 15 21
80 1 1 7 9 8 4 22 6 11 5 20 14 12 24 10 17 2 3 23 16 19 13 18 0 15 21
79 1 1 7 9 8 4 22 6 11 5 20 14 12 24 10 17 2 3 0 16 19 13 18 23 15 21
78 1 1 7 9 8 4 22 6 11 5 20 14 12 0 10 17 2 3 24 16 19 13 18 23 15 21
77 1 1 7 9 8 4 22 6 11 5 20 14 0 12 10 17 2 3 24 16 19 13 18 23 15 21
76 1 1 7 9 8 4 22 6 11 5 20 14 3 12 10 17 2 0 24 16 19 13 18 23 15 21
75 1 1 7 9 8 4 22 6 11 5 20 14 3 12 10 17 0 2 24 16 19 13 18 23 15 21
74 1 1 7 9 8 4 22 6 11 5 20 0 3 12 10 17 14 2 24 16 19 13 18 23 15 21
73 1 1 7 9 8 4 0 6 11 5 20 22 3 12 10 17 14 2 24 16 19 13 18 23 15 21
72 1 1 7 9 8 4 6 0 11 5 20 22 3 12 10 17 14 2 24 16 19 13 18 23 15 21
71 1 1 7 9 8 4 6 3 11 5 20 22 0 12 10 17 14 2 24 16 19 13 18 23 15 21
70 1 1 7 9 8 4 6 3 11 5 20 22 2 12 10 17 14 0 24 16 19 13 18 23 15 21
69 1 1 7 9 8 4 6 3 11 5 20 22 2 12 10 17 14 18 24 16 19 13 0 23 15 21
68 1 1 7 9 8 4 6 3 11 5 20 22 2 12 10 17 14 18 24 16 19 13 23 0 15 21
67 1 1 7 9 8 4 6 3 11 5 20 22 2 12 10 17 14 18 24 16 19 13 23 15 0 21
66 1 1 7 9 8 4 6 3 11 5 20 22 2 12 10 17 14 18 24 0 19 13 23 15 16 21
65 1 1 7 9 8 4 6 3 11 5 20 22 2 12 0 17 14 18 24 10 19 13 23 15 16 21
64 1 1 7 9 8 4 6 3 11 5 20 22 2 12 17 0 14 18 24 10 19 13 23 15 16 21
63 1 1 7 9 8 4 6 3 11 5 0 22 2 12 17 20 14 18 24 10 19 13 23 15 16 21
62 1 1 7 9 8 4 6 3 11 0 5 22 2 12 17 20 14 18 24 10 19 13 23 15 16 21
61 1 1 7 9 0 4 6 3 11 8 5 22 2 12 17 20 14 18 24 10 19 13 23 15 16 21
60 1 1 7 0 9 4 6 3 11 8 5 22 2 12 17 20 14 18 24 10 19 13 23 15 16 21
59 1 1 0 7 9 4 6 3 11 8 5 22 2 12 17 20 14 18 24 10 19 13 23 15 16 21
58 1 1 3 7 9 4 6 0 11 8 5 22 2 12 17 20 14 18 24 10 19 13 23 15 16 21
57 1 1 3 7 9 4 6 2 11 8 5 22 0 12 17 20 14 18 24 10 19 13 23 15 16 21
56 1 1 3 7 9 4 6 2 11 8 5 22 12 0 17 20 14 18 24 10 19 13 23 15 16 21
55 1 1 3 7 9 4 6 2 0 8 5 22 12 11 17 20 14 18 24 10 19 13 23 15 16 21
54 1 1 3 0 9 4 6 2 7 8 5 22 12 11 17 20 14 18 24 10 19 13 23 15 16 21
53 1 1 0 3 9 4 6 2 7 8 5 22 12 11 17 20 14 18 24 10 19 13 23 15 16 21
52 1 1 2 3 9 4 6 0 7 8 5 22 12 11 17 20 14 18 24 10 19 13 23 15 16 21
51 1 1 2 3 9 4 6 12 7 8 5 22 0 11 17 20 14 18 24 10 19 13 23 15 16 21
50 1 1 2 3 9 4 6 12 7 8 5 22 11 0 17 20 14 18 24 10 19 13 23 15 16 21
49 1 1 2 3 9 4 6 12 7 8 5 22 11 17 0 20 14 18 24 10 19 13 23 15 16 21
48 1 1 2 3 9 4 6 12 7 8 5 22 11 17 10 20 14 18 24 0 19 13 23 15 16 21
47 1 1 2 3 9 4 6 12 7 8 5 22 11 17 10 20 14 18 0 24 19 13 23 15 16 21
46 1 1 2 3 9 4 6 12 7 8 5 22 11 17 10 20 14 18 15 24 19 13 23 0 16 21
45 1 1 2 3 9 4 6 12 7 8 5 22 11 17 10 20 14 18 15 24 19 13 23 16 0 21
44 1 1 2 3 9 4 6 12 7 8 5 22 11 17 10 20 14 18 15 24 19 13 23 16 21 0
43 1 1 2 3 9 4 6 12 7 8 5 22 11 17 10 20 14 18 15 24 0 13 23 16 21 19
42 1 1 2 3 9 4 6 12 7 8 5 22 11 17 10 20 14 18 15 0 24 13 23 16 21 19
41 1 1 2 3 9 4 6 12 7 8 5 22 11 17 10 20 14 18 0 15 24 13 23 16 21 19
40 1 1 2 3 9 4 6 12 7 8 5 22 11 17 10 20 14 0 18 15 24 13 23 16 21 19
39 1 1 2 3 9 4 6 12 7 8 5 22 11 17 10 20 14 23 18 15 24 13 0 16 21 19
38 1 1 2 3 9 4 6 12 7 8 5 22 11 17 10 20 14 23 18 15 24 13 16 0 21 19
37 1 1 2 3 9 4 6 12 7 8 5 22 11 17 10 20 14 23 18 15 24 13 16 21 0 19
36 1 1 2 3 9 4 6 12 7 8 5 22 11 17 10 20 14 23 18 15 24 13 16 21 19 0
35 1 1 2 3 9 4 6 12 7 8 5 22 11 17 10 20 14 23 18 15 0 13 16 21 19 24
34 1 1 2 3 9 4 6 12 7 8 5 22 11 17 10 0 14 23 18 15 20 13 16 21 19 24
33 1 1 2 3 9 4 6 12 7 8 5 22 11 17 0 10 14 23 18 15 20 13 16 21 19 24
32 1 1 2 3 9 4 6 12 7 8 5 22 11 17 15 10 14 23 18 0 20 13 16 21 19 24
31 1 1 2 3 9 4 6 12 7 8 5 22 11 17 15 10 14 23 0 18 20 13 16 21 19 24
30 1 1 2 3 9 4 6 12 7 8 5 22 11 17 15 10 14 0 23 18 20 13 16 21 19 24
76 1 4 3 21 5 10 23 13 8 15 20 2 11 16 22 18 6 0 14 7 9 1 12 17 19 24
75 1 4 3 21 5 10 23 13 8 15 20 2 0 16 22 18 6 11 14 7 9 1 12 17 19 24
74 1 4 3 21 5 10 23 13 8 15 20 2 16 0 22 18 6 11 14 7 9 1 12 17 19 24
73 1 4 3 21 5 10 23 13 8 15 20 2 16 22 0 18 6 11 14 7 9 1 12 17 19 24
72 1 4 3 21 5 10 23 13 8 15 20 2 16 22 7 18 6 11 14 0 9 1 12 17 19 24
71 1 4 3 21 5 10 23 13 8 15 20 2 16 22 7 18 6 11 14 9 0 1 12 17 19 24
70 1 4 3 21 5 10 23 13 8 15 20 2 16 22 7 0 6 11 14 9 18 1 12 17 19 24
69 1 4 3 21 5 10 23 13 8 15 0 2 16 22 7 20 6 11 14 9 18 1 12 17 19 24
68 1 4 3 21 5 10 23 13 8 0 15 2 16 22 7 20 6 11 14 9 18 1 12 17 19 24
67 1 4 3 21 5 10 23 13 0 8 15 2 16 22 7 20 6 11 14 9 18 1 12 17 19 24
66 1 4 3 0 5 10 23 13 21 8 15 2 16 22 7 20 6 11 14 9 18 1 12 17 19 24
65 1 4 0 3 5 10 23 13 21 8 15 2 16 22 7 20 6 11 14 9 18 1 12 17 19 24
64 1 4 13 3 5 10 23 0 21 8 15 2 16 22 7 20 6 11 14 9 18 1 12 17 19 24
63 1 4 13 3 5 10 0 23 21 8 15 2 16 22 7 20 6 11 14 9 18 1 12 17 19 24
62 1 4 13 3 5 10 2 23 21 8 15 0 16 22 7 20 6 11 14 9 18 1 12 17 19 24
61 1 4 13 3 5 10 2 23 21 8 15 6 16 22 7 20 0 11 14 9 18 1 12 17 19 24
60 1 4 13 3 5 10 2 23 21 8 15 6 16 22 7 20 1 11 14 9 18 0 12 17 19 24
59 1 4 13 3 5 10 2 23 21 8 15 6 16 22 7 20 1 11 14 9 18 12 0 17 19 24
58 1 4 13 3 5 10 2 23 21 8 15 6 16 22 7 20 1 0 14 9 18 12 11 17 19 24
57 1 4 13 3 5 10 2 23 21 8 15 6 0 22 7 20 1 16 14 9 18 12 11 17 19 24
56 1 4 13 3 5 10 2 0 21 8 15 6 23 22 7 20 1 16 14 9 18 12 11 17 19 24
55 1 4 13 3 5 10 2 21 0 8 15 6 23 22 7 20 1 16 14 9 18 12 11 17 19 24
54 1 4 13 0 5 10 2 21 3 8 15 6 23 22 7 20 1 16 14 9 18 12 11 17 19 24
53 1 4 0 13 5 10 2 21 3 8 15 6 23 22 7 20 1 16 14 9 18 12 11 17 19 24
52 1 0 4 13 5 10 2 21 3 8 15 6 23 22 7 20 1 16 14 9 18 12 11 17 19 24
51 1 2 4 13 5 10 0 21 3 8 15 6 23 22 7 20 1 16 14 9 18 12 11 17 19 24
50 1 2 4 13 5 10 6 21 3 8 15 0 23 22 7 20 1 16 14 9 18 12 11 17 19 24
49 1 2 4 13 5 10 6 21 3 8 15 1 23 22 7 20 0 16 14 9 18 12 11 17 19 24
48 1 2 4 13 5 10 6 21 3 8 15 1 23 22 7 20 12 16 14 9 18 0 11 17 19 24
47 1 2 4 13 5 10 6 21 3 8 15 1 23 22 7 20 12 16 14 9 18 11 0 17 19 24
46 1 2 4 13 5 10 6 21 3 8 15 1 23 22 7 20 12 0 14 9 18 11 16 17 19 24
45 1 2 4 13 5 10 6 21 3 8 15 1 0 22 7 20 12 23 14 9 18 11 16 17 19 24
44 1 2 4 13 5 10 6 0 3 8 15 1 21 22 7 20 12 23 14 9 18 11 16 17 19 24
43 1 2 4 13 5 10 6 3 0 8 15 1 21 22 7 20 12 23 14 9 18 11 16 17 19 24
42 1 2 4 0 5 10 6 3 13 8 15 1 21 22 7 20 12 23 14 9 18 11 16 17 19 24
41 1 2 0 4 5 10 6 3 13 8 15 1 21 22 7 20 12 23 14 9 18 11 16 17 19 24
40 1 2 3 4 5 10 6 0 13 8 15 1 21 22 7 20 12 23 14 9 18 11 16 17 19 24
39 1 2 3 4 5 10 0 6 13 8 15 1 21 22 7 20 12 23 14 9 18 11 16 17 19 24
38 1 2 3 4 5 10 1 6 13 8 15 0 21 22 7 20 12 23 14 9 18 11 16 17 19 24
37 1 2 3 4 5 10 1 6 13 8 15 12 21 22 7 20 0 23 14 9 18 11 16 17 19 24
36 1 2 3 4 5 10 1 6 13 8 15 12 21 22 7 20 11 23 14 9 18 0 16 17 19 24
35 1 2 3 4 5 10 1 6 13 8 15 12 21 22 7 20 11 23 14 9 18 16 0 17 19 24
34 1 2 3 4 5 10 1 6 13 8 15 12 21 22 7 20 11 0 14 9 18 16 23 17 19 24
33 1 2 3 4 5 10 1 6 13 8 15 12 0 22 7 20 11 21 14 9 18 16 23 17 19 24
32 1 2 3 4 5 10 1 6 13 8 15 12 22 0 7 20 11 21 14 9 18 16 23 17 19 24
31 1 2 3 4 5 10 1 6 13 8 15 12 22 7 0 20 11 21 14 9 18 16 23 17 19 24
30 1 2 3 4 5 10 1 6 13 8 15 12 22 7 9 20 11 21 14 0 18 16 23 17 19 24
88 1 2 21 8 6 4 17 11 13 1 10 24 5 20 15 3 23 12 16 18 7 0 19 9 22 14
87 1 2 21 8 6 4 17 11 13 1 10 24 5 20 15 3 0 12 16 18 7 23 19 9 22 14
86 1 2 21 8 6 4 17 11 13 1 10 24 5 20 15 3 12 0 16 18 7 23 19 9 22 14
85 1 2 21 8 6 4 17 11 13 1 10 24 5 20 15 3 12 16 0 18 7 23 19 9 22 14
84 1 2 21 8 6 4 17 11 13 1 10 24 5 0 15 3 12 16 20 18 7 23 19 9 22 14
83 1 2 21 8 6 4 17 11 13 1 10 24 0 5 15 3 12 16 20 18 7 23 19 9 22 14
82 1 2 21 8 6 4 17 11 13 1 10 0 24 5 15 3 12 16 20 18 7 23 19 9 22 14
81 1 2 21 8 6 4 0 11 13 1 10 17 24 5 15 3 12 16 20 18 7 23 19 9 22 14
80 1 2 21 8 6 4 11 0 13 1 10 17 24 5 15 3 12 16 20 18 7 23 19 9 22 14
79 1 2 21 8 6 4 11 13 0 1 10 17 24 5 15 3 12 16 20 18 7 23 19 9 22 14
78 1 2 21 0 6 4 11 13 8 1 10 17 24 5 15 3 12 16 20 18 7 23 19 9 22 14
77 1 2 21 6 0 4 11 13 8 1 10 17 24 5 15 3 12 16 20 18 7 23 19 9 22 14
76 1 2 21 6 4 0 11 13 8 1 10 17 24 5 15 3 12 16 20 18 7 23 19 9 22 14
75 1 2 21 6 4 10 11 13 8 1 0 17 24 5 15 3 12 16 20 18 7 23 19 9 22 14
74 1 2 21 6 4 10 11 13 8 1 3 17 24 5 15 0 12 16 20 18 7 23 19 9 22 14
73 1 2 21 6 4 10 11 13 8 1 3 17 24 5 15 7 12 16 20 18 0 23 19 9 22 14
72 1 2 21 6 4 10 11 13 8 1 3 17 24 5 15 7 12 16 20 0 18 23 19 9 22 14
71 1 2 21 6 4 10 11 13 8 1 3 17 24 5 15 7 12 16 0 20 18 23 19 9 22 14
70 1 2 21 6 4 10 11 13 8 1 3 17 24 5 15 7 12 16 9 20 18 23 19 0 22 14
69 1 2 21 6 4 10 11 13 8 1 3 17 24 5 15 7 12 16 9 20 18 23 19 22 0 14
68 1 2 21 6 4 10 11 13 8 1 3 17 24 5 15 7 12 16 9 0 18 23 19 22 20 14
67 1 2 21 6 4 10 11 13 8 1 3 17 24 5 15 7 12 16 9 18 0 23 19 22 20 14
66 1 2 21 6 4 10 11 13 8 1 3 17 24 5 15 7 12 16 9 18 14 23 19 22 20 0
65 1 2 21 6 4 10 11 13 8 1 3 17 24 5 15 7 12 16 9 18 14 23 19 22 0 20
64 1 2 21 6 4 10 11 13 8 1 3 17 24 5 15 7 12 16 9 0 14 23 19 22 18 20
63 1 2 21 6 4 10 11 13 8 1 3 17 24 5 0 7 12 16 9 15 14 23 19 22 18 20
62 1 2 21 6 4 10 11 13 8 1 3 17 24 0 5 7 12 16 9 15 14 23 19 22 18 20
61 1 2 21 6 4 10 11 13 0 1 3 17 24 8 5 7 12 16 9 15 14 23 19 22 18 20
60 1 2 21 6 4 10 11 13 1 0 3 17 24 8 5 7 12 16 9 15 14 23 19 22 18 20
59 1 2 21 6 4 10 11 13 1 5 3 17 24 8 0 7 12 16 9 15 14 23 19 22 18 20
58 1 2 21 6 4 10 11 13 1 5 3 17 24 0 8 7 12 16 9 15 14 23 19 22 18 20
57 1 2 21 6 4 10 11 13 1 5 3 17 0 24 8 7 12 16 9 15 14 23 19 22 18 20
56 1 2 21 6 4 10 11 0 1 5 3 17 13 24 8 7 12 16 9 15 14 23 19 22 18 20
55 1 2 0 6 4 10 11 21 1 5 3 17 13 24 8 7 12 16 9 15 14 23 19 22 18 20
54 1 2 6 0 4 10 11 21 1 5 3 17 13 24 8 7 12 16 9 15 14 23 19 22 18 20
53 1 2 6 4 0 10 11 21 1 5 3 17 13 24 8 7 12 16 9 15 14 23 19 22 18 20
52 1 2 6 4 5 10 11 21 1 0 3 17 13 24 8 7 12 16 9 15 14 23 19 22 18 20
51 1 2 6 4 5 10 11 21 1 3 0 17 13 24 8 7 12 16 9 15 14 23 19 22 18 20
50 1 2 6 4 5 10 11 21 1 3 7 17 13 24 8 0 12 16 9 15 14 23 19 22 18 20
49 1 2 6 4 5 10 11 21 1 3 7 17 13 24 8 14 12 16 9 15 0 23 19 22 18 20
48 1 2 6 4 5 10 11 21 1 3 7 17 13 24 8 14 12 16 9 0 15 23 19 22 18 20
47 1 2 6 4 5 10 11 21 1 3 7 17 13 24 8 14 12 16 0 9 15 23 19 22 18 20
46 1 2 6 4 5 10 11 21 1 3 7 17 13 0 8 14 12 16 24 9 15 23 19 22 18 20
45 1 2 6 4 5 10 11 21 1 3 7 17 0 13 8 14 12 16 24 9 15 23 19 22 18 20
44 1 2 6 4 5 10 11 0 1 3 7 17 21 13 8 14 12 16 24 9 15 23 19 22 18 20
43 1 2 6 4 5 10 11 1 0 3 7 17 21 13 8 14 12 16 24 9 15 23 19 22 18 20
42 1 2 6 4 5 10 11 1 3 0 7 17 21 13 8 14 12 16 24 9 15 23 19 22 18 20
41 1 2 6 4 5 10 11 1 3 7 0 17 21 13 8 14 12 16 24 9 15 23 19 22 18 20
40 1 2 6 4 5 0 11 1 3 7 10 17 21 13 8 14 12 16 24 9 15 23 19 22 18 20
39 1 2 6 4 0 5 11 1 3 7 10 17 21 13 8 14 12 16 24 9 15 23 19 22 18 20
38 1 2 6 0 4 5 11 1 3 7 10 17 21 13 8 14 12 16 24 9 15 23 19 22 18 20
37 1 2 6 3 4 5 11 1 0 7 10 17 21 13 8 14 12 16 24 9 15 23 19 22 18 20
36 1 2 6 3 4 5 11 1 7 0 10 17 21 13 8 14 12 16 24 9 15 23 19 22 18 20
35 1 2 6 3 4 5 11 1 7 8 10 17 21 13 0 14 12 16 24 9 15 23 19 22 18 20
34 1 2 6 3 4 5 11 1 7 8 10 17 21 13 9 14 12 16 24 0 15 23 19 22 18 20
33 1 2 6 3 4 5 11 1 7 8 10 17 21 13 9 14 12 16 0 24 15 23 19 22 18 20
32 1 2 6 3 4 5 11 1 7 8 10 17 21 13 9 14 12 16 22 24 15 23 19 0 18 20
31 1 2 6 3 4 5 11 1 7 8 10 17 21 13 9 14 12 16 22 24 15 23 0 19 18 20
30 1 2 6 3 4 5 11 1 7 8 10 17 21 13 9 14 12 0 22 24 15 23 16 19 18 20
74 1 7 13 5 8 4 3 9 20 10 1 11 23 6 15 14 22 16 17 12 24 0 2 21 18 19
73 1 7 13 5 8 4 3 9 20 10 1 11 23 6 15 14 0 16 17 12 24 22 2 21 18 19
72 1 7 13 5 8 4 3 9 20 10 1 11 23 6 15 14 16 0 17 12 24 22 2 21 18 19
71 1 7 13 5 8 4 3 9 20 10 1 11 0 6 15 14 16 23 17 12 24 22 2 21 18 19
70 1 7 13 5 8 4 3 9 20 10 1 11 6 0 15 14 16 23 17 12 24 22 2 21 18 19
69 1 7 13 5 8 4 3 9 0 10 1 11 6 20 15 14 16 23 17 12 24 22 2 21 18 19
68 1 7 13 0 8 4 3 9 5 10 1 11 6 20 15 14 16 23 17 12 24 22 2 21 18 19
67 1 7 13 8 0 4 3 9 5 10 1 11 6 20 15 14 16 23 17 12 24 22 2 21 18 19
66 1 7 13 8 10 4 3 9 5 0 1 11 6 20 15 14 16 23 17 12 24 22 2 21 18 19
65 1 7 13 8 10 4 3 9 5 1 0 11 6 20 15 14 16 23 17 12 24 22 2 21 18 19
64 1 7 13 8 10 4 3 9 5 1 14 11 6 20 15 0 16 23 17 12 24 22 2 21 18 19
63 1 7 13 8 10 4 3 9 5 1 14 11 6 20 0 15 16 23 17 12 24 22 2 21 18 19
62 1 7 13 8 10 4 3 9 5 0 14 11 6 20 1 15 16 23 17 12 24 22 2 21 18 19
61 1 7 13 8 10 4 3 9 0 5 14 11 6 20 1 15 16 23 17 12 24 22 2 21 18 19
60 1 7 13 8 10 4 3 9 20 5 14 11 6 0 1 15 16 23 17 12 24 22 2 21 18 19
59 1 7 13 8 10 4 3 9 20 5 14 11 6 17 1 15 16 23 0 12 24 22 2 21 18 19
58 1 7 13 8 10 4 3 9 20 5 14 11 6 17 1 15 16 0 23 12 24 22 2 21 18 19
57 1 7 13 8 10 4 3 9 20 5 14 11 6 17 1 15 16 2 23 12 24 22 0 21 18 19
56 1 7 13 8 10 4 3 9 20 5 14 11 6 17 1 15 16 2 23 12 24 0 22 21 18 19
55 1 7 13 8 10 4 3 9 20 5 14 11 6 17 1 15 0 2 23 12 24 16 22 21 18 19
54 1 7 13 8 10 4 3 9 20 5 14 0 6 17 1 15 11 2 23 12 24 16 22 21 18 19
53 1 7 13 8 10 4 3 9 20 5 14 6 0 17 1 15 11 2 23 12 24 16 22 21 18 19
52 1 7 13 8 10 4 3 9 20 5 14 6 2 17 1 15 11 0 23 12 24 16 22 21 18 19
51 1 7 13 8 10 4 3 9 20 5 14 6 2 17 1 15 11 22 23 12 24 16 0 21 18 19
50 1 7 13 8 10 4 3 9 20 5 14 6 2 17 1 15 11 22 23 12 24 16 21 0 18 19
49 1 7 13 8 10 4 3 9 20 5 14 6 2 17 1 15 11 22 0 12 24 16 21 23 18 19
48 1 7 13 8 10 4 3 9 20 5 14 6 2 0 1 15 11 22 17 12 24 16 21 23 18 19
47 1 7 13 8 10 4 3 9 20 5 14 6 2 1 0 15 11 22 17 12 24 16 21 23 18 19
46 1 7 13 8 10 4 3 9 20 5 14 6 2 1 12 15 11 22 17 0 24 16 21 23 18 19
45 1 7 13 8 10 4 3 9 20 5 14 6 2 1 12 15 11 22 17 18 24 16 21 23 0 19
44 1 7 13 8 10 4 3 9 20 5 14 6 2 1 12 15 11 22 17 18 24 16 21 23 19 0
43 1 7 13 8 10 4 3 9 20 5 14 6 2 1 12 15 11 22 17 18 0 16 21 23 19 24
42 1 7 13 8 10 4 3 9 20 5 14 6 2 1 12 0 11 22 17 18 15 16 21 23 19 24
41 1 7 13 8 10 4 3 9 20 5 0 6 2 1 12 14 11 22 17 18 15 16 21 23 19 24
40 1 7 13 8 10 4 3 9 20 0 5 6 2 1 12 14 11 22 17 18 15 16 21 23 19 24
39 1 7 13 8 10 4 3 9 0 20 5 6 2 1 12 14 11 22 17 18 15 16 21 23 19 24
38 1 7 13 8 10 4 3 9 1 20 5 6 2 0 12 14 11 22 17 18 15 16 21 23 19 24
37 1 7 13 8 10 4 3 9 1 20 5 6 2 12 0 14 11 22 17 18 15 16 21 23 19 24
36 1 7 13 8 10 4 3 9 1 0 5 6 2 12 20 14 11 22 17 18 15 16 21 23 19 24
35 1 7 13 8 0 4 3 9 1 10 5 6 2 12 20 14 11 22 17 18 15 16 21 23 19 24
34 1 7 13 0 8 4 3 9 1 10 5 6 2 12 20 14 11 22 17 18 15 16 21 23 19 24
33 1 7 13 1 8 4 3 9 0 10 5 6 2 12 20 14 11 22 17 18 15 16 21 23 19 24
32 1 7 13 1 8 4 3 0 9 10 5 6 2 12 20 14 11 22 17 18 15 16 21 23 19 24
31 1 7 0 1 8 4 3 13 9 10 5 6 2 12 20 14 11 22 17 18 15 16 21 23 19 24
30 1 7 1 0 8 4 3 13 9 10 5 6 2 12 20 14 11 22 17 18 15 16 21 23 19 24
84 1 2 6 9 10 11 16 17 14 5 19 22 1 0 12 20 24 23 15 8 18 3 7 4 21 13
83 1 2 6 9 10 11 16 17 14 5 19 22 1 15 12 20 24 23 0 8 18 3 7 4 21 13
82 1 2 6 9 10 11 16 17 14 5 19 22 1 15 12 20 24 23 4 8 18 3 7 0 21 13
81 1 2 6 9 10 11 16 17 14 5 19 22 1 15 12 20 24 23 4 8 18 3 7 21 0 13
80 1 2 6 9 10 11 16 17 14 5 19 22 1 15 12 20 24 23 4 8 18 3 7 21 13 0
79 1 2 6 9 10 11 16 17 14 5 19 22 1 15 12 20 24 23 4 8 0 3 7 21 13 18
78 1 2 6 9 10 11 16 17 14 5 19 22 1 15 12 0 24 23 4 8 20 3 7 21 13 18
77 1 2 6 9 10 11 16 17 14 5 0 22 1 15 12 19 24 23 4 8 20 3 7 21 13 18
76 1 2 6 9 10 0 16 17 14 5 11 22 1 15 12 19 24 23 4 8 20 3 7 21 13 18
75 1 2 6 9 0 10 16 17 14 5 11 22 1 15 12 19 24 23 4 8 20 3 7 21 13 18
74 1 2 6 9 5 10 16 17 14 0 11 22 1 15 12 19 24 23 4 8 20 3 7 21 13 18
73 1 2 6 9 5 10 16 17 14 12 11 22 1 15 0 19 24 23 4 8 20 3 7 21 13 18
72 1 2 6 9 5 10 16 17 14 12 11 22 1 0 15 19 24 23 4 8 20 3 7 21 13 18
71 1 2 6 9 5 10 16 17 14 12 11 22 1 4 15 19 24 23 0 8 20 3 7 21 13 18
70 1 2 6 9 5 10 16 17 14 12 11 22 1 4 15 19 24 0 23 8 20 3 7 21 13 18
69 1 2 6 9 5 10 16 17 14 12 11 22 1 4 15 19 24 7 23 8 20 3 0 21 13 18
68 1 2 6 9 5 10 16 17 14 12 11 22 1 4 15 19 24 7 23 8 20 3 21 0 13 18
67 1 2 6 9 5 10 16 17 14 12 11 22 1 4 15 19 24 7 23 8 20 3 21 13 0 18
66 1 2 6 9 5 10 16 17 14 12 11 22 1 4 15 19 24 7 23 8 20 3 21 13 18 0
65 1 2 6 9 5 10 16 17 14 12 11 22 1 4 15 19 24 7 23 8 0 3 21 13 18 20
64 1 2 6 9 5 10 16 17 14 12 11 22 1 4 15 0 24 7 23 8 19 3 21 13 18 20
63 1 2 6 9 5 10 16 17 14 12 11 22 1 4 0 15 24 7 23 8 19 3 21 13 18 20
62 1 2 6 9 5 10 16 17 14 0 11 22 1 4 12 15 24 7 23 8 19 3 21 13 18 20
61 1 2 6 9 5 10 16 17 0 14 11 22 1 4 12 15 24 7 23 8 19 3 21 13 18 20
60 1 2 6 9 5 10 16 17 4 14 11 22 1 0 12 15 24 7 23 8 19 3 21 13 18 20
59 1 2 6 9 5 10 16 17 4 14 11 22 1 12 0 15 24 7 23 8 19 3 21 13 18 20
58 1 2 6 9 5 10 16 17 4 0 11 22 1 12 14 15 24 7 23 8 19 3 21 13 18 20
57 1 2 6 9 5 10 16 17 4 11 0 22 1 12 14 15 24 7 23 8 19 3 21 13 18 20
56 1 2 6 9 5 0 16 17 4 11 10 22 1 12 14 15 24 7 23 8 19 3 21 13 18 20
55 1 2 6 9 0 5 16 17 4 11 10 22 1 12 14 15 24 7 23 8 19 3 21 13 18 20
54 1 2 6 0 9 5 16 17 4 11 10 22 1 12 14 15 24 7 23 8 19 3 21 13 18 20
53 1 2 6 4 9 5 16 17 0 11 10 22 1 12 14 15 24 7 23 8 19 3 21 13 18 20
52 1 2 6 4 9 5 16 17 11 0 10 22 1 12 14 15 24 7 23 8 19 3 21 13 18 20
51 1 2 6 4 9 5 16 17 11 14 10 22 1 12 0 15 24 7 23 8 19 3 21 13 18 20
50 1 2 6 4 9 5 16 17 11 14 10 22 1 12 8 15 24 7 23 0 19 3 21 13 18 20
49 1 2 6 4 9 5 16 17 11 14 10 22 1 12 8 15 24 7 0 23 19 3 21 13 18 20
48 1 2 6 4 9 5 16 17 11 14 10 22 1 12 8 15 24 0 7 23 19 3 21 13 18 20
47 1 2 6 4 9 5 16 17 11 14 10 22 1 12 8 15 0 24 7 23 19 3 21 13 18 20
46 1 2 6 4 9 5 16 17 11 14 10 22 1 12 8 15 3 24 7 23 19 0 21 13 18 20
45 1 2 6 4 9 5 16 17 11 14 10 22 1 12 8 15 3 24 7 23 19 21 0 13 18 20
44 1 2 6 4 9 5 16 17 11 14 10 22 1 12 8 15 3 0 7 23 19 21 24 13 18 20
43 1 2 6 4 9 5 16 17 11 14 10 22 1 12 8 15 0 3 7 23 19 21 24 13 18 20
42 1 2 6 4 9 5 16 17 11 14 10 0 1 12 8 15 22 3 7 23 19 21 24 13 18 20
41 1 2 6 4 9 5 0 17 11 14 10 16 1 12 8 15 22 3 7 23 19 21 24 13 18 20
40 1 2 6 4 9 5 17 0 11 14 10 16 1 12 8 15 22 3 7 23 19 21 24 13 18 20
39 1 2 6 4 9 5 17 11 0 14 10 16 1 12 8 15 22 3 7 23 19 21 24 13 18 20
38 1 2 6 4 9 5 17 11 12 14 10 16 1 0 8 15 22 3 7 23 19 21 24 13 18 20
37 1 2 6 4 9 5 17 11 12 14 10 16 1 7 8 15 22 3 0 23 19 21 24 13 18 20
36 1 2 6 4 9 5 17 11 12 14 10 16 1 7 8 15 22 0 3 23 19 21 24 13 18 20
35 1 2 6 4 9 5 17 11 12 14 10 16 1 7 8 15 0 22 3 23 19 21 24 13 18 20
34 1 2 6 4 9 5 17 11 12 14 10 0 1 7 8 15 16 22 3 23 19 21 24 13 18 20
33 1 2 6 4 9 5 0 11 12 14 10 17 1 7 8 15 16 22 3 23 19 21 24 13 18 20
32 1 2 6 4 9 5 11 0 12 14 10 17 1 7 8 15 16 22 3 23 19 21 24 13 18 20
31 1 2 6 4 9 5 11 1 12 14 10 17 0 7 8 15 16 22 3 23 19 21 24 13 18 20
30 1 2 6 4 9 5 11 1 12 14 10 0 17 7 8 15 16 22 3 23 19 21 24 13 18 20
68 1 7 14 0 3 4 2 16 20 6 19 1 9 24 12 8 11 18 5 10 23 21 17 13 22 15
67 1 7 14 20 3 4 2 16 0 6 19 1 9 24 12 8 11 18 5 10 23 21 17 13 22 15
66 1 7 14 20 3 4 2 16 6 0 19 1 9 24 12 8 11 18 5 10 23 21 17 13 22 15
65 1 7 14 20 3 4 2 16 6 12 19 1 9 24 0 8 11 18 5 10 23 21 17 13 22 15
64 1 7 14 20 3 4 2 16 6 12 19 1 9 24 10 8 11 18 5 0 23 21 17 13 22 15
63 1 7 14 20 3 4 2 16 6 12 19 1 9 24 10 8 11 18 0 5 23 21 17 13 22 15
62 1 7 14 20 3 4 2 16 6 12 19 1 9 0 10 8 11 18 24 5 23 21 17 13 22 15
61 1 7 14 20 3 4 2 16 6 12 19 1 0 9 10 8 11 18 24 5 23 21 17 13 22 15
60 1 7 14 20 3 4 2 0 6 12 19 1 16 9 10 8 11 18 24 5 23 21 17 13 22 15
59 1 7 14 20 3 4 2 6 0 12 19 1 16 9 10 8 11 18 24 5 23 21 17 13 22 15
58 1 7 14 20 3 4 2 6 12 0 19 1 16 9 10 8 11 18 24 5 23 21 17 13 22 15
57 1 7 14 20 3 4 2 6 12 10 19 1 16 9 0 8 11 18 24 5 23 21 17 13 22 15
56 1 7 14 20 3 4 2 6 12 10 19 1 16 9 5 8 11 18 24 0 23 21 17 13 22 15
55 1 7 14 20 3 4 2 6 12 10 19 1 16 9 5 8 11 18 0 24 23 21 17 13 22 15
54 1 7 14 20 3 4 2 6 12 10 19 1 16 9 5 8 11 0 18 24 23 21 17 13 22 15
53 1 7 14 20 3 4 2 6 12 10 19 1 0 9 5 8 11 16 18 24 23 21 17 13 22 15
52 1 7 14 20 3 4 2 0 12 10 19 1 6 9 5 8 11 16 18 24 23 21 17 13 22 15
51 1 7 0 20 3 4 2 14 12 10 19 1 6 9 5 8 11 16 18 24 23 21 17 13 22 15
50 1 0 7 20 3 4 2 14 12 10 19 1 6 9 5 8 11 16 18 24 23 21 17 13 22 15
49 1 2 7 20 3 4 0 14 12 10 19 1 6 9 5 8 11 16 18 24 23 21 17 13 22 15
48 1 2 7 20 3 4 1 14 12 10 19 0 6 9 5 8 11 16 18 24 23 21 17 13 22 15
47 1 2 7 20 3 4 1 14 12 10 19 6 0 9 5 8 11 16 18 24 23 21 17 13 22 15
46 1 2 7 20 3 4 1 0 12 10 19 6 14 9 5 8 11 16 18 24 23 21 17 13 22 15
45 1 2 7 20 3 4 1 12 0 10 19 6 14 9 5 8 11 16 18 24 23 21 17 13 22 15
44 1 2 7 0 3 4 1 12 20 10 19 6 14 9 5 8 11 16 18 24 23 21 17 13 22 15
43 1 2 7 3 0 4 1 12 20 10 19 6 14 9 5 8 11 16 18 24 23 21 17 13 22 15
42 1 2 7 3 10 4 1 12 20 0 19 6 14 9 5 8 11 16 18 24 23 21 17 13 22 15
41 1 2 7 3 10 4 1 12 20 5 19 6 14 9 0 8 11 16 18 24 23 21 17 13 22 15
40 1 2 7 3 10 4 1 12 20 5 19 6 14 9 8 0 11 16 18 24 23 21 17 13 22 15
39 1 2 7 3 10 4 1 12 20 5 0 6 14 9 8 19 11 16 18 24 23 21 17 13 22 15
38 1 2 7 3 10 4 1 12 20 0 5 6 14 9 8 19 11 16 18 24 23 21 17 13 22 15
37 1 2 7 3 0 4 1 12 20 10 5 6 14 9 8 19 11 16 18 24 23 21 17 13 22 15
36 1 2 7 3 4 0 1 12 20 10 5 6 14 9 8 19 11 16 18 24 23 21 17 13 22 15
35 1 2 7 3 4 5 1 12 20 10 0 6 14 9 8 19 11 16 18 24 23 21 17 13 22 15
34 1 2 7 3 4 5 1 12 20 0 10 6 14 9 8 19 11 16 18 24 23 21 17 13 22 15
33 1 2 7 3 4 5 1 12 20 8 10 6 14 9 0 19 11 16 18 24 23 21 17 13 22 15
32 1 2 7 3 4 5 1 12 20 8 10 6 14 0 9 19 11 16 18 24 23 21 17 13 22 15
31 1 2 7 3 4 5 1 12 0 8 10 6 14 20 9 19 11 16 18 24 23 21 17 13 22 15
30 1 2 7 3 4 5 1 12 8 0 10 6 14 20 9 19 11 16 18 24 23 21 17 13 22 15
76 1 3 11 18 6 10 16 9 8 12 4 13 24 17 19 1 21 0 7 14 5 2 22 23 20 15
75 1 3 11 18 6 10 16 9 8 12 4 13 24 17 19 1 21 7 0 14 5 2 22 23 20 15
74 1 3 11 18 6 10 16 9 8 12 4 13 24 17 19 1 21 7 23 14 5 2 22 0 20 15
73 1 3 11 18 6 10 16 9 8 12 4 13 24 17 19 1 21 7 23 14 5 2 0 22 20 15
72 1 3 11 18 6 10 16 9 8 12 4 13 24 17 19 1 21 7 23 14 5 0 2 22 20 15
71 1 3 11 18 6 10 16 9 8 12 4 13 24 17 19 1 0 7 23 14 5 21 2 22 20 15
70 1 3 11 18 6 10 16 9 8 12 4 13 24 17 19 1 7 0 23 14 5 21 2 22 20 15
69 1 3 11 18 6 10 16 9 8 12 4 13 0 17 19 1 7 24 23 14 5 21 2 22 20 15
68 1 3 11 18 6 10 16 0 8 12 4 13 9 17 19 1 7 24 23 14 5 21 2 22 20 15
67 1 3 0 18 6 10 16 11 8 12 4 13 9 17 19 1 7 24 23 14 5 21 2 22 20 15
66 1 3 18 0 6 10 16 11 8 12 4 13 9 17 19 1 7 24 23 14 5 21 2 22 20 15
65 1 3 18 6 0 10 16 11 8 12 4 13 9 17 19 1 7 24 23 14 5 21 2 22 20 15
64 1 3 18 6 10 0 16 11 8 12 4 13 9 17 19 1 7 24 23 14 5 21 2 22 20 15
63 1 3 18 6 10 4 16 11 8 12 0 13 9 17 19 1 7 24 23 14 5 21 2 22 20 15
62 1 3 18 6 10 4 16 11 8 12 1 13 9 17 19 0 7 24 23 14 5 21 2 22 20 15
61 1 3 18 6 10 4 16 11 8 12 1 13 9 17 19 5 7 24 23 14 0 21 2 22 20 15
60 1 3 18 6 10 4 16 11 8 12 1 13 9 17 19 5 7 24 23 0 14 21 2 22 20 15
59 1 3 18 6 10 4 16 11 8 12 1 13 9 17 19 5 7 24 0 23 14 21 2 22 20 15
58 1 3 18 6 10 4 16 11 8 12 1 13 9 17 19 5 7 0 24 23 14 21 2 22 20 15
57 1 3 18 6 10 4 16 11 8 12 1 13 9 17 19 5 7 2 24 23 14 21 0 22 20 15
56 1 3 18 6 10 4 16 11 8 12 1 13 9 17 19 5 7 2 24 23 14 21 22 0 20 15
55 1 3 18 6 10 4 16 11 8 12 1 13 9 17 19 5 7 2 0 23 14 21 22 24 20 15
54 1 3 18 6 10 4 16 11 8 12 1 13 9 17 19 5 7 2 23 0 14 21 22 24 20 15
53 1 3 18 6 10 4 16 11 8 12 1 13 9 17 0 5 7 2 23 19 14 21 22 24 20 15
52 1 3 18 6 10 4 16 11 8 0 1 13 9 17 12 5 7 2 23 19 14 21 22 24 20 15
51 1 3 18 6 10 4 16 11 8 1 0 13 9 17 12 5 7 2 23 19 14 21 22 24 20 15
50 1 3 18 6 10 4 16 11 8 1 5 13 9 17 12 0 7 2 23 19 14 21 22 24 20 15
49 1 3 18 6 10 4 16 11 8 1 5 13 9 17 12 14 7 2 23 19 0 21 22 24 20 15
48 1 3 18 6 10 4 16 11 8 1 5 13 9 17 12 14 7 2 23 19 15 21 22 24 20 0
47 1 3 18 6 10 4 16 11 8 1 5 13 9 17 12 14 7 2 23 19 15 21 22 24 0 20
46 1 3 18 6 10 4 16 11 8 1 5 13 9 17 12 14 7 2 23 19 15 21 22 0 24 20
45 1 3 18 6 10 4 16 11 8 1 5 13 9 17 12 14 7 2 0 19 15 21 22 23 24 20
44 1 3 18 6 10 4 16 11 8 1 5 13 9 0 12 14 7 2 17 19 15 21 22 23 24 20
43 1 3 18 6 10 4 16 11 8 1 5 13 0 9 12 14 7 2 17 19 15 21 22 23 24 20
42 1 3 18 6 10 4 16 11 8 1 5 0 13 9 12 14 7 2 17 19 15 21 22 23 24 20
41 1 3 18 6 10 4 0 11 8 1 5 16 13 9 12 14 7 2 17 19 15 21 22 23 24 20
40 1 3 18 6 10 4 11 0 8 1 5 16 13 9 12 14 7 2 17 19 15 21 22 23 24 20
39 1 3 0 6 10 4 11 18 8 1 5 16 13 9 12 14 7 2 17 19 15 21 22 23 24 20
38 1 3 6 0 10 4 11 18 8 1 5 16 13 9 12 14 7 2 17 19 15 21 22 23 24 20
37 1 3 6 8 10 4 11 18 0 1 5 16 13 9 12 14 7 2 17 19 15 21 22 23 24 20
36 1 3 6 8 10 4 11 18 1 0 5 16 13 9 12 14 7 2 17 19 15 21 22 23 24 20
35 1 3 6 8 0 4 11 18 1 10 5 16 13 9 12 14 7 2 17 19 15 21 22 23 24 20
34 1 3 6 8 4 0 11 18 1 10 5 16 13 9 12 14 7 2 17 19 15 21 22 23 24 20
33 1 3 6 8 4 5 11 18 1 10 0 16 13 9 12 14 7 2 17 19 15 21 22 23 24 20
32 1 3 6 8 4 5 11 18 1 0 10 16 13 9 12 14 7 2 17 19 15 21 22 23 24 20
31 1 3 6 8 4 5 11 18 1 12 10 16 13 9 0 14 7 2 17 19 15 21 22 23 24 20
30 1 3 6 8 4 5 11 18 1 12 10 16 13 0 9 14 7 2 17 19 15 21 22 23 24 20
76 1 1 11 14 13 5 17 12 6 24 8 18 22 0 9 10 19 23 4 2 20 16 7 21 15 3
75 1 1 11 14 13 5 17 12 6 24 8 18 22 4 9 10 19 23 0 2 20 16 7 21 15 3
74 1 1 11 14 13 5 17 12 6 24 8 18 22 4 9 10 19 0 23 2 20 16 7 21 15 3
73 1 1 11 14 13 5 17 12 6 24 8 18 22 4 9 10 19 7 23 2 20 16 0 21 15 3
72 1 1 11 14 13 5 17 12 6 24 8 18 22 4 9 10 19 7 23 2 20 16 21 0 15 3
71 1 1 11 14 13 5 17 12 6 24 8 18 22 4 9 10 19 7 0 2 20 16 21 23 15 3
70 1 1 11 14 13 5 17 12 6 24 8 18 22 4 9 10 19 0 7 2 20 16 21 23 15 3
69 1 1 11 14 13 5 17 12 6 24 8 18 22 4 9 10 0 19 7 2 20 16 21 23 15 3
68 1 1 11 14 13 5 17 12 6 24 8 0 22 4 9 10 18 19 7 2 20 16 21 23 15 3
67 1 1 11 14 13 5 0 12 6 24 8 17 22 4 9 10 18 19 7 2 20 16 21 23 15 3
66 1 1 11 14 13 5 12 0 6 24 8 17 22 4 9 10 18 19 7 2 20 16 21 23 15 3
65 1 1 11 14 13 5 12 6 0 24 8 17 22 4 9 10 18 19 7 2 20 16 21 23 15 3
64 1 1 11 14 13 5 12 6 4 24 8 17 22 0 9 10 18 19 7 2 20 16 21 23 15 3
63 1 1 11 14 13 5 12 6 4 24 8 17 22 7 9 10 18 19 0 2 20 16 21 23 15 3
62 1 1 11 14 13 5 12 6 4 24 8 17 22 7 9 10 18 19 2 0 20 16 21 23 15 3
61 1 1 11 14 13 5 12 6 4 24 8 17 22 7 9 10 18 19 2 20 0 16 21 23 15 3
60 1 1 11 14 13 5 12 6 4 24 8 17 22 7 9 10 18 19 2 20 3 16 21 23 15 0
59 1 1 11 14 13 5 12 6 4 24 8 17 22 7 9 10 18 19 2 20 3 16 21 23 0 15
58 1 1 11 14 13 5 12 6 4 24 8 17 22 7 9 10 18 19 2 0 3 16 21 23 20 15
57 1 1 11 14 13 5 12 6 4 24 8 17 22 7 9 10 18 19 2 3 0 16 21 23 20 15
56 1 1 11 14 13 5 12 6 4 24 8 17 22 7 9 0 18 19 2 3 10 16 21 23 20 15
55 1 1 11 14 13 5 12 6 4 24 8 17 22 7 0 9 18 19 2 3 10 16 21 23 20 15
54 1 1 11 14 13 5 12 6 4 0 8 17 22 7 24 9 18 19 2 3 10 16 21 23 20 15
53 1 1 11 14 0 5 12 6 4 13 8 17 22 7 24 9 18 19 2 3 10 16 21 23 20 15
52 1 1 11 0 14 5 12 6 4 13 8 17 22 7 24 9 18 19 2 3 10 16 21 23 20 15
51 1 1 11 4 14 5 12 6 0 13 8 17 22 7 24 9 18 19 2 3 10 16 21 23 20 15
50 1 1 11 4 14 5 12 6 7 13 8 17 22 0 24 9 18 19 2 3 10 16 21 23 20 15
49 1 1 11 4 14 5 12 6 7 13 8 17 22 2 24 9 18 19 0 3 10 16 21 23 20 15
48 1 1 11 4 14 5 12 6 7 13 8 17 22 2 24 9 18 19 3 0 10 16 21 23 20 15
47 1 1 11 4 14 5 12 6 7 13 8 17 22 2 0 9 18 19 3 24 10 16 21 23 20 15
46 1 1 11 4 14 5 12 6 7 0 8 17 22 2 13 9 18 19 3 24 10 16 21 23 20 15
45 1 1 11 4 0 5 12 6 7 14 8 17 22 2 13 9 18 19 3 24 10 16 21 23 20 15
44 1 1 11 0 4 5 12 6 7 14 8 17 22 2 13 9 18 19 3 24 10 16 21 23 20 15
43 1 1 11 7 4 5 12 6 0 14 8 17 22 2 13 9 18 19 3 24 10 16 21 23 20 15
42 1 1 11 7 4 5 12 6 2 14 8 17 22 0 13 9 18 19 3 24 10 16 21 23 20 15
41 1 1 11 7 4 5 12 6 2 14 8 17 22 3 13 9 18 19 0 24 10 16 21 23 20 15
40 1 1 11 7 4 5 12 6 2 14 8 17 22 3 13 9 18 0 19 24 10 16 21 23 20 15
39 1 1 11 7 4 5 12 6 2 14 8 17 22 3 13 9 0 18 19 24 10 16 21 23 20 15
38 1 1 11 7 4 5 12 6 2 14 8 0 22 3 13 9 17 18 19 24 10 16 21 23 20 15
37 1 1 11 7 4 5 12 6 2 14 8 22 0 3 13 9 17 18 19 24 10 16 21 23 20 15
36 1 1 11 7 4 5 12 0 2 14 8 22 6 3 13 9 17 18 19 24 10 16 21 23 20 15
35 1 1 0 7 4 5 12 11 2 14 8 22 6 3 13 9 17 18 19 24 10 16 21 23 20 15
34 1 1 7 0 4 5 12 11 2 14 8 22 6 3 13 9 17 18 19 24 10 16 21 23 20 15
33 1 1 7 2 4 5 12 11 0 14 8 22 6 3 13 9 17 18 19 24 10 16 21 23 20 15
32 1 1 7 2 4 5 12 11 3 14 8 22 6 0 13 9 17 18 19 24 10 16 21 23 20 15
31 1 1 7 2 4 5 12 11 3 14 8 22 6 13 0 9 17 18 19 24 10 16 21 23 20 15
30 1 1 7 2 4 5 12 11 3 0 8 22 6 13 14 9 17 18 19 24 10 16 21 23 20 15
92 1 23 15 2 5 8 13 24 6 22 19 12 7 16 9 20 1 3 14 0 21 11 17 18 10 4
91 1 23 15 2 5 8 13 24 6 22 19 12 7 16 9 20 1 3 14 10 21 11 17 18 0 4
90 1 23 15 2 5 8 13 24 6 22 19 12 7 16 9 20 1 3 14 10 21 11 17 18 4 0
89 1 23 15 2 5 8 13 24 6 22 19 12 7 16 9 20 1 3 14 10 0 11 17 18 4 21
88 1 23 15 2 5 8 13 24 6 22 19 12 7 16 9 0 1 3 14 10 20 11 17 18 4 21
87 1 23 15 2 5 8 13 24 6 22 0 12 7 16 9 19 1 3 14 10 20 11 17 18 4 21
86 1 23 15 2 5 0 13 24 6 22 8 12 7 16 9 19 1 3 14 10 20 11 17 18 4 21
85 1 23 15 2 0 5 13 24 6 22 8 12 7 16 9 19 1 3 14 10 20 11 17 18 4 21
84 1 23 15 0 2 5 13 24 6 22 8 12 7 16 9 19 1 3 14 10 20 11 17 18 4 21
83 1 23 15 6 2 5 13 24 0 22 8 12 7 16 9 19 1 3 14 10 20 11 17 18 4 21
82 1 23 15 6 2 5 13 24 22 0 8 12 7 16 9 19 1 3 14 10 20 11 17 18 4 21
81 1 23 15 6 2 5 13 24 22 9 8 12 7 16 0 19 1 3 14 10 20 11 17 18 4 21
80 1 23 15 6 2 5 13 24 22 9 8 12 7 16 10 19 1 3 14 0 20 11 17 18 4 21
79 1 23 15 6 2 5 13 24 22 9 8 12 7 16 10 19 1 3 14 4 20 11 17 18 0 21
78 1 23 15 6 2 5 13 24 22 9 8 12 7 16 10 19 1 3 14 4 20 11 17 18 21 0
77 1 23 15 6 2 5 13 24 22 9 8 12 7 16 10 19 1 3 14 4 0 11 17 18 21 20
76 1 23 15 6 2 5 13 24 22 9 8 12 7 16 10 0 1 3 14 4 19 11 17 18 21 20
75 1 23 15 6 2 5 13 24 22 9 8 12 7 16 0 10 1 3 14 4 19 11 17 18 21 20
74 1 23 15 6 2 5 13 24 22 9 8 12 7 16 4 10 1 3 14 0 19 11 17 18 21 20
73 1 23 15 6 2 5 13 24 22 9 8 12 7 16 4 10 1 3 0 14 19 11 17 18 21 20
72 1 23 15 6 2 5 13 24 22 9 8 12 7 0 4 10 1 3 16 14 19 11 17 18 21 20
71 1 23 15 6 2 5 13 24 0 9 8 12 7 22 4 10 1 3 16 14 19 11 17 18 21 20
70 1 23 15 6 2 5 13 0 24 9 8 12 7 22 4 10 1 3 16 14 19 11 17 18 21 20
69 1 23 15 6 2 5 13 7 24 9 8 12 0 22 4 10 1 3 16 14 19 11 17 18 21 20
68 1 23 15 6 2 5 13 7 24 9 8 12 3 22 4 10 1 0 16 14 19 11 17 18 21 20
67 1 23 15 6 2 5 13 7 24 9 8 12 3 22 4 10 1 16 0 14 19 11 17 18 21 20
66 1 23 15 6 2 5 13 7 24 9 8 12 3 0 4 10 1 16 22 14 19 11 17 18 21 20
65 1 23 15 6 2 5 13 7 0 9 8 12 3 24 4 10 1 16 22 14 19 11 17 18 21 20
64 1 23 15 6 2 5 13 0 7 9 8 12 3 24 4 10 1 16 22 14 19 11 17 18 21 20
63 1 23 0 6 2 5 13 15 7 9 8 12 3 24 4 10 1 16 22 14 19 11 17 18 21 20
62 1 23 6 0 2 5 13 15 7 9 8 12 3 24 4 10 1 16 22 14 19 11 17 18 21 20
61 1 23 6 7 2 5 13 15 0 9 8 12 3 24 4 10 1 16 22 14 19 11 17 18 21 20
60 1 23 6 7 2 5 13 0 15 9 8 12 3 24 4 10 1 16 22 14 19 11 17 18 21 20
59 1 23 6 7 2 5 13 3 15 9 8 12 0 24 4 10 1 16 22 14 19 11 17 18 21 20
58 1 23 6 7 2 5 13 3 15 9 8 0 12 24 4 10 1 16 22 14 19 11 17 18 21 20
57 1 23 6 7 2 5 13 3 15 9 8 1 12 24 4 10 0 16 22 14 19 11 17 18 21 20
56 1 23 6 7 2 5 13 3 15 9 8 1 12 24 4 10 11 16 22 14 19 0 17 18 21 20
55 1 23 6 7 2 5 13 3 15 9 8 1 12 24 4 10 11 16 22 14 19 17 0 18 21 20
54 1 23 6 7 2 5 13 3 15 9 8 1 12 24 4 10 11 0 22 14 19 17 16 18 21 20
53 1 23 6 7 2 5 13 3 15 9 8 1 12 24 4 10 11 22 0 14 19 17 16 18 21 20
52 1 23 6 7 2 5 13 3 15 9 8 1 12 0 4 10 11 22 24 14 19 17 16 18 21 20
51 1 23 6 7 2 5 13 3 0 9 8 1 12 15 4 10 11 22 24 14 19 17 16 18 21 20
50 1 23 6 7 2 5 13 3 9 0 8 1 12 15 4 10 11 22 24 14 19 17 16 18 21 20
49 1 23 6 7 2 5 13 3 9 4 8 1 12 15 0 10 11 22 24 14 19 17 16 18 21 20
48 1 23 6 7 2 5 13 3 9 4 8 1 12 0 15 10 11 22 24 14 19 17 16 18 21 20
47 1 23 6 7 2 5 13 3 0 4 8 1 12 9 15 10 11 22 24 14 19 17 16 18 21 20
46 1 23 6 7 2 5 13 0 3 4 8 1 12 9 15 10 11 22 24 14 19 17 16 18 21 20
45 1 23 6 7 2 5 0 13 3 4 8 1 12 9 15 10 11 22 24 14 19 17 16 18 21 20
44 1 23 6 7 2 5 1 13 3 4 8 0 12 9 15 10 11 22 24 14 19 17 16 18 21 20
43 1 23 6 7 2 5 1 13 3 4 8 12 0 9 15 10 11 22 24 14 19 17 16 18 21 20
42 1 23 6 7 2 5 1 0 3 4 8 12 13 9 15 10 11 22 24 14 19 17 16 18 21 20
41 1 23 0 7 2 5 1 6 3 4 8 12 13 9 15 10 11 22 24 14 19 17 16 18 21 20
40 1 0 23 7 2 5 1 6 3 4 8 12 13 9 15 10 11 22 24 14 19 17 16 18 21 20
39 1 1 23 7 2 5 0 6 3 4 8 12 13 9 15 10 11 22 24 14 19 17 16 18 21 20
38 1 1 23 7 2 5 6 0 3 4 8 12 13 9 15 10 11 22 24 14 19 17 16 18 21 20
37 1 1 0 7 2 5 6 23 3 4 8 12 13 9 15 10 11 22 24 14 19 17 16 18 21 20
36 1 1 7 0 2 5 6 23 3 4 8 12 13 9 15 10 11 22 24 14 19 17 16 18 21 20
35 1 1 7 2 0 5 6 23 3 4 8 12 13 9 15 10 11 22 24 14 19 17 16 18 21 20
34 1 1 7 2 4 5 6 23 3 0 8 12 13 9 15 10 11 22 24 14 19 17 16 18 21 20
33 1 1 7 2 4 5 6 23 3 8 0 12 13 9 15 10 11 22 24 14 19 17 16 18 21 20
32 1 1 7 2 4 5 6 23 3 8 10 12 13 9 15 0 11 22 24 14 19 17 16 18 21 20
31 1 1 7 2 4 5 6 23 3 8 10 12 13 9 0 15 11 22 24 14 19 17 16 18 21 20
30 1 1 7 2 4 5 6 23 3 8 10 12 13 0 9 15 11 22 24 14 19 17 16 18 21 20
82 1 17 8 7 2 14 16 5 3 1 10 9 21 6 20 24 13 4 11 18 23 22 19 12 15 0
81 1 17 8 7 2 14 16 5 3 1 10 9 21 6 20 24 13 4 11 18 0 22 19 12 15 23
80 1 17 8 7 2 14 16 5 3 1 10 9 21 6 20 0 13 4 11 18 24 22 19 12 15 23
79 1 17 8 7 2 14 16 5 3 1 10 9 21 6 0 20 13 4 11 18 24 22 19 12 15 23
78 1 17 8 7 2 14 16 5 3 0 10 9 21 6 1 20 13 4 11 18 24 22 19 12 15 23
77 1 17 8 7 2 14 16 5 0 3 10 9 21 6 1 20 13 4 11 18 24 22 19 12 15 23
76 1 17 8 7 2 14 16 0 5 3 10 9 21 6 1 20 13 4 11 18 24 22 19 12 15 23
75 1 17 8 7 2 14 0 16 5 3 10 9 21 6 1 20 13 4 11 18 24 22 19 12 15 23
74 1 17 8 7 2 14 9 16 5 3 10 0 21 6 1 20 13 4 11 18 24 22 19 12 15 23
73 1 17 8 7 2 14 9 16 5 3 10 21 0 6 1 20 13 4 11 18 24 22 19 12 15 23
72 1 17 8 7 2 14 9 16 5 3 10 21 6 0 1 20 13 4 11 18 24 22 19 12 15 23
71 1 17 8 7 2 14 9 16 5 3 10 21 6 1 0 20 13 4 11 18 24 22 19 12 15 23
70 1 17 8 7 2 14 9 16 5 0 10 21 6 1 3 20 13 4 11 18 24 22 19 12 15 23
69 1 17 8 7 2 14 9 16 0 5 10 21 6 1 3 20 13 4 11 18 24 22 19 12 15 23
68 1 17 8 7 2 14 9 16 1 5 10 21 6 0 3 20 13 4 11 18 24 22 19 12 15 23
67 1 17 8 7 2 14 9 16 1 5 10 21 6 11 3 20 13 4 0 18 24 22 19 12 15 23
66 1 17 8 7 2 14 9 16 1 5 10 21 6 11 3 20 13 0 4 18 24 22 19 12 15 23
65 1 17 8 7 2 14 9 16 1 5 10 21 6 11 3 20 0 13 4 18 24 22 19 12 15 23
64 1 17 8 7 2 14 9 16 1 5 10 0 6 11 3 20 21 13 4 18 24 22 19 12 15 23
63 1 17 8 7 2 14 9 16 1 5 10 6 0 11 3 20 21 13 4 18 24 22 19 12 15 23
62 1 17 8 7 2 14 9 0 1 5 10 6 16 11 3 20 21 13 4 18 24 22 19 12 15 23
61 1 17 8 7 2 14 9 1 0 5 10 6 16 11 3 20 21 13 4 18 24 22 19 12 15 23
60 1 17 8 0 2 14 9 1 7 5 10 6 16 11 3 20 21 13 4 18 24 22 19 12 15 23
59 1 17 0 8 2 14 9 1 7 5 10 6 16 11 3 20 21 13 4 18 24 22 19 12 15 23
58 1 17 1 8 2 14 9 0 7 5 10 6 16 11 3 20 21 13 4 18 24 22 19 12 15 23
57 1 17 1 8 2 14 0 9 7 5 10 6 16 11 3 20 21 13 4 18 24 22 19 12 15 23
56 1 0 1 8 2 14 17 9 7 5 10 6 16 11 3 20 21 13 4 18 24 22 19 12 15 23
55 1 1 0 8 2 14 17 9 7 5 10 6 16 11 3 20 21 13 4 18 24 22 19 12 15 23
54 1 1 9 8 2 14 17 0 7 5 10 6 16 11 3 20 21 13 4 18 24 22 19 12 15 23
53 1 1 9 8 2 14 0 17 7 5 10 6 16 11 3 20 21 13 4 18 24 22 19 12 15 23
52 1 1 9 8 2 14 6 17 7 5 10 0 16 11 3 20 21 13 4 18 24 22 19 12 15 23
51 1 1 9 8 2 14 6 17 7 5 10 16 0 11 3 20 21 13 4 18 24 22 19 12 15 23
50 1 1 9 8 2 14 6 17 7 5 10 16 11 0 3 20 21 13 4 18 24 22 19 12 15 23
49 1 1 9 8 2 14 6 17 7 5 10 16 11 4 3 20 21 13 0 18 24 22 19 12 15 23
48 1 1 9 8 2 14 6 17 7 5 10 16 11 4 3 20 21 13 12 18 24 22 19 0 15 23
47 1 1 9 8 2 14 6 17 7 5 10 16 11 4 3 20 21 13 12 18 24 22 0 19 15 23
46 1 1 9 8 2 14 6 17 7 5 10 16 11 4 3 20 21 13 12 18 24 0 22 19 15 23
45 1 1 9 8 2 14 6 17 7 5 10 16 11 4 3 20 0 13 12 18 24 21 22 19 15 23
44 1 1 9 8 2 14 6 17 7 5 10 0 11 4 3 20 16 13 12 18 24 21 22 19 15 23
43 1 1 9 8 2 14 6 17 7 5 10 11 0 4 3 20 16 13 12 18 24 21 22 19 15 23
42 1 1 9 8 2 14 6 0 7 5 10 11 17 4 3 20 16 13 12 18 24 21 22 19 15 23
41 1 1 9 8 2 14 6 7 0 5 10 11 17 4 3 20 16 13 12 18 24 21 22 19 15 23
40 1 1 9 8 2 14 6 7 4 5 10 11 17 0 3 20 16 13 12 18 24 21 22 19 15 23
39 1 1 9 8 2 14 6 7 4 5 10 11 17 12 3 20 16 13 0 18 24 21 22 19 15 23
38 1 1 9 8 2 14 6 7 4 5 10 11 17 12 3 20 16 13 18 0 24 21 22 19 15 23
37 1 1 9 8 2 14 6 7 4 5 10 11 17 12 3 20 16 13 18 15 24 21 22 19 0 23
36 1 1 9 8 2 14 6 7 4 5 10 11 17 12 3 20 16 13 18 15 24 21 22 0 19 23
35 1 1 9 8 2 14 6 7 4 5 10 11 17 12 3 20 16 13 0 15 24 21 22 18 19 23
34 1 1 9 8 2 14 6 7 4 5 10 11 17 12 3 20 16 0 13 15 24 21 22 18 19 23
33 1 1 9 8 2 14 6 7 4 5 10 11 0 12 3 20 16 17 13 15 24 21 22 18 19 23
32 1 1 9 8 2 14 6 0 4 5 10 11 7 12 3 20 16 17 13 15 24 21 22 18 19 23
31 1 1 0 8 2 14 6 9 4 5 10 11 7 12 3 20 16 17 13 15 24 21 22 18 19 23
30 1 1 8 0 2 14 6 9 4 5 10 11 7 12 3 20 16 17 13 15 24 21 22 18 19 23
74 1 0 8 11 7 5 6 4 3 2 14 12 20 16 13 10 24 17 9 19 15 1 18 21 22 23
73 1 8 0 11 7 5 6 4 3 2 14 12 20 16 13 10 24 17 9 19 15 1 18 21 22 23
72 1 8 11 0 7 5 6 4 3 2 14 12 20 16 13 10 24 17 9 19 15 1 18 21 22 23
71 1 8 11 7 0 5 6 4 3 2 14 12 20 16 13 10 24 17 9 19 15 1 18 21 22 23
70 1 8 11 7 2 5 6 4 3 0 14 12 20 16 13 10 24 17 9 19 15 1 18 21 22 23
69 1 8 11 7 2 5 6 4 0 3 14 12 20 16 13 10 24 17 9 19 15 1 18 21 22 23
68 1 8 11 7 2 5 6 0 4 3 14 12 20 16 13 10 24 17 9 19 15 1 18 21 22 23
67 1 8 0 7 2 5 6 11 4 3 14 12 20 16 13 10 24 17 9 19 15 1 18 21 22 23
66 1 8 7 0 2 5 6 11 4 3 14 12 20 16 13 10 24 17 9 19 15 1 18 21 22 23
65 1 8 7 2 0 5 6 11 4 3 14 12 20 16 13 10 24 17 9 19 15 1 18 21 22 23
64 1 8 7 2 3 5 6 11 4 0 14 12 20 16 13 10 24 17 9 19 15 1 18 21 22 23
63 1 8 7 2 3 5 6 11 0 4 14 12 20 16 13 10 24 17 9 19 15 1 18 21 22 23
62 1 8 7 2 3 5 6 11 16 4 14 12 20 0 13 10 24 17 9 19 15 1 18 21 22 23
61 1 8 7 2 3 5 6 11 16 4 14 12 20 9 13 10 24 17 0 19 15 1 18 21 22 23
60 1 8 7 2 3 5 6 11 16 4 14 12 20 9 13 10 24 0 17 19 15 1 18 21 22 23
59 1 8 7 2 3 5 6 11 16 4 14 12 20 9 13 10 24 18 17 19 15 1 0 21 22 23
58 1 8 7 2 3 5 6 11 16 4 14 12 20 9 13 10 24 18 17 19 15 1 21 0 22 23
57 1 8 7 2 3 5 6 11 16 4 14 12 20 9 13 10 24 18 0 19 15 1 21 17 22 23
56 1 8 7 2 3 5 6 11 16 4 14 12 20 9 13 10 24 0 18 19 15 1 21 17 22 23
55 1 8 7 2 3 5 6 11 16 4 14 12 20 9 13 10 0 24 18 19 15 1 21 17 22 23
54 1 8 7 2 3 5 6 11 16 4 14 12 20 9 13 10 1 24 18 19 15 0 21 17 22 23
53 1 8 7 2 3 5 6 11 16 4 14 12 20 9 13 10 1 24 18 19 15 21 0 17 22 23
52 1 8 7 2 3 5 6 11 16 4 14 12 20 9 13 10 1 24 18 19 15 21 17 0 22 23
51 1 8 7 2 3 5 6 11 16 4 14 12 20 9 13 10 1 24 0 19 15 21 17 18 22 23
50 1 8 7 2 3 5 6 11 16 4 14 12 20 9 13 10 1 0 24 19 15 21 17 18 22 23
49 1 8 7 2 3 5 6 11 16 4 14 12 0 9 13 10 1 20 24 19 15 21 17 18 22 23
48 1 8 7 2 3 5 6 0 16 4 14 12 11 9 13 10 1 20 24 19 15 21 17 18 22 23
47 1 8 7 2 3 5 6 16 0 4 14 12 11 9 13 10 1 20 24 19 15 21 17 18 22 23
46 1 8 7 2 3 5 6 16 9 4 14 12 11 0 13 10 1 20 24 19 15 21 17 18 22 23
45 1 8 7 2 3 5 6 16 9 4 14 12 11 13 0 10 1 20 24 19 15 21 17 18 22 23
44 1 8 7 2 3 5 6 16 9 4 14 12 11 13 19 10 1 20 24 0 15 21 17 18 22 23
43 1 8 7 2 3 5 6 16 9 4 14 12 11 13 19 10 1 20 0 24 15 21 17 18 22 23
42 1 8 7 2 3 5 6 16 9 4 14 12 11 13 19 10 1 0 20 24 15 21 17 18 22 23
41 1 8 7 2 3 5 6 16 9 4 14 12 0 13 19 10 1 11 20 24 15 21 17 18 22 23
40 1 8 7 2 3 5 6 0 9 4 14 12 16 13 19 10 1 11 20 24 15 21 17 18 22 23
39 1 8 7 2 3 5 0 6 9 4 14 12 16 13 19 10 1 11 20 24 15 21 17 18 22 23
38 1 8 7 2 3 5 12 6 9 4 14 0 16 13 19 10 1 11 20 24 15 21 17 18 22 23
37 1 8 7 2 3 5 12 6 9 4 14 1 16 13 19 10 0 11 20 24 15 21 17 18 22 23
36 1 8 7 2 3 5 12 6 9 4 14 1 16 13 19 10 11 0 20 24 15 21 17 18 22 23
35 1 8 7 2 3 5 12 6 9 4 14 1 0 13 19 10 11 16 20 24 15 21 17 18 22 23
34 1 8 7 2 3 5 12 0 9 4 14 1 6 13 19 10 11 16 20 24 15 21 17 18 22 23
33 1 8 7 2 3 5 0 12 9 4 14 1 6 13 19 10 11 16 20 24 15 21 17 18 22 23
32 1 8 7 2 3 5 1 12 9 4 14 0 6 13 19 10 11 16 20 24 15 21 17 18 22 23
31 1 8 7 2 3 5 1 12 9 4 14 6 0 13 19 10 11 16 20 24 15 21 17 18 22 23
30 1 8 7 2 3 5 1 0 9 4 14 6 12 13 19 10 11 16 20 24 15 21 17 18 22 23
80 1 18 1 4 16 14 12 3 2 0 9 22 21 7 15 13 6 19 20 11 24 17 8 10 23 5
79 1 18 1 4 0 14 12 3 2 16 9 22 21 7 15 13 6 19 20 11 24 17 8 10 23 5
78 1 18 1 0 4 14 12 3 2 16 9 22 21 7 15 13 6 19 20 11 24 17 8 10 23 5
77 1 18 1 2 4 14 12 3 0 16 9 22 21 7 15 13 6 19 20 11 24 17 8 10 23 5
76 1 18 1 2 4 14 12 3 7 16 9 22 21 0 15 13 6 19 20 11 24 17 8 10 23 5
75 1 18 1 2 4 14 12 3 7 16 9 22 21 15 0 13 6 19 20 11 24 17 8 10 23 5
74 1 18 1 2 4 14 12 3 7 16 9 22 21 15 11 13 6 19 20 0 24 17 8 10 23 5
73 1 18 1 2 4 14 12 3 7 16 9 22 21 15 11 13 6 19 0 20 24 17 8 10 23 5
72 1 18 1 2 4 14 12 3 7 16 9 22 21 15 11 13 6 19 10 20 24 17 8 0 23 5
71 1 18 1 2 4 14 12 3 7 16 9 22 21 15 11 13 6 19 10 20 24 17 8 23 0 5
70 1 18 1 2 4 14 12 3 7 16 9 22 21 15 11 13 6 19 10 0 24 17 8 23 20 5
69 1 18 1 2 4 14 12 3 7 16 9 22 21 15 11 13 6 19 10 24 0 17 8 23 20 5
68 1 18 1 2 4 14 12 3 7 16 9 22 21 15 11 13 6 19 10 24 5 17 8 23 20 0
67 1 18 1 2 4 14 12 3 7 16 9 22 21 15 11 13 6 19 10 24 5 17 8 23 0 20
66 1 18 1 2 4 14 12 3 7 16 9 22 21 15 11 13 6 19 10 0 5 17 8 23 24 20
65 1 18 1 2 4 14 12 3 7 16 9 22 21 15 11 13 6 19 0 10 5 17 8 23 24 20
64 1 18 1 2 4 14 12 3 7 16 9 22 21 0 11 13 6 19 15 10 5 17 8 23 24 20
63 1 18 1 2 4 14 12 3 7 16 9 22 21 11 0 13 6 19 15 10 5 17 8 23 24 20
62 1 18 1 2 4 14 12 3 7 0 9 22 21 11 16 13 6 19 15 10 5 17 8 23 24 20
61 1 18 1 2 4 14 12 3 0 7 9 22 21 11 16 13 6 19 15 10 5 17 8 23 24 20
60 1 18 1 2 4 14 12 3 11 7 9 22 21 0 16 13 6 19 15 10 5 17 8 23 24 20
59 1 18 1 2 4 14 12 3 11 7 9 22 21 16 0 13 6 19 15 10 5 17 8 23 24 20
58 1 18 1 2 4 14 12 3 11 7 9 22 21 16 13 0 6 19 15 10 5 17 8 23 24 20
57 1 18 1 2 4 14 12 3 11 7 9 22 21 16 13 5 6 19 15 10 0 17 8 23 24 20
56 1 18 1 2 4 14 12 3 11 7 9 22 21 16 13 5 6 19 15 0 10 17 8 23 24 20
55 1 18 1 2 4 14 12 3 11 7 9 22 21 16 13 5 6 19 0 15 10 17 8 23 24 20
54 1 18 1 2 4 14 12 3 11 7 9 22 21 16 13 5 6 0 19 15 10 17 8 23 24 20
53 1 18 1 2 4 14 12 3 11 7 9 22 21 16 13 5 0 6 19 15 10 17 8 23 24 20
52 1 18 1 2 4 14 12 3 11 7 9 0 21 16 13 5 22 6 19 15 10 17 8 23 24 20
51 1 18 1 2 4 14 12 3 11 7 9 21 0 16 13 5 22 6 19 15 10 17 8 23 24 20
50 1 18 1 2 4 14 12 3 11 7 9 21 6 16 13 5 22 0 19 15 10 17 8 23 24 20
49 1 18 1 2 4 14 12 3 11 7 9 21 6 16 13 5 22 8 19 15 10 17 0 23 24 20
48 1 18 1 2 4 14 12 3 11 7 9 21 6 16 13 5 22 8 19 15 10 0 17 23 24 20
47 1 18 1 2 4 14 12 3 11 7 9 21 6 16 13 5 0 8 19 15 10 22 17 23 24 20
46 1 18 1 2 4 14 12 3 11 7 9 0 6 16 13 5 21 8 19 15 10 22 17 23 24 20
45 1 18 1 2 4 14 12 3 11 7 9 6 0 16 13 5 21 8 19 15 10 22 17 23 24 20
44 1 18 1 2 4 14 12 3 11 7 9 6 16 0 13 5 21 8 19 15 10 22 17 23 24 20
43 1 18 1 2 4 14 12 3 0 7 9 6 16 11 13 5 21 8 19 15 10 22 17 23 24 20
42 1 18 1 2 4 14 12 0 3 7 9 6 16 11 13 5 21 8 19 15 10 22 17 23 24 20
41 1 18 1 2 4 14 0 12 3 7 9 6 16 11 13 5 21 8 19 15 10 22 17 23 24 20
40 1 0 1 2 4 14 18 12 3 7 9 6 16 11 13 5 21 8 19 15 10 22 17 23 24 20
39 1 1 0 2 4 14 18 12 3 7 9 6 16 11 13 5 21 8 19 15 10 22 17 23 24 20
38 1 1 12 2 4 14 18 0 3 7 9 6 16 11 13 5 21 8 19 15 10 22 17 23 24 20
37 1 1 12 2 4 14 0 18 3 7 9 6 16 11 13 5 21 8 19 15 10 22 17 23 24 20
36 1 1 12 2 4 14 6 18 3 7 9 0 16 11 13 5 21 8 19 15 10 22 17 23 24 20
35 1 1 12 2 4 14 6 18 3 7 9 16 0 11 13 5 21 8 19 15 10 22 17 23 24 20
34 1 1 12 2 4 14 6 0 3 7 9 16 18 11 13 5 21 8 19 15 10 22 17 23 24 20
33 1 1 0 2 4 14 6 12 3 7 9 16 18 11 13 5 21 8 19 15 10 22 17 23 24 20
32 1 1 2 0 4 14 6 12 3 7 9 16 18 11 13 5 21 8 19 15 10 22 17 23 24 20
31 1 1 2 3 4 14 6 12 0 7 9 16 18 11 13 5 21 8 19 15 10 22 17 23 24 20
30 1 1 2 3 4 14 6 12 7 0 9 16 18 11 13 5 21 8 19 15 10 22 17 23 24 20
76 1 7 14 0 18 5 9 8 4 17 10 21 16 2 19 3 6 1 15 20 23 11 22 12 13 24
75 1 7 14 4 18 5 9 8 0 17 10 21 16 2 19 3 6 1 15 20 23 11 22 12 13 24
74 1 7 14 4 18 5 9 8 2 17 10 21 16 0 19 3 6 1 15 20 23 11 22 12 13 24
73 1 7 14 4 18 5 9 8 2 17 10 21 16 15 19 3 6 1 0 20 23 11 22 12 13 24
72 1 7 14 4 18 5 9 8 2 17 10 21 16 15 19 3 6 1 12 20 23 11 22 0 13 24
71 1 7 14 4 18 5 9 8 2 17 10 21 16 15 19 3 6 1 12 20 23 11 0 22 13 24
70 1 7 14 4 18 5 9 8 2 17 10 21 16 15 19 3 6 1 12 20 23 0 11 22 13 24
69 1 7 14 4 18 5 9 8 2 17 10 21 16 15 19 3 0 1 12 20 23 6 11 22 13 24
68 1 7 14 4 18 5 9 8 2 17 10 21 16 15 19 3 1 0 12 20 23 6 11 22 13 24
67 1 7 14 4 18 5 9 8 2 17 10 21 0 15 19 3 1 16 12 20 23 6 11 22 13 24
66 1 7 14 4 18 5 9 8 2 17 10 0 21 15 19 3 1 16 12 20 23 6 11 22 13 24
65 1 7 14 4 18 5 9 8 2 17 10 1 21 15 19 3 0 16 12 20 23 6 11 22 13 24
64 1 7 14 4 18 5 9 8 2 17 10 1 21 15 19 3 6 16 12 20 23 0 11 22 13 24
63 1 7 14 4 18 5 9 8 2 17 10 1 21 15 19 3 6 16 12 20 23 11 0 22 13 24
62 1 7 14 4 18 5 9 8 2 17 10 1 21 15 19 3 6 0 12 20 23 11 16 22 13 24
61 1 7 14 4 18 5 9 8 2 17 10 1 0 15 19 3 6 21 12 20 23 11 16 22 13 24
60 1 7 14 4 18 5 9 0 2 17 10 1 8 15 19 3 6 21 12 20 23 11 16 22 13 24
59 1 7 14 4 18 5 0 9 2 17 10 1 8 15 19 3 6 21 12 20 23 11 16 22 13 24
58 1 7 14 4 18 5 1 9 2 17 10 0 8 15 19 3 6 21 12 20 23 11 16 22 13 24
57 1 7 14 4 18 5 1 9 2 17 10 6 8 15 19 3 0 21 12 20 23 11 16 22 13 24
56 1 7 14 4 18 5 1 9 2 17 10 6 8 15 19 3 11 21 12 20 23 0 16 22 13 24
55 1 7 14 4 18 5 1 9 2 17 10 6 8 15 19 3 11 21 12 20 23 16 0 22 13 24
54 1 7 14 4 18 5 1 9 2 17 10 6 8 15 19 3 11 0 12 20 23 16 21 22 13 24
53 1 7 14 4 18 5 1 9 2 17 10 6 8 15 19 3 11 12 0 20 23 16 21 22 13 24
52 1 7 14 4 18 5 1 9 2 17 10 6 8 0 19 3 11 12 15 20 23 16 21 22 13 24
51 1 7 14 4 18 5 1 9 2 17 10 6 8 19 0 3 11 12 15 20 23 16 21 22 13 24
50 1 7 14 4 18 5 1 9 2 17 10 6 8 19 20 3 11 12 15 0 23 16 21 22 13 24
49 1 7 14 4 18 5 1 9 2 17 10 6 8 19 20 3 11 12 15 23 0 16 21 22 13 24
48 1 7 14 4 18 5 1 9 2 17 10 6 8 19 20 0 11 12 15 23 3 16 21 22 13 24
47 1 7 14 4 18 5 1 9 2 17 10 6 8 19 0 20 11 12 15 23 3 16 21 22 13 24
46 1 7 14 4 18 5 1 9 2 0 10 6 8 19 17 20 11 12 15 23 3 16 21 22 13 24
45 1 7 14 4 0 5 1 9 2 18 10 6 8 19 17 20 11 12 15 23 3 16 21 22 13 24
44 1 7 14 0 4 5 1 9 2 18 10 6 8 19 17 20 11 12 15 23 3 16 21 22 13 24
43 1 7 14 2 4 5 1 9 0 18 10 6 8 19 17 20 11 12 15 23 3 16 21 22 13 24
42 1 7 14 2 4 5 1 0 9 18 10 6 8 19 17 20 11 12 15 23 3 16 21 22 13 24
41 1 7 0 2 4 5 1 14 9 18 10 6 8 19 17 20 11 12 15 23 3 16 21 22 13 24
40 1 0 7 2 4 5 1 14 9 18 10 6 8 19 17 20 11 12 15 23 3 16 21 22 13 24
39 1 1 7 2 4 5 0 14 9 18 10 6 8 19 17 20 11 12 15 23 3 16 21 22 13 24
38 1 1 7 2 4 5 6 14 9 18 10 0 8 19 17 20 11 12 15 23 3 16 21 22 13 24
37 1 1 7 2 4 5 6 14 9 18 10 11 8 19 17 20 0 12 15 23 3 16 21 22 13 24
36 1 1 7 2 4 5 6 14 9 18 10 11 8 19 17 20 16 12 15 23 3 0 21 22 13 24
35 1 1 7 2 4 5 6 14 9 18 10 11 8 19 17 20 16 12 15 23 3 21 0 22 13 24
34 1 1 7 2 4 5 6 14 9 18 10 11 8 19 17 20 16 12 15 23 3 21 22 0 13 24
33 1 1 7 2 4 5 6 14 9 18 10 11 8 19 17 20 16 12 15 23 3 21 22 13 0 24
32 1 1 7 2 4 5 6 14 9 18 10 11 8 19 17 20 16 12 15 0 3 21 22 13 23 24
31 1 1 7 2 4 5 6 14 9 18 10 11 8 19 17 20 16 12 0 15 3 21 22 13 23 24
30 1 1 7 2 4 5 6 14 9 18 10 11 8 0 17 20 16 12 19 15 3 21 22 13 23 24
72 1 2 3 13 12 9 21 7 11 4 8 15 1 5 10 19 16 18 14 0 6 22 24 23 17 20
71 1 2 3 13 12 9 21 7 11 4 8 15 1 5 10 19 16 18 0 14 6 22 24 23 17 20
70 1 2 3 13 12 9 21 7 11 4 8 15 1 5 10 19 16 18 23 14 6 22 24 0 17 20
69 1 2 3 13 12 9 21 7 11 4 8 15 1 5 10 19 16 18 23 14 6 22 24 17 0 20
68 1 2 3 13 12 9 21 7 11 4 8 15 1 5 10 19 16 18 23 0 6 22 24 17 14 20
67 1 2 3 13 12 9 21 7 11 4 8 15 1 5 10 19 16 18 23 6 0 22 24 17 14 20
66 1 2 3 13 12 9 21 7 11 4 8 15 1 5 10 0 16 18 23 6 19 22 24 17 14 20
65 1 2 3 13 12 9 21 7 11 4 8 15 1 5 0 10 16 18 23 6 19 22 24 17 14 20
64 1 2 3 13 12 9 21 7 11 4 8 15 1 5 6 10 16 18 23 0 19 22 24 17 14 20
63 1 2 3 13 12 9 21 7 11 4 8 15 1 5 6 10 16 18 0 23 19 22 24 17 14 20
62 1 2 3 13 12 9 21 7 11 4 8 15 1 5 6 10 16 0 18 23 19 22 24 17 14 20
61 1 2 3 13 12 9 21 7 11 4 8 15 0 5 6 10 16 1 18 23 19 22 24 17 14 20
60 1 2 3 13 12 9 21 7 11 4 8 0 15 5 6 10 16 1 18 23 19 22 24 17 14 20
59 1 2 3 13 12 9 0 7 11 4 8 21 15 5 6 10 16 1 18 23 19 22 24 17 14 20
58 1 2 3 13 12 9 7 0 11 4 8 21 15 5 6 10 16 1 18 23 19 22 24 17 14 20
57 1 2 3 13 12 9 7 11 0 4 8 21 15 5 6 10 16 1 18 23 19 22 24 17 14 20
56 1 2 3 0 12 9 7 11 13 4 8 21 15 5 6 10 16 1 18 23 19 22 24 17 14 20
55 1 2 3 12 0 9 7 11 13 4 8 21 15 5 6 10 16 1 18 23 19 22 24 17 14 20
54 1 2 3 12 4 9 7 11 13 0 8 21 15 5 6 10 16 1 18 23 19 22 24 17 14 20
53 1 2 3 12 4 9 7 11 13 6 8 21 15 5 0 10 16 1 18 23 19 22 24 17 14 20
52 1 2 3 12 4 9 7 11 13 6 8 21 15 0 5 10 16 1 18 23 19 22 24 17 14 20
51 1 2 3 12 4 9 7 11 0 6 8 21 15 13 5 10 16 1 18 23 19 22 24 17 14 20
50 1 2 3 12 4 9 7 11 6 0 8 21 15 13 5 10 16 1 18 23 19 22 24 17 14 20
49 1 2 3 12 4 9 7 11 6 5 8 21 15 13 0 10 16 1 18 23 19 22 24 17 14 20
48 1 2 3 12 4 9 7 11 6 5 8 21 15 0 13 10 16 1 18 23 19 22 24 17 14 20
47 1 2 3 12 4 9 7 11 6 5 8 21 0 15 13 10 16 1 18 23 19 22 24 17 14 20
46 1 2 3 12 4 9 7 11 6 5 8 21 1 15 13 10 16 0 18 23 19 22 24 17 14 20
45 1 2 3 12 4 9 7 11 6 5 8 21 1 15 13 10 0 16 18 23 19 22 24 17 14 20
44 1 2 3 12 4 9 7 11 6 5 8 0 1 15 13 10 21 16 18 23 19 22 24 17 14 20
43 1 2 3 12 4 9 0 11 6 5 8 7 1 15 13 10 21 16 18 23 19 22 24 17 14 20
42 1 2 3 12 4 9 11 0 6 5 8 7 1 15 13 10 21 16 18 23 19 22 24 17 14 20
41 1 2 3 12 4 9 11 1 6 5 8 7 0 15 13 10 21 16 18 23 19 22 24 17 14 20
40 1 2 3 12 4 9 11 1 6 5 8 0 7 15 13 10 21 16 18 23 19 22 24 17 14 20
39 1 2 3 12 4 9 0 1 6 5 8 11 7 15 13 10 21 16 18 23 19 22 24 17 14 20
38 1 2 3 12 4 9 1 0 6 5 8 11 7 15 13 10 21 16 18 23 19 22 24 17 14 20
37 1 2 3 12 4 9 1 6 0 5 8 11 7 15 13 10 21 16 18 23 19 22 24 17 14 20
36 1 2 3 0 4 9 1 6 12 5 8 11 7 15 13 10 21 16 18 23 19 22 24 17 14 20
35 1 2 3 4 0 9 1 6 12 5 8 11 7 15 13 10 21 16 18 23 19 22 24 17 14 20
34 1 2 3 4 5 9 1 6 12 0 8 11 7 15 13 10 21 16 18 23 19 22 24 17 14 20
33 1 2 3 4 5 9 1 6 12 13 8 11 7 15 0 10 21 16 18 23 19 22 24 17 14 20
32 1 2 3 4 5 9 1 6 12 13 8 11 7 0 15 10 21 16 18 23 19 22 24 17 14 20
31 1 2 3 4 5 9 1 6 0 13 8 11 7 12 15 10 21 16 18 23 19 22 24 17 14 20
30 1 2 3 4 5 9 1 6 13 0 8 11 7 12 15 10 21 16 18 23 19 22 24 17 14 20
74 1 6 8 1 9 24 14 4 2 5 12 17 11 21 20 10 13 0 19 15 23 16 22 7 3 18
73 1 6 8 1 9 24 14 4 2 5 12 17 0 21 20 10 13 11 19 15 23 16 22 7 3 18
72 1 6 8 1 9 24 14 0 2 5 12 17 4 21 20 10 13 11 19 15 23 16 22 7 3 18
71 1 6 0 1 9 24 14 8 2 5 12 17 4 21 20 10 13 11 19 15 23 16 22 7 3 18
70 1 6 1 0 9 24 14 8 2 5 12 17 4 21 20 10 13 11 19 15 23 16 22 7 3 18
69 1 6 1 9 0 24 14 8 2 5 12 17 4 21 20 10 13 11 19 15 23 16 22 7 3 18
68 1 6 1 9 5 24 14 8 2 0 12 17 4 21 20 10 13 11 19 15 23 16 22 7 3 18
67 1 6 1 9 5 24 14 8 2 12 0 17 4 21 20 10 13 11 19 15 23 16 22 7 3 18
66 1 6 1 9 5 0 14 8 2 12 24 17 4 21 20 10 13 11 19 15 23 16 22 7 3 18
65 1 6 1 9 0 5 14 8 2 12 24 17 4 21 20 10 13 11 19 15 23 16 22 7 3 18
64 1 6 1 9 12 5 14 8 2 0 24 17 4 21 20 10 13 11 19 15 23 16 22 7 3 18
63 1 6 1 9 12 5 14 8 2 20 24 17 4 21 0 10 13 11 19 15 23 16 22 7 3 18
62 1 6 1 9 12 5 14 8 2 20 24 17 4 21 10 0 13 11 19 15 23 16 22 7 3 18
61 1 6 1 9 12 5 14 8 2 20 0 17 4 21 10 24 13 11 19 15 23 16 22 7 3 18
60 1 6 1 9 12 5 14 8 2 0 20 17 4 21 10 24 13 11 19 15 23 16 22 7 3 18
59 1 6 1 9 12 5 14 8 2 10 20 17 4 21 0 24 13 11 19 15 23 16 22 7 3 18
58 1 6 1 9 12 5 14 8 2 10 20 17 4 21 15 24 13 11 19 0 23 16 22 7 3 18
57 1 6 1 9 12 5 14 8 2 10 20 17 4 21 15 24 13 11 0 19 23 16 22 7 3 18
56 1 6 1 9 12 5 14 8 2 10 20 17 4 0 15 24 13 11 21 19 23 16 22 7 3 18
55 1 6 1 9 12 5 14 8 2 10 20 17 0 4 15 24 13 11 21 19 23 16 22 7 3 18
54 1 6 1 9 12 5 14 8 2 10 20 17 11 4 15 24 13 0 21 19 23 16 22 7 3 18
53 1 6 1 9 12 5 14 8 2 10 20 17 11 4 15 24 13 21 0 19 23 16 22 7 3 18
52 1 6 1 9 12 5 14 8 2 10 20 17 11 4 15 24 13 21 7 19 23 16 22 0 3 18
51 1 6 1 9 12 5 14 8 2 10 20 17 11 4 15 24 13 21 7 19 23 16 22 3 0 18
50 1 6 1 9 12 5 14 8 2 10 20 17 11 4 15 24 13 21 7 19 23 16 22 3 18 0
49 1 6 1 9 12 5 14 8 2 10 20 17 11 4 15 24 13 21 7 19 0 16 22 3 18 23
48 1 6 1 9 12 5 14 8 2 10 20 17 11 4 15 0 13 21 7 19 24 16 22 3 18 23
47 1 6 1 9 12 5 14 8 2 10 0 17 11 4 15 20 13 21 7 19 24 16 22 3 18 23
46 1 6 1 9 12 5 14 8 2 0 10 17 11 4 15 20 13 21 7 19 24 16 22 3 18 23
45 1 6 1 9 0 5 14 8 2 12 10 17 11 4 15 20 13 21 7 19 24 16 22 3 18 23
44 1 6 1 0 9 5 14 8 2 12 10 17 11 4 15 20 13 21 7 19 24 16 22 3 18 23
43 1 6 1 2 9 5 14 8 0 12 10 17 11 4 15 20 13 21 7 19 24 16 22 3 18 23
42 1 6 1 2 9 5 14 8 4 12 10 17 11 0 15 20 13 21 7 19 24 16 22 3 18 23
41 1 6 1 2 9 5 14 8 4 12 10 17 11 7 15 20 13 21 0 19 24 16 22 3 18 23
40 1 6 1 2 9 5 14 8 4 12 10 17 11 7 15 20 13 21 3 19 24 16 22 0 18 23
39 1 6 1 2 9 5 14 8 4 12 10 17 11 7 15 20 13 21 3 19 24 16 0 22 18 23
38 1 6 1 2 9 5 14 8 4 12 10 17 11 7 15 20 13 0 3 19 24 16 21 22 18 23
37 1 6 1 2 9 5 14 8 4 12 10 17 11 7 15 20 0 13 3 19 24 16 21 22 18 23
36 1 6 1 2 9 5 14 8 4 12 10 0 11 7 15 20 17 13 3 19 24 16 21 22 18 23
35 1 6 1 2 9 5 14 8 4 12 10 11 0 7 15 20 17 13 3 19 24 16 21 22 18 23
34 1 6 1 2 9 5 14 0 4 12 10 11 8 7 15 20 17 13 3 19 24 16 21 22 18 23
33 1 6 1 2 9 5 0 14 4 12 10 11 8 7 15 20 17 13 3 19 24 16 21 22 18 23
32 1 0 1 2 9 5 6 14 4 12 10 11 8 7 15 20 17 13 3 19 24 16 21 22 18 23
31 1 1 0 2 9 5 6 14 4 12 10 11 8 7 15 20 17 13 3 19 24 16 21 22 18 23
30 1 1 2 0 9 5 6 14 4 12 10 11 8 7 15 20 17 13 3 19 24 16 21 22 18 23
84 1 10 6 21 20 0 9 2 5 24 3 11 1 4 8 19 16 17 12 15 23 22 13 14 18 7
83 1 10 6 21 20 3 9 2 5 24 0 11 1 4 8 19 16 17 12 15 23 22 13 14 18 7
82 1 10 6 21 20 3 9 2 5 0 24 11 1 4 8 19 16 17 12 15 23 22 13 14 18 7
81 1 10 6 21 20 3 9 2 0 5 24 11 1 4 8 19 16 17 12 15 23 22 13 14 18 7
80 1 10 6 21 20 3 9 2 4 5 24 11 1 0 8 19 16 17 12 15 23 22 13 14 18 7
79 1 10 6 21 20 3 9 2 4 5 24 11 1 8 0 19 16 17 12 15 23 22 13 14 18 7
78 1 10 6 21 20 3 9 2 4 5 24 11 1 8 15 19 16 17 12 0 23 22 13 14 18 7
77 1 10 6 21 20 3 9 2 4 5 24 11 1 8 15 19 16 17 12 18 23 22 13 14 0 7
76 1 10 6 21 20 3 9 2 4 5 24 11 1 8 15 19 16 17 12 18 23 22 13 14 7 0
75 1 10 6 21 20 3 9 2 4 5 24 11 1 8 15 19 16 17 12 18 0 22 13 14 7 23
74 1 10 6 21 20 3 9 2 4 5 24 11 1 8 15 0 16 17 12 18 19 22 13 14 7 23
73 1 10 6 21 20 3 9 2 4 5 0 11 1 8 15 24 16 17 12 18 19 22 13 14 7 23
72 1 10 6 21 20 3 9 2 4 0 5 11 1 8 15 24 16 17 12 18 19 22 13 14 7 23
71 1 10 6 21 0 3 9 2 4 20 5 11 1 8 15 24 16 17 12 18 19 22 13 14 7 23
70 1 10 6 21 3 0 9 2 4 20 5 11 1 8 15 24 16 17 12 18 19 22 13 14 7 23
69 1 10 6 21 3 5 9 2 4 20 0 11 1 8 15 24 16 17 12 18 19 22 13 14 7 23
68 1 10 6 21 3 5 9 2 4 0 20 11 1 8 15 24 16 17 12 18 19 22 13 14 7 23
67 1 10 6 21 3 5 9 2 0 4 20 11 1 8 15 24 16 17 12 18 19 22 13 14 7 23
66 1 10 6 0 3 5 9 2 21 4 20 11 1 8 15 24 16 17 12 18 19 22 13 14 7 23
65 1 10 0 6 3 5 9 2 21 4 20 11 1 8 15 24 16 17 12 18 19 22 13 14 7 23
64 1 10 2 6 3 5 9 0 21 4 20 11 1 8 15 24 16 17 12 18 19 22 13 14 7 23
63 1 10 2 6 3 5 0 9 21 4 20 11 1 8 15 24 16 17 12 18 19 22 13 14 7 23
62 1 0 2 6 3 5 10 9 21 4 20 11 1 8 15 24 16 17 12 18 19 22 13 14 7 23
61 1 2 0 6 3 5 10 9 21 4 20 11 1 8 15 24 16 17 12 18 19 22 13 14 7 23
60 1 2 9 6 3 5 10 0 21 4 20 11 1 8 15 24 16 17 12 18 19 22 13 14 7 23
59 1 2 9 6 3 5 0 10 21 4 20 11 1 8 15 24 16 17 12 18 19 22 13 14 7 23
58 1 2 9 6 3 5 11 10 21 4 20 0 1 8 15 24 16 17 12 18 19 22 13 14 7 23
57 1 2 9 6 3 5 11 10 21 4 20 1 0 8 15 24 16 17 12 18 19 22 13 14 7 23
56 1 2 9 6 3 5 11 10 21 4 20 1 8 0 15 24 16 17 12 18 19 22 13 14 7 23
55 1 2 9 6 3 5 11 10 0 4 20 1 8 21 15 24 16 17 12 18 19 22 13 14 7 23
54 1 2 9 6 3 5 11 0 10 4 20 1 8 21 15 24 16 17 12 18 19 22 13 14 7 23
53 1 2 0 6 3 5 11 9 10 4 20 1 8 21 15 24 16 17 12 18 19 22 13 14 7 23
52 1 2 6 0 3 5 11 9 10 4 20 1 8 21 15 24 16 17 12 18 19 22 13 14 7 23
51 1 2 6 3 0 5 11 9 10 4 20 1 8 21 15 24 16 17 12 18 19 22 13 14 7 23
50 1 2 6 3 4 5 11 9 10 0 20 1 8 21 15 24 16 17 12 18 19 22 13 14 7 23
49 1 2 6 3 4 5 11 9 0 10 20 1 8 21 15 24 16 17 12 18 19 22 13 14 7 23
48 1 2 6 3 4 5 11 0 9 10 20 1 8 21 15 24 16 17 12 18 19 22 13 14 7 23
47 1 2 6 3 4 5 11 8 9 10 20 1 0 21 15 24 16 17 12 18 19 22 13 14 7 23
46 1 2 6 3 4 5 11 8 9 10 20 1 21 0 15 24 16 17 12 18 19 22 13 14 7 23
45 1 2 6 3 4 5 11 8 9 10 20 1 21 12 15 24 16 17 0 18 19 22 13 14 7 23
44 1 2 6 3 4 5 11 8 9 10 20 1 21 12 15 24 16 17 14 18 19 22 13 0 7 23
43 1 2 6 3 4 5 11 8 9 10 20 1 21 12 15 24 16 17 14 18 19 22 13 7 0 23
42 1 2 6 3 4 5 11 8 9 10 20 1 21 12 15 24 16 17 14 0 19 22 13 7 18 23
41 1 2 6 3 4 5 11 8 9 10 20 1 21 12 15 24 16 17 0 14 19 22 13 7 18 23
40 1 2 6 3 4 5 11 8 9 10 20 1 21 12 15 24 16 17 7 14 19 22 13 0 18 23
39 1 2 6 3 4 5 11 8 9 10 20 1 21 12 15 24 16 17 7 14 19 22 0 13 18 23
38 1 2 6 3 4 5 11 8 9 10 20 1 21 12 15 24 16 0 7 14 19 22 17 13 18 23
37 1 2 6 3 4 5 11 8 9 10 20 1 0 12 15 24 16 21 7 14 19 22 17 13 18 23
36 1 2 6 3 4 5 11 8 9 10 20 0 1 12 15 24 16 21 7 14 19 22 17 13 18 23
35 1 2 6 3 4 5 11 8 9 10 20 16 1 12 15 24 0 21 7 14 19 22 17 13 18 23
34 1 2 6 3 4 5 11 8 9 10 20 16 1 12 15 24 21 0 7 14 19 22 17 13 18 23
33 1 2 6 3 4 5 11 8 9 10 20 16 1 12 15 24 21 7 0 14 19 22 17 13 18 23
32 1 2 6 3 4 5 11 8 9 10 20 16 1 12 15 24 21 7 13 14 19 22 17 0 18 23
31 1 2 6 3 4 5 11 8 9 10 20 16 1 12 15 24 21 7 13 14 19 22 17 18 0 23
30 1 2 6 3 4 5 11 8 9 10 20 16 1 12 15 24 21 7 13 14 19 22 17 18 23 0
72 1 2 11 10 7 14 13 12 3 4 8 6 15 23 5 18 1 0 19 20 17 16 21 9 22 24
71 1 2 11 10 7 14 13 12 3 4 8 6 0 23 5 18 1 15 19 20 17 16 21 9 22 24
70 1 2 11 10 7 14 13 12 3 4 8 6 23 0 5 18 1 15 19 20 17 16 21 9 22 24
69 1 2 11 10 7 14 13 12 3 4 8 6 23 5 0 18 1 15 19 20 17 16 21 9 22 24
68 1 2 11 10 7 14 13 12 3 4 8 6 23 5 20 18 1 15 19 0 17 16 21 9 22 24
67 1 2 11 10 7 14 13 12 3 4 8 6 23 5 20 18 1 15 0 19 17 16 21 9 22 24
66 1 2 11 10 7 14 13 12 3 4 8 6 23 5 20 18 1 15 9 19 17 16 21 0 22 24
65 1 2 11 10 7 14 13 12 3 4 8 6 23 5 20 18 1 15 9 19 17 16 21 22 0 24
64 1 2 11 10 7 14 13 12 3 4 8 6 23 5 20 18 1 15 9 0 17 16 21 22 19 24
63 1 2 11 10 7 14 13 12 3 4 8 6 23 5 20 18 1 15 9 17 0 16 21 22 19 24
62 1 2 11 10 7 14 13 12 3 4 8 6 23 5 20 0 1 15 9 17 18 16 21 22 19 24
61 1 2 11 10 7 14 13 12 3 4 8 6 23 5 0 20 1 15 9 17 18 16 21 22 19 24
60 1 2 11 10 7 14 13 12 3 4 8 6 23 0 5 20 1 15 9 17 18 16 21 22 19 24
59 1 2 11 10 7 14 13 12 3 4 8 6 23 9 5 20 1 15 0 17 18 16 21 22 19 24
58 1 2 11 10 7 14 13 12 3 4 8 6 23 9 5 20 1 0 15 17 18 16 21 22 19 24
57 1 2 11 10 7 14 13 12 3 4 8 6 0 9 5 20 1 23 15 17 18 16 21 22 19 24
56 1 2 11 10 7 14 13 0 3 4 8 6 12 9 5 20 1 23 15 17 18 16 21 22 19 24
55 1 2 11 10 7 14 13 3 0 4 8 6 12 9 5 20 1 23 15 17 18 16 21 22 19 24
54 1 2 11 10 7 14 13 3 9 4 8 6 12 0 5 20 1 23 15 17 18 16 21 22 19 24
53 1 2 11 10 7 14 13 3 9 4 8 6 12 15 5 20 1 23 0 17 18 16 21 22 19 24
52 1 2 11 10 7 14 13 3 9 4 8 6 12 15 5 20 1 0 23 17 18 16 21 22 19 24
51 1 2 11 10 7 14 13 3 9 4 8 6 0 15 5 20 1 12 23 17 18 16 21 22 19 24
50 1 2 11 10 7 14 13 3 9 4 8 0 6 15 5 20 1 12 23 17 18 16 21 22 19 24
49 1 2 11 10 7 14 13 3 9 4 8 1 6 15 5 20 0 12 23 17 18 16 21 22 19 24
48 1 2 11 10 7 14 13 3 9 4 8 1 6 15 5 20 16 12 23 17 18 0 21 22 19 24
47 1 2 11 10 7 14 13 3 9 4 8 1 6 15 5 20 16 12 23 17 18 21 0 22 19 24
46 1 2 11 10 7 14 13 3 9 4 8 1 6 15 5 20 16 12 23 17 18 21 22 0 19 24
45 1 2 11 10 7 14 13 3 9 4 8 1 6 15 5 20 16 12 0 17 18 21 22 23 19 24
44 1 2 11 10 7 14 13 3 9 4 8 1 6 15 5 20 16 12 17 0 18 21 22 23 19 24
43 1 2 11 10 7 14 13 3 9 4 8 1 6 15 5 20 16 12 17 18 0 21 22 23 19 24
42 1 2 11 10 7 14 13 3 9 4 8 1 6 15 5 0 16 12 17 18 20 21 22 23 19 24
41 1 2 11 10 7 14 13 3 9 4 8 1 6 15 0 5 16 12 17 18 20 21 22 23 19 24
40 1 2 11 10 7 14 13 3 9 4 8 1 6 0 15 5 16 12 17 18 20 21 22 23 19 24
39 1 2 11 10 7 14 13 3 0 4 8 1 6 9 15 5 16 12 17 18 20 21 22 23 19 24
38 1 2 11 0 7 14 13 3 10 4 8 1 6 9 15 5 16 12 17 18 20 21 22 23 19 24
37 1 2 11 7 0 14 13 3 10 4 8 1 6 9 15 5 16 12 17 18 20 21 22 23 19 24
36 1 2 11 7 4 14 13 3 10 0 8 1 6 9 15 5 16 12 17 18 20 21 22 23 19 24
35 1 2 11 7 4 14 13 3 10 8 0 1 6 9 15 5 16 12 17 18 20 21 22 23 19 24
34 1 2 11 7 4 14 13 3 10 8 5 1 6 9 15 0 16 12 17 18 20 21 22 23 19 24
33 1 2 11 7 4 14 13 3 10 8 5 1 6 9 0 15 16 12 17 18 20 21 22 23 19 24
32 1 2 11 7 4 14 13 3 10 0 5 1 6 9 8 15 16 12 17 18 20 21 22 23 19 24
31 1 2 11 7 4 14 13 3 0 10 5 1 6 9 8 15 16 12 17 18 20 21 22 23 19 24
30 1 2 11 7 4 14 13 0 3 10 5 1 6 9 8 15 16 12 17 18 20 21 22 23 19 24
86 1 6 2 9 10 7 21 1 12 4 8 20 19 0 13 3 24 22 23 15 11 18 17 16 14 5
85 1 6 2 9 10 7 21 1 12 4 8 20 19 13 0 3 24 22 23 15 11 18 17 16 14 5
84 1 6 2 9 10 7 21 1 12 4 8 20 19 13 3 0 24 22 23 15 11 18 17 16 14 5
83 1 6 2 9 10 7 21 1 12 4 8 20 19 13 3 11 24 22 23 15 0 18 17 16 14 5
82 1 6 2 9 10 7 21 1 12 4 8 20 19 13 3 11 24 22 23 15 5 18 17 16 14 0
81 1 6 2 9 10 7 21 1 12 4 8 20 19 13 3 11 24 22 23 15 5 18 17 16 0 14
80 1 6 2 9 10 7 21 1 12 4 8 20 19 13 3 11 24 22 23 0 5 18 17 16 15 14
79 1 6 2 9 10 7 21 1 12 4 8 20 19 13 3 11 24 22 0 23 5 18 17 16 15 14
78 1 6 2 9 10 7 21 1 12 4 8 20 19 0 3 11 24 22 13 23 5 18 17 16 15 14
77 1 6 2 9 10 7 21 1 12 4 8 20 19 3 0 11 24 22 13 23 5 18 17 16 15 14
76 1 6 2 9 10 7 21 1 12 4 8 20 19 3 11 0 24 22 13 23 5 18 17 16 15 14
75 1 6 2 9 10 7 21 1 12 4 0 20 19 3 11 8 24 22 13 23 5 18 17 16 15 14
74 1 6 2 9 10 0 21 1 12 4 7 20 19 3 11 8 24 22 13 23 5 18 17 16 15 14
73 1 6 2 9 0 10 21 1 12 4 7 20 19 3 11 8 24 22 13 23 5 18 17 16 15 14
72 1 6 2 9 4 10 21 1 12 0 7 20 19 3 11 8 24 22 13 23 5 18 17 16 15 14
71 1 6 2 9 4 10 21 1 12 7 0 20 19 3 11 8 24 22 13 23 5 18 17 16 15 14
70 1 6 2 9 4 0 21 1 12 7 10 20 19 3 11 8 24 22 13 23 5 18 17 16 15 14
69 1 6 2 9 0 4 21 1 12 7 10 20 19 3 11 8 24 22 13 23 5 18 17 16 15 14
68 1 6 2 0 9 4 21 1 12 7 10 20 19 3 11 8 24 22 13 23 5 18 17 16 15 14
67 1 6 0 2 9 4 21 1 12 7 10 20 19 3 11 8 24 22 13 23 5 18 17 16 15 14
66 1 6 1 2 9 4 21 0 12 7 10 20 19 3 11 8 24 22 13 23 5 18 17 16 15 14
65 1 6 1 2 9 4 21 12 0 7 10 20 19 3 11 8 24 22 13 23 5 18 17 16 15 14
64 1 6 1 2 9 4 21 12 3 7 10 20 19 0 11 8 24 22 13 23 5 18 17 16 15 14
63 1 6 1 2 9 4 21 12 3 7 10 20 19 13 11 8 24 22 0 23 5 18 17 16 15 14
62 1 6 1 2 9 4 21 12 3 7 10 20 19 13 11 8 24 0 22 23 5 18 17 16 15 14
61 1 6 1 2 9 4 21 12 3 7 10 20 19 13 11 8 0 24 22 23 5 18 17 16 15 14
60 1 6 1 2 9 4 21 12 3 7 10 0 19 13 11 8 20 24 22 23 5 18 17 16 15 14
59 1 6 1 2 9 4 0 12 3 7 10 21 19 13 11 8 20 24 22 23 5 18 17 16 15 14
58 1 0 1 2 9 4 6 12 3 7 10 21 19 13 11 8 20 24 22 23 5 18 17 16 15 14
57 1 1 0 2 9 4 6 12 3 7 10 21 19 13 11 8 20 24 22 23 5 18 17 16 15 14
56 1 1 2 0 9 4 6 12 3 7 10 21 19 13 11 8 20 24 22 23 5 18 17 16 15 14
55 1 1 2 3 9 4 6 12 0 7 10 21 19 13 11 8 20 24 22 23 5 18 17 16 15 14
54 1 1 2 3 9 4 6 12 13 7 10 21 19 0 11 8 20 24 22 23 5 18 17 16 15 14
53 1 1 2 3 9 4 6 12 13 7 10 21 19 22 11 8 20 24 0 23 5 18 17 16 15 14
52 1 1 2 3 9 4 6 12 13 7 10 21 19 22 11 8 20 0 24 23 5 18 17 16 15 14
51 1 1 2 3 9 4 6 12 13 7 10 21 19 22 11 8 0 20 24 23 5 18 17 16 15 14
50 1 1 2 3 9 4 6 12 13 7 10 21 19 22 11 8 18 20 24 23 5 0 17 16 15 14
49 1 1 2 3 9 4 6 12 13 7 10 21 19 22 11 8 18 20 24 23 5 17 0 16 15 14
48 1 1 2 3 9 4 6 12 13 7 10 21 19 22 11 8 18 20 24 23 5 17 16 0 15 14
47 1 1 2 3 9 4 6 12 13 7 10 21 19 22 11 8 18 20 0 23 5 17 16 24 15 14
46 1 1 2 3 9 4 6 12 13 7 10 21 19 0 11 8 18 20 22 23 5 17 16 24 15 14
45 1 1 2 3 9 4 6 12 13 7 10 21 19 11 0 8 18 20 22 23 5 17 16 24 15 14
44 1 1 2 3 9 4 6 12 13 7 10 21 19 11 8 0 18 20 22 23 5 17 16 24 15 14
43 1 1 2 3 9 4 6 12 13 7 10 21 19 11 8 5 18 20 22 23 0 17 16 24 15 14
42 1 1 2 3 9 4 6 12 13 7 10 21 19 11 8 5 18 20 22 23 14 17 16 24 15 0
41 1 1 2 3 9 4 6 12 13 7 10 21 19 11 8 5 18 20 22 23 14 17 16 24 0 15
40 1 1 2 3 9 4 6 12 13 7 10 21 19 11 8 5 18 20 22 23 14 17 16 0 24 15
39 1 1 2 3 9 4 6 12 13 7 10 21 19 11 8 5 18 20 0 23 14 17 16 22 24 15
38 1 1 2 3 9 4 6 12 13 7 10 21 19 11 8 5 18 0 20 23 14 17 16 22 24 15
37 1 1 2 3 9 4 6 12 13 7 10 21 0 11 8 5 18 19 20 23 14 17 16 22 24 15
36 1 1 2 3 9 4 6 12 13 7 10 21 11 0 8 5 18 19 20 23 14 17 16 22 24 15
35 1 1 2 3 9 4 6 12 0 7 10 21 11 13 8 5 18 19 20 23 14 17 16 22 24 15
34 1 1 2 3 9 4 6 12 7 0 10 21 11 13 8 5 18 19 20 23 14 17 16 22 24 15
33 1 1 2 3 9 4 6 12 7 8 10 21 11 13 0 5 18 19 20 23 14 17 16 22 24 15
32 1 1 2 3 9 4 6 12 7 8 10 21 11 13 5 0 18 19 20 23 14 17 16 22 24 15
31 1 1 2 3 9 4 6 12 7 8 10 21 11 13 5 14 18 19 20 23 0 17 16 22 24 15
30 1 1 2 3 9 4 6 12 7 8 10 21 11 13 5 14 18 19 20 23 15 17 16 22 24 0
84 1 13 10 14 23 15 6 2 4 0 24 9 3 7 5 22 12 1 8 19 21 16 20 11 17 18
83 1 13 10 14 0 15 6 2 4 23 24 9 3 7 5 22 12 1 8 19 21 16 20 11 17 18
82 1 13 10 0 14 15 6 2 4 23 24 9 3 7 5 22 12 1 8 19 21 16 20 11 17 18
81 1 13 0 10 14 15 6 2 4 23 24 9 3 7 5 22 12 1 8 19 21 16 20 11 17 18
80 1 13 2 10 14 15 6 0 4 23 24 9 3 7 5 22 12 1 8 19 21 16 20 11 17 18
79 1 13 2 10 14 15 6 3 4 23 24 9 0 7 5 22 12 1 8 19 21 16 20 11 17 18
78 1 13 2 10 14 15 6 3 4 23 24 9 1 7 5 22 12 0 8 19 21 16 20 11 17 18
77 1 13 2 10 14 15 6 3 4 23 24 9 1 7 5 22 12 20 8 19 21 16 0 11 17 18
76 1 13 2 10 14 15 6 3 4 23 24 9 1 7 5 22 12 20 8 19 21 16 11 0 17 18
75 1 13 2 10 14 15 6 3 4 23 24 9 1 7 5 22 12 20 8 19 21 16 11 17 0 18
74 1 13 2 10 14 15 6 3 4 23 24 9 1 7 5 22 12 20 8 19 21 16 11 17 18 0
73 1 13 2 10 14 15 6 3 4 23 24 9 1 7 5 22 12 20 8 19 0 16 11 17 18 21
72 1 13 2 10 14 15 6 3 4 23 24 9 1 7 5 0 12 20 8 19 22 16 11 17 18 21
71 1 13 2 10 14 15 6 3 4 23 0 9 1 7 5 24 12 20 8 19 22 16 11 17 18 21
70 1 13 2 10 14 15 6 3 4 0 23 9 1 7 5 24 12 20 8 19 22 16 11 17 18 21
69 1 13 2 10 0 15 6 3 4 14 23 9 1 7 5 24 12 20 8 19 22 16 11 17 18 21
68 1 13 2 0 10 15 6 3 4 14 23 9 1 7 5 24 12 20 8 19 22 16 11 17 18 21
67 1 13 2 4 10 15 6 3 0 14 23 9 1 7 5 24 12 20 8 19 22 16 11 17 18 21
66 1 13 2 4 10 15 6 3 14 0 23 9 1 7 5 24 12 20 8 19 22 16 11 17 18 21
65 1 13 2 4 10 15 6 3 14 5 23 9 1 7 0 24 12 20 8 19 22 16 11 17 18 21
64 1 13 2 4 10 15 6 3 14 5 23 9 1 7 24 0 12 20 8 19 22 16 11 17 18 21
63 1 13 2 4 10 15 6 3 14 5 0 9 1 7 24 23 12 20 8 19 22 16 11 17 18 21
62 1 13 2 4 10 0 6 3 14 5 15 9 1 7 24 23 12 20 8 19 22 16 11 17 18 21
61 1 13 2 4 0 10 6 3 14 5 15 9 1 7 24 23 12 20 8 19 22 16 11 17 18 21
60 1 13 2 4 5 10 6 3 14 0 15 9 1 7 24 23 12 20 8 19 22 16 11 17 18 21
59 1 13 2 4 5 10 6 3 0 14 15 9 1 7 24 23 12 20 8 19 22 16 11 17 18 21
58 1 13 2 4 5 10 6 0 3 14 15 9 1 7 24 23 12 20 8 19 22 16 11 17 18 21
57 1 13 2 4 5 10 0 6 3 14 15 9 1 7 24 23 12 20 8 19 22 16 11 17 18 21
56 1 0 2 4 5 10 13 6 3 14 15 9 1 7 24 23 12 20 8 19 22 16 11 17 18 21
55 1 2 0 4 5 10 13 6 3 14 15 9 1 7 24 23 12 20 8 19 22 16 11 17 18 21
54 1 2 6 4 5 10 13 0 3 14 15 9 1 7 24 23 12 20 8 19 22 16 11 17 18 21
53 1 2 6 4 5 10 13 1 3 14 15 9 0 7 24 23 12 20 8 19 22 16 11 17 18 21
52 1 2 6 4 5 10 13 1 3 14 15 0 9 7 24 23 12 20 8 19 22 16 11 17 18 21
51 1 2 6 4 5 10 0 1 3 14 15 13 9 7 24 23 12 20 8 19 22 16 11 17 18 21
50 1 2 6 4 5 10 1 0 3 14 15 13 9 7 24 23 12 20 8 19 22 16 11 17 18 21
49 1 2 0 4 5 10 1 6 3 14 15 13 9 7 24 23 12 20 8 19 22 16 11 17 18 21
48 1 0 2 4 5 10 1 6 3 14 15 13 9 7 24 23 12 20 8 19 22 16 11 17 18 21
47 1 1 2 4 5 10 0 6 3 14 15 13 9 7 24 23 12 20 8 19 22 16 11 17 18 21
46 1 1 2 4 5 10 6 0 3 14 15 13 9 7 24 23 12 20 8 19 22 16 11 17 18 21
45 1 1 2 4 5 10 6 9 3 14 15 13 0 7 24 23 12 20 8 19 22 16 11 17 18 21
44 1 1 2 4 5 10 6 9 3 14 15 13 7 0 24 23 12 20 8 19 22 16 11 17 18 21
43 1 1 2 4 5 10 6 9 3 14 15 13 7 8 24 23 12 20 0 19 22 16 11 17 18 21
42 1 1 2 4 5 10 6 9 3 14 15 13 7 8 24 23 12 0 20 19 22 16 11 17 18 21
41 1 1 2 4 5 10 6 9 3 14 15 13 7 8 24 23 12 11 20 19 22 16 0 17 18 21
40 1 1 2 4 5 10 6 9 3 14 15 13 7 8 24 23 12 11 20 19 22 16 17 0 18 21
39 1 1 2 4 5 10 6 9 3 14 15 13 7 8 24 23 12 11 20 19 22 16 17 18 0 21
38 1 1 2 4 5 10 6 9 3 14 15 13 7 8 24 23 12 11 20 19 22 16 17 18 21 0
37 1 1 2 4 5 10 6 9 3 14 15 13 7 8 24 23 12 11 20 19 0 16 17 18 21 22
36 1 1 2 4 5 10 6 9 3 14 15 13 7 8 24 0 12 11 20 19 23 16 17 18 21 22
35 1 1 2 4 5 10 6 9 3 14 15 13 7 8 0 24 12 11 20 19 23 16 17 18 21 22
34 1 1 2 4 5 10 6 9 3 14 15 13 7 8 19 24 12 11 20 0 23 16 17 18 21 22
33 1 1 2 4 5 10 6 9 3 14 15 13 7 8 19 24 12 11 0 20 23 16 17 18 21 22
32 1 1 2 4 5 10 6 9 3 14 15 13 7 8 19 24 12 11 18 20 23 16 17 0 21 22
31 1 1 2 4 5 10 6 9 3 14 15 13 7 8 19 24 12 11 18 20 23 16 17 21 0 22
30 1 1 2 4 5 10 6 9 3 14 15 13 7 8 19 24 12 11 18 20 23 16 17 21 22 0
72 1 2 3 0 8 9 1 5 15 14 20 7 10 11 24 23 12 17 16 19 13 21 22 18 6 4
71 1 2 3 15 8 9 1 5 0 14 20 7 10 11 24 23 12 17 16 19 13 21 22 18 6 4
70 1 2 3 15 8 9 1 0 5 14 20 7 10 11 24 23 12 17 16 19 13 21 22 18 6 4
69 1 2 3 15 8 9 1 10 5 14 20 7 0 11 24 23 12 17 16 19 13 21 22 18 6 4
68 1 2 3 15 8 9 1 10 5 14 20 7 11 0 24 23 12 17 16 19 13 21 22 18 6 4
67 1 2 3 15 8 9 1 10 5 14 20 7 11 16 24 23 12 17 0 19 13 21 22 18 6 4
66 1 2 3 15 8 9 1 10 5 14 20 7 11 16 24 23 12 17 19 0 13 21 22 18 6 4
65 1 2 3 15 8 9 1 10 5 14 20 7 11 16 24 23 12 17 19 13 0 21 22 18 6 4
64 1 2 3 15 8 9 1 10 5 14 20 7 11 16 24 0 12 17 19 13 23 21 22 18 6 4
63 1 2 3 15 8 9 1 10 5 14 20 7 11 16 0 24 12 17 19 13 23 21 22 18 6 4
62 1 2 3 15 8 9 1 10 5 14 20 7 11 16 13 24 12 17 19 0 23 21 22 18 6 4
61 1 2 3 15 8 9 1 10 5 14 20 7 11 16 13 24 12 17 19 6 23 21 22 18 0 4
60 1 2 3 15 8 9 1 10 5 14 20 7 11 16 13 24 12 17 19 6 23 21 22 18 4 0
59 1 2 3 15 8 9 1 10 5 14 20 7 11 16 13 24 12 17 19 6 0 21 22 18 4 23
58 1 2 3 15 8 9 1 10 5 14 20 7 11 16 13 0 12 17 19 6 24 21 22 18 4 23
57 1 2 3 15 8 9 1 10 5 14 0 7 11 16 13 20 12 17 19 6 24 21 22 18 4 23
56 1 2 3 15 8 9 1 10 5 0 14 7 11 16 13 20 12 17 19 6 24 21 22 18 4 23
55 1 2 3 15 8 9 1 10 0 5 14 7 11 16 13 20 12 17 19 6 24 21 22 18 4 23
54 1 2 3 15 8 9 1 0 10 5 14 7 11 16 13 20 12 17 19 6 24 21 22 18 4 23
53 1 2 3 15 8 9 1 11 10 5 14 7 0 16 13 20 12 17 19 6 24 21 22 18 4 23
52 1 2 3 15 8 9 1 11 10 5 14 7 16 0 13 20 12 17 19 6 24 21 22 18 4 23
51 1 2 3 15 8 9 1 11 10 5 14 7 16 13 0 20 12 17 19 6 24 21 22 18 4 23
50 1 2 3 15 8 9 1 11 10 5 14 7 16 13 6 20 12 17 19 0 24 21 22 18 4 23
49 1 2 3 15 8 9 1 11 10 5 14 7 16 13 6 20 12 17 19 4 24 21 22 18 0 23
48 1 2 3 15 8 9 1 11 10 5 14 7 16 13 6 20 12 17 19 4 24 21 22 18 23 0
47 1 2 3 15 8 9 1 11 10 5 14 7 16 13 6 20 12 17 19 4 0 21 22 18 23 24
46 1 2 3 15 8 9 1 11 10 5 14 7 16 13 6 0 12 17 19 4 20 21 22 18 23 24
45 1 2 3 15 8 9 1 11 10 5 0 7 16 13 6 14 12 17 19 4 20 21 22 18 23 24
44 1 2 3 15 8 9 1 11 10 0 5 7 16 13 6 14 12 17 19 4 20 21 22 18 23 24
43 1 2 3 15 8 9 1 11 10 6 5 7 16 13 0 14 12 17 19 4 20 21 22 18 23 24
42 1 2 3 15 8 9 1 11 10 6 5 7 16 13 4 14 12 17 19 0 20 21 22 18 23 24
41 1 2 3 15 8 9 1 11 10 6 5 7 16 13 4 14 12 17 0 19 20 21 22 18 23 24
40 1 2 3 15 8 9 1 11 10 6 5 7 16 0 4 14 12 17 13 19 20 21 22 18 23 24
39 1 2 3 15 8 9 1 11 0 6 5 7 16 10 4 14 12 17 13 19 20 21 22 18 23 24
38 1 2 3 15 8 9 1 11 6 0 5 7 16 10 4 14 12 17 13 19 20 21 22 18 23 24
37 1 2 3 15 8 9 1 11 6 4 5 7 16 10 0 14 12 17 13 19 20 21 22 18 23 24
36 1 2 3 15 8 9 1 11 6 4 5 7 16 0 10 14 12 17 13 19 20 21 22 18 23 24
35 1 2 3 15 8 9 1 11 0 4 5 7 16 6 10 14 12 17 13 19 20 21 22 18 23 24
34 1 2 3 0 8 9 1 11 15 4 5 7 16 6 10 14 12 17 13 19 20 21 22 18 23 24
33 1 2 3 8 0 9 1 11 15 4 5 7 16 6 10 14 12 17 13 19 20 21 22 18 23 24
32 1 2 3 8 4 9 1 11 15 0 5 7 16 6 10 14 12 17 13 19 20 21 22 18 23 24
31 1 2 3 8 4 9 1 11 0 15 5 7 16 6 10 14 12 17 13 19 20 21 22 18 23 24
30 1 2 3 0 4 9 1 11 8 15 5 7 16 6 10 14 12 17 13 19 20 21 22 18 23 24
86 1 2 19 11 6 13 18 1 15 4 12 22 16 0 21 5 23 3 8 20 10 17 14 9 24 7
85 1 2 19 11 6 13 18 1 0 4 12 22 16 15 21 5 23 3 8 20 10 17 14 9 24 7
84 1 2 19 11 6 13 18 0 1 4 12 22 16 15 21 5 23 3 8 20 10 17 14 9 24 7
83 1 2 19 11 6 13 18 16 1 4 12 22 0 15 21 5 23 3 8 20 10 17 14 9 24 7
82 1 2 19 11 6 13 18 16 1 4 12 22 3 15 21 5 23 0 8 20 10 17 14 9 24 7
81 1 2 19 11 6 13 18 16 1 4 12 22 3 15 21 5 0 23 8 20 10 17 14 9 24 7
80 1 2 19 11 6 13 18 16 1 4 12 0 3 15 21 5 22 23 8 20 10 17 14 9 24 7
79 1 2 19 11 6 13 0 16 1 4 12 18 3 15 21 5 22 23 8 20 10 17 14 9 24 7
78 1 2 19 11 6 13 16 0 1 4 12 18 3 15 21 5 22 23 8 20 10 17 14 9 24 7
77 1 2 0 11 6 13 16 19 1 4 12 18 3 15 21 5 22 23 8 20 10 17 14 9 24 7
76 1 2 11 0 6 13 16 19 1 4 12 18 3 15 21 5 22 23 8 20 10 17 14 9 24 7
75 1 2 11 6 0 13 16 19 1 4 12 18 3 15 21 5 22 23 8 20 10 17 14 9 24 7
74 1 2 11 6 4 13 16 19 1 0 12 18 3 15 21 5 22 23 8 20 10 17 14 9 24 7
73 1 2 11 6 4 13 16 19 1 12 0 18 3 15 21 5 22 23 8 20 10 17 14 9 24 7
72 1 2 11 6 4 13 16 19 1 12 5 18 3 15 21 0 22 23 8 20 10 17 14 9 24 7
71 1 2 11 6 4 13 16 19 1 12 5 18 3 15 21 10 22 23 8 20 0 17 14 9 24 7
70 1 2 11 6 4 13 16 19 1 12 5 18 3 15 21 10 22 23 8 0 20 17 14 9 24 7
69 1 2 11 6 4 13 16 19 1 12 5 18 3 15 0 10 22 23 8 21 20 17 14 9 24 7
68 1 2 11 6 4 13 16 19 1 12 5 18 3 0 15 10 22 23 8 21 20 17 14 9 24 7
67 1 2 11 6 4 13 16 19 1 12 5 18 0 3 15 10 22 23 8 21 20 17 14 9 24 7
66 1 2 11 6 4 13 16 0 1 12 5 18 19 3 15 10 22 23 8 21 20 17 14 9 24 7
65 1 2 11 6 4 13 16 1 0 12 5 18 19 3 15 10 22 23 8 21 20 17 14 9 24 7
64 1 2 11 6 4 13 16 1 3 12 5 18 19 0 15 10 22 23 8 21 20 17 14 9 24 7
63 1 2 11 6 4 13 16 1 3 12 5 18 0 19 15 10 22 23 8 21 20 17 14 9 24 7
62 1 2 11 6 4 13 16 1 3 12 5 0 18 19 15 10 22 23 8 21 20 17 14 9 24 7
61 1 2 11 6 4 13 0 1 3 12 5 16 18 19 15 10 22 23 8 21 20 17 14 9 24 7
60 1 2 11 6 4 13 1 0 3 12 5 16 18 19 15 10 22 23 8 21 20 17 14 9 24 7
59 1 2 0 6 4 13 1 11 3 12 5 16 18 19 15 10 22 23 8 21 20 17 14 9 24 7
58 1 2 6 0 4 13 1 11 3 12 5 16 18 19 15 10 22 23 8 21 20 17 14 9 24 7
57 1 2 6 4 0 13 1 11 3 12 5 16 18 19 15 10 22 23 8 21 20 17 14 9 24 7
56 1 2 6 4 13 0 1 11 3 12 5 16 18 19 15 10 22 23 8 21 20 17 14 9 24 7
55 1 2 6 4 13 5 1 11 3 12 0 16 18 19 15 10 22 23 8 21 20 17 14 9 24 7
54 1 2 6 4 13 5 1 11 3 12 10 16 18 19 15 0 22 23 8 21 20 17 14 9 24 7
53 1 2 6 4 13 5 1 11 3 12 10 16 18 19 15 20 22 23 8 21 0 17 14 9 24 7
52 1 2 6 4 13 5 1 11 3 12 10 16 18 19 15 20 22 23 8 21 7 17 14 9 24 0
51 1 2 6 4 13 5 1 11 3 12 10 16 18 19 15 20 22 23 8 21 7 17 14 9 0 24
50 1 2 6 4 13 5 1 11 3 12 10 16 18 19 15 20 22 23 8 0 7 17 14 9 21 24
49 1 2 6 4 13 5 1 11 3 12 10 16 18 19 15 20 22 23 8 7 0 17 14 9 21 24
48 1 2 6 4 13 5 1 11 3 12 10 16 18 19 15 0 22 23 8 7 20 17 14 9 21 24
47 1 2 6 4 13 5 1 11 3 12 10 16 18 19 0 15 22 23 8 7 20 17 14 9 21 24
46 1 2 6 4 13 5 1 11 3 12 10 16 18 19 7 15 22 23 8 0 20 17 14 9 21 24
45 1 2 6 4 13 5 1 11 3 12 10 16 18 19 7 15 22 23 0 8 20 17 14 9 21 24
44 1 2 6 4 13 5 1 11 3 12 10 16 18 0 7 15 22 23 19 8 20 17 14 9 21 24
43 1 2 6 4 13 5 1 11 3 12 10 16 18 7 0 15 22 23 19 8 20 17 14 9 21 24
42 1 2 6 4 13 5 1 11 3 0 10 16 18 7 12 15 22 23 19 8 20 17 14 9 21 24
41 1 2 6 4 0 5 1 11 3 13 10 16 18 7 12 15 22 23 19 8 20 17 14 9 21 24
40 1 2 6 0 4 5 1 11 3 13 10 16 18 7 12 15 22 23 19 8 20 17 14 9 21 24
39 1 2 6 3 4 5 1 11 0 13 10 16 18 7 12 15 22 23 19 8 20 17 14 9 21 24
38 1 2 6 3 4 5 1 11 7 13 10 16 18 0 12 15 22 23 19 8 20 17 14 9 21 24
37 1 2 6 3 4 5 1 11 7 13 10 16 18 12 0 15 22 23 19 8 20 17 14 9 21 24
36 1 2 6 3 4 5 1 11 7 13 10 16 18 12 8 15 22 23 19 0 20 17 14 9 21 24
35 1 2 6 3 4 5 1 11 7 13 10 16 18 12 8 15 22 23 0 19 20 17 14 9 21 24
34 1 2 6 3 4 5 1 11 7 13 10 16 18 12 8 15 22 23 9 19 20 17 14 0 21 24
33 1 2 6 3 4 5 1 11 7 13 10 16 18 12 8 15 22 23 9 19 20 17 14 21 0 24
32 1 2 6 3 4 5 1 11 7 13 10 16 18 12 8 15 22 23 9 0 20 17 14 21 19 24
31 1 2 6 3 4 5 1 11 7 13 10 16 18 12 8 15 22 23 0 9 20 17 14 21 19 24
30 1 2 6 3 4 5 1 11 7 13 10 16 18 12 8 15 22 0 23 9 20 17 14 21 19 24
70 1 1 6 12 4 0 11 17 13 18 9 14 23 7 8 10 3 22 2 24 15 16 21 20 19 5
69 1 1 6 12 4 9 11 17 13 18 0 14 23 7 8 10 3 22 2 24 15 16 21 20 19 5
68 1 1 6 12 4 9 11 17 13 18 10 14 23 7 8 0 3 22 2 24 15 16 21 20 19 5
67 1 1 6 12 4 9 11 17 13 18 10 14 23 7 0 8 3 22 2 24 15 16 21 20 19 5
66 1 1 6 12 4 9 11 17 13 0 10 14 23 7 18 8 3 22 2 24 15 16 21 20 19 5
65 1 1 6 12 4 9 11 17 0 13 10 14 23 7 18 8 3 22 2 24 15 16 21 20 19 5
64 1 1 6 12 4 9 11 17 7 13 10 14 23 0 18 8 3 22 2 24 15 16 21 20 19 5
63 1 1 6 12 4 9 11 17 7 13 10 14 23 2 18 8 3 22 0 24 15 16 21 20 19 5
62 1 1 6 12 4 9 11 17 7 13 10 14 23 2 18 8 3 0 22 24 15 16 21 20 19 5
61 1 1 6 12 4 9 11 17 7 13 10 14 0 2 18 8 3 23 22 24 15 16 21 20 19 5
60 1 1 6 12 4 9 11 17 7 13 10 0 14 2 18 8 3 23 22 24 15 16 21 20 19 5
59 1 1 6 12 4 9 11 17 7 13 10 3 14 2 18 8 0 23 22 24 15 16 21 20 19 5
58 1 1 6 12 4 9 11 17 7 13 10 3 14 2 18 8 16 23 22 24 15 0 21 20 19 5
57 1 1 6 12 4 9 11 17 7 13 10 3 14 2 18 8 16 23 22 24 15 21 0 20 19 5
56 1 1 6 12 4 9 11 17 7 13 10 3 14 2 18 8 16 0 22 24 15 21 23 20 19 5
55 1 1 6 12 4 9 11 17 7 13 10 3 14 2 18 8 16 22 0 24 15 21 23 20 19 5
54 1 1 6 12 4 9 11 17 7 13 10 3 14 2 18 8 16 22 20 24 15 21 23 0 19 5
53 1 1 6 12 4 9 11 17 7 13 10 3 14 2 18 8 16 22 20 24 15 21 23 19 0 5
52 1 1 6 12 4 9 11 17 7 13 10 3 14 2 18 8 16 22 20 0 15 21 23 19 24 5
51 1 1 6 12 4 9 11 17 7 13 10 3 14 2 18 8 16 22 20 15 0 21 23 19 24 5
50 1 1 6 12 4 9 11 17 7 13 10 3 14 2 18 8 16 22 20 15 5 21 23 19 24 0
49 1 1 6 12 4 9 11 17 7 13 10 3 14 2 18 8 16 22 20 15 5 21 23 19 0 24
48 1 1 6 12 4 9 11 17 7 13 10 3 14 2 18 8 16 22 20 15 5 21 23 0 19 24
47 1 1 6 12 4 9 11 17 7 13 10 3 14 2 18 8 16 22 20 15 5 21 0 23 19 24
46 1 1 6 12 4 9 11 17 7 13 10 3 14 2 18 8 16 0 20 15 5 21 22 23 19 24
45 1 1 6 12 4 9 11 17 7 13 10 3 0 2 18 8 16 14 20 15 5 21 22 23 19 24
44 1 1 6 12 4 9 11 0 7 13 10 3 17 2 18 8 16 14 20 15 5 21 22 23 19 24
43 1 1 0 12 4 9 11 6 7 13 10 3 17 2 18 8 16 14 20 15 5 21 22 23 19 24
42 1 1 12 0 4 9 11 6 7 13 10 3 17 2 18 8 16 14 20 15 5 21 22 23 19 24
41 1 1 12 7 4 9 11 6 0 13 10 3 17 2 18 8 16 14 20 15 5 21 22 23 19 24
40 1 1 12 7 4 9 11 6 2 13 10 3 17 0 18 8 16 14 20 15 5 21 22 23 19 24
39 1 1 12 7 4 9 11 6 2 13 10 3 17 18 0 8 16 14 20 15 5 21 22 23 19 24
38 1 1 12 7 4 9 11 6 2 13 10 3 17 18 8 0 16 14 20 15 5 21 22 23 19 24
37 1 1 12 7 4 9 11 6 2 13 10 3 17 18 8 5 16 14 20 15 0 21 22 23 19 24
36 1 1 12 7 4 9 11 6 2 13 10 3 17 18 8 5 16 14 20 0 15 21 22 23 19 24
35 1 1 12 7 4 9 11 6 2 13 10 3 17 18 8 5 16 14 0 20 15 21 22 23 19 24
34 1 1 12 7 4 9 11 6 2 13 10 3 17 18 8 5 16 0 14 20 15 21 22 23 19 24
33 1 1 12 7 4 9 11 6 2 13 10 3 0 18 8 5 16 17 14 20 15 21 22 23 19 24
32 1 1 12 7 4 9 11 6 2 13 10 0 3 18 8 5 16 17 14 20 15 21 22 23 19 24
31 1 1 12 7 4 9 0 6 2 13 10 11 3 18 8 5 16 17 14 20 15 21 22 23 19 24
30 1 1 12 7 4 9 6 0 2 13 10 11 3 18 8 5 16 17 14 20 15 21 22 23 19 24
82 1 0 21 6 2 11 1 13 22 12 4 24 9 3 10 8 16 20 18 7 5 17 23 14 15 19
81 1 1 21 6 2 11 0 13 22 12 4 24 9 3 10 8 16 20 18 7 5 17 23 14 15 19
80 1 1 21 6 2 11 13 0 22 12 4 24 9 3 10 8 16 20 18 7 5 17 23 14 15 19
79 1 1 0 6 2 11 13 21 22 12 4 24 9 3 10 8 16 20 18 7 5 17 23 14 15 19
78 1 1 6 0 2 11 13 21 22 12 4 24 9 3 10 8 16 20 18 7 5 17 23 14 15 19
77 1 1 6 2 0 11 13 21 22 12 4 24 9 3 10 8 16 20 18 7 5 17 23 14 15 19
76 1 1 6 2 11 0 13 21 22 12 4 24 9 3 10 8 16 20 18 7 5 17 23 14 15 19
75 1 1 6 2 11 4 13 21 22 12 0 24 9 3 10 8 16 20 18 7 5 17 23 14 15 19
74 1 1 6 2 11 4 13 21 22 12 8 24 9 3 10 0 16 20 18 7 5 17 23 14 15 19
73 1 1 6 2 11 4 13 21 22 12 8 24 9 3 0 10 16 20 18 7 5 17 23 14 15 19
72 1 1 6 2 11 4 13 21 22 12 8 24 9 0 3 10 16 20 18 7 5 17 23 14 15 19
71 1 1 6 2 11 4 13 21 22 12 8 24 0 9 3 10 16 20 18 7 5 17 23 14 15 19
70 1 1 6 2 11 4 13 0 22 12 8 24 21 9 3 10 16 20 18 7 5 17 23 14 15 19
69 1 1 0 2 11 4 13 6 22 12 8 24 21 9 3 10 16 20 18 7 5 17 23 14 15 19
68 1 1 2 0 11 4 13 6 22 12 8 24 21 9 3 10 16 20 18 7 5 17 23 14 15 19
67 1 1 2 11 0 4 13 6 22 12 8 24 21 9 3 10 16 20 18 7 5 17 23 14 15 19
66 1 1 2 11 12 4 13 6 22 0 8 24 21 9 3 10 16 20 18 7 5 17 23 14 15 19
65 1 1 2 11 12 4 13 6 22 3 8 24 21 9 0 10 16 20 18 7 5 17 23 14 15 19
64 1 1 2 11 12 4 13 6 22 3 8 24 21 0 9 10 16 20 18 7 5 17 23 14 15 19
63 1 1 2 11 12 4 13 6 22 3 8 24 21 18 9 10 16 20 0 7 5 17 23 14 15 19
62 1 1 2 11 12 4 13 6 22 3 8 24 21 18 9 10 16 0 20 7 5 17 23 14 15 19
61 1 1 2 11 12 4 13 6 22 3 8 24 0 18 9 10 16 21 20 7 5 17 23 14 15 19
60 1 1 2 11 12 4 13 6 22 3 8 0 24 18 9 10 16 21 20 7 5 17 23 14 15 19
59 1 1 2 11 12 4 0 6 22 3 8 13 24 18 9 10 16 21 20 7 5 17 23 14 15 19
58 1 1 2 11 12 4 6 0 22 3 8 13 24 18 9 10 16 21 20 7 5 17 23 14 15 19
57 1 1 2 11 12 4 6 22 0 3 8 13 24 18 9 10 16 21 20 7 5 17 23 14 15 19
56 1 1 2 0 12 4 6 22 11 3 8 13 24 18 9 10 16 21 20 7 5 17 23 14 15 19
55 1 1 2 12 0 4 6 22 11 3 8 13 24 18 9 10 16 21 20 7 5 17 23 14 15 19
54 1 1 2 12 3 4 6 22 11 0 8 13 24 18 9 10 16 21 20 7 5 17 23 14 15 19
53 1 1 2 12 3 4 6 22 11 9 8 13 24 18 0 10 16 21 20 7 5 17 23 14 15 19
52 1 1 2 12 3 4 6 22 11 9 8 13 24 18 7 10 16 21 20 0 5 17 23 14 15 19
51 1 1 2 12 3 4 6 22 11 9 8 13 24 18 7 10 16 21 20 15 5 17 23 14 0 19
50 1 1 2 12 3 4 6 22 11 9 8 13 24 18 7 10 16 21 20 15 5 17 23 0 14 19
49 1 1 2 12 3 4 6 22 11 9 8 13 24 18 7 10 16 21 0 15 5 17 23 20 14 19
48 1 1 2 12 3 4 6 22 11 9 8 13 24 0 7 10 16 21 18 15 5 17 23 20 14 19
47 1 1 2 12 3 4 6 22 11 9 8 13 0 24 7 10 16 21 18 15 5 17 23 20 14 19
46 1 1 2 12 3 4 6 0 11 9 8 13 22 24 7 10 16 21 18 15 5 17 23 20 14 19
45 1 1 2 12 3 4 6 11 0 9 8 13 22 24 7 10 16 21 18 15 5 17 23 20 14 19
44 1 1 2 0 3 4 6 11 12 9 8 13 22 24 7 10 16 21 18 15 5 17 23 20 14 19
43 1 1 2 3 0 4 6 11 12 9 8 13 22 24 7 10 16 21 18 15 5 17 23 20 14 19
42 1 1 2 3 9 4 6 11 12 0 8 13 22 24 7 10 16 21 18 15 5 17 23 20 14 19
41 1 1 2 3 9 4 6 11 12 7 8 13 22 24 0 10 16 21 18 15 5 17 23 20 14 19
40 1 1 2 3 9 4 6 11 12 7 8 13 22 24 10 0 16 21 18 15 5 17 23 20 14 19
39 1 1 2 3 9 4 6 11 12 7 8 13 22 24 10 5 16 21 18 15 0 17 23 20 14 19
38 1 1 2 3 9 4 6 11 12 7 8 13 22 24 10 5 16 21 18 0 15 17 23 20 14 19
37 1 1 2 3 9 4 6 11 12 7 8 13 22 24 10 5 16 21 18 14 15 17 23 20 0 19
36 1 1 2 3 9 4 6 11 12 7 8 13 22 24 10 5 16 21 18 14 15 17 23 0 20 19
35 1 1 2 3 9 4 6 11 12 7 8 13 22 24 10 5 16 21 18 14 15 17 0 23 20 19
34 1 1 2 3 9 4 6 11 12 7 8 13 22 24 10 5 16 0 18 14 15 17 21 23 20 19
33 1 1 2 3 9 4 6 11 12 7 8 13 0 24 10 5 16 22 18 14 15 17 21 23 20 19
32 1 1 2 3 9 4 6 11 12 7 8 0 13 24 10 5 16 22 18 14 15 17 21 23 20 19
31 1 1 2 3 9 4 6 11 12 7 8 16 13 24 10 5 0 22 18 14 15 17 21 23 20 19
30 1 1 2 3 9 4 6 11 12 7 8 16 13 24 10 5 17 22 18 14 15 0 21 23 20 19
76 1 2 7 10 24 18 1 8 12 9 15 5 11 21 4 13 6 16 14 20 3 17 19 0 22 23
75 1 2 7 10 24 18 1 8 12 9 15 5 11 21 4 13 6 16 14 20 3 17 0 19 22 23
74 1 2 7 10 24 18 1 8 12 9 15 5 11 21 4 13 6 0 14 20 3 17 16 19 22 23
73 1 2 7 10 24 18 1 8 12 9 15 5 0 21 4 13 6 11 14 20 3 17 16 19 22 23
72 1 2 7 10 24 18 1 8 12 9 15 0 5 21 4 13 6 11 14 20 3 17 16 19 22 23
71 1 2 7 10 24 18 0 8 12 9 15 1 5 21 4 13 6 11 14 20 3 17 16 19 22 23
70 1 2 7 10 24 18 8 0 12 9 15 1 5 21 4 13 6 11 14 20 3 17 16 19 22 23
69 1 2 7 10 24 18 8 5 12 9 15 1 0 21 4 13 6 11 14 20 3 17 16 19 22 23
68 1 2 7 10 24 18 8 5 12 9 15 1 21 0 4 13 6 11 14 20 3 17 16 19 22 23
67 1 2 7 10 24 18 8 5 0 9 15 1 21 12 4 13 6 11 14 20 3 17 16 19 22 23
66 1 2 7 10 24 18 8 5 9 0 15 1 21 12 4 13 6 11 14 20 3 17 16 19 22 23
65 1 2 7 10 0 18 8 5 9 24 15 1 21 12 4 13 6 11 14 20 3 17 16 19 22 23
64 1 2 7 0 10 18 8 5 9 24 15 1 21 12 4 13 6 11 14 20 3 17 16 19 22 23
63 1 2 7 9 10 18 8 5 0 24 15 1 21 12 4 13 6 11 14 20 3 17 16 19 22 23
62 1 2 7 9 10 18 8 0 5 24 15 1 21 12 4 13 6 11 14 20 3 17 16 19 22 23
61 1 2 7 9 10 18 0 8 5 24 15 1 21 12 4 13 6 11 14 20 3 17 16 19 22 23
60 1 2 7 9 10 18 1 8 5 24 15 0 21 12 4 13 6 11 14 20 3 17 16 19 22 23
59 1 2 7 9 10 18 1 8 5 24 15 6 21 12 4 13 0 11 14 20 3 17 16 19 22 23
58 1 2 7 9 10 18 1 8 5 24 15 6 21 12 4 13 11 0 14 20 3 17 16 19 22 23
57 1 2 7 9 10 18 1 8 5 24 15 6 0 12 4 13 11 21 14 20 3 17 16 19 22 23
56 1 2 7 9 10 18 1 8 5 24 15 6 12 0 4 13 11 21 14 20 3 17 16 19 22 23
55 1 2 7 9 10 18 1 8 5 24 15 6 12 4 0 13 11 21 14 20 3 17 16 19 22 23
54 1 2 7 9 10 18 1 8 5 0 15 6 12 4 24 13 11 21 14 20 3 17 16 19 22 23
53 1 2 7 9 10 18 1 8 0 5 15 6 12 4 24 13 11 21 14 20 3 17 16 19 22 23
52 1 2 7 9 10 18 1 8 4 5 15 6 12 0 24 13 11 21 14 20 3 17 16 19 22 23
51 1 2 7 9 10 18 1 8 4 5 15 6 12 14 24 13 11 21 0 20 3 17 16 19 22 23
50 1 2 7 9 10 18 1 8 4 5 15 6 12 14 24 13 11 21 19 20 3 17 16 0 22 23
49 1 2 7 9 10 18 1 8 4 5 15 6 12 14 24 13 11 21 19 20 3 17 16 22 0 23
48 1 2 7 9 10 18 1 8 4 5 15 6 12 14 24 13 11 21 19 0 3 17 16 22 20 23
47 1 2 7 9 10 18 1 8 4 5 15 6 12 14 0 13 11 21 19 24 3 17 16 22 20 23
46 1 2 7 9 10 18 1 8 4 5 15 6 12 14 13 0 11 21 19 24 3 17 16 22 20 23
45 1 2 7 9 10 18 1 8 4 5 15 6 12 14 13 3 11 21 19 24 0 17 16 22 20 23
44 1 2 7 9 10 18 1 8 4 5 15 6 12 14 13 3 11 21 19 0 24 17 16 22 20 23
43 1 2 7 9 10 18 1 8 4 5 15 6 12 14 0 3 11 21 19 13 24 17 16 22 20 23
42 1 2 7 9 10 18 1 8 4 5 15 6 12 14 3 0 11 21 19 13 24 17 16 22 20 23
41 1 2 7 9 10 18 1 8 4 5 0 6 12 14 3 15 11 21 19 13 24 17 16 22 20 23
40 1 2 7 9 10 0 1 8 4 5 18 6 12 14 3 15 11 21 19 13 24 17 16 22 20 23
39 1 2 7 9 0 10 1 8 4 5 18 6 12 14 3 15 11 21 19 13 24 17 16 22 20 23
38 1 2 7 9 5 10 1 8 4 0 18 6 12 14 3 15 11 21 19 13 24 17 16 22 20 23
37 1 2 7 9 5 10 1 8 4 18 0 6 12 14 3 15 11 21 19 13 24 17 16 22 20 23
36 1 2 7 9 5 0 1 8 4 18 10 6 12 14 3 15 11 21 19 13 24 17 16 22 20 23
35 1 2 7 9 0 5 1 8 4 18 10 6 12 14 3 15 11 21 19 13 24 17 16 22 20 23
34 1 2 7 0 9 5 1 8 4 18 10 6 12 14 3 15 11 21 19 13 24 17 16 22 20 23
33 1 2 7 4 9 5 1 8 0 18 10 6 12 14 3 15 11 21 19 13 24 17 16 22 20 23
32 1 2 7 4 9 5 1 8 14 18 10 6 12 0 3 15 11 21 19 13 24 17 16 22 20 23
31 1 2 7 4 9 5 1 8 14 18 10 6 12 3 0 15 11 21 19 13 24 17 16 22 20 23
30 1 2 7 4 9 5 1 8 14 0 10 6 12 3 18 15 11 21 19 13 24 17 16 22 20 23
78 1 1 8 20 14 9 6 4 23 2 10 11 21 22 18 17 5 16 3 7 15 13 19 12 24 0
77 1 1 8 20 14 9 6 4 23 2 10 11 21 22 18 17 5 16 3 7 15 13 19 12 0 24
76 1 1 8 20 14 9 6 4 23 2 10 11 21 22 18 17 5 16 3 7 15 13 19 0 12 24
75 1 1 8 20 14 9 6 4 23 2 10 11 21 22 18 17 5 16 3 7 15 13 0 19 12 24
74 1 1 8 20 14 9 6 4 23 2 10 11 21 22 18 17 5 0 3 7 15 13 16 19 12 24
73 1 1 8 20 14 9 6 4 23 2 10 11 0 22 18 17 5 21 3 7 15 13 16 19 12 24
72 1 1 8 20 14 9 6 4 23 2 10 11 22 0 18 17 5 21 3 7 15 13 16 19 12 24
71 1 1 8 20 14 9 6 4 23 2 10 11 22 3 18 17 5 21 0 7 15 13 16 19 12 24
70 1 1 8 20 14 9 6 4 23 2 10 11 22 3 18 17 5 21 7 0 15 13 16 19 12 24
69 1 1 8 20 14 9 6 4 23 2 10 11 22 3 0 17 5 21 7 18 15 13 16 19 12 24
68 1 1 8 20 14 9 6 4 23 2 10 11 22 0 3 17 5 21 7 18 15 13 16 19 12 24
67 1 1 8 20 14 9 6 4 0 2 10 11 22 23 3 17 5 21 7 18 15 13 16 19 12 24
66 1 1 8 20 14 9 6 4 2 0 10 11 22 23 3 17 5 21 7 18 15 13 16 19 12 24
65 1 1 8 20 0 9 6 4 2 14 10 11 22 23 3 17 5 21 7 18 15 13 16 19 12 24
64 1 1 8 0 20 9 6 4 2 14 10 11 22 23 3 17 5 21 7 18 15 13 16 19 12 24
63 1 1 8 2 20 9 6 4 0 14 10 11 22 23 3 17 5 21 7 18 15 13 16 19 12 24
62 1 1 8 2 20 9 6 0 4 14 10 11 22 23 3 17 5 21 7 18 15 13 16 19 12 24
61 1 1 8 2 20 9 0 6 4 14 10 11 22 23 3 17 5 21 7 18 15 13 16 19 12 24
60 1 1 8 2 20 9 11 6 4 14 10 0 22 23 3 17 5 21 7 18 15 13 16 19 12 24
59 1 1 8 2 20 9 11 6 4 14 10 5 22 23 3 17 0 21 7 18 15 13 16 19 12 24
58 1 1 8 2 20 9 11 6 4 14 10 5 22 23 3 17 13 21 7 18 15 0 16 19 12 24
57 1 1 8 2 20 9 11 6 4 14 10 5 22 23 3 17 13 21 7 18 15 16 0 19 12 24
56 1 1 8 2 20 9 11 6 4 14 10 5 22 23 3 17 13 0 7 18 15 16 21 19 12 24
55 1 1 8 2 20 9 11 6 4 14 10 5 0 23 3 17 13 22 7 18 15 16 21 19 12 24
54 1 1 8 2 20 9 11 6 4 14 10 0 5 23 3 17 13 22 7 18 15 16 21 19 12 24
53 1 1 8 2 20 9 11 6 4 14 10 13 5 23 3 17 0 22 7 18 15 16 21 19 12 24
52 1 1 8 2 20 9 11 6 4 14 10 13 5 23 3 17 16 22 7 18 15 0 21 19 12 24
51 1 1 8 2 20 9 11 6 4 14 10 13 5 23 3 17 16 22 7 18 15 21 0 19 12 24
50 1 1 8 2 20 9 11 6 4 14 10 13 5 23 3 17 16 0 7 18 15 21 22 19 12 24
49 1 1 8 2 20 9 11 6 4 14 10 13 5 23 3 17 16 7 0 18 15 21 22 19 12 24
48 1 1 8 2 20 9 11 6 4 14 10 13 5 0 3 17 16 7 23 18 15 21 22 19 12 24
47 1 1 8 2 20 9 11 6 4 14 10 13 0 5 3 17 16 7 23 18 15 21 22 19 12 24
46 1 1 8 2 20 9 11 6 4 14 10 0 13 5 3 17 16 7 23 18 15 21 22 19 12 24
45 1 1 8 2 20 9 0 6 4 14 10 11 13 5 3 17 16 7 23 18 15 21 22 19 12 24
44 1 1 8 2 20 9 6 0 4 14 10 11 13 5 3 17 16 7 23 18 15 21 22 19 12 24
43 1 1 0 2 20 9 6 8 4 14 10 11 13 5 3 17 16 7 23 18 15 21 22 19 12 24
42 1 1 2 0 20 9 6 8 4 14 10 11 13 5 3 17 16 7 23 18 15 21 22 19 12 24
41 1 1 2 4 20 9 6 8 0 14 10 11 13 5 3 17 16 7 23 18 15 21 22 19 12 24
40 1 1 2 4 20 9 6 8 5 14 10 11 13 0 3 17 16 7 23 18 15 21 22 19 12 24
39 1 1 2 4 20 9 6 8 5 14 10 11 13 3 0 17 16 7 23 18 15 21 22 19 12 24
38 1 1 2 4 20 9 6 8 5 14 10 11 13 3 17 0 16 7 23 18 15 21 22 19 12 24
37 1 1 2 4 20 9 6 8 5 14 10 11 13 3 17 15 16 7 23 18 0 21 22 19 12 24
36 1 1 2 4 20 9 6 8 5 14 10 11 13 3 17 15 16 7 23 0 18 21 22 19 12 24
35 1 1 2 4 20 9 6 8 5 14 10 11 13 3 17 15 16 7 23 12 18 21 22 19 0 24
34 1 1 2 4 20 9 6 8 5 14 10 11 13 3 17 15 16 7 23 12 18 21 22 0 19 24
33 1 1 2 4 20 9 6 8 5 14 10 11 13 3 17 15 16 7 0 12 18 21 22 23 19 24
32 1 1 2 4 20 9 6 8 5 14 10 11 13 3 17 15 16 7 12 0 18 21 22 23 19 24
31 1 1 2 4 20 9 6 8 5 14 10 11 13 3 0 15 16 7 12 17 18 21 22 23 19 24
30 1 1 2 4 20 9 6 8 5 0 10 11 13 3 14 15 16 7 12 17 18 21 22 23 19 24
82 1 9 11 5 2 15 7 16 19 14 8 1 12 17 6 4 10 23 18 3 20 22 21 24 13 0
81 1 9 11 5 2 15 7 16 19 14 8 1 12 17 6 4 10 23 18 3 0 22 21 24 13 20
80 1 9 11 5 2 15 7 16 19 14 8 1 12 17 6 0 10 23 18 3 4 22 21 24 13 20
79 1 9 11 5 2 15 7 16 19 14 0 1 12 17 6 8 10 23 18 3 4 22 21 24 13 20
78 1 9 11 5 2 15 7 16 19 0 14 1 12 17 6 8 10 23 18 3 4 22 21 24 13 20
77 1 9 11 5 2 15 7 16 19 6 14 1 12 17 0 8 10 23 18 3 4 22 21 24 13 20
76 1 9 11 5 2 15 7 16 19 6 14 1 12 17 3 8 10 23 18 0 4 22 21 24 13 20
75 1 9 11 5 2 15 7 16 19 6 14 1 12 17 3 8 10 23 18 13 4 22 21 24 0 20
74 1 9 11 5 2 15 7 16 19 6 14 1 12 17 3 8 10 23 18 13 4 22 21 0 24 20
73 1 9 11 5 2 15 7 16 19 6 14 1 12 17 3 8 10 23 0 13 4 22 21 18 24 20
72 1 9 11 5 2 15 7 16 19 6 14 1 12 17 3 8 10 0 23 13 4 22 21 18 24 20
71 1 9 11 5 2 15 7 16 19 6 14 1 0 17 3 8 10 12 23 13 4 22 21 18 24 20
70 1 9 11 5 2 15 7 0 19 6 14 1 16 17 3 8 10 12 23 13 4 22 21 18 24 20
69 1 9 0 5 2 15 7 11 19 6 14 1 16 17 3 8 10 12 23 13 4 22 21 18 24 20
68 1 0 9 5 2 15 7 11 19 6 14 1 16 17 3 8 10 12 23 13 4 22 21 18 24 20
67 1 7 9 5 2 15 0 11 19 6 14 1 16 17 3 8 10 12 23 13 4 22 21 18 24 20
66 1 7 9 5 2 15 1 11 19 6 14 0 16 17 3 8 10 12 23 13 4 22 21 18 24 20
65 1 7 9 5 2 15 1 11 19 6 14 16 0 17 3 8 10 12 23 13 4 22 21 18 24 20
64 1 7 9 5 2 15 1 11 19 6 14 16 12 17 3 8 10 0 23 13 4 22 21 18 24 20
63 1 7 9 5 2 15 1 11 19 6 14 16 12 17 3 8 0 10 23 13 4 22 21 18 24 20
62 1 7 9 5 2 15 1 11 19 6 14 16 12 17 3 8 22 10 23 13 4 0 21 18 24 20
61 1 7 9 5 2 15 1 11 19 6 14 16 12 17 3 8 22 10 23 13 4 21 0 18 24 20
60 1 7 9 5 2 15 1 11 19 6 14 16 12 17 3 8 22 10 23 13 4 21 18 0 24 20
59 1 7 9 5 2 15 1 11 19 6 14 16 12 17 3 8 22 10 0 13 4 21 18 23 24 20
58 1 7 9 5 2 15 1 11 19 6 14 16 12 17 3 8 22 10 13 0 4 21 18 23 24 20
57 1 7 9 5 2 15 1 11 19 6 14 16 12 17 3 8 22 10 13 4 0 21 18 23 24 20
56 1 7 9 5 2 15 1 11 19 6 14 16 12 17 3 8 22 10 13 4 20 21 18 23 24 0
55 1 7 9 5 2 15 1 11 19 6 14 16 12 17 3 8 22 10 13 4 20 21 18 23 0 24
54 1 7 9 5 2 15 1 11 19 6 14 16 12 17 3 8 22 10 13 4 20 21 18 0 23 24
53 1 7 9 5 2 15 1 11 19 6 14 16 12 17 3 8 22 10 0 4 20 21 18 13 23 24
52 1 7 9 5 2 15 1 11 19 6 14 16 12 17 3 8 22 0 10 4 20 21 18 13 23 24
51 1 7 9 5 2 15 1 11 19 6 14 16 12 17 3 8 0 22 10 4 20 21 18 13 23 24
50 1 7 9 5 2 15 1 11 19 6 14 0 12 17 3 8 16 22 10 4 20 21 18 13 23 24
49 1 7 9 5 2 15 1 11 19 6 14 12 0 17 3 8 16 22 10 4 20 21 18 13 23 24
48 1 7 9 5 2 15 1 11 19 6 14 12 17 0 3 8 16 22 10 4 20 21 18 13 23 24
47 1 7 9 5 2 15 1 11 0 6 14 12 17 19 3 8 16 22 10 4 20 21 18 13 23 24
46 1 7 9 5 2 15 1 11 6 0 14 12 17 19 3 8 16 22 10 4 20 21 18 13 23 24
45 1 7 9 5 0 15 1 11 6 2 14 12 17 19 3 8 16 22 10 4 20 21 18 13 23 24
44 1 7 9 0 5 15 1 11 6 2 14 12 17 19 3 8 16 22 10 4 20 21 18 13 23 24
43 1 7 0 9 5 15 1 11 6 2 14 12 17 19 3 8 16 22 10 4 20 21 18 13 23 24
42 1 0 7 9 5 15 1 11 6 2 14 12 17 19 3 8 16 22 10 4 20 21 18 13 23 24
41 1 1 7 9 5 15 0 11 6 2 14 12 17 19 3 8 16 22 10 4 20 21 18 13 23 24
40 1 1 7 9 5 15 11 0 6 2 14 12 17 19 3 8 16 22 10 4 20 21 18 13 23 24
39 1 1 7 9 5 15 11 6 0 2 14 12 17 19 3 8 16 22 10 4 20 21 18 13 23 24
38 1 1 7 9 5 15 11 6 2 0 14 12 17 19 3 8 16 22 10 4 20 21 18 13 23 24
37 1 1 7 9 5 15 11 6 2 3 14 12 17 19 0 8 16 22 10 4 20 21 18 13 23 24
36 1 1 7 9 5 15 11 6 2 3 14 12 17 19 4 8 16 22 10 0 20 21 18 13 23 24
35 1 1 7 9 5 15 11 6 2 3 14 12 17 19 4 8 16 22 0 10 20 21 18 13 23 24
34 1 1 7 9 5 15 11 6 2 3 14 12 17 0 4 8 16 22 19 10 20 21 18 13 23 24
33 1 1 7 9 5 15 11 6 2 3 14 12 17 4 0 8 16 22 19 10 20 21 18 13 23 24
32 1 1 7 9 5 15 11 6 2 3 14 12 17 4 8 0 16 22 19 10 20 21 18 13 23 24
31 1 1 7 9 5 15 11 6 2 3 0 12 17 4 8 14 16 22 19 10 20 21 18 13 23 24
30 1 1 7 9 5 0 11 6 2 3 15 12 17 4 8 14 16 22 19 10 20 21 18 13 23 24
80 1 12 18 1 9 6 19 7 24 5 4 0 3 8 14 13 23 2 11 22 20 21 16 15 10 17
79 1 12 18 1 9 6 0 7 24 5 4 19 3 8 14 13 23 2 11 22 20 21 16 15 10 17
78 1 12 18 1 9 6 7 0 24 5 4 19 3 8 14 13 23 2 11 22 20 21 16 15 10 17
77 1 12 18 1 9 6 7 3 24 5 4 19 0 8 14 13 23 2 11 22 20 21 16 15 10 17
76 1 12 18 1 9 6 7 3 24 5 4 19 2 8 14 13 23 0 11 22 20 21 16 15 10 17
75 1 12 18 1 9 6 7 3 24 5 4 19 2 8 14 13 23 11 0 22 20 21 16 15 10 17
74 1 12 18 1 9 6 7 3 24 5 4 19 2 0 14 13 23 11 8 22 20 21 16 15 10 17
73 1 12 18 1 9 6 7 3 0 5 4 19 2 24 14 13 23 11 8 22 20 21 16 15 10 17
72 1 12 18 1 9 6 7 0 3 5 4 19 2 24 14 13 23 11 8 22 20 21 16 15 10 17
71 1 12 0 1 9 6 7 18 3 5 4 19 2 24 14 13 23 11 8 22 20 21 16 15 10 17
70 1 12 1 0 9 6 7 18 3 5 4 19 2 24 14 13 23 11 8 22 20 21 16 15 10 17
69 1 12 1 9 0 6 7 18 3 5 4 19 2 24 14 13 23 11 8 22 20 21 16 15 10 17
68 1 12 1 9 6 0 7 18 3 5 4 19 2 24 14 13 23 11 8 22 20 21 16 15 10 17
67 1 12 1 9 6 4 7 18 3 5 0 19 2 24 14 13 23 11 8 22 20 21 16 15 10 17
66 1 12 1 9 6 4 7 18 3 0 5 19 2 24 14 13 23 11 8 22 20 21 16 15 10 17
65 1 12 1 9 0 4 7 18 3 6 5 19 2 24 14 13 23 11 8 22 20 21 16 15 10 17
64 1 12 1 0 9 4 7 18 3 6 5 19 2 24 14 13 23 11 8 22 20 21 16 15 10 17
63 1 12 1 3 9 4 7 18 0 6 5 19 2 24 14 13 23 11 8 22 20 21 16 15 10 17
62 1 12 1 3 9 4 7 0 18 6 5 19 2 24 14 13 23 11 8 22 20 21 16 15 10 17
61 1 12 1 3 9 4 7 2 18 6 5 19 0 24 14 13 23 11 8 22 20 21 16 15 10 17
60 1 12 1 3 9 4 7 2 18 6 5 0 19 24 14 13 23 11 8 22 20 21 16 15 10 17
59 1 12 1 3 9 4 7 2 18 6 5 23 19 24 14 13 0 11 8 22 20 21 16 15 10 17
58 1 12 1 3 9 4 7 2 18 6 5 23 19 24 14 13 11 0 8 22 20 21 16 15 10 17
57 1 12 1 3 9 4 7 2 18 6 5 23 19 24 14 13 11 8 0 22 20 21 16 15 10 17
56 1 12 1 3 9 4 7 2 18 6 5 23 19 0 14 13 11 8 24 22 20 21 16 15 10 17
55 1 12 1 3 9 4 7 2 18 6 5 23 0 19 14 13 11 8 24 22 20 21 16 15 10 17
54 1 12 1 3 9 4 7 2 18 6 5 0 23 19 14 13 11 8 24 22 20 21 16 15 10 17
53 1 12 1 3 9 4 0 2 18 6 5 7 23 19 14 13 11 8 24 22 20 21 16 15 10 17
52 1 0 1 3 9 4 12 2 18 6 5 7 23 19 14 13 11 8 24 22 20 21 16 15 10 17
51 1 1 0 3 9 4 12 2 18 6 5 7 23 19 14 13 11 8 24 22 20 21 16 15 10 17
50 1 1 2 3 9 4 12 0 18 6 5 7 23 19 14 13 11 8 24 22 20 21 16 15 10 17
49 1 1 2 3 9 4 12 18 0 6 5 7 23 19 14 13 11 8 24 22 20 21 16 15 10 17
48 1 1 2 3 9 4 12 18 6 0 5 7 23 19 14 13 11 8 24 22 20 21 16 15 10 17
47 1 1 2 3 9 4 12 18 6 14 5 7 23 19 0 13 11 8 24 22 20 21 16 15 10 17
46 1 1 2 3 9 4 12 18 6 14 5 7 23 19 22 13 11 8 24 0 20 21 16 15 10 17
45 1 1 2 3 9 4 12 18 6 14 5 7 23 19 22 13 11 8 24 10 20 21 16 15 0 17
44 1 1 2 3 9 4 12 18 6 14 5 7 23 19 22 13 11 8 24 10 20 21 16 15 17 0
43 1 1 2 3 9 4 12 18 6 14 5 7 23 19 22 13 11 8 24 10 0 21 16 15 17 20
42 1 1 2 3 9 4 12 18 6 14 5 7 23 19 22 13 11 8 24 0 10 21 16 15 17 20
41 1 1 2 3 9 4 12 18 6 14 5 7 23 19 22 13 11 8 0 24 10 21 16 15 17 20
40 1 1 2 3 9 4 12 18 6 14 5 7 23 19 22 13 11 8 15 24 10 21 16 0 17 20
39 1 1 2 3 9 4 12 18 6 14 5 7 23 19 22 13 11 8 15 24 10 21 16 17 0 20
38 1 1 2 3 9 4 12 18 6 14 5 7 23 19 22 13 11 8 15 0 10 21 16 17 24 20
37 1 1 2 3 9 4 12 18 6 14 5 7 23 19 22 13 11 8 0 15 10 21 16 17 24 20
36 1 1 2 3 9 4 12 18 6 14 5 7 23 0 22 13 11 8 19 15 10 21 16 17 24 20
35 1 1 2 3 9 4 12 18 6 14 5 7 23 22 0 13 11 8 19 15 10 21 16 17 24 20
34 1 1 2 3 9 4 12 18 6 14 5 7 23 22 13 0 11 8 19 15 10 21 16 17 24 20
33 1 1 2 3 9 4 12 18 6 14 5 7 23 22 13 10 11 8 19 15 0 21 16 17 24 20
32 1 1 2 3 9 4 12 18 6 14 5 7 23 22 13 10 11 8 19 0 15 21 16 17 24 20
31 1 1 2 3 9 4 12 18 6 14 5 7 23 22 13 10 11 8 0 19 15 21 16 17 24 20
30 1 1 2 3 9 4 12 18 6 14 5 7 23 0 13 10 11 8 22 19 15 21 16 17 24 20
80 1 13 3 6 8 2 12 14 9 5 18 10 17 0 24 4 1 21 7 15 20 23 11 16 22 19
79 1 13 3 6 8 2 12 14 0 5 18 10 17 9 24 4 1 21 7 15 20 23 11 16 22 19
78 1 13 3 6 8 2 12 0 14 5 18 10 17 9 24 4 1 21 7 15 20 23 11 16 22 19
77 1 13 0 6 8 2 12 3 14 5 18 10 17 9 24 4 1 21 7 15 20 23 11 16 22 19
76 1 13 6 0 8 2 12 3 14 5 18 10 17 9 24 4 1 21 7 15 20 23 11 16 22 19
75 1 13 6 8 0 2 12 3 14 5 18 10 17 9 24 4 1 21 7 15 20 23 11 16 22 19
74 1 13 6 8 5 2 12 3 14 0 18 10 17 9 24 4 1 21 7 15 20 23 11 16 22 19
73 1 13 6 8 5 2 12 3 14 18 0 10 17 9 24 4 1 21 7 15 20 23 11 16 22 19
72 1 13 6 8 5 2 12 3 14 18 4 10 17 9 24 0 1 21 7 15 20 23 11 16 22 19
71 1 13 6 8 5 2 12 3 14 18 4 10 17 9 0 24 1 21 7 15 20 23 11 16 22 19
70 1 13 6 8 5 2 12 3 14 18 4 10 17 9 15 24 1 21 7 0 20 23 11 16 22 19
69 1 13 6 8 5 2 12 3 14 18 4 10 17 9 15 24 1 21 7 20 0 23 11 16 22 19
68 1 13 6 8 5 2 12 3 14 18 4 10 17 9 15 0 1 21 7 20 24 23 11 16 22 19
67 1 13 6 8 5 2 12 3 14 18 4 10 17 9 0 15 1 21 7 20 24 23 11 16 22 19
66 1 13 6 8 5 2 12 3 14 0 4 10 17 9 18 15 1 21 7 20 24 23 11 16 22 19
65 1 13 6 8 0 2 12 3 14 5 4 10 17 9 18 15 1 21 7 20 24 23 11 16 22 19
64 1 13 6 8 2 0 12 3 14 5 4 10 17 9 18 15 1 21 7 20 24 23 11 16 22 19
63 1 13 6 8 2 4 12 3 14 5 0 10 17 9 18 15 1 21 7 20 24 23 11 16 22 19
62 1 13 6 8 2 4 12 3 14 0 5 10 17 9 18 15 1 21 7 20 24 23 11 16 22 19
61 1 13 6 8 2 4 12 3 0 14 5 10 17 9 18 15 1 21 7 20 24 23 11 16 22 19
60 1 13 6 8 2 4 12 0 3 14 5 10 17 9 18 15 1 21 7 20 24 23 11 16 22 19
59 1 13 6 8 2 4 0 12 3 14 5 10 17 9 18 15 1 21 7 20 24 23 11 16 22 19
58 1 13 6 8 2 4 10 12 3 14 5 0 17 9 18 15 1 21 7 20 24 23 11 16 22 19
57 1 13 6 8 2 4 10 12 3 14 5 1 17 9 18 15 0 21 7 20 24 23 11 16 22 19
56 1 13 6 8 2 4 10 12 3 14 5 1 17 9 18 15 21 0 7 20 24 23 11 16 22 19
55 1 13 6 8 2 4 10 12 3 14 5 1 17 9 18 15 21 11 7 20 24 23 0 16 22 19
54 1 13 6 8 2 4 10 12 3 14 5 1 17 9 18 15 21 11 7 20 24 0 23 16 22 19
53 1 13 6 8 2 4 10 12 3 14 5 1 17 9 18 15 0 11 7 20 24 21 23 16 22 19
52 1 13 6 8 2 4 10 12 3 14 5 1 17 9 18 15 11 0 7 20 24 21 23 16 22 19
51 1 13 6 8 2 4 10 12 3 14 5 1 0 9 18 15 11 17 7 20 24 21 23 16 22 19
50 1 13 6 8 2 4 10 0 3 14 5 1 12 9 18 15 11 17 7 20 24 21 23 16 22 19
49 1 13 6 8 2 4 0 10 3 14 5 1 12 9 18 15 11 17 7 20 24 21 23 16 22 19
48 1 13 6 8 2 4 1 10 3 14 5 0 12 9 18 15 11 17 7 20 24 21 23 16 22 19
47 1 13 6 8 2 4 1 10 3 14 5 12 0 9 18 15 11 17 7 20 24 21 23 16 22 19
46 1 13 6 8 2 4 1 10 3 14 5 12 9 0 18 15 11 17 7 20 24 21 23 16 22 19
45 1 13 6 8 2 4 1 10 3 14 5 12 9 7 18 15 11 17 0 20 24 21 23 16 22 19
44 1 13 6 8 2 4 1 10 3 14 5 12 9 7 18 15 11 17 16 20 24 21 23 0 22 19
43 1 13 6 8 2 4 1 10 3 14 5 12 9 7 18 15 11 17 16 20 24 21 0 23 22 19
42 1 13 6 8 2 4 1 10 3 14 5 12 9 7 18 15 11 0 16 20 24 21 17 23 22 19
41 1 13 6 8 2 4 1 10 3 14 5 12 9 7 18 15 11 16 0 20 24 21 17 23 22 19
40 1 13 6 8 2 4 1 10 3 14 5 12 9 7 18 15 11 16 23 20 24 21 17 0 22 19
39 1 13 6 8 2 4 1 10 3 14 5 12 9 7 18 15 11 16 23 20 24 21 17 22 0 19
38 1 13 6 8 2 4 1 10 3 14 5 12 9 7 18 15 11 16 23 20 24 21 17 22 19 0
37 1 13 6 8 2 4 1 10 3 14 5 12 9 7 18 15 11 16 23 20 0 21 17 22 19 24
36 1 13 6 8 2 4 1 10 3 14 5 12 9 7 18 15 11 16 23 0 20 21 17 22 19 24
35 1 13 6 8 2 4 1 10 3 14 5 12 9 7 0 15 11 16 23 18 20 21 17 22 19 24
34 1 13 6 8 2 4 1 10 3 0 5 12 9 7 14 15 11 16 23 18 20 21 17 22 19 24
33 1 13 6 8 2 4 1 10 0 3 5 12 9 7 14 15 11 16 23 18 20 21 17 22 19 24
32 1 13 6 8 2 4 1 0 10 3 5 12 9 7 14 15 11 16 23 18 20 21 17 22 19 24
31 1 13 0 8 2 4 1 6 10 3 5 12 9 7 14 15 11 16 23 18 20 21 17 22 19 24
30 1 0 13 8 2 4 1 6 10 3 5 12 9 7 14 15 11 16 23 18 20 21 17 22 19 24
84 1 6 18 10 12 9 4 14 23 24 5 7 21 1 8 0 17 19 2 15 13 11 16 20 22 3
83 1 6 18 10 12 9 4 14 23 24 5 7 21 1 8 13 17 19 2 15 0 11 16 20 22 3
82 1 6 18 10 12 9 4 14 23 24 5 7 21 1 8 13 17 19 2 0 15 11 16 20 22 3
81 1 6 18 10 12 9 4 14 23 24 5 7 21 1 8 13 17 19 2 22 15 11 16 20 0 3
80 1 6 18 10 12 9 4 14 23 24 5 7 21 1 8 13 17 19 2 22 15 11 16 20 3 0
79 1 6 18 10 12 9 4 14 23 24 5 7 21 1 8 13 17 19 2 22 0 11 16 20 3 15
78 1 6 18 10 12 9 4 14 23 24 5 7 21 1 8 0 17 19 2 22 13 11 16 20 3 15
77 1 6 18 10 12 9 4 14 23 24 5 7 21 1 0 8 17 19 2 22 13 11 16 20 3 15
76 1 6 18 10 12 9 4 14 23 0 5 7 21 1 24 8 17 19 2 22 13 11 16 20 3 15
75 1 6 18 10 12 9 4 14 0 23 5 7 21 1 24 8 17 19 2 22 13 11 16 20 3 15
74 1 6 18 10 12 9 4 14 1 23 5 7 21 0 24 8 17 19 2 22 13 11 16 20 3 15
73 1 6 18 10 12 9 4 14 1 23 5 7 21 2 24 8 17 19 0 22 13 11 16 20 3 15
72 1 6 18 10 12 9 4 14 1 23 5 7 21 2 24 8 17 19 22 0 13 11 16 20 3 15
71 1 6 18 10 12 9 4 14 1 23 5 7 21 2 24 8 17 19 22 3 13 11 16 20 0 15
70 1 6 18 10 12 9 4 14 1 23 5 7 21 2 24 8 17 19 22 3 13 11 16 0 20 15
69 1 6 18 10 12 9 4 14 1 23 5 7 21 2 24 8 17 19 0 3 13 11 16 22 20 15
68 1 6 18 10 12 9 4 14 1 23 5 7 21 2 24 8 17 19 3 0 13 11 16 22 20 15
67 1 6 18 10 12 9 4 14 1 23 5 7 21 2 0 8 17 19 3 24 13 11 16 22 20 15
66 1 6 18 10 12 9 4 14 1 0 5 7 21 2 23 8 17 19 3 24 13 11 16 22 20 15
65 1 6 18 10 0 9 4 14 1 12 5 7 21 2 23 8 17 19 3 24 13 11 16 22 20 15
64 1 6 18 0 10 9 4 14 1 12 5 7 21 2 23 8 17 19 3 24 13 11 16 22 20 15
63 1 6 18 1 10 9 4 14 0 12 5 7 21 2 23 8 17 19 3 24 13 11 16 22 20 15
62 1 6 18 1 10 9 4 14 2 12 5 7 21 0 23 8 17 19 3 24 13 11 16 22 20 15
61 1 6 18 1 10 9 4 14 2 12 5 7 21 3 23 8 17 19 0 24 13 11 16 22 20 15
60 1 6 18 1 10 9 4 14 2 12 5 7 21 3 23 8 17 0 19 24 13 11 16 22 20 15
59 1 6 18 1 10 9 4 14 2 12 5 7 0 3 23 8 17 21 19 24 13 11 16 22 20 15
58 1 6 18 1 10 9 4 0 2 12 5 7 14 3 23 8 17 21 19 24 13 11 16 22 20 15
57 1 6 0 1 10 9 4 18 2 12 5 7 14 3 23 8 17 21 19 24 13 11 16 22 20 15
56 1 6 1 0 10 9 4 18 2 12 5 7 14 3 23 8 17 21 19 24 13 11 16 22 20 15
55 1 6 1 2 10 9 4 18 0 12 5 7 14 3 23 8 17 21 19 24 13 11 16 22 20 15
54 1 6 1 2 10 9 4 18 3 12 5 7 14 0 23 8 17 21 19 24 13 11 16 22 20 15
53 1 6 1 2 10 9 4 18 3 12 5 7 14 23 0 8 17 21 19 24 13 11 16 22 20 15
52 1 6 1 2 10 9 4 18 3 12 5 7 14 23 8 0 17 21 19 24 13 11 16 22 20 15
51 1 6 1 2 10 9 4 18 3 12 5 7 14 23 8 13 17 21 19 24 0 11 16 22 20 15
50 1 6 1 2 10 9 4 18 3 12 5 7 14 23 8 13 17 21 19 24 15 11 16 22 20 0
49 1 6 1 2 10 9 4 18 3 12 5 7 14 23 8 13 17 21 19 24 15 11 16 22 0 20
48 1 6 1 2 10 9 4 18 3 12 5 7 14 23 8 13 17 21 19 0 15 11 16 22 24 20
47 1 6 1 2 10 9 4 18 3 12 5 7 14 23 8 13 17 21 0 19 15 11 16 22 24 20
46 1 6 1 2 10 9 4 18 3 12 5 7 14 0 8 13 17 21 23 19 15 11 16 22 24 20
45 1 6 1 2 10 9 4 18 3 12 5 7 0 14 8 13 17 21 23 19 15 11 16 22 24 20
44 1 6 1 2 10 9 4 0 3 12 5 7 18 14 8 13 17 21 23 19 15 11 16 22 24 20
43 1 6 1 2 10 9 0 4 3 12 5 7 18 14 8 13 17 21 23 19 15 11 16 22 24 20
42 1 6 1 2 10 9 7 4 3 12 5 0 18 14 8 13 17 21 23 19 15 11 16 22 24 20
41 1 6 1 2 10 9 7 4 3 12 5 17 18 14 8 13 0 21 23 19 15 11 16 22 24 20
40 1 6 1 2 10 9 7 4 3 12 5 17 18 14 8 13 11 21 23 19 15 0 16 22 24 20
39 1 6 1 2 10 9 7 4 3 12 5 17 18 14 8 13 11 21 23 19 15 16 0 22 24 20
38 1 6 1 2 10 9 7 4 3 12 5 17 18 14 8 13 11 0 23 19 15 16 21 22 24 20
37 1 6 1 2 10 9 7 4 3 12 5 17 0 14 8 13 11 18 23 19 15 16 21 22 24 20
36 1 6 1 2 10 9 7 4 3 12 5 0 17 14 8 13 11 18 23 19 15 16 21 22 24 20
35 1 6 1 2 10 9 7 4 3 12 5 11 17 14 8 13 0 18 23 19 15 16 21 22 24 20
34 1 6 1 2 10 9 7 4 3 12 5 11 17 14 8 13 16 18 23 19 15 0 21 22 24 20
33 1 6 1 2 10 9 7 4 3 12 5 11 17 14 8 13 16 18 23 19 15 21 0 22 24 20
32 1 6 1 2 10 9 7 4 3 12 5 11 17 14 8 13 16 18 23 19 15 21 22 0 24 20
31 1 6 1 2 10 9 7 4 3 12 5 11 17 14 8 13 16 18 0 19 15 21 22 23 24 20
30 1 6 1 2 10 9 7 4 3 12 5 11 17 0 8 13 16 18 14 19 15 21 22 23 24 20
72 1 7 11 9 10 5 13 4 18 3 6 1 12 14 22 0 24 8 2 20 15 16 21 23 19 17
71 1 7 11 9 10 5 13 4 18 3 6 1 12 14 22 15 24 8 2 20 0 16 21 23 19 17
70 1 7 11 9 10 5 13 4 18 3 6 1 12 14 22 15 24 8 2 0 20 16 21 23 19 17
69 1 7 11 9 10 5 13 4 18 3 6 1 12 14 22 15 24 8 2 19 20 16 21 23 0 17
68 1 7 11 9 10 5 13 4 18 3 6 1 12 14 22 15 24 8 2 19 20 16 21 23 17 0
67 1 7 11 9 10 5 13 4 18 3 6 1 12 14 22 15 24 8 2 19 0 16 21 23 17 20
66 1 7 11 9 10 5 13 4 18 3 6 1 12 14 22 15 24 8 2 0 19 16 21 23 17 20
65 1 7 11 9 10 5 13 4 18 3 6 1 12 14 0 15 24 8 2 22 19 16 21 23 17 20
64 1 7 11 9 10 5 13 4 18 3 6 1 12 0 14 15 24 8 2 22 19 16 21 23 17 20
63 1 7 11 9 10 5 13 4 18 3 6 1 12 2 14 15 24 8 0 22 19 16 21 23 17 20
62 1 7 11 9 10 5 13 4 18 3 6 1 12 2 14 15 24 8 23 22 19 16 21 0 17 20
61 1 7 11 9 10 5 13 4 18 3 6 1 12 2 14 15 24 8 23 22 19 16 21 17 0 20
60 1 7 11 9 10 5 13 4 18 3 6 1 12 2 14 15 24 8 23 0 19 16 21 17 22 20
59 1 7 11 9 10 5 13 4 18 3 6 1 12 2 14 15 24 8 0 23 19 16 21 17 22 20
58 1 7 11 9 10 5 13 4 18 3 6 1 12 2 14 15 24 0 8 23 19 16 21 17 22 20
57 1 7 11 9 10 5 13 4 18 3 6 1 12 2 14 15 0 24 8 23 19 16 21 17 22 20
56 1 7 11 9 10 5 13 4 18 3 6 1 12 2 14 15 16 24 8 23 19 0 21 17 22 20
55 1 7 11 9 10 5 13 4 18 3 6 1 12 2 14 15 16 24 8 23 19 21 0 17 22 20
54 1 7 11 9 10 5 13 4 18 3 6 1 12 2 14 15 16 24 8 23 19 21 17 0 22 20
53 1 7 11 9 10 5 13 4 18 3 6 1 12 2 14 15 16 24 8 23 19 21 17 22 0 20
52 1 7 11 9 10 5 13 4 18 3 6 1 12 2 14 15 16 24 8 0 19 21 17 22 23 20
51 1 7 11 9 10 5 13 4 18 3 6 1 12 2 14 15 16 24 0 8 19 21 17 22 23 20
50 1 7 11 9 10 5 13 4 18 3 6 1 12 2 14 15 16 0 24 8 19 21 17 22 23 20
49 1 7 11 9 10 5 13 4 18 3 6 1 0 2 14 15 16 12 24 8 19 21 17 22 23 20
48 1 7 11 9 10 5 13 4 18 3 6 0 1 2 14 15 16 12 24 8 19 21 17 22 23 20
47 1 7 11 9 10 5 0 4 18 3 6 13 1 2 14 15 16 12 24 8 19 21 17 22 23 20
46 1 0 11 9 10 5 7 4 18 3 6 13 1 2 14 15 16 12 24 8 19 21 17 22 23 20
45 1 11 0 9 10 5 7 4 18 3 6 13 1 2 14 15 16 12 24 8 19 21 17 22 23 20
44 1 11 4 9 10 5 7 0 18 3 6 13 1 2 14 15 16 12 24 8 19 21 17 22 23 20
43 1 11 4 9 10 5 7 1 18 3 6 13 0 2 14 15 16 12 24 8 19 21 17 22 23 20
42 1 11 4 9 10 5 7 1 18 3 6 13 2 0 14 15 16 12 24 8 19 21 17 22 23 20
41 1 11 4 9 10 5 7 1 0 3 6 13 2 18 14 15 16 12 24 8 19 21 17 22 23 20
40 1 11 4 9 10 5 7 1 3 0 6 13 2 18 14 15 16 12 24 8 19 21 17 22 23 20
39 1 11 4 9 10 5 7 1 3 6 0 13 2 18 14 15 16 12 24 8 19 21 17 22 23 20
38 1 11 4 9 10 5 7 1 3 6 15 13 2 18 14 0 16 12 24 8 19 21 17 22 23 20
37 1 11 4 9 10 5 7 1 3 6 15 13 2 18 0 14 16 12 24 8 19 21 17 22 23 20
36 1 11 4 9 10 5 7 1 3 6 15 13 2 18 8 14 16 12 24 0 19 21 17 22 23 20
35 1 11 4 9 10 5 7 1 3 6 15 13 2 18 8 14 16 12 0 24 19 21 17 22 23 20
34 1 11 4 9 10 5 7 1 3 6 15 13 2 0 8 14 16 12 18 24 19 21 17 22 23 20
33 1 11 4 9 10 5 7 1 0 6 15 13 2 3 8 14 16 12 18 24 19 21 17 22 23 20
32 1 11 4 9 10 5 7 1 6 0 15 13 2 3 8 14 16 12 18 24 19 21 17 22 23 20
31 1 11 4 9 0 5 7 1 6 10 15 13 2 3 8 14 16 12 18 24 19 21 17 22 23 20
30 1 11 4 0 9 5 7 1 6 10 15 13 2 3 8 14 16 12 18 24 19 21 17 22 23 20
82 1 6 3 8 14 1 11 21 19 4 10 18 16 20 5 9 15 24 17 0 2 12 7 22 23 13
81 1 6 3 8 14 1 11 21 19 4 10 18 16 20 5 9 15 24 17 2 0 12 7 22 23 13
80 1 6 3 8 14 1 11 21 19 4 10 18 16 20 5 9 15 24 17 2 13 12 7 22 23 0
79 1 6 3 8 14 1 11 21 19 4 10 18 16 20 5 9 15 24 17 2 13 12 7 22 0 23
78 1 6 3 8 14 1 11 21 19 4 10 18 16 20 5 9 15 24 17 2 13 12 7 0 22 23
77 1 6 3 8 14 1 11 21 19 4 10 18 16 20 5 9 15 24 0 2 13 12 7 17 22 23
76 1 6 3 8 14 1 11 21 19 4 10 18 16 0 5 9 15 24 20 2 13 12 7 17 22 23
75 1 6 3 8 14 1 11 21 19 4 10 18 0 16 5 9 15 24 20 2 13 12 7 17 22 23
74 1 6 3 8 14 1 11 0 19 4 10 18 21 16 5 9 15 24 20 2 13 12 7 17 22 23
73 1 6 3 8 14 1 11 19 0 4 10 18 21 16 5 9 15 24 20 2 13 12 7 17 22 23
72 1 6 3 8 14 1 11 19 4 0 10 18 21 16 5 9 15 24 20 2 13 12 7 17 22 23
71 1 6 3 8 0 1 11 19 4 14 10 18 21 16 5 9 15 24 20 2 13 12 7 17 22 23
70 1 6 3 8 1 0 11 19 4 14 10 18 21 16 5 9 15 24 20 2 13 12 7 17 22 23
69 1 6 3 8 1 10 11 19 4 14 0 18 21 16 5 9 15 24 20 2 13 12 7 17 22 23
68 1 6 3 8 1 10 11 19 4 0 14 18 21 16 5 9 15 24 20 2 13 12 7 17 22 23
67 1 6 3 8 1 10 11 19 0 4 14 18 21 16 5 9 15 24 20 2 13 12 7 17 22 23
66 1 6 3 0 1 10 11 19 8 4 14 18 21 16 5 9 15 24 20 2 13 12 7 17 22 23
65 1 6 3 1 0 10 11 19 8 4 14 18 21 16 5 9 15 24 20 2 13 12 7 17 22 23
64 1 6 3 1 4 10 11 19 8 0 14 18 21 16 5 9 15 24 20 2 13 12 7 17 22 23
63 1 6 3 1 4 10 11 19 8 5 14 18 21 16 0 9 15 24 20 2 13 12 7 17 22 23
62 1 6 3 1 4 10 11 19 8 5 14 18 21 16 2 9 15 24 20 0 13 12 7 17 22 23
61 1 6 3 1 4 10 11 19 8 5 14 18 21 16 2 9 15 24 0 20 13 12 7 17 22 23
60 1 6 3 1 4 10 11 19 8 5 14 18 21 16 2 9 15 0 24 20 13 12 7 17 22 23
59 1 6 3 1 4 10 11 19 8 5 14 18 21 16 2 9 0 15 24 20 13 12 7 17 22 23
58 1 6 3 1 4 10 11 19 8 5 14 0 21 16 2 9 18 15 24 20 13 12 7 17 22 23
57 1 6 3 1 4 10 11 19 8 5 14 21 0 16 2 9 18 15 24 20 13 12 7 17 22 23
56 1 6 3 1 4 10 11 0 8 5 14 21 19 16 2 9 18 15 24 20 13 12 7 17 22 23
55 1 6 0 1 4 10 11 3 8 5 14 21 19 16 2 9 18 15 24 20 13 12 7 17 22 23
54 1 6 1 0 4 10 11 3 8 5 14 21 19 16 2 9 18 15 24 20 13 12 7 17 22 23
53 1 6 1 4 0 10 11 3 8 5 14 21 19 16 2 9 18 15 24 20 13 12 7 17 22 23
52 1 6 1 4 5 10 11 3 8 0 14 21 19 16 2 9 18 15 24 20 13 12 7 17 22 23
51 1 6 1 4 5 10 11 3 8 14 0 21 19 16 2 9 18 15 24 20 13 12 7 17 22 23
50 1 6 1 4 5 10 11 3 8 14 9 21 19 16 2 0 18 15 24 20 13 12 7 17 22 23
49 1 6 1 4 5 10 11 3 8 14 9 21 19 16 2 13 18 15 24 20 0 12 7 17 22 23
48 1 6 1 4 5 10 11 3 8 14 9 21 19 16 2 13 18 15 24 0 20 12 7 17 22 23
47 1 6 1 4 5 10 11 3 8 14 9 21 19 16 2 13 18 15 0 24 20 12 7 17 22 23
46 1 6 1 4 5 10 11 3 8 14 9 21 19 16 2 13 18 0 15 24 20 12 7 17 22 23
45 1 6 1 4 5 10 11 3 8 14 9 21 0 16 2 13 18 19 15 24 20 12 7 17 22 23
44 1 6 1 4 5 10 11 3 8 14 9 21 16 0 2 13 18 19 15 24 20 12 7 17 22 23
43 1 6 1 4 5 10 11 3 8 14 9 21 16 2 0 13 18 19 15 24 20 12 7 17 22 23
42 1 6 1 4 5 10 11 3 8 14 9 21 16 2 13 0 18 19 15 24 20 12 7 17 22 23
41 1 6 1 4 5 10 11 3 8 14 9 21 16 2 13 20 18 19 15 24 0 12 7 17 22 23
40 1 6 1 4 5 10 11 3 8 14 9 21 16 2 13 20 18 19 15 0 24 12 7 17 22 23
39 1 6 1 4 5 10 11 3 8 14 9 21 16 2 13 20 18 19 0 15 24 12 7 17 22 23
38 1 6 1 4 5 10 11 3 8 14 9 21 16 2 13 20 18 0 19 15 24 12 7 17 22 23
37 1 6 1 4 5 10 11 3 8 14 9 21 16 2 13 20 0 18 19 15 24 12 7 17 22 23
36 1 6 1 4 5 10 11 3 8 14 9 0 16 2 13 20 21 18 19 15 24 12 7 17 22 23
35 1 6 1 4 5 10 11 3 8 14 9 16 0 2 13 20 21 18 19 15 24 12 7 17 22 23
34 1 6 1 4 5 10 11 3 8 14 9 16 2 0 13 20 21 18 19 15 24 12 7 17 22 23
33 1 6 1 4 5 10 11 3 8 14 9 16 2 13 0 20 21 18 19 15 24 12 7 17 22 23
32 1 6 1 4 5 10 11 3 8 14 9 16 2 13 15 20 21 18 19 0 24 12 7 17 22 23
31 1 6 1 4 5 10 11 3 8 14 9 16 2 13 15 20 21 18 0 19 24 12 7 17 22 23
30 1 6 1 4 5 10 11 3 8 14 9 16 2 13 15 20 21 0 18 19 24 12 7 17 22 23
92 1 5 2 12 23 9 11 10 20 18 19 7 13 3 24 8 1 16 14 0 22 15 6 17 21 4
91 1 5 2 12 23 9 11 10 20 18 19 7 13 3 0 8 1 16 14 24 22 15 6 17 21 4
90 1 5 2 12 23 9 11 10 20 0 19 7 13 3 18 8 1 16 14 24 22 15 6 17 21 4
89 1 5 2 12 23 9 11 10 0 20 19 7 13 3 18 8 1 16 14 24 22 15 6 17 21 4
88 1 5 2 0 23 9 11 10 12 20 19 7 13 3 18 8 1 16 14 24 22 15 6 17 21 4
87 1 5 0 2 23 9 11 10 12 20 19 7 13 3 18 8 1 16 14 24 22 15 6 17 21 4
86 1 5 10 2 23 9 11 0 12 20 19 7 13 3 18 8 1 16 14 24 22 15 6 17 21 4
85 1 5 10 2 23 9 0 11 12 20 19 7 13 3 18 8 1 16 14 24 22 15 6 17 21 4
84 1 5 10 2 23 9 7 11 12 20 19 0 13 3 18 8 1 16 14 24 22 15 6 17 21 4
83 1 5 10 2 23 9 7 11 12 20 19 1 13 3 18 8 0 16 14 24 22 15 6 17 21 4
82 1 5 10 2 23 9 7 11 12 20 19 1 13 3 18 8 16 0 14 24 22 15 6 17 21 4
81 1 5 10 2 23 9 7 11 12 20 19 1 13 3 18 8 16 6 14 24 22 15 0 17 21 4
80 1 5 10 2 23 9 7 11 12 20 19 1 13 3 18 8 16 6 14 24 22 0 15 17 21 4
79 1 5 10 2 23 9 7 11 12 20 19 1 13 3 18 8 0 6 14 24 22 16 15 17 21 4
78 1 5 10 2 23 9 7 11 12 20 19 1 13 3 18 8 6 0 14 24 22 16 15 17 21 4
77 1 5 10 2 23 9 7 11 12 20 19 1 0 3 18 8 6 13 14 24 22 16 15 17 21 4
76 1 5 10 2 23 9 7 0 12 20 19 1 11 3 18 8 6 13 14 24 22 16 15 17 21 4
75 1 5 10 2 23 9 7 12 0 20 19 1 11 3 18 8 6 13 14 24 22 16 15 17 21 4
74 1 5 10 0 23 9 7 12 2 20 19 1 11 3 18 8 6 13 14 24 22 16 15 17 21 4
73 1 5 0 10 23 9 7 12 2 20 19 1 11 3 18 8 6 13 14 24 22 16 15 17 21 4
72 1 0 5 10 23 9 7 12 2 20 19 1 11 3 18 8 6 13 14 24 22 16 15 17 21 4
71 1 7 5 10 23 9 0 12 2 20 19 1 11 3 18 8 6 13 14 24 22 16 15 17 21 4
70 1 7 5 10 23 9 1 12 2 20 19 0 11 3 18 8 6 13 14 24 22 16 15 17 21 4
69 1 7 5 10 23 9 1 12 2 20 19 6 11 3 18 8 0 13 14 24 22 16 15 17 21 4
68 1 7 5 10 23 9 1 12 2 20 19 6 11 3 18 8 13 0 14 24 22 16 15 17 21 4
67 1 7 5 10 23 9 1 12 2 20 19 6 11 3 18 8 13 15 14 24 22 16 0 17 21 4
66 1 7 5 10 23 9 1 12 2 20 19 6 11 3 18 8 13 15 14 24 22 16 17 0 21 4
65 1 7 5 10 23 9 1 12 2 20 19 6 11 3 18 8 13 15 14 24 22 16 17 21 0 4
64 1 7 5 10 23 9 1 12 2 20 19 6 11 3 18 8 13 15 14 0 22 16 17 21 24 4
63 1 7 5 10 23 9 1 12 2 20 19 6 11 3 18 8 13 15 14 22 0 16 17 21 24 4
62 1 7 5 10 23 9 1 12 2 20 19 6 11 3 18 8 13 15 14 22 4 16 17 21 24 0
61 1 7 5 10 23 9 1 12 2 20 19 6 11 3 18 8 13 15 14 22 4 16 17 21 0 24
60 1 7 5 10 23 9 1 12 2 20 19 6 11 3 18 8 13 15 14 0 4 16 17 21 22 24
59 1 7 5 10 23 9 1 12 2 20 19 6 11 3 0 8 13 15 14 18 4 16 17 21 22 24
58 1 7 5 10 23 9 1 12 2 0 19 6 11 3 20 8 13 15 14 18 4 16 17 21 22 24
57 1 7 5 10 0 9 1 12 2 23 19 6 11 3 20 8 13 15 14 18 4 16 17 21 22 24
56 1 7 5 0 10 9 1 12 2 23 19 6 11 3 20 8 13 15 14 18 4 16 17 21 22 24
55 1 7 0 5 10 9 1 12 2 23 19 6 11 3 20 8 13 15 14 18 4 16 17 21 22 24
54 1 0 7 5 10 9 1 12 2 23 19 6 11 3 20 8 13 15 14 18 4 16 17 21 22 24
53 1 1 7 5 10 9 0 12 2 23 19 6 11 3 20 8 13 15 14 18 4 16 17 21 22 24
52 1 1 7 5 10 9 6 12 2 23 19 0 11 3 20 8 13 15 14 18 4 16 17 21 22 24
51 1 1 7 5 10 9 6 12 2 23 19 11 0 3 20 8 13 15 14 18 4 16 17 21 22 24
50 1 1 7 5 10 9 6 12 2 23 19 11 15 3 20 8 13 0 14 18 4 16 17 21 22 24
49 1 1 7 5 10 9 6 12 2 23 19 11 15 3 20 8 13 17 14 18 4 16 0 21 22 24
48 1 1 7 5 10 9 6 12 2 23 19 11 15 3 20 8 13 17 14 18 4 16 21 0 22 24
47 1 1 7 5 10 9 6 12 2 23 19 11 15 3 20 8 13 17 14 18 4 16 21 22 0 24
46 1 1 7 5 10 9 6 12 2 23 19 11 15 3 20 8 13 17 14 0 4 16 21 22 18 24
45 1 1 7 5 10 9 6 12 2 23 19 11 15 3 0 8 13 17 14 20 4 16 21 22 18 24
44 1 1 7 5 10 9 6 12 2 0 19 11 15 3 23 8 13 17 14 20 4 16 21 22 18 24
43 1 1 7 5 10 9 6 12 2 19 0 11 15 3 23 8 13 17 14 20 4 16 21 22 18 24
42 1 1 7 5 10 9 6 12 2 19 8 11 15 3 23 0 13 17 14 20 4 16 21 22 18 24
41 1 1 7 5 10 9 6 12 2 19 8 11 15 3 23 4 13 17 14 20 0 16 21 22 18 24
40 1 1 7 5 10 9 6 12 2 19 8 11 15 3 23 4 13 17 14 0 20 16 21 22 18 24
39 1 1 7 5 10 9 6 12 2 19 8 11 15 3 0 4 13 17 14 23 20 16 21 22 18 24
38 1 1 7 5 10 9 6 12 2 0 8 11 15 3 19 4 13 17 14 23 20 16 21 22 18 24
37 1 1 7 5 0 9 6 12 2 10 8 11 15 3 19 4 13 17 14 23 20 16 21 22 18 24
36 1 1 7 0 5 9 6 12 2 10 8 11 15 3 19 4 13 17 14 23 20 16 21 22 18 24
35 1 1 7 2 5 9 6 12 0 10 8 11 15 3 19 4 13 17 14 23 20 16 21 22 18 24
34 1 1 7 2 5 9 6 12 3 10 8 11 15 0 19 4 13 17 14 23 20 16 21 22 18 24
33 1 1 7 2 5 9 6 12 3 10 8 11 0 15 19 4 13 17 14 23 20 16 21 22 18 24
32 1 1 7 2 5 9 6 12 3 10 8 11 17 15 19 4 13 0 14 23 20 16 21 22 18 24
31 1 1 7 2 5 9 6 12 3 10 8 11 17 15 19 4 0 13 14 23 20 16 21 22 18 24
30 1 1 7 2 5 9 6 12 3 10 8 11 17 15 19 4 16 13 14 23 20 0 21 22 18 24
72 1 11 5 0 12 10 16 9 22 6 7 17 1 2 4 15 8 3 18 14 24 13 21 23 19 20
71 1 11 0 5 12 10 16 9 22 6 7 17 1 2 4 15 8 3 18 14 24 13 21 23 19 20
70 1 11 9 5 12 10 16 0 22 6 7 17 1 2 4 15 8 3 18 14 24 13 21 23 19 20
69 1 11 9 5 12 10 16 1 22 6 7 17 0 2 4 15 8 3 18 14 24 13 21 23 19 20
68 1 11 9 5 12 10 16 1 22 6 7 17 3 2 4 15 8 0 18 14 24 13 21 23 19 20
67 1 11 9 5 12 10 16 1 22 6 7 17 3 2 4 15 0 8 18 14 24 13 21 23 19 20
66 1 11 9 5 12 10 16 1 22 6 7 17 3 2 4 15 13 8 18 14 24 0 21 23 19 20
65 1 11 9 5 12 10 16 1 22 6 7 17 3 2 4 15 13 8 18 14 24 21 0 23 19 20
64 1 11 9 5 12 10 16 1 22 6 7 17 3 2 4 15 13 8 18 14 24 21 23 0 19 20
63 1 11 9 5 12 10 16 1 22 6 7 17 3 2 4 15 13 8 0 14 24 21 23 18 19 20
62 1 11 9 5 12 10 16 1 22 6 7 17 3 0 4 15 13 8 2 14 24 21 23 18 19 20
61 1 11 9 5 12 10 16 1 0 6 7 17 3 22 4 15 13 8 2 14 24 21 23 18 19 20
60 1 11 9 5 12 10 16 1 6 0 7 17 3 22 4 15 13 8 2 14 24 21 23 18 19 20
59 1 11 9 5 0 10 16 1 6 12 7 17 3 22 4 15 13 8 2 14 24 21 23 18 19 20
58 1 11 9 0 5 10 16 1 6 12 7 17 3 22 4 15 13 8 2 14 24 21 23 18 19 20
57 1 11 0 9 5 10 16 1 6 12 7 17 3 22 4 15 13 8 2 14 24 21 23 18 19 20
56 1 11 1 9 5 10 16 0 6 12 7 17 3 22 4 15 13 8 2 14 24 21 23 18 19 20
55 1 11 1 9 5 10 16 3 6 12 7 17 0 22 4 15 13 8 2 14 24 21 23 18 19 20
54 1 11 1 9 5 10 16 3 6 12 7 17 22 0 4 15 13 8 2 14 24 21 23 18 19 20
53 1 11 1 9 5 10 16 3 6 12 7 17 22 2 4 15 13 8 0 14 24 21 23 18 19 20
52 1 11 1 9 5 10 16 3 6 12 7 17 22 2 4 15 13 0 8 14 24 21 23 18 19 20
51 1 11 1 9 5 10 16 3 6 12 7 17 0 2 4 15 13 22 8 14 24 21 23 18 19 20
50 1 11 1 9 5 10 16 3 6 12 7 0 17 2 4 15 13 22 8 14 24 21 23 18 19 20
49 1 11 1 9 5 10 0 3 6 12 7 16 17 2 4 15 13 22 8 14 24 21 23 18 19 20
48 1 0 1 9 5 10 11 3 6 12 7 16 17 2 4 15 13 22 8 14 24 21 23 18 19 20
47 1 1 0 9 5 10 11 3 6 12 7 16 17 2 4 15 13 22 8 14 24 21 23 18 19 20
46 1 1 3 9 5 10 11 0 6 12 7 16 17 2 4 15 13 22 8 14 24 21 23 18 19 20
45 1 1 3 9 5 10 11 6 0 12 7 16 17 2 4 15 13 22 8 14 24 21 23 18 19 20
44 1 1 3 9 5 10 11 6 12 0 7 16 17 2 4 15 13 22 8 14 24 21 23 18 19 20
43 1 1 3 9 5 10 11 6 12 4 7 16 17 2 0 15 13 22 8 14 24 21 23 18 19 20
42 1 1 3 9 5 10 11 6 12 4 7 16 17 2 14 15 13 22 8 0 24 21 23 18 19 20
41 1 1 3 9 5 10 11 6 12 4 7 16 17 2 14 15 13 22 8 24 0 21 23 18 19 20
40 1 1 3 9 5 10 11 6 12 4 7 16 17 2 14 15 13 22 8 24 20 21 23 18 19 0
39 1 1 3 9 5 10 11 6 12 4 7 16 17 2 14 15 13 22 8 24 20 21 23 18 0 19
38 1 1 3 9 5 10 11 6 12 4 7 16 17 2 14 15 13 22 8 24 20 21 23 0 18 19
37 1 1 3 9 5 10 11 6 12 4 7 16 17 2 14 15 13 22 8 24 20 21 0 23 18 19
36 1 1 3 9 5 10 11 6 12 4 7 16 17 2 14 15 13 0 8 24 20 21 22 23 18 19
35 1 1 3 9 5 10 11 6 12 4 7 16 17 2 14 15 0 13 8 24 20 21 22 23 18 19
34 1 1 3 9 5 10 11 6 12 4 7 0 17 2 14 15 16 13 8 24 20 21 22 23 18 19
33 1 1 3 9 5 10 0 6 12 4 7 11 17 2 14 15 16 13 8 24 20 21 22 23 18 19
32 1 1 3 9 5 10 6 0 12 4 7 11 17 2 14 15 16 13 8 24 20 21 22 23 18 19
31 1 1 3 9 5 10 6 12 0 4 7 11 17 2 14 15 16 13 8 24 20 21 22 23 18 19
30 1 1 3 9 5 10 6 12 2 4 7 11 17 0 14 15 16 13 8 24 20 21 22 23 18 19
76 1 7 14 0 19 10 6 23 4 8 5 3 2 9 17 1 13 21 16 20 15 11 22 24 18 12
75 1 7 14 4 19 10 6 23 0 8 5 3 2 9 17 1 13 21 16 20 15 11 22 24 18 12
74 1 7 14 4 19 10 6 0 23 8 5 3 2 9 17 1 13 21 16 20 15 11 22 24 18 12
73 1 7 0 4 19 10 6 14 23 8 5 3 2 9 17 1 13 21 16 20 15 11 22 24 18 12
72 1 0 7 4 19 10 6 14 23 8 5 3 2 9 17 1 13 21 16 20 15 11 22 24 18 12
71 1 6 7 4 19 10 0 14 23 8 5 3 2 9 17 1 13 21 16 20 15 11 22 24 18 12
70 1 6 7 4 19 10 3 14 23 8 5 0 2 9 17 1 13 21 16 20 15 11 22 24 18 12
69 1 6 7 4 19 10 3 14 23 8 5 2 0 9 17 1 13 21 16 20 15 11 22 24 18 12
68 1 6 7 4 19 10 3 14 23 8 5 2 9 0 17 1 13 21 16 20 15 11 22 24 18 12
67 1 6 7 4 19 10 3 14 0 8 5 2 9 23 17 1 13 21 16 20 15 11 22 24 18 12
66 1 6 7 4 19 10 3 14 8 0 5 2 9 23 17 1 13 21 16 20 15 11 22 24 18 12
65 1 6 7 4 0 10 3 14 8 19 5 2 9 23 17 1 13 21 16 20 15 11 22 24 18 12
64 1 6 7 4 10 0 3 14 8 19 5 2 9 23 17 1 13 21 16 20 15 11 22 24 18 12
63 1 6 7 4 10 5 3 14 8 19 0 2 9 23 17 1 13 21 16 20 15 11 22 24 18 12
62 1 6 7 4 10 5 3 14 8 19 1 2 9 23 17 0 13 21 16 20 15 11 22 24 18 12
61 1 6 7 4 10 5 3 14 8 19 1 2 9 23 17 15 13 21 16 20 0 11 22 24 18 12
60 1 6 7 4 10 5 3 14 8 19 1 2 9 23 17 15 13 21 16 20 12 11 22 24 18 0
59 1 6 7 4 10 5 3 14 8 19 1 2 9 23 17 15 13 21 16 20 12 11 22 24 0 18
58 1 6 7 4 10 5 3 14 8 19 1 2 9 23 17 15 13 21 16 0 12 11 22 24 20 18
57 1 6 7 4 10 5 3 14 8 19 1 2 9 23 17 15 13 21 16 12 0 11 22 24 20 18
56 1 6 7 4 10 5 3 14 8 19 1 2 9 23 17 15 13 21 16 12 18 11 22 24 20 0
55 1 6 7 4 10 5 3 14 8 19 1 2 9 23 17 15 13 21 16 12 18 11 22 24 0 20
54 1 6 7 4 10 5 3 14 8 19 1 2 9 23 17 15 13 21 16 12 18 11 22 0 24 20
53 1 6 7 4 10 5 3 14 8 19 1 2 9 23 17 15 13 21 16 12 18 11 0 22 24 20
52 1 6 7 4 10 5 3 14 8 19 1 2 9 23 17 15 13 0 16 12 18 11 21 22 24 20
51 1 6 7 4 10 5 3 14 8 19 1 2 9 23 17 15 13 16 0 12 18 11 21 22 24 20
50 1 6 7 4 10 5 3 14 8 19 1 2 9 0 17 15 13 16 23 12 18 11 21 22 24 20
49 1 6 7 4 10 5 3 14 8 19 1 2 0 9 17 15 13 16 23 12 18 11 21 22 24 20
48 1 6 7 4 10 5 3 0 8 19 1 2 14 9 17 15 13 16 23 12 18 11 21 22 24 20
47 1 6 7 4 10 5 0 3 8 19 1 2 14 9 17 15 13 16 23 12 18 11 21 22 24 20
46 1 6 7 4 10 5 2 3 8 19 1 0 14 9 17 15 13 16 23 12 18 11 21 22 24 20
45 1 6 7 4 10 5 2 3 8 19 1 13 14 9 17 15 0 16 23 12 18 11 21 22 24 20
44 1 6 7 4 10 5 2 3 8 19 1 13 14 9 17 15 11 16 23 12 18 0 21 22 24 20
43 1 6 7 4 10 5 2 3 8 19 1 13 14 9 17 15 11 16 23 12 18 21 0 22 24 20
42 1 6 7 4 10 5 2 3 8 19 1 13 14 9 17 15 11 16 23 12 18 21 22 0 24 20
41 1 6 7 4 10 5 2 3 8 19 1 13 14 9 17 15 11 16 0 12 18 21 22 23 24 20
40 1 6 7 4 10 5 2 3 8 19 1 13 14 9 17 15 11 16 12 0 18 21 22 23 24 20
39 1 6 7 4 10 5 2 3 8 19 1 13 14 9 0 15 11 16 12 17 18 21 22 23 24 20
38 1 6 7 4 10 5 2 3 8 0 1 13 14 9 19 15 11 16 12 17 18 21 22 23 24 20
37 1 6 7 4 10 5 2 3 8 1 0 13 14 9 19 15 11 16 12 17 18 21 22 23 24 20
36 1 6 7 4 10 5 2 3 8 1 15 13 14 9 19 0 11 16 12 17 18 21 22 23 24 20
35 1 6 7 4 10 5 2 3 8 1 15 13 14 9 0 19 11 16 12 17 18 21 22 23 24 20
34 1 6 7 4 10 5 2 3 8 1 15 13 14 0 9 19 11 16 12 17 18 21 22 23 24 20
33 1 6 7 4 10 5 2 3 0 1 15 13 14 8 9 19 11 16 12 17 18 21 22 23 24 20
32 1 6 7 4 10 5 2 3 1 0 15 13 14 8 9 19 11 16 12 17 18 21 22 23 24 20
31 1 6 7 4 0 5 2 3 1 10 15 13 14 8 9 19 11 16 12 17 18 21 22 23 24 20
30 1 6 7 0 4 5 2 3 1 10 15 13 14 8 9 19 11 16 12 17 18 21 22 23 24 20
82 1 18 13 10 8 3 1 17 5 24 23 7 12 9 22 20 6 21 16 4 19 11 2 14 15 0
81 1 18 13 10 8 3 1 17 5 24 23 7 12 9 22 20 6 21 16 4 0 11 2 14 15 19
80 1 18 13 10 8 3 1 17 5 24 23 7 12 9 22 20 6 21 16 0 4 11 2 14 15 19
79 1 18 13 10 8 3 1 17 5 24 23 7 12 9 22 20 6 21 16 15 4 11 2 14 0 19
78 1 18 13 10 8 3 1 17 5 24 23 7 12 9 22 20 6 21 16 15 4 11 2 0 14 19
77 1 18 13 10 8 3 1 17 5 24 23 7 12 9 22 20 6 21 16 15 4 11 0 2 14 19
76 1 18 13 10 8 3 1 17 5 24 23 7 12 9 22 20 6 0 16 15 4 11 21 2 14 19
75 1 18 13 10 8 3 1 17 5 24 23 7 12 9 22 20 6 16 0 15 4 11 21 2 14 19
74 1 18 13 10 8 3 1 17 5 24 23 7 12 9 22 20 6 16 2 15 4 11 21 0 14 19
73 1 18 13 10 8 3 1 17 5 24 23 7 12 9 22 20 6 16 2 15 4 11 21 14 0 19
72 1 18 13 10 8 3 1 17 5 24 23 7 12 9 22 20 6 16 2 0 4 11 21 14 15 19
71 1 18 13 10 8 3 1 17 5 24 23 7 12 9 0 20 6 16 2 22 4 11 21 14 15 19
70 1 18 13 10 8 3 1 17 5 0 23 7 12 9 24 20 6 16 2 22 4 11 21 14 15 19
69 1 18 13 10 8 3 1 17 5 23 0 7 12 9 24 20 6 16 2 22 4 11 21 14 15 19
68 1 18 13 10 8 3 1 17 5 23 20 7 12 9 24 0 6 16 2 22 4 11 21 14 15 19
67 1 18 13 10 8 3 1 17 5 23 20 7 12 9 0 24 6 16 2 22 4 11 21 14 15 19
66 1 18 13 10 8 3 1 17 5 0 20 7 12 9 23 24 6 16 2 22 4 11 21 14 15 19
65 1 18 13 10 8 3 1 17 0 5 20 7 12 9 23 24 6 16 2 22 4 11 21 14 15 19
64 1 18 13 0 8 3 1 17 10 5 20 7 12 9 23 24 6 16 2 22 4 11 21 14 15 19
63 1 18 0 13 8 3 1 17 10 5 20 7 12 9 23 24 6 16 2 22 4 11 21 14 15 19
62 1 0 18 13 8 3 1 17 10 5 20 7 12 9 23 24 6 16 2 22 4 11 21 14 15 19
61 1 1 18 13 8 3 0 17 10 5 20 7 12 9 23 24 6 16 2 22 4 11 21 14 15 19
60 1 1 18 13 8 3 7 17 10 5 20 0 12 9 23 24 6 16 2 22 4 11 21 14 15 19
59 1 1 18 13 8 3 7 17 10 5 20 12 0 9 23 24 6 16 2 22 4 11 21 14 15 19
58 1 1 18 13 8 3 7 17 10 5 20 12 9 0 23 24 6 16 2 22 4 11 21 14 15 19
57 1 1 18 13 8 3 7 17 10 5 20 12 9 2 23 24 6 16 0 22 4 11 21 14 15 19
56 1 1 18 13 8 3 7 17 10 5 20 12 9 2 23 24 6 16 22 0 4 11 21 14 15 19
55 1 1 18 13 8 3 7 17 10 5 20 12 9 2 23 24 6 16 22 4 0 11 21 14 15 19
54 1 1 18 13 8 3 7 17 10 5 20 12 9 2 23 0 6 16 22 4 24 11 21 14 15 19
53 1 1 18 13 8 3 7 17 10 5 0 12 9 2 23 20 6 16 22 4 24 11 21 14 15 19
52 1 1 18 13 8 3 7 17 10 0 5 12 9 2 23 20 6 16 22 4 24 11 21 14 15 19
51 1 1 18 13 8 3 7 17 0 10 5 12 9 2 23 20 6 16 22 4 24 11 21 14 15 19
50 1 1 18 13 8 3 7 17 2 10 5 12 9 0 23 20 6 16 22 4 24 11 21 14 15 19
49 1 1 18 13 8 3 7 17 2 10 5 12 9 23 0 20 6 16 22 4 24 11 21 14 15 19
48 1 1 18 13 8 3 7 17 2 10 5 12 9 23 4 20 6 16 22 0 24 11 21 14 15 19
47 1 1 18 13 8 3 7 17 2 10 5 12 9 23 4 20 6 16 22 15 24 11 21 14 0 19
46 1 1 18 13 8 3 7 17 2 10 5 12 9 23 4 20 6 16 22 15 24 11 21 0 14 19
45 1 1 18 13 8 3 7 17 2 10 5 12 9 23 4 20 6 16 0 15 24 11 21 22 14 19
44 1 1 18 13 8 3 7 17 2 10 5 12 9 0 4 20 6 16 23 15 24 11 21 22 14 19
43 1 1 18 13 8 3 7 17 2 10 5 12 0 9 4 20 6 16 23 15 24 11 21 22 14 19
42 1 1 18 13 8 3 7 0 2 10 5 12 17 9 4 20 6 16 23 15 24 11 21 22 14 19
41 1 1 0 13 8 3 7 18 2 10 5 12 17 9 4 20 6 16 23 15 24 11 21 22 14 19
40 1 1 13 0 8 3 7 18 2 10 5 12 17 9 4 20 6 16 23 15 24 11 21 22 14 19
39 1 1 13 2 8 3 7 18 0 10 5 12 17 9 4 20 6 16 23 15 24 11 21 22 14 19
38 1 1 13 2 8 3 7 0 18 10 5 12 17 9 4 20 6 16 23 15 24 11 21 22 14 19
37 1 1 0 2 8 3 7 13 18 10 5 12 17 9 4 20 6 16 23 15 24 11 21 22 14 19
36 1 1 2 0 8 3 7 13 18 10 5 12 17 9 4 20 6 16 23 15 24 11 21 22 14 19
35 1 1 2 8 0 3 7 13 18 10 5 12 17 9 4 20 6 16 23 15 24 11 21 22 14 19
34 1 1 2 8 3 0 7 13 18 10 5 12 17 9 4 20 6 16 23 15 24 11 21 22 14 19
33 1 1 2 8 3 5 7 13 18 10 0 12 17 9 4 20 6 16 23 15 24 11 21 22 14 19
32 1 1 2 8 3 5 7 13 18 0 10 12 17 9 4 20 6 16 23 15 24 11 21 22 14 19
31 1 1 2 8 3 5 7 13 18 4 10 12 17 9 0 20 6 16 23 15 24 11 21 22 14 19
30 1 1 2 8 3 5 7 13 18 4 10 12 17 9 15 20 6 16 23 0 24 11 21 22 14 19
74 1 12 2 7 3 13 22 6 23 10 19 8 11 24 5 9 1 16 18 14 4 17 21 20 15 0
73 1 12 2 7 3 13 22 6 23 10 19 8 11 24 5 9 1 16 18 14 4 17 21 20 0 15
72 1 12 2 7 3 13 22 6 23 10 19 8 11 24 5 9 1 16 18 14 4 17 21 0 20 15
71 1 12 2 7 3 13 22 6 23 10 19 8 11 24 5 9 1 16 0 14 4 17 21 18 20 15
70 1 12 2 7 3 13 22 6 23 10 19 8 11 0 5 9 1 16 24 14 4 17 21 18 20 15
69 1 12 2 7 3 13 22 6 0 10 19 8 11 23 5 9 1 16 24 14 4 17 21 18 20 15
68 1 12 2 0 3 13 22 6 7 10 19 8 11 23 5 9 1 16 24 14 4 17 21 18 20 15
67 1 12 0 2 3 13 22 6 7 10 19 8 11 23 5 9 1 16 24 14 4 17 21 18 20 15
66 1 12 6 2 3 13 22 0 7 10 19 8 11 23 5 9 1 16 24 14 4 17 21 18 20 15
65 1 12 6 2 3 13 22 11 7 10 19 8 0 23 5 9 1 16 24 14 4 17 21 18 20 15
64 1 12 6 2 3 13 22 11 7 10 19 0 8 23 5 9 1 16 24 14 4 17 21 18 20 15
63 1 12 6 2 3 13 22 11 7 10 19 1 8 23 5 9 0 16 24 14 4 17 21 18 20 15
62 1 12 6 2 3 13 22 11 7 10 19 1 8 23 5 9 16 0 24 14 4 17 21 18 20 15
61 1 12 6 2 3 13 22 11 7 10 19 1 8 23 5 9 16 24 0 14 4 17 21 18 20 15
60 1 12 6 2 3 13 22 11 7 10 19 1 8 0 5 9 16 24 23 14 4 17 21 18 20 15
59 1 12 6 2 3 13 22 11 7 10 19 1 0 8 5 9 16 24 23 14 4 17 21 18 20 15
58 1 12 6 2 3 13 22 0 7 10 19 1 11 8 5 9 16 24 23 14 4 17 21 18 20 15
57 1 12 6 2 3 13 0 22 7 10 19 1 11 8 5 9 16 24 23 14 4 17 21 18 20 15
56 1 12 6 2 3 13 1 22 7 10 19 0 11 8 5 9 16 24 23 14 4 17 21 18 20 15
55 1 12 6 2 3 13 1 22 7 10 19 11 0 8 5 9 16 24 23 14 4 17 21 18 20 15
54 1 12 6 2 3 13 1 0 7 10 19 11 22 8 5 9 16 24 23 14 4 17 21 18 20 15
53 1 12 0 2 3 13 1 6 7 10 19 11 22 8 5 9 16 24 23 14 4 17 21 18 20 15
52 1 0 12 2 3 13 1 6 7 10 19 11 22 8 5 9 16 24 23 14 4 17 21 18 20 15
51 1 1 12 2 3 13 0 6 7 10 19 11 22 8 5 9 16 24 23 14 4 17 21 18 20 15
50 1 1 12 2 3 13 6 0 7 10 19 11 22 8 5 9 16 24 23 14 4 17 21 18 20 15
49 1 1 0 2 3 13 6 12 7 10 19 11 22 8 5 9 16 24 23 14 4 17 21 18 20 15
48 1 1 2 0 3 13 6 12 7 10 19 11 22 8 5 9 16 24 23 14 4 17 21 18 20 15
47 1 1 2 3 0 13 6 12 7 10 19 11 22 8 5 9 16 24 23 14 4 17 21 18 20 15
46 1 1 2 3 10 13 6 12 7 0 19 11 22 8 5 9 16 24 23 14 4 17 21 18 20 15
45 1 1 2 3 10 13 6 12 7 5 19 11 22 8 0 9 16 24 23 14 4 17 21 18 20 15
44 1 1 2 3 10 13 6 12 7 5 19 11 22 8 9 0 16 24 23 14 4 17 21 18 20 15
43 1 1 2 3 10 13 6 12 7 5 0 11 22 8 9 19 16 24 23 14 4 17 21 18 20 15
42 1 1 2 3 10 0 6 12 7 5 13 11 22 8 9 19 16 24 23 14 4 17 21 18 20 15
41 1 1 2 3 0 10 6 12 7 5 13 11 22 8 9 19 16 24 23 14 4 17 21 18 20 15
40 1 1 2 3 5 10 6 12 7 0 13 11 22 8 9 19 16 24 23 14 4 17 21 18 20 15
39 1 1 2 3 5 10 6 12 7 9 13 11 22 8 0 19 16 24 23 14 4 17 21 18 20 15
38 1 1 2 3 5 10 6 12 7 9 13 11 22 8 19 0 16 24 23 14 4 17 21 18 20 15
37 1 1 2 3 5 10 6 12 7 9 13 11 22 8 19 4 16 24 23 14 0 17 21 18 20 15
36 1 1 2 3 5 10 6 12 7 9 13 11 22 8 19 4 16 24 23 0 14 17 21 18 20 15
35 1 1 2 3 5 10 6 12 7 9 13 11 22 8 19 4 16 24 0 23 14 17 21 18 20 15
34 1 1 2 3 5 10 6 12 7 9 13 11 22 8 19 4 16 0 24 23 14 17 21 18 20 15
33 1 1 2 3 5 10 6 12 7 9 13 11 0 8 19 4 16 22 24 23 14 17 21 18 20 15
32 1 1 2 3 5 10 6 12 7 9 13 0 11 8 19 4 16 22 24 23 14 17 21 18 20 15
31 1 1 2 3 5 10 6 12 7 9 13 16 11 8 19 4 0 22 24 23 14 17 21 18 20 15
30 1 1 2 3 5 10 6 12 7 9 13 16 11 8 19 4 17 22 24 23 14 0 21 18 20 15
80 1 2 15 10 8 6 7 17 4 19 9 5 3 0 24 14 11 12 21 23 18 16 13 22 1 20
79 1 2 15 10 8 6 7 17 4 19 9 5 0 3 24 14 11 12 21 23 18 16 13 22 1 20
78 1 2 15 10 8 6 7 17 4 19 9 0 5 3 24 14 11 12 21 23 18 16 13 22 1 20
77 1 2 15 10 8 6 0 17 4 19 9 7 5 3 24 14 11 12 21 23 18 16 13 22 1 20
76 1 2 15 10 8 6 17 0 4 19 9 7 5 3 24 14 11 12 21 23 18 16 13 22 1 20
75 1 2 0 10 8 6 17 15 4 19 9 7 5 3 24 14 11 12 21 23 18 16 13 22 1 20
74 1 2 10 0 8 6 17 15 4 19 9 7 5 3 24 14 11 12 21 23 18 16 13 22 1 20
73 1 2 10 8 0 6 17 15 4 19 9 7 5 3 24 14 11 12 21 23 18 16 13 22 1 20
72 1 2 10 8 6 0 17 15 4 19 9 7 5 3 24 14 11 12 21 23 18 16 13 22 1 20
71 1 2 10 8 6 9 17 15 4 19 0 7 5 3 24 14 11 12 21 23 18 16 13 22 1 20
70 1 2 10 8 6 9 17 15 4 0 19 7 5 3 24 14 11 12 21 23 18 16 13 22 1 20
69 1 2 10 8 6 9 17 15 0 4 19 7 5 3 24 14 11 12 21 23 18 16 13 22 1 20
68 1 2 10 8 6 9 17 15 3 4 19 7 5 0 24 14 11 12 21 23 18 16 13 22 1 20
67 1 2 10 8 6 9 17 15 3 4 19 7 0 5 24 14 11 12 21 23 18 16 13 22 1 20
66 1 2 10 8 6 9 17 15 3 4 19 7 12 5 24 14 11 0 21 23 18 16 13 22 1 20
65 1 2 10 8 6 9 17 15 3 4 19 7 12 5 24 14 11 21 0 23 18 16 13 22 1 20
64 1 2 10 8 6 9 17 15 3 4 19 7 12 5 24 14 11 21 22 23 18 16 13 0 1 20
63 1 2 10 8 6 9 17 15 3 4 19 7 12 5 24 14 11 21 22 23 18 16 13 1 0 20
62 1 2 10 8 6 9 17 15 3 4 19 7 12 5 24 14 11 21 22 0 18 16 13 1 23 20
61 1 2 10 8 6 9 17 15 3 4 19 7 12 5 0 14 11 21 22 24 18 16 13 1 23 20
60 1 2 10 8 6 9 17 15 3 4 19 7 12 0 5 14 11 21 22 24 18 16 13 1 23 20
59 1 2 10 8 6 9 17 15 0 4 19 7 12 3 5 14 11 21 22 24 18 16 13 1 23 20
58 1 2 10 8 6 9 17 0 15 4 19 7 12 3 5 14 11 21 22 24 18 16 13 1 23 20
57 1 2 0 8 6 9 17 10 15 4 19 7 12 3 5 14 11 21 22 24 18 16 13 1 23 20
56 1 2 8 0 6 9 17 10 15 4 19 7 12 3 5 14 11 21 22 24 18 16 13 1 23 20
55 1 2 8 6 0 9 17 10 15 4 19 7 12 3 5 14 11 21 22 24 18 16 13 1 23 20
54 1 2 8 6 4 9 17 10 15 0 19 7 12 3 5 14 11 21 22 24 18 16 13 1 23 20
53 1 2 8 6 4 9 17 10 15 5 19 7 12 3 0 14 11 21 22 24 18 16 13 1 23 20
52 1 2 8 6 4 9 17 10 15 5 19 7 12 3 14 0 11 21 22 24 18 16 13 1 23 20
51 1 2 8 6 4 9 17 10 15 5 0 7 12 3 14 19 11 21 22 24 18 16 13 1 23 20
50 1 2 8 6 4 9 17 10 15 0 5 7 12 3 14 19 11 21 22 24 18 16 13 1 23 20
49 1 2 8 6 4 9 17 10 0 15 5 7 12 3 14 19 11 21 22 24 18 16 13 1 23 20
48 1 2 8 6 4 9 17 0 10 15 5 7 12 3 14 19 11 21 22 24 18 16 13 1 23 20
47 1 2 0 6 4 9 17 8 10 15 5 7 12 3 14 19 11 21 22 24 18 16 13 1 23 20
46 1 2 6 0 4 9 17 8 10 15 5 7 12 3 14 19 11 21 22 24 18 16 13 1 23 20
45 1 2 6 4 0 9 17 8 10 15 5 7 12 3 14 19 11 21 22 24 18 16 13 1 23 20
44 1 2 6 4 9 0 17 8 10 15 5 7 12 3 14 19 11 21 22 24 18 16 13 1 23 20
43 1 2 6 4 9 5 17 8 10 15 0 7 12 3 14 19 11 21 22 24 18 16 13 1 23 20
42 1 2 6 4 9 5 17 8 10 0 15 7 12 3 14 19 11 21 22 24 18 16 13 1 23 20
41 1 2 6 4 9 5 17 8 0 10 15 7 12 3 14 19 11 21 22 24 18 16 13 1 23 20
40 1 2 6 4 9 5 17 8 3 10 15 7 12 0 14 19 11 21 22 24 18 16 13 1 23 20
39 1 2 6 4 9 5 17 8 3 10 15 7 12 22 14 19 11 21 0 24 18 16 13 1 23 20
38 1 2 6 4 9 5 17 8 3 10 15 7 12 22 14 19 11 21 1 24 18 16 13 0 23 20
37 1 2 6 4 9 5 17 8 3 10 15 7 12 22 14 19 11 21 1 24 18 16 0 13 23 20
36 1 2 6 4 9 5 17 8 3 10 15 7 12 22 14 19 11 0 1 24 18 16 21 13 23 20
35 1 2 6 4 9 5 17 8 3 10 15 7 12 22 14 19 11 1 0 24 18 16 21 13 23 20
34 1 2 6 4 9 5 17 8 3 10 15 7 12 0 14 19 11 1 22 24 18 16 21 13 23 20
33 1 2 6 4 9 5 17 8 3 10 15 7 0 12 14 19 11 1 22 24 18 16 21 13 23 20
32 1 2 6 4 9 5 17 8 3 10 15 7 1 12 14 19 11 0 22 24 18 16 21 13 23 20
31 1 2 6 4 9 5 17 8 3 10 15 7 1 12 14 19 11 22 0 24 18 16 21 13 23 20
30 1 2 6 4 9 5 17 8 3 10 15 7 1 12 14 19 11 22 13 24 18 16 21 0 23 20
74 1 21 3 9 11 5 17 7 1 2 10 4 12 13 23 8 6 16 20 0 14 18 22 24 15 19
73 1 21 3 9 11 5 17 7 1 2 10 4 12 13 0 8 6 16 20 23 14 18 22 24 15 19
72 1 21 3 9 11 5 17 7 1 2 10 4 12 0 13 8 6 16 20 23 14 18 22 24 15 19
71 1 21 3 9 11 5 17 7 1 2 10 4 0 12 13 8 6 16 20 23 14 18 22 24 15 19
70 1 21 3 9 11 5 17 7 1 2 10 0 4 12 13 8 6 16 20 23 14 18 22 24 15 19
69 1 21 3 9 11 5 17 7 1 2 10 6 4 12 13 8 0 16 20 23 14 18 22 24 15 19
68 1 21 3 9 11 5 17 7 1 2 10 6 4 12 13 8 18 16 20 23 14 0 22 24 15 19
67 1 21 3 9 11 5 17 7 1 2 10 6 4 12 13 8 18 16 20 23 14 22 0 24 15 19
66 1 21 3 9 11 5 17 7 1 2 10 6 4 12 13 8 18 16 20 23 14 22 24 0 15 19
65 1 21 3 9 11 5 17 7 1 2 10 6 4 12 13 8 18 16 0 23 14 22 24 20 15 19
64 1 21 3 9 11 5 17 7 1 2 10 6 4 0 13 8 18 16 12 23 14 22 24 20 15 19
63 1 21 3 9 11 5 17 7 1 2 10 6 0 4 13 8 18 16 12 23 14 22 24 20 15 19
62 1 21 3 9 11 5 17 0 1 2 10 6 7 4 13 8 18 16 12 23 14 22 24 20 15 19
61 1 21 3 9 11 5 17 1 0 2 10 6 7 4 13 8 18 16 12 23 14 22 24 20 15 19
60 1 21 3 9 11 5 17 1 2 0 10 6 7 4 13 8 18 16 12 23 14 22 24 20 15 19
59 1 21 3 9 0 5 17 1 2 11 10 6 7 4 13 8 18 16 12 23 14 22 24 20 15 19
58 1 21 3 0 9 5 17 1 2 11 10 6 7 4 13 8 18 16 12 23 14 22 24 20 15 19
57 1 21 0 3 9 5 17 1 2 11 10 6 7 4 13 8 18 16 12 23 14 22 24 20 15 19
56 1 21 1 3 9 5 17 0 2 11 10 6 7 4 13 8 18 16 12 23 14 22 24 20 15 19
55 1 21 1 3 9 5 17 2 0 11 10 6 7 4 13 8 18 16 12 23 14 22 24 20 15 19
54 1 21 1 3 9 5 17 2 4 11 10 6 7 0 13 8 18 16 12 23 14 22 24 20 15 19
53 1 21 1 3 9 5 17 2 4 11 10 6 7 13 0 8 18 16 12 23 14 22 24 20 15 19
52 1 21 1 3 9 5 17 2 4 11 10 6 7 13 8 0 18 16 12 23 14 22 24 20 15 19
51 1 21 1 3 9 5 17 2 4 11 10 6 7 13 8 14 18 16 12 23 0 22 24 20 15 19
50 1 21 1 3 9 5 17 2 4 11 10 6 7 13 8 14 18 16 12 23 19 22 24 20 15 0
49 1 21 1 3 9 5 17 2 4 11 10 6 7 13 8 14 18 16 12 23 19 22 24 20 0 15
48 1 21 1 3 9 5 17 2 4 11 10 6 7 13 8 14 18 16 12 23 19 22 24 0 20 15
47 1 21 1 3 9 5 17 2 4 11 10 6 7 13 8 14 18 16 12 23 19 22 0 24 20 15
46 1 21 1 3 9 5 17 2 4 11 10 6 7 13 8 14 18 0 12 23 19 22 16 24 20 15
45 1 21 1 3 9 5 17 2 4 11 10 6 0 13 8 14 18 7 12 23 19 22 16 24 20 15
44 1 21 1 3 9 5 17 2 4 11 10 0 6 13 8 14 18 7 12 23 19 22 16 24 20 15
43 1 21 1 3 9 5 0 2 4 11 10 17 6 13 8 14 18 7 12 23 19 22 16 24 20 15
42 1 0 1 3 9 5 21 2 4 11 10 17 6 13 8 14 18 7 12 23 19 22 16 24 20 15
41 1 1 0 3 9 5 21 2 4 11 10 17 6 13 8 14 18 7 12 23 19 22 16 24 20 15
40 1 1 3 0 9 5 21 2 4 11 10 17 6 13 8 14 18 7 12 23 19 22 16 24 20 15
39 1 1 3 4 9 5 21 2 0 11 10 17 6 13 8 14 18 7 12 23 19 22 16 24 20 15
38 1 1 3 4 9 5 21 2 11 0 10 17 6 13 8 14 18 7 12 23 19 22 16 24 20 15
37 1 1 3 4 9 5 21 2 11 8 10 17 6 13 0 14 18 7 12 23 19 22 16 24 20 15
36 1 1 3 4 9 5 21 2 11 8 10 17 6 0 13 14 18 7 12 23 19 22 16 24 20 15
35 1 1 3 4 9 5 21 2 0 8 10 17 6 11 13 14 18 7 12 23 19 22 16 24 20 15
34 1 1 3 4 9 5 21 2 8 0 10 17 6 11 13 14 18 7 12 23 19 22 16 24 20 15
33 1 1 3 4 0 5 21 2 8 9 10 17 6 11 13 14 18 7 12 23 19 22 16 24 20 15
32 1 1 3 0 4 5 21 2 8 9 10 17 6 11 13 14 18 7 12 23 19 22 16 24 20 15
31 1 1 0 3 4 5 21 2 8 9 10 17 6 11 13 14 18 7 12 23 19 22 16 24 20 15
30 1 1 2 3 4 5 21 0 8 9 10 17 6 11 13 14 18 7 12 23 19 22 16 24 20 15
80 1 0 6 17 24 4 13 2 5 11 14 12 7 22 1 10 21 18 15 8 3 16 19 23 20 9
79 1 6 0 17 24 4 13 2 5 11 14 12 7 22 1 10 21 18 15 8 3 16 19 23 20 9
78 1 6 17 0 24 4 13 2 5 11 14 12 7 22 1 10 21 18 15 8 3 16 19 23 20 9
77 1 6 17 5 24 4 13 2 0 11 14 12 7 22 1 10 21 18 15 8 3 16 19 23 20 9
76 1 6 17 5 24 4 13 2 11 0 14 12 7 22 1 10 21 18 15 8 3 16 19 23 20 9
75 1 6 17 5 24 4 13 2 11 1 14 12 7 22 0 10 21 18 15 8 3 16 19 23 20 9
74 1 6 17 5 24 4 13 2 11 1 14 12 7 22 8 10 21 18 15 0 3 16 19 23 20 9
73 1 6 17 5 24 4 13 2 11 1 14 12 7 22 8 10 21 18 0 15 3 16 19 23 20 9
72 1 6 17 5 24 4 13 2 11 1 14 12 7 0 8 10 21 18 22 15 3 16 19 23 20 9
71 1 6 17 5 24 4 13 2 0 1 14 12 7 11 8 10 21 18 22 15 3 16 19 23 20 9
70 1 6 17 5 24 4 13 2 1 0 14 12 7 11 8 10 21 18 22 15 3 16 19 23 20 9
69 1 6 17 5 24 4 13 2 1 14 0 12 7 11 8 10 21 18 22 15 3 16 19 23 20 9
68 1 6 17 5 24 4 13 2 1 14 10 12 7 11 8 0 21 18 22 15 3 16 19 23 20 9
67 1 6 17 5 24 4 13 2 1 14 10 12 7 11 8 3 21 18 22 15 0 16 19 23 20 9
66 1 6 17 5 24 4 13 2 1 14 10 12 7 11 8 3 21 18 22 15 9 16 19 23 20 0
65 1 6 17 5 24 4 13 2 1 14 10 12 7 11 8 3 21 18 22 15 9 16 19 23 0 20
64 1 6 17 5 24 4 13 2 1 14 10 12 7 11 8 3 21 18 22 15 9 16 19 0 23 20
63 1 6 17 5 24 4 13 2 1 14 10 12 7 11 8 3 21 18 0 15 9 16 19 22 23 20
62 1 6 17 5 24 4 13 2 1 14 10 12 7 11 8 3 21 0 18 15 9 16 19 22 23 20
61 1 6 17 5 24 4 13 2 1 14 10 12 7 11 8 3 21 19 18 15 9 16 0 22 23 20
60 1 6 17 5 24 4 13 2 1 14 10 12 7 11 8 3 21 19 18 15 9 0 16 22 23 20
59 1 6 17 5 24 4 13 2 1 14 10 12 7 11 8 3 0 19 18 15 9 21 16 22 23 20
58 1 6 17 5 24 4 13 2 1 14 10 0 7 11 8 3 12 19 18 15 9 21 16 22 23 20
57 1 6 17 5 24 4 13 2 1 14 10 7 0 11 8 3 12 19 18 15 9 21 16 22 23 20
56 1 6 17 5 24 4 13 2 1 14 10 7 11 0 8 3 12 19 18 15 9 21 16 22 23 20
55 1 6 17 5 24 4 13 2 1 14 10 7 11 8 0 3 12 19 18 15 9 21 16 22 23 20
54 1 6 17 5 24 4 13 2 1 0 10 7 11 8 14 3 12 19 18 15 9 21 16 22 23 20
53 1 6 17 5 0 4 13 2 1 24 10 7 11 8 14 3 12 19 18 15 9 21 16 22 23 20
52 1 6 17 0 5 4 13 2 1 24 10 7 11 8 14 3 12 19 18 15 9 21 16 22 23 20
51 1 6 17 1 5 4 13 2 0 24 10 7 11 8 14 3 12 19 18 15 9 21 16 22 23 20
50 1 6 17 1 5 4 13 0 2 24 10 7 11 8 14 3 12 19 18 15 9 21 16 22 23 20
49 1 6 17 1 5 4 0 13 2 24 10 7 11 8 14 3 12 19 18 15 9 21 16 22 23 20
48 1 6 17 1 5 4 7 13 2 24 10 0 11 8 14 3 12 19 18 15 9 21 16 22 23 20
47 1 6 17 1 5 4 7 13 2 24 10 11 0 8 14 3 12 19 18 15 9 21 16 22 23 20
46 1 6 17 1 5 4 7 0 2 24 10 11 13 8 14 3 12 19 18 15 9 21 16 22 23 20
45 1 6 0 1 5 4 7 17 2 24 10 11 13 8 14 3 12 19 18 15 9 21 16 22 23 20
44 1 6 1 0 5 4 7 17 2 24 10 11 13 8 14 3 12 19 18 15 9 21 16 22 23 20
43 1 6 1 2 5 4 7 17 0 24 10 11 13 8 14 3 12 19 18 15 9 21 16 22 23 20
42 1 6 1 2 5 4 7 17 8 24 10 11 13 0 14 3 12 19 18 15 9 21 16 22 23 20
41 1 6 1 2 5 4 7 17 8 24 10 11 13 14 0 3 12 19 18 15 9 21 16 22 23 20
40 1 6 1 2 5 4 7 17 8 0 10 11 13 14 24 3 12 19 18 15 9 21 16 22 23 20
39 1 6 1 2 5 4 7 17 8 10 0 11 13 14 24 3 12 19 18 15 9 21 16 22 23 20
38 1 6 1 2 5 4 7 17 8 10 3 11 13 14 24 0 12 19 18 15 9 21 16 22 23 20
37 1 6 1 2 5 4 7 17 8 10 3 11 13 14 24 9 12 19 18 15 0 21 16 22 23 20
36 1 6 1 2 5 4 7 17 8 10 3 11 13 14 24 9 12 19 18 0 15 21 16 22 23 20
35 1 6 1 2 5 4 7 17 8 10 3 11 13 14 0 9 12 19 18 24 15 21 16 22 23 20
34 1 6 1 2 5 4 7 17 8 0 3 11 13 14 10 9 12 19 18 24 15 21 16 22 23 20
33 1 6 1 2 5 4 7 17 8 3 0 11 13 14 10 9 12 19 18 24 15 21 16 22 23 20
32 1 6 1 2 5 0 7 17 8 3 4 11 13 14 10 9 12 19 18 24 15 21 16 22 23 20
31 1 6 1 2 0 5 7 17 8 3 4 11 13 14 10 9 12 19 18 24 15 21 16 22 23 20
30 1 6 1 2 3 5 7 17 8 0 4 11 13 14 10 9 12 19 18 24 15 21 16 22 23 20
80 1 5 23 13 9 10 21 6 15 7 2 11 1 0 20 3 22 8 17 18 19 16 12 14 24 4
79 1 5 23 13 9 10 21 6 0 7 2 11 1 15 20 3 22 8 17 18 19 16 12 14 24 4
78 1 5 23 13 9 10 21 0 6 7 2 11 1 15 20 3 22 8 17 18 19 16 12 14 24 4
77 1 5 0 13 9 10 21 23 6 7 2 11 1 15 20 3 22 8 17 18 19 16 12 14 24 4
76 1 5 13 0 9 10 21 23 6 7 2 11 1 15 20 3 22 8 17 18 19 16 12 14 24 4
75 1 5 13 6 9 10 21 23 0 7 2 11 1 15 20 3 22 8 17 18 19 16 12 14 24 4
74 1 5 13 6 9 10 21 0 23 7 2 11 1 15 20 3 22 8 17 18 19 16 12 14 24 4
73 1 5 13 6 9 10 21 1 23 7 2 11 0 15 20 3 22 8 17 18 19 16 12 14 24 4
72 1 5 13 6 9 10 21 1 23 7 2 11 8 15 20 3 22 0 17 18 19 16 12 14 24 4
71 1 5 13 6 9 10 21 1 23 7 2 11 8 15 20 3 22 17 0 18 19 16 12 14 24 4
70 1 5 13 6 9 10 21 1 23 7 2 11 8 15 20 3 22 17 18 0 19 16 12 14 24 4
69 1 5 13 6 9 10 21 1 23 7 2 11 8 15 20 3 22 17 18 19 0 16 12 14 24 4
68 1 5 13 6 9 10 21 1 23 7 2 11 8 15 20 3 22 17 18 19 4 16 12 14 24 0
67 1 5 13 6 9 10 21 1 23 7 2 11 8 15 20 3 22 17 18 19 4 16 12 14 0 24
66 1 5 13 6 9 10 21 1 23 7 2 11 8 15 20 3 22 17 18 0 4 16 12 14 19 24
65 1 5 13 6 9 10 21 1 23 7 2 11 8 15 0 3 22 17 18 20 4 16 12 14 19 24
64 1 5 13 6 9 10 21 1 23 7 2 11 8 0 15 3 22 17 18 20 4 16 12 14 19 24
63 1 5 13 6 9 10 21 1 0 7 2 11 8 23 15 3 22 17 18 20 4 16 12 14 19 24
62 1 5 13 6 9 10 21 1 7 0 2 11 8 23 15 3 22 17 18 20 4 16 12 14 19 24
61 1 5 13 6 9 10 21 1 7 2 0 11 8 23 15 3 22 17 18 20 4 16 12 14 19 24
60 1 5 13 6 9 10 21 1 7 2 3 11 8 23 15 0 22 17 18 20 4 16 12 14 19 24
59 1 5 13 6 9 10 21 1 7 2 3 11 8 23 15 4 22 17 18 20 0 16 12 14 19 24
58 1 5 13 6 9 10 21 1 7 2 3 11 8 23 15 4 22 17 18 0 20 16 12 14 19 24
57 1 5 13 6 9 10 21 1 7 2 3 11 8 23 15 4 22 17 0 18 20 16 12 14 19 24
56 1 5 13 6 9 10 21 1 7 2 3 11 8 23 15 4 22 17 14 18 20 16 12 0 19 24
55 1 5 13 6 9 10 21 1 7 2 3 11 8 23 15 4 22 17 14 18 20 16 12 19 0 24
54 1 5 13 6 9 10 21 1 7 2 3 11 8 23 15 4 22 17 14 0 20 16 12 19 18 24
53 1 5 13 6 9 10 21 1 7 2 3 11 8 23 15 4 22 17 0 14 20 16 12 19 18 24
52 1 5 13 6 9 10 21 1 7 2 3 11 8 0 15 4 22 17 23 14 20 16 12 19 18 24
51 1 5 13 6 9 10 21 1 7 2 3 11 0 8 15 4 22 17 23 14 20 16 12 19 18 24
50 1 5 13 6 9 10 21 1 7 2 3 0 11 8 15 4 22 17 23 14 20 16 12 19 18 24
49 1 5 13 6 9 10 0 1 7 2 3 21 11 8 15 4 22 17 23 14 20 16 12 19 18 24
48 1 5 13 6 9 10 1 0 7 2 3 21 11 8 15 4 22 17 23 14 20 16 12 19 18 24
47 1 5 0 6 9 10 1 13 7 2 3 21 11 8 15 4 22 17 23 14 20 16 12 19 18 24
46 1 5 6 0 9 10 1 13 7 2 3 21 11 8 15 4 22 17 23 14 20 16 12 19 18 24
45 1 5 6 7 9 10 1 13 0 2 3 21 11 8 15 4 22 17 23 14 20 16 12 19 18 24
44 1 5 6 7 9 10 1 13 2 0 3 21 11 8 15 4 22 17 23 14 20 16 12 19 18 24
43 1 5 6 7 9 10 1 13 2 3 0 21 11 8 15 4 22 17 23 14 20 16 12 19 18 24
42 1 5 6 7 9 10 1 13 2 3 4 21 11 8 15 0 22 17 23 14 20 16 12 19 18 24
41 1 5 6 7 9 10 1 13 2 3 4 21 11 8 0 15 22 17 23 14 20 16 12 19 18 24
40 1 5 6 7 9 10 1 13 2 3 4 21 11 8 14 15 22 17 23 0 20 16 12 19 18 24
39 1 5 6 7 9 10 1 13 2 3 4 21 11 8 14 15 22 17 23 18 20 16 12 19 0 24
38 1 5 6 7 9 10 1 13 2 3 4 21 11 8 14 15 22 17 23 18 20 16 12 0 19 24
37 1 5 6 7 9 10 1 13 2 3 4 21 11 8 14 15 22 17 0 18 20 16 12 23 19 24
36 1 5 6 7 9 10 1 13 2 3 4 21 11 8 14 15 22 0 17 18 20 16 12 23 19 24
35 1 5 6 7 9 10 1 13 2 3 4 21 11 8 14 15 22 12 17 18 20 16 0 23 19 24
34 1 5 6 7 9 10 1 13 2 3 4 21 11 8 14 15 22 12 17 18 20 0 16 23 19 24
33 1 5 6 7 9 10 1 13 2 3 4 21 11 8 14 15 0 12 17 18 20 22 16 23 19 24
32 1 5 6 7 9 10 1 13 2 3 4 0 11 8 14 15 21 12 17 18 20 22 16 23 19 24
31 1 5 6 7 9 10 1 13 2 3 4 11 0 8 14 15 21 12 17 18 20 22 16 23 19 24
30 1 5 6 7 9 10 1 0 2 3 4 11 13 8 14 15 21 12 17 18 20 22 16 23 19 24
96 1 8 17 14 9 11 21 6 7 22 3 4 5 0 18 19 1 2 16 23 12 20 24 10 15 13
95 1 8 17 14 9 11 21 6 0 22 3 4 5 7 18 19 1 2 16 23 12 20 24 10 15 13
94 1 8 17 14 9 11 21 6 22 0 3 4 5 7 18 19 1 2 16 23 12 20 24 10 15 13
93 1 8 17 14 9 11 21 6 22 3 0 4 5 7 18 19 1 2 16 23 12 20 24 10 15 13
92 1 8 17 14 9 0 21 6 22 3 11 4 5 7 18 19 1 2 16 23 12 20 24 10 15 13
91 1 8 17 14 0 9 21 6 22 3 11 4 5 7 18 19 1 2 16 23 12 20 24 10 15 13
90 1 8 17 0 14 9 21 6 22 3 11 4 5 7 18 19 1 2 16 23 12 20 24 10 15 13
89 1 8 0 17 14 9 21 6 22 3 11 4 5 7 18 19 1 2 16 23 12 20 24 10 15 13
88 1 8 6 17 14 9 21 0 22 3 11 4 5 7 18 19 1 2 16 23 12 20 24 10 15 13
87 1 8 6 17 14 9 21 5 22 3 11 4 0 7 18 19 1 2 16 23 12 20 24 10 15 13
86 1 8 6 17 14 9 21 5 22 3 11 0 4 7 18 19 1 2 16 23 12 20 24 10 15 13
85 1 8 6 17 14 9 0 5 22 3 11 21 4 7 18 19 1 2 16 23 12 20 24 10 15 13
84 1 0 6 17 14 9 8 5 22 3 11 21 4 7 18 19 1 2 16 23 12 20 24 10 15 13
83 1 6 0 17 14 9 8 5 22 3 11 21 4 7 18 19 1 2 16 23 12 20 24 10 15 13
82 1 6 5 17 14 9 8 0 22 3 11 21 4 7 18 19 1 2 16 23 12 20 24 10 15 13
81 1 6 5 17 14 9 8 4 22 3 11 21 0 7 18 19 1 2 16 23 12 20 24 10 15 13
80 1 6 5 17 14 9 8 4 22 3 11 21 2 7 18 19 1 0 16 23 12 20 24 10 15 13
79 1 6 5 17 14 9 8 4 22 3 11 21 2 7 18 19 0 1 16 23 12 20 24 10 15 13
78 1 6 5 17 14 9 8 4 22 3 11 0 2 7 18 19 21 1 16 23 12 20 24 10 15 13
77 1 6 5 17 14 9 8 4 22 3 11 2 0 7 18 19 21 1 16 23 12 20 24 10 15 13
76 1 6 5 17 14 9 8 4 22 3 11 2 1 7 18 19 21 0 16 23 12 20 24 10 15 13
75 1 6 5 17 14 9 8 4 22 3 11 2 1 7 18 19 21 16 0 23 12 20 24 10 15 13
74 1 6 5 17 14 9 8 4 22 3 11 2 1 0 18 19 21 16 7 23 12 20 24 10 15 13
73 1 6 5 17 14 9 8 4 0 3 11 2 1 22 18 19 21 16 7 23 12 20 24 10 15 13
72 1 6 5 0 14 9 8 4 17 3 11 2 1 22 18 19 21 16 7 23 12 20 24 10 15 13
71 1 6 0 5 14 9 8 4 17 3 11 2 1 22 18 19 21 16 7 23 12 20 24 10 15 13
70 1 6 4 5 14 9 8 0 17 3 11 2 1 22 18 19 21 16 7 23 12 20 24 10 15 13
69 1 6 4 5 14 9 8 1 17 3 11 2 0 22 18 19 21 16 7 23 12 20 24 10 15 13
68 1 6 4 5 14 9 8 1 17 3 11 2 22 0 18 19 21 16 7 23 12 20 24 10 15 13
67 1 6 4 5 14 9 8 1 0 3 11 2 22 17 18 19 21 16 7 23 12 20 24 10 15 13
66 1 6 4 5 14 9 8 1 3 0 11 2 22 17 18 19 21 16 7 23 12 20 24 10 15 13
65 1 6 4 5 14 9 8 1 3 11 0 2 22 17 18 19 21 16 7 23 12 20 24 10 15 13
64 1 6 4 5 14 9 8 1 3 11 19 2 22 17 18 0 21 16 7 23 12 20 24 10 15 13
63 1 6 4 5 14 9 8 1 3 11 19 2 22 17 18 12 21 16 7 23 0 20 24 10 15 13
62 1 6 4 5 14 9 8 1 3 11 19 2 22 17 18 12 21 16 7 23 13 20 24 10 15 0
61 1 6 4 5 14 9 8 1 3 11 19 2 22 17 18 12 21 16 7 23 13 20 24 10 0 15
60 1 6 4 5 14 9 8 1 3 11 19 2 22 17 18 12 21 16 7 23 13 20 24 0 10 15
59 1 6 4 5 14 9 8 1 3 11 19 2 22 17 18 12 21 16 7 23 13 20 0 24 10 15
58 1 6 4 5 14 9 8 1 3 11 19 2 22 17 18 12 21 16 7 23 13 0 20 24 10 15
57 1 6 4 5 14 9 8 1 3 11 19 2 22 17 18 12 0 16 7 23 13 21 20 24 10 15
56 1 6 4 5 14 9 8 1 3 11 19 2 22 17 18 12 16 0 7 23 13 21 20 24 10 15
55 1 6 4 5 14 9 8 1 3 11 19 2 0 17 18 12 16 22 7 23 13 21 20 24 10 15
54 1 6 4 5 14 9 8 1 3 11 19 2 17 0 18 12 16 22 7 23 13 21 20 24 10 15
53 1 6 4 5 14 9 8 1 0 11 19 2 17 3 18 12 16 22 7 23 13 21 20 24 10 15
52 1 6 4 5 14 9 8 1 11 0 19 2 17 3 18 12 16 22 7 23 13 21 20 24 10 15
51 1 6 4 5 0 9 8 1 11 14 19 2 17 3 18 12 16 22 7 23 13 21 20 24 10 15
50 1 6 4 0 5 9 8 1 11 14 19 2 17 3 18 12 16 22 7 23 13 21 20 24 10 15
49 1 6 0 4 5 9 8 1 11 14 19 2 17 3 18 12 16 22 7 23 13 21 20 24 10 15
48 1 6 1 4 5 9 8 0 11 14 19 2 17 3 18 12 16 22 7 23 13 21 20 24 10 15
47 1 6 1 4 5 9 8 11 0 14 19 2 17 3 18 12 16 22 7 23 13 21 20 24 10 15
46 1 6 1 4 5 9 8 11 3 14 19 2 17 0 18 12 16 22 7 23 13 21 20 24 10 15
45 1 6 1 4 5 9 8 11 3 14 19 2 17 7 18 12 16 22 0 23 13 21 20 24 10 15
44 1 6 1 4 5 9 8 11 3 14 19 2 17 7 18 12 16 22 23 0 13 21 20 24 10 15
43 1 6 1 4 5 9 8 11 3 14 19 2 17 7 18 12 16 22 23 10 13 21 20 24 0 15
42 1 6 1 4 5 9 8 11 3 14 19 2 17 7 18 12 16 22 23 10 13 21 20 0 24 15
41 1 6 1 4 5 9 8 11 3 14 19 2 17 7 18 12 16 22 23 10 13 21 0 20 24 15
40 1 6 1 4 5 9 8 11 3 14 19 2 17 7 18 12 16 0 23 10 13 21 22 20 24 15
39 1 6 1 4 5 9 8 11 3 14 19 2 0 7 18 12 16 17 23 10 13 21 22 20 24 15
38 1 6 1 4 5 9 8 0 3 14 19 2 11 7 18 12 16 17 23 10 13 21 22 20 24 15
37 1 6 1 4 5 9 0 8 3 14 19 2 11 7 18 12 16 17 23 10 13 21 22 20 24 15
36 1 6 1 4 5 9 2 8 3 14 19 0 11 7 18 12 16 17 23 10 13 21 22 20 24 15
35 1 6 1 4 5 9 2 8 3 14 19 11 0 7 18 12 16 17 23 10 13 21 22 20 24 15
34 1 6 1 4 5 9 2 8 3 14 19 11 7 0 18 12 16 17 23 10 13 21 22 20 24 15
33 1 6 1 4 5 9 2 8 3 14 19 11 7 18 0 12 16 17 23 10 13 21 22 20 24 15
32 1 6 1 4 5 9 2 8 3 14 19 11 7 18 12 0 16 17 23 10 13 21 22 20 24 15
31 1 6 1 4 5 9 2 8 3 14 19 11 7 18 12 13 16 17 23 10 0 21 22 20 24 15
30 1 6 1 4 5 9 2 8 3 14 19 11 7 18 12 13 16 17 23 0 10 21 22 20 24 15
80 1 7 17 5 1 4 6 14 2 0 11 13 20 22 12 9 10 3 21 18 8 16 23 19 24 15
79 1 7 17 5 0 4 6 14 2 1 11 13 20 22 12 9 10 3 21 18 8 16 23 19 24 15
78 1 7 17 0 5 4 6 14 2 1 11 13 20 22 12 9 10 3 21 18 8 16 23 19 24 15
77 1 7 17 2 5 4 6 14 0 1 11 13 20 22 12 9 10 3 21 18 8 16 23 19 24 15
76 1 7 17 2 5 4 6 14 1 0 11 13 20 22 12 9 10 3 21 18 8 16 23 19 24 15
75 1 7 17 2 5 4 6 14 1 11 0 13 20 22 12 9 10 3 21 18 8 16 23 19 24 15
74 1 7 17 2 5 4 6 14 1 11 9 13 20 22 12 0 10 3 21 18 8 16 23 19 24 15
73 1 7 17 2 5 4 6 14 1 11 9 13 20 22 12 8 10 3 21 18 0 16 23 19 24 15
72 1 7 17 2 5 4 6 14 1 11 9 13 20 22 12 8 10 3 21 18 15 16 23 19 24 0
71 1 7 17 2 5 4 6 14 1 11 9 13 20 22 12 8 10 3 21 18 15 16 23 19 0 24
70 1 7 17 2 5 4 6 14 1 11 9 13 20 22 12 8 10 3 21 18 15 16 23 0 19 24
69 1 7 17 2 5 4 6 14 1 11 9 13 20 22 12 8 10 3 0 18 15 16 23 21 19 24
68 1 7 17 2 5 4 6 14 1 11 9 13 20 0 12 8 10 3 22 18 15 16 23 21 19 24
67 1 7 17 2 5 4 6 14 1 11 9 13 0 20 12 8 10 3 22 18 15 16 23 21 19 24
66 1 7 17 2 5 4 6 0 1 11 9 13 14 20 12 8 10 3 22 18 15 16 23 21 19 24
65 1 7 17 2 5 4 6 1 0 11 9 13 14 20 12 8 10 3 22 18 15 16 23 21 19 24
64 1 7 17 2 5 4 6 1 11 0 9 13 14 20 12 8 10 3 22 18 15 16 23 21 19 24
63 1 7 17 2 5 4 6 1 11 12 9 13 14 20 0 8 10 3 22 18 15 16 23 21 19 24
62 1 7 17 2 5 4 6 1 11 12 9 13 14 0 20 8 10 3 22 18 15 16 23 21 19 24
61 1 7 17 2 5 4 6 1 11 12 9 13 0 14 20 8 10 3 22 18 15 16 23 21 19 24
60 1 7 17 2 5 4 6 1 11 12 9 13 3 14 20 8 10 0 22 18 15 16 23 21 19 24
59 1 7 17 2 5 4 6 1 11 12 9 13 3 14 20 8 10 23 22 18 15 16 0 21 19 24
58 1 7 17 2 5 4 6 1 11 12 9 13 3 14 20 8 10 23 22 18 15 16 21 0 19 24
57 1 7 17 2 5 4 6 1 11 12 9 13 3 14 20 8 10 23 0 18 15 16 21 22 19 24
56 1 7 17 2 5 4 6 1 11 12 9 13 3 14 20 8 10 0 23 18 15 16 21 22 19 24
55 1 7 17 2 5 4 6 1 11 12 9 13 3 14 20 8 0 10 23 18 15 16 21 22 19 24
54 1 7 17 2 5 4 6 1 11 12 9 13 3 14 20 8 16 10 23 18 15 0 21 22 19 24
53 1 7 17 2 5 4 6 1 11 12 9 13 3 14 20 8 16 10 23 18 15 21 0 22 19 24
52 1 7 17 2 5 4 6 1 11 12 9 13 3 14 20 8 16 10 23 18 15 21 22 0 19 24
51 1 7 17 2 5 4 6 1 11 12 9 13 3 14 20 8 16 10 0 18 15 21 22 23 19 24
50 1 7 17 2 5 4 6 1 11 12 9 13 3 14 20 8 16 10 18 0 15 21 22 23 19 24
49 1 7 17 2 5 4 6 1 11 12 9 13 3 14 0 8 16 10 18 20 15 21 22 23 19 24
48 1 7 17 2 5 4 6 1 11 12 9 13 3 0 14 8 16 10 18 20 15 21 22 23 19 24
47 1 7 17 2 5 4 6 1 11 12 9 13 0 3 14 8 16 10 18 20 15 21 22 23 19 24
46 1 7 17 2 5 4 6 1 11 12 9 13 10 3 14 8 16 0 18 20 15 21 22 23 19 24
45 1 7 17 2 5 4 6 1 11 12 9 13 10 3 14 8 16 18 0 20 15 21 22 23 19 24
44 1 7 17 2 5 4 6 1 11 12 9 13 10 3 14 8 16 18 20 0 15 21 22 23 19 24
43 1 7 17 2 5 4 6 1 11 12 9 13 10 3 0 8 16 18 20 14 15 21 22 23 19 24
42 1 7 17 2 5 4 6 1 11 12 9 13 10 0 3 8 16 18 20 14 15 21 22 23 19 24
41 1 7 17 2 5 4 6 1 11 12 9 13 0 10 3 8 16 18 20 14 15 21 22 23 19 24
40 1 7 17 2 5 4 6 1 11 12 9 0 13 10 3 8 16 18 20 14 15 21 22 23 19 24
39 1 7 17 2 5 4 0 1 11 12 9 6 13 10 3 8 16 18 20 14 15 21 22 23 19 24
38 1 7 17 2 5 4 1 0 11 12 9 6 13 10 3 8 16 18 20 14 15 21 22 23 19 24
37 1 7 17 2 5 4 1 11 0 12 9 6 13 10 3 8 16 18 20 14 15 21 22 23 19 24
36 1 7 17 2 5 4 1 11 12 0 9 6 13 10 3 8 16 18 20 14 15 21 22 23 19 24
35 1 7 17 2 5 4 1 11 12 3 9 6 13 10 0 8 16 18 20 14 15 21 22 23 19 24
34 1 7 17 2 5 4 1 11 12 3 9 6 13 10 8 0 16 18 20 14 15 21 22 23 19 24
33 1 7 17 2 5 4 1 11 12 3 0 6 13 10 8 9 16 18 20 14 15 21 22 23 19 24
32 1 7 17 2 5 0 1 11 12 3 4 6 13 10 8 9 16 18 20 14 15 21 22 23 19 24
31 1 7 17 2 0 5 1 11 12 3 4 6 13 10 8 9 16 18 20 14 15 21 22 23 19 24
30 1 7 17 2 3 5 1 11 12 0 4 6 13 10 8 9 16 18 20 14 15 21 22 23 19 24
80 1 6 8 7 15 5 17 10 3 18 19 20 4 1 16 0 2 13 23 12 14 21 9 22 11 24
79 1 6 8 7 15 5 17 10 3 18 0 20 4 1 16 19 2 13 23 12 14 21 9 22 11 24
78 1 6 8 7 15 5 17 10 3 0 18 20 4 1 16 19 2 13 23 12 14 21 9 22 11 24
77 1 6 8 7 0 5 17 10 3 15 18 20 4 1 16 19 2 13 23 12 14 21 9 22 11 24
76 1 6 8 0 7 5 17 10 3 15 18 20 4 1 16 19 2 13 23 12 14 21 9 22 11 24
75 1 6 8 3 7 5 17 10 0 15 18 20 4 1 16 19 2 13 23 12 14 21 9 22 11 24
74 1 6 8 3 7 5 17 10 1 15 18 20 4 0 16 19 2 13 23 12 14 21 9 22 11 24
73 1 6 8 3 7 5 17 10 1 15 18 20 0 4 16 19 2 13 23 12 14 21 9 22 11 24
72 1 6 8 3 7 5 17 10 1 15 18 0 20 4 16 19 2 13 23 12 14 21 9 22 11 24
71 1 6 8 3 7 5 17 10 1 15 18 2 20 4 16 19 0 13 23 12 14 21 9 22 11 24
70 1 6 8 3 7 5 17 10 1 15 18 2 20 4 16 19 13 0 23 12 14 21 9 22 11 24
69 1 6 8 3 7 5 17 10 1 15 18 2 20 4 16 19 13 9 23 12 14 21 0 22 11 24
68 1 6 8 3 7 5 17 10 1 15 18 2 20 4 16 19 13 9 23 12 14 21 22 0 11 24
67 1 6 8 3 7 5 17 10 1 15 18 2 20 4 16 19 13 9 0 12 14 21 22 23 11 24
66 1 6 8 3 7 5 17 10 1 15 18 2 20 4 16 19 13 9 12 0 14 21 22 23 11 24
65 1 6 8 3 7 5 17 10 1 15 18 2 20 4 16 19 13 9 12 11 14 21 22 23 0 24
64 1 6 8 3 7 5 17 10 1 15 18 2 20 4 16 19 13 9 12 11 14 21 22 23 24 0
63 1 6 8 3 7 5 17 10 1 15 18 2 20 4 16 19 13 9 12 11 0 21 22 23 24 14
62 1 6 8 3 7 5 17 10 1 15 18 2 20 4 16 0 13 9 12 11 19 21 22 23 24 14
61 1 6 8 3 7 5 17 10 1 15 0 2 20 4 16 18 13 9 12 11 19 21 22 23 24 14
60 1 6 8 3 7 5 17 10 1 0 15 2 20 4 16 18 13 9 12 11 19 21 22 23 24 14
59 1 6 8 3 0 5 17 10 1 7 15 2 20 4 16 18 13 9 12 11 19 21 22 23 24 14
58 1 6 8 0 3 5 17 10 1 7 15 2 20 4 16 18 13 9 12 11 19 21 22 23 24 14
57 1 6 8 1 3 5 17 10 0 7 15 2 20 4 16 18 13 9 12 11 19 21 22 23 24 14
56 1 6 8 1 3 5 17 10 4 7 15 2 20 0 16 18 13 9 12 11 19 21 22 23 24 14
55 1 6 8 1 3 5 17 10 4 7 15 2 20 16 0 18 13 9 12 11 19 21 22 23 24 14
54 1 6 8 1 3 5 17 10 4 7 15 2 20 16 11 18 13 9 12 0 19 21 22 23 24 14
53 1 6 8 1 3 5 17 10 4 7 15 2 20 16 11 18 13 9 0 12 19 21 22 23 24 14
52 1 6 8 1 3 5 17 10 4 7 15 2 20 16 11 18 13 0 9 12 19 21 22 23 24 14
51 1 6 8 1 3 5 17 10 4 7 15 2 0 16 11 18 13 20 9 12 19 21 22 23 24 14
50 1 6 8 1 3 5 17 10 4 7 15 2 16 0 11 18 13 20 9 12 19 21 22 23 24 14
49 1 6 8 1 3 5 17 10 4 7 15 2 16 11 0 18 13 20 9 12 19 21 22 23 24 14
48 1 6 8 1 3 5 17 10 4 0 15 2 16 11 7 18 13 20 9 12 19 21 22 23 24 14
47 1 6 8 1 3 5 17 10 0 4 15 2 16 11 7 18 13 20 9 12 19 21 22 23 24 14
46 1 6 8 1 3 5 17 0 10 4 15 2 16 11 7 18 13 20 9 12 19 21 22 23 24 14
45 1 6 8 1 3 5 0 17 10 4 15 2 16 11 7 18 13 20 9 12 19 21 22 23 24 14
44 1 6 8 1 3 5 2 17 10 4 15 0 16 11 7 18 13 20 9 12 19 21 22 23 24 14
43 1 6 8 1 3 5 2 17 10 4 15 16 0 11 7 18 13 20 9 12 19 21 22 23 24 14
42 1 6 8 1 3 5 2 17 10 4 15 16 11 0 7 18 13 20 9 12 19 21 22 23 24 14
41 1 6 8 1 3 5 2 17 10 4 15 16 11 9 7 18 13 20 0 12 19 21 22 23 24 14
40 1 6 8 1 3 5 2 17 10 4 15 16 11 9 7 18 13 0 20 12 19 21 22 23 24 14
39 1 6 8 1 3 5 2 17 10 4 15 16 11 9 7 18 0 13 20 12 19 21 22 23 24 14
38 1 6 8 1 3 5 2 17 10 4 15 0 11 9 7 18 16 13 20 12 19 21 22 23 24 14
37 1 6 8 1 3 5 2 17 10 4 15 11 0 9 7 18 16 13 20 12 19 21 22 23 24 14
36 1 6 8 1 3 5 2 0 10 4 15 11 17 9 7 18 16 13 20 12 19 21 22 23 24 14
35 1 6 0 1 3 5 2 8 10 4 15 11 17 9 7 18 16 13 20 12 19 21 22 23 24 14
34 1 6 1 0 3 5 2 8 10 4 15 11 17 9 7 18 16 13 20 12 19 21 22 23 24 14
33 1 6 1 3 0 5 2 8 10 4 15 11 17 9 7 18 16 13 20 12 19 21 22 23 24 14
32 1 6 1 3 4 5 2 8 10 0 15 11 17 9 7 18 16 13 20 12 19 21 22 23 24 14
31 1 6 1 3 4 5 2 8 0 10 15 11 17 9 7 18 16 13 20 12 19 21 22 23 24 14
30 1 6 1 3 4 5 2 8 9 10 15 11 17 0 7 18 16 13 20 12 19 21 22 23 24 14
74 1 24 12 2 5 9 8 0 19 3 4 6 1 16 22 14 7 10 13 23 15 11 18 21 17 20
73 1 24 0 2 5 9 8 12 19 3 4 6 1 16 22 14 7 10 13 23 15 11 18 21 17 20
72 1 0 24 2 5 9 8 12 19 3 4 6 1 16 22 14 7 10 13 23 15 11 18 21 17 20
71 1 8 24 2 5 9 0 12 19 3 4 6 1 16 22 14 7 10 13 23 15 11 18 21 17 20
70 1 8 24 2 5 9 6 12 19 3 4 0 1 16 22 14 7 10 13 23 15 11 18 21 17 20
69 1 8 24 2 5 9 6 12 19 3 4 1 0 16 22 14 7 10 13 23 15 11 18 21 17 20
68 1 8 24 2 5 9 6 12 19 3 4 1 10 16 22 14 7 0 13 23 15 11 18 21 17 20
67 1 8 24 2 5 9 6 12 19 3 4 1 10 16 22 14 7 18 13 23 15 11 0 21 17 20
66 1 8 24 2 5 9 6 12 19 3 4 1 10 16 22 14 7 18 13 23 15 11 21 0 17 20
65 1 8 24 2 5 9 6 12 19 3 4 1 10 16 22 14 7 18 0 23 15 11 21 13 17 20
64 1 8 24 2 5 9 6 12 19 3 4 1 10 0 22 14 7 18 16 23 15 11 21 13 17 20
63 1 8 24 2 5 9 6 12 0 3 4 1 10 19 22 14 7 18 16 23 15 11 21 13 17 20
62 1 8 24 2 5 9 6 0 12 3 4 1 10 19 22 14 7 18 16 23 15 11 21 13 17 20
61 1 8 24 2 5 9 0 6 12 3 4 1 10 19 22 14 7 18 16 23 15 11 21 13 17 20
60 1 8 24 2 5 9 1 6 12 3 4 0 10 19 22 14 7 18 16 23 15 11 21 13 17 20
59 1 8 24 2 5 9 1 6 12 3 4 7 10 19 22 14 0 18 16 23 15 11 21 13 17 20
58 1 8 24 2 5 9 1 6 12 3 4 7 10 19 22 14 11 18 16 23 15 0 21 13 17 20
57 1 8 24 2 5 9 1 6 12 3 4 7 10 19 22 14 11 18 16 23 15 21 0 13 17 20
56 1 8 24 2 5 9 1 6 12 3 4 7 10 19 22 14 11 0 16 23 15 21 18 13 17 20
55 1 8 24 2 5 9 1 6 12 3 4 7 10 19 22 14 11 16 0 23 15 21 18 13 17 20
54 1 8 24 2 5 9 1 6 12 3 4 7 10 19 22 14 11 16 13 23 15 21 18 0 17 20
53 1 8 24 2 5 9 1 6 12 3 4 7 10 19 22 14 11 16 13 23 15 21 18 17 0 20
52 1 8 24 2 5 9 1 6 12 3 4 7 10 19 22 14 11 16 13 0 15 21 18 17 23 20
51 1 8 24 2 5 9 1 6 12 3 4 7 10 19 0 14 11 16 13 22 15 21 18 17 23 20
50 1 8 24 2 5 9 1 6 12 3 4 7 10 0 19 14 11 16 13 22 15 21 18 17 23 20
49 1 8 24 2 5 9 1 6 12 3 4 7 0 10 19 14 11 16 13 22 15 21 18 17 23 20
48 1 8 24 2 5 9 1 0 12 3 4 7 6 10 19 14 11 16 13 22 15 21 18 17 23 20
47 1 8 0 2 5 9 1 24 12 3 4 7 6 10 19 14 11 16 13 22 15 21 18 17 23 20
46 1 0 8 2 5 9 1 24 12 3 4 7 6 10 19 14 11 16 13 22 15 21 18 17 23 20
45 1 1 8 2 5 9 0 24 12 3 4 7 6 10 19 14 11 16 13 22 15 21 18 17 23 20
44 1 1 8 2 5 9 7 24 12 3 4 0 6 10 19 14 11 16 13 22 15 21 18 17 23 20
43 1 1 8 2 5 9 7 24 12 3 4 6 0 10 19 14 11 16 13 22 15 21 18 17 23 20
42 1 1 8 2 5 9 7 0 12 3 4 6 24 10 19 14 11 16 13 22 15 21 18 17 23 20
41 1 1 8 2 5 9 7 12 0 3 4 6 24 10 19 14 11 16 13 22 15 21 18 17 23 20
40 1 1 8 2 5 9 7 12 3 0 4 6 24 10 19 14 11 16 13 22 15 21 18 17 23 20
39 1 1 8 2 5 9 7 12 3 4 0 6 24 10 19 14 11 16 13 22 15 21 18 17 23 20
38 1 1 8 2 5 0 7 12 3 4 9 6 24 10 19 14 11 16 13 22 15 21 18 17 23 20
37 1 1 8 2 0 5 7 12 3 4 9 6 24 10 19 14 11 16 13 22 15 21 18 17 23 20
36 1 1 8 2 4 5 7 12 3 0 9 6 24 10 19 14 11 16 13 22 15 21 18 17 23 20
35 1 1 8 2 4 5 7 12 3 9 0 6 24 10 19 14 11 16 13 22 15 21 18 17 23 20
34 1 1 8 2 4 5 7 12 3 9 14 6 24 10 19 0 11 16 13 22 15 21 18 17 23 20
33 1 1 8 2 4 5 7 12 3 9 14 6 24 10 0 19 11 16 13 22 15 21 18 17 23 20
32 1 1 8 2 4 5 7 12 3 9 14 6 24 0 10 19 11 16 13 22 15 21 18 17 23 20
31 1 1 8 2 4 5 7 12 3 9 14 6 0 24 10 19 11 16 13 22 15 21 18 17 23 20
30 1 1 8 2 4 5 7 0 3 9 14 6 12 24 10 19 11 16 13 22 15 21 18 17 23 20
82 1 15 19 7 2 14 8 0 18 4 24 1 3 17 9 11 12 6 13 21 20 16 22 23 10 5
81 1 15 0 7 2 14 8 19 18 4 24 1 3 17 9 11 12 6 13 21 20 16 22 23 10 5
80 1 15 7 0 2 14 8 19 18 4 24 1 3 17 9 11 12 6 13 21 20 16 22 23 10 5
79 1 15 7 2 0 14 8 19 18 4 24 1 3 17 9 11 12 6 13 21 20 16 22 23 10 5
78 1 15 7 2 4 14 8 19 18 0 24 1 3 17 9 11 12 6 13 21 20 16 22 23 10 5
77 1 15 7 2 4 14 8 19 18 9 24 1 3 17 0 11 12 6 13 21 20 16 22 23 10 5
76 1 15 7 2 4 14 8 19 18 9 24 1 3 17 11 0 12 6 13 21 20 16 22 23 10 5
75 1 15 7 2 4 14 8 19 18 9 0 1 3 17 11 24 12 6 13 21 20 16 22 23 10 5
74 1 15 7 2 4 0 8 19 18 9 14 1 3 17 11 24 12 6 13 21 20 16 22 23 10 5
73 1 15 7 2 0 4 8 19 18 9 14 1 3 17 11 24 12 6 13 21 20 16 22 23 10 5
72 1 15 7 2 9 4 8 19 18 0 14 1 3 17 11 24 12 6 13 21 20 16 22 23 10 5
71 1 15 7 2 9 4 8 19 0 18 14 1 3 17 11 24 12 6 13 21 20 16 22 23 10 5
70 1 15 7 2 9 4 8 0 19 18 14 1 3 17 11 24 12 6 13 21 20 16 22 23 10 5
69 1 15 7 2 9 4 8 3 19 18 14 1 0 17 11 24 12 6 13 21 20 16 22 23 10 5
68 1 15 7 2 9 4 8 3 19 18 14 1 6 17 11 24 12 0 13 21 20 16 22 23 10 5
67 1 15 7 2 9 4 8 3 19 18 14 1 6 17 11 24 12 13 0 21 20 16 22 23 10 5
66 1 15 7 2 9 4 8 3 19 18 14 1 6 17 11 24 12 13 21 0 20 16 22 23 10 5
65 1 15 7 2 9 4 8 3 19 18 14 1 6 17 0 24 12 13 21 11 20 16 22 23 10 5
64 1 15 7 2 9 4 8 3 19 0 14 1 6 17 18 24 12 13 21 11 20 16 22 23 10 5
63 1 15 7 2 9 4 8 3 0 19 14 1 6 17 18 24 12 13 21 11 20 16 22 23 10 5
62 1 15 7 2 9 4 8 0 3 19 14 1 6 17 18 24 12 13 21 11 20 16 22 23 10 5
61 1 15 7 2 9 4 0 8 3 19 14 1 6 17 18 24 12 13 21 11 20 16 22 23 10 5
60 1 15 7 2 9 4 1 8 3 19 14 0 6 17 18 24 12 13 21 11 20 16 22 23 10 5
59 1 15 7 2 9 4 1 8 3 19 14 6 0 17 18 24 12 13 21 11 20 16 22 23 10 5
58 1 15 7 2 9 4 1 0 3 19 14 6 8 17 18 24 12 13 21 11 20 16 22 23 10 5
57 1 15 0 2 9 4 1 7 3 19 14 6 8 17 18 24 12 13 21 11 20 16 22 23 10 5
56 1 0 15 2 9 4 1 7 3 19 14 6 8 17 18 24 12 13 21 11 20 16 22 23 10 5
55 1 1 15 2 9 4 0 7 3 19 14 6 8 17 18 24 12 13 21 11 20 16 22 23 10 5
54 1 1 15 2 9 4 7 0 3 19 14 6 8 17 18 24 12 13 21 11 20 16 22 23 10 5
53 1 1 0 2 9 4 7 15 3 19 14 6 8 17 18 24 12 13 21 11 20 16 22 23 10 5
52 1 1 2 0 9 4 7 15 3 19 14 6 8 17 18 24 12 13 21 11 20 16 22 23 10 5
51 1 1 2 3 9 4 7 15 0 19 14 6 8 17 18 24 12 13 21 11 20 16 22 23 10 5
50 1 1 2 3 9 4 7 0 15 19 14 6 8 17 18 24 12 13 21 11 20 16 22 23 10 5
49 1 1 2 3 9 4 7 8 15 19 14 6 0 17 18 24 12 13 21 11 20 16 22 23 10 5
48 1 1 2 3 9 4 7 8 15 19 14 6 13 17 18 24 12 0 21 11 20 16 22 23 10 5
47 1 1 2 3 9 4 7 8 15 19 14 6 13 17 18 24 12 21 0 11 20 16 22 23 10 5
46 1 1 2 3 9 4 7 8 15 19 14 6 13 17 18 24 12 21 11 0 20 16 22 23 10 5
45 1 1 2 3 9 4 7 8 15 19 14 6 13 17 18 24 12 21 11 20 0 16 22 23 10 5
44 1 1 2 3 9 4 7 8 15 19 14 6 13 17 18 24 12 21 11 20 5 16 22 23 10 0
43 1 1 2 3 9 4 7 8 15 19 14 6 13 17 18 24 12 21 11 20 5 16 22 23 0 10
42 1 1 2 3 9 4 7 8 15 19 14 6 13 17 18 24 12 21 11 0 5 16 22 23 20 10
41 1 1 2 3 9 4 7 8 15 19 14 6 13 17 0 24 12 21 11 18 5 16 22 23 20 10
40 1 1 2 3 9 4 7 8 15 19 14 6 13 17 24 0 12 21 11 18 5 16 22 23 20 10
39 1 1 2 3 9 4 7 8 15 19 14 6 13 17 24 5 12 21 11 18 0 16 22 23 20 10
38 1 1 2 3 9 4 7 8 15 19 14 6 13 17 24 5 12 21 11 18 10 16 22 23 20 0
37 1 1 2 3 9 4 7 8 15 19 14 6 13 17 24 5 12 21 11 18 10 16 22 23 0 20
36 1 1 2 3 9 4 7 8 15 19 14 6 13 17 24 5 12 21 11 18 10 16 22 0 23 20
35 1 1 2 3 9 4 7 8 15 19 14 6 13 17 24 5 12 21 11 18 10 16 0 22 23 20
34 1 1 2 3 9 4 7 8 15 19 14 6 13 17 24 5 12 0 11 18 10 16 21 22 23 20
33 1 1 2 3 9 4 7 8 15 19 14 6 13 17 24 5 12 11 0 18 10 16 21 22 23 20
32 1 1 2 3 9 4 7 8 15 19 14 6 13 0 24 5 12 11 17 18 10 16 21 22 23 20
31 1 1 2 3 9 4 7 8 0 19 14 6 13 15 24 5 12 11 17 18 10 16 21 22 23 20
30 1 1 2 3 9 4 7 0 8 19 14 6 13 15 24 5 12 11 17 18 10 16 21 22 23 20
90 1 17 2 6 15 23 5 14 3 9 16 8 22 4 12 0 7 13 20 11 18 21 1 24 10 19
89 1 17 2 6 15 23 5 14 3 9 0 8 22 4 12 16 7 13 20 11 18 21 1 24 10 19
88 1 17 2 6 15 0 5 14 3 9 23 8 22 4 12 16 7 13 20 11 18 21 1 24 10 19
87 1 17 2 6 0 15 5 14 3 9 23 8 22 4 12 16 7 13 20 11 18 21 1 24 10 19
86 1 17 2 6 9 15 5 14 3 0 23 8 22 4 12 16 7 13 20 11 18 21 1 24 10 19
85 1 17 2 6 9 15 5 14 3 12 23 8 22 4 0 16 7 13 20 11 18 21 1 24 10 19
84 1 17 2 6 9 15 5 14 3 12 23 8 22 0 4 16 7 13 20 11 18 21 1 24 10 19
83 1 17 2 6 9 15 5 14 3 12 23 8 0 22 4 16 7 13 20 11 18 21 1 24 10 19
82 1 17 2 6 9 15 5 0 3 12 23 8 14 22 4 16 7 13 20 11 18 21 1 24 10 19
81 1 17 2 6 9 15 0 5 3 12 23 8 14 22 4 16 7 13 20 11 18 21 1 24 10 19
80 1 0 2 6 9 15 17 5 3 12 23 8 14 22 4 16 7 13 20 11 18 21 1 24 10 19
79 1 2 0 6 9 15 17 5 3 12 23 8 14 22 4 16 7 13 20 11 18 21 1 24 10 19
78 1 2 6 0 9 15 17 5 3 12 23 8 14 22 4 16 7 13 20 11 18 21 1 24 10 19
77 1 2 6 3 9 15 17 5 0 12 23 8 14 22 4 16 7 13 20 11 18 21 1 24 10 19
76 1 2 6 3 9 15 17 0 5 12 23 8 14 22 4 16 7 13 20 11 18 21 1 24 10 19
75 1 2 6 3 9 15 17 14 5 12 23 8 0 22 4 16 7 13 20 11 18 21 1 24 10 19
74 1 2 6 3 9 15 17 14 5 12 23 0 8 22 4 16 7 13 20 11 18 21 1 24 10 19
73 1 2 6 3 9 15 17 14 5 12 23 7 8 22 4 16 0 13 20 11 18 21 1 24 10 19
72 1 2 6 3 9 15 17 14 5 12 23 7 8 22 4 16 13 0 20 11 18 21 1 24 10 19
71 1 2 6 3 9 15 17 14 5 12 23 7 8 22 4 16 13 1 20 11 18 21 0 24 10 19
70 1 2 6 3 9 15 17 14 5 12 23 7 8 22 4 16 13 1 20 11 18 21 24 0 10 19
69 1 2 6 3 9 15 17 14 5 12 23 7 8 22 4 16 13 1 0 11 18 21 24 20 10 19
68 1 2 6 3 9 15 17 14 5 12 23 7 8 0 4 16 13 1 22 11 18 21 24 20 10 19
67 1 2 6 3 9 15 17 14 5 12 23 7 8 4 0 16 13 1 22 11 18 21 24 20 10 19
66 1 2 6 3 9 15 17 14 5 12 23 7 8 4 16 0 13 1 22 11 18 21 24 20 10 19
65 1 2 6 3 9 15 17 14 5 12 0 7 8 4 16 23 13 1 22 11 18 21 24 20 10 19
64 1 2 6 3 9 15 17 14 5 0 12 7 8 4 16 23 13 1 22 11 18 21 24 20 10 19
63 1 2 6 3 9 15 17 14 0 5 12 7 8 4 16 23 13 1 22 11 18 21 24 20 10 19
62 1 2 6 3 9 15 17 14 4 5 12 7 8 0 16 23 13 1 22 11 18 21 24 20 10 19
61 1 2 6 3 9 15 17 14 4 5 12 7 8 16 0 23 13 1 22 11 18 21 24 20 10 19
60 1 2 6 3 9 15 17 14 4 5 12 7 8 16 23 0 13 1 22 11 18 21 24 20 10 19
59 1 2 6 3 9 15 17 14 4 5 0 7 8 16 23 12 13 1 22 11 18 21 24 20 10 19
58 1 2 6 3 9 0 17 14 4 5 15 7 8 16 23 12 13 1 22 11 18 21 24 20 10 19
57 1 2 6 3 0 9 17 14 4 5 15 7 8 16 23 12 13 1 22 11 18 21 24 20 10 19
56 1 2 6 3 5 9 17 14 4 0 15 7 8 16 23 12 13 1 22 11 18 21 24 20 10 19
55 1 2 6 3 5 9 17 14 0 4 15 7 8 16 23 12 13 1 22 11 18 21 24 20 10 19
54 1 2 6 3 5 9 17 0 14 4 15 7 8 16 23 12 13 1 22 11 18 21 24 20 10 19
53 1 2 6 3 5 9 17 8 14 4 15 7 0 16 23 12 13 1 22 11 18 21 24 20 10 19
52 1 2 6 3 5 9 17 8 14 4 15 7 1 16 23 12 13 0 22 11 18 21 24 20 10 19
51 1 2 6 3 5 9 17 8 14 4 15 7 1 16 23 12 13 22 0 11 18 21 24 20 10 19
50 1 2 6 3 5 9 17 8 14 4 15 7 1 16 23 12 13 22 11 0 18 21 24 20 10 19
49 1 2 6 3 5 9 17 8 14 4 15 7 1 16 0 12 13 22 11 23 18 21 24 20 10 19
48 1 2 6 3 5 9 17 8 14 4 15 7 1 16 12 0 13 22 11 23 18 21 24 20 10 19
47 1 2 6 3 5 9 17 8 14 4 0 7 1 16 12 15 13 22 11 23 18 21 24 20 10 19
46 1 2 6 3 5 0 17 8 14 4 9 7 1 16 12 15 13 22 11 23 18 21 24 20 10 19
45 1 2 6 3 0 5 17 8 14 4 9 7 1 16 12 15 13 22 11 23 18 21 24 20 10 19
44 1 2 6 3 4 5 17 8 14 0 9 7 1 16 12 15 13 22 11 23 18 21 24 20 10 19
43 1 2 6 3 4 5 17 8 0 14 9 7 1 16 12 15 13 22 11 23 18 21 24 20 10 19
42 1 2 6 3 4 5 17 0 8 14 9 7 1 16 12 15 13 22 11 23 18 21 24 20 10 19
41 1 2 6 3 4 5 17 1 8 14 9 7 0 16 12 15 13 22 11 23 18 21 24 20 10 19
40 1 2 6 3 4 5 17 1 8 14 9 0 7 16 12 15 13 22 11 23 18 21 24 20 10 19
39 1 2 6 3 4 5 0 1 8 14 9 17 7 16 12 15 13 22 11 23 18 21 24 20 10 19
38 1 2 6 3 4 5 1 0 8 14 9 17 7 16 12 15 13 22 11 23 18 21 24 20 10 19
37 1 2 0 3 4 5 1 6 8 14 9 17 7 16 12 15 13 22 11 23 18 21 24 20 10 19
36 1 0 2 3 4 5 1 6 8 14 9 17 7 16 12 15 13 22 11 23 18 21 24 20 10 19
35 1 1 2 3 4 5 0 6 8 14 9 17 7 16 12 15 13 22 11 23 18 21 24 20 10 19
34 1 1 2 3 4 5 6 0 8 14 9 17 7 16 12 15 13 22 11 23 18 21 24 20 10 19
33 1 1 2 3 4 5 6 7 8 14 9 17 0 16 12 15 13 22 11 23 18 21 24 20 10 19
32 1 1 2 3 4 5 6 7 8 14 9 17 16 0 12 15 13 22 11 23 18 21 24 20 10 19
31 1 1 2 3 4 5 6 7 8 14 9 17 16 11 12 15 13 22 0 23 18 21 24 20 10 19
30 1 1 2 3 4 5 6 7 8 14 9 17 16 11 12 15 13 22 23 0 18 21 24 20 10 19
80 1 9 4 5 10 19 12 8 7 0 11 6 13 2 22 3 16 23 14 15 24 17 18 1 20 21
79 1 9 4 5 10 19 12 8 7 11 0 6 13 2 22 3 16 23 14 15 24 17 18 1 20 21
78 1 9 4 5 10 0 12 8 7 11 19 6 13 2 22 3 16 23 14 15 24 17 18 1 20 21
77 1 9 4 5 0 10 12 8 7 11 19 6 13 2 22 3 16 23 14 15 24 17 18 1 20 21
76 1 9 4 0 5 10 12 8 7 11 19 6 13 2 22 3 16 23 14 15 24 17 18 1 20 21
75 1 9 0 4 5 10 12 8 7 11 19 6 13 2 22 3 16 23 14 15 24 17 18 1 20 21
74 1 9 8 4 5 10 12 0 7 11 19 6 13 2 22 3 16 23 14 15 24 17 18 1 20 21
73 1 9 8 4 5 10 12 7 0 11 19 6 13 2 22 3 16 23 14 15 24 17 18 1 20 21
72 1 9 8 4 5 10 12 7 2 11 19 6 13 0 22 3 16 23 14 15 24 17 18 1 20 21
71 1 9 8 4 5 10 12 7 2 11 19 6 13 14 22 3 16 23 0 15 24 17 18 1 20 21
70 1 9 8 4 5 10 12 7 2 11 19 6 13 14 22 3 16 23 1 15 24 17 18 0 20 21
69 1 9 8 4 5 10 12 7 2 11 19 6 13 14 22 3 16 23 1 15 24 17 18 20 0 21
68 1 9 8 4 5 10 12 7 2 11 19 6 13 14 22 3 16 23 1 15 24 17 18 20 21 0
67 1 9 8 4 5 10 12 7 2 11 19 6 13 14 22 3 16 23 1 15 0 17 18 20 21 24
66 1 9 8 4 5 10 12 7 2 11 19 6 13 14 22 3 16 23 1 0 15 17 18 20 21 24
65 1 9 8 4 5 10 12 7 2 11 19 6 13 14 0 3 16 23 1 22 15 17 18 20 21 24
64 1 9 8 4 5 10 12 7 2 11 19 6 13 14 3 0 16 23 1 22 15 17 18 20 21 24
63 1 9 8 4 5 10 12 7 2 11 0 6 13 14 3 19 16 23 1 22 15 17 18 20 21 24
62 1 9 8 4 5 0 12 7 2 11 10 6 13 14 3 19 16 23 1 22 15 17 18 20 21 24
61 1 9 8 4 0 5 12 7 2 11 10 6 13 14 3 19 16 23 1 22 15 17 18 20 21 24
60 1 9 8 0 4 5 12 7 2 11 10 6 13 14 3 19 16 23 1 22 15 17 18 20 21 24
59 1 9 8 2 4 5 12 7 0 11 10 6 13 14 3 19 16 23 1 22 15 17 18 20 21 24
58 1 9 8 2 4 5 12 7 11 0 10 6 13 14 3 19 16 23 1 22 15 17 18 20 21 24
57 1 9 8 2 4 5 12 7 11 3 10 6 13 14 0 19 16 23 1 22 15 17 18 20 21 24
56 1 9 8 2 4 5 12 7 11 3 10 6 13 0 14 19 16 23 1 22 15 17 18 20 21 24
55 1 9 8 2 4 5 12 7 11 3 10 6 13 1 14 19 16 23 0 22 15 17 18 20 21 24
54 1 9 8 2 4 5 12 7 11 3 10 6 13 1 14 19 16 23 20 22 15 17 18 0 21 24
53 1 9 8 2 4 5 12 7 11 3 10 6 13 1 14 19 16 23 20 22 15 17 18 21 0 24
52 1 9 8 2 4 5 12 7 11 3 10 6 13 1 14 19 16 23 20 0 15 17 18 21 22 24
51 1 9 8 2 4 5 12 7 11 3 10 6 13 1 14 19 16 23 0 20 15 17 18 21 22 24
50 1 9 8 2 4 5 12 7 11 3 10 6 13 1 14 19 16 0 23 20 15 17 18 21 22 24
49 1 9 8 2 4 5 12 7 11 3 10 6 13 1 14 19 16 18 23 20 15 17 0 21 22 24
48 1 9 8 2 4 5 12 7 11 3 10 6 13 1 14 19 16 18 23 20 15 0 17 21 22 24
47 1 9 8 2 4 5 12 7 11 3 10 6 13 1 14 19 0 18 23 20 15 16 17 21 22 24
46 1 9 8 2 4 5 12 7 11 3 10 0 13 1 14 19 6 18 23 20 15 16 17 21 22 24
45 1 9 8 2 4 5 0 7 11 3 10 12 13 1 14 19 6 18 23 20 15 16 17 21 22 24
44 1 9 8 2 4 5 7 0 11 3 10 12 13 1 14 19 6 18 23 20 15 16 17 21 22 24
43 1 9 8 2 4 5 7 11 0 3 10 12 13 1 14 19 6 18 23 20 15 16 17 21 22 24
42 1 9 8 2 4 5 7 11 1 3 10 12 13 0 14 19 6 18 23 20 15 16 17 21 22 24
41 1 9 8 2 4 5 7 11 1 3 10 12 0 13 14 19 6 18 23 20 15 16 17 21 22 24
40 1 9 8 2 4 5 7 0 1 3 10 12 11 13 14 19 6 18 23 20 15 16 17 21 22 24
39 1 9 8 2 4 5 7 1 0 3 10 12 11 13 14 19 6 18 23 20 15 16 17 21 22 24
38 1 9 8 2 4 5 7 1 3 0 10 12 11 13 14 19 6 18 23 20 15 16 17 21 22 24
37 1 9 8 2 4 5 7 1 3 14 10 12 11 13 0 19 6 18 23 20 15 16 17 21 22 24
36 1 9 8 2 4 5 7 1 3 14 10 12 11 13 19 0 6 18 23 20 15 16 17 21 22 24
35 1 9 8 2 4 5 7 1 3 14 10 12 11 13 19 15 6 18 23 20 0 16 17 21 22 24
34 1 9 8 2 4 5 7 1 3 14 10 12 11 13 19 15 6 18 23 0 20 16 17 21 22 24
33 1 9 8 2 4 5 7 1 3 14 10 12 11 13 19 15 6 18 0 23 20 16 17 21 22 24
32 1 9 8 2 4 5 7 1 3 14 10 12 11 13 19 15 6 0 18 23 20 16 17 21 22 24
31 1 9 8 2 4 5 7 1 3 14 10 12 0 13 19 15 6 11 18 23 20 16 17 21 22 24
30 1 9 8 2 4 5 7 1 3 14 10 0 12 13 19 15 6 11 18 23 20 16 17 21 22 24
80 1 7 12 0 11 5 1 18 23 17 4 9 16 2 3 6 21 10 22 20 15 14 13 19 8 24
79 1 7 12 23 11 5 1 18 0 17 4 9 16 2 3 6 21 10 22 20 15 14 13 19 8 24
78 1 7 12 23 11 5 1 18 2 17 4 9 16 0 3 6 21 10 22 20 15 14 13 19 8 24
77 1 7 12 23 11 5 1 18 2 17 4 9 16 22 3 6 21 10 0 20 15 14 13 19 8 24
76 1 7 12 23 11 5 1 18 2 17 4 9 16 22 3 6 21 0 10 20 15 14 13 19 8 24
75 1 7 12 23 11 5 1 18 2 17 4 9 0 22 3 6 21 16 10 20 15 14 13 19 8 24
74 1 7 12 23 11 5 1 18 2 17 4 9 22 0 3 6 21 16 10 20 15 14 13 19 8 24
73 1 7 12 23 11 5 1 18 2 17 4 9 22 10 3 6 21 16 0 20 15 14 13 19 8 24
72 1 7 12 23 11 5 1 18 2 17 4 9 22 10 3 6 21 16 19 20 15 14 13 0 8 24
71 1 7 12 23 11 5 1 18 2 17 4 9 22 10 3 6 21 16 19 20 15 14 0 13 8 24
70 1 7 12 23 11 5 1 18 2 17 4 9 22 10 3 6 21 16 19 20 15 0 14 13 8 24
69 1 7 12 23 11 5 1 18 2 17 4 9 22 10 3 6 0 16 19 20 15 21 14 13 8 24
68 1 7 12 23 11 5 1 18 2 17 4 9 22 10 3 6 16 0 19 20 15 21 14 13 8 24
67 1 7 12 23 11 5 1 18 2 17 4 9 0 10 3 6 16 22 19 20 15 21 14 13 8 24
66 1 7 12 23 11 5 1 0 2 17 4 9 18 10 3 6 16 22 19 20 15 21 14 13 8 24
65 1 7 12 23 11 5 1 2 0 17 4 9 18 10 3 6 16 22 19 20 15 21 14 13 8 24
64 1 7 12 23 11 5 1 2 17 0 4 9 18 10 3 6 16 22 19 20 15 21 14 13 8 24
63 1 7 12 23 11 5 1 2 17 3 4 9 18 10 0 6 16 22 19 20 15 21 14 13 8 24
62 1 7 12 23 11 5 1 2 17 3 4 9 18 0 10 6 16 22 19 20 15 21 14 13 8 24
61 1 7 12 23 11 5 1 2 0 3 4 9 18 17 10 6 16 22 19 20 15 21 14 13 8 24
60 1 7 12 0 11 5 1 2 23 3 4 9 18 17 10 6 16 22 19 20 15 21 14 13 8 24
59 1 7 12 11 0 5 1 2 23 3 4 9 18 17 10 6 16 22 19 20 15 21 14 13 8 24
58 1 7 12 11 3 5 1 2 23 0 4 9 18 17 10 6 16 22 19 20 15 21 14 13 8 24
57 1 7 12 11 3 5 1 2 23 10 4 9 18 17 0 6 16 22 19 20 15 21 14 13 8 24
56 1 7 12 11 3 5 1 2 23 10 4 9 18 17 6 0 16 22 19 20 15 21 14 13 8 24
55 1 7 12 11 3 5 1 2 23 10 0 9 18 17 6 4 16 22 19 20 15 21 14 13 8 24
54 1 7 12 11 3 5 1 2 23 0 10 9 18 17 6 4 16 22 19 20 15 21 14 13 8 24
53 1 7 12 11 3 5 1 2 23 6 10 9 18 17 0 4 16 22 19 20 15 21 14 13 8 24
52 1 7 12 11 3 5 1 2 23 6 10 9 18 17 4 0 16 22 19 20 15 21 14 13 8 24
51 1 7 12 11 3 5 1 2 23 6 10 9 18 17 4 15 16 22 19 20 0 21 14 13 8 24
50 1 7 12 11 3 5 1 2 23 6 10 9 18 17 4 15 16 22 19 0 20 21 14 13 8 24
49 1 7 12 11 3 5 1 2 23 6 10 9 18 17 4 15 16 22 19 8 20 21 14 13 0 24
48 1 7 12 11 3 5 1 2 23 6 10 9 18 17 4 15 16 22 19 8 20 21 14 0 13 24
47 1 7 12 11 3 5 1 2 23 6 10 9 18 17 4 15 16 22 19 8 20 21 0 14 13 24
46 1 7 12 11 3 5 1 2 23 6 10 9 18 17 4 15 16 0 19 8 20 21 22 14 13 24
45 1 7 12 11 3 5 1 2 23 6 10 9 0 17 4 15 16 18 19 8 20 21 22 14 13 24
44 1 7 12 11 3 5 1 2 23 6 10 9 17 0 4 15 16 18 19 8 20 21 22 14 13 24
43 1 7 12 11 3 5 1 2 0 6 10 9 17 23 4 15 16 18 19 8 20 21 22 14 13 24
42 1 7 12 11 3 5 1 0 2 6 10 9 17 23 4 15 16 18 19 8 20 21 22 14 13 24
41 1 7 0 11 3 5 1 12 2 6 10 9 17 23 4 15 16 18 19 8 20 21 22 14 13 24
40 1 7 11 0 3 5 1 12 2 6 10 9 17 23 4 15 16 18 19 8 20 21 22 14 13 24
39 1 7 11 2 3 5 1 12 0 6 10 9 17 23 4 15 16 18 19 8 20 21 22 14 13 24
38 1 7 11 2 3 5 1 12 6 0 10 9 17 23 4 15 16 18 19 8 20 21 22 14 13 24
37 1 7 11 2 3 5 1 12 6 4 10 9 17 23 0 15 16 18 19 8 20 21 22 14 13 24
36 1 7 11 2 3 5 1 12 6 4 10 9 17 23 8 15 16 18 19 0 20 21 22 14 13 24
35 1 7 11 2 3 5 1 12 6 4 10 9 17 23 8 15 16 18 19 13 20 21 22 14 0 24
34 1 7 11 2 3 5 1 12 6 4 10 9 17 23 8 15 16 18 19 13 20 21 22 0 14 24
33 1 7 11 2 3 5 1 12 6 4 10 9 17 23 8 15 16 18 0 13 20 21 22 19 14 24
32 1 7 11 2 3 5 1 12 6 4 10 9 17 0 8 15 16 18 23 13 20 21 22 19 14 24
31 1 7 11 2 3 5 1 12 6 4 10 9 17 8 0 15 16 18 23 13 20 21 22 19 14 24
30 1 7 11 2 3 5 1 12 6 4 10 9 17 8 13 15 16 18 23 0 20 21 22 19 14 24
80 1 13 14 3 4 10 6 1 9 22 5 2 23 15 17 21 7 11 16 18 20 12 24 19 8 0
79 1 13 14 3 4 10 6 1 9 22 5 2 23 15 17 21 7 11 16 18 0 12 24 19 8 20
78 1 13 14 3 4 10 6 1 9 22 5 2 23 15 17 21 7 11 16 0 18 12 24 19 8 20
77 1 13 14 3 4 10 6 1 9 22 5 2 23 15 17 21 7 11 16 8 18 12 24 19 0 20
76 1 13 14 3 4 10 6 1 9 22 5 2 23 15 17 21 7 11 16 8 18 12 24 0 19 20
75 1 13 14 3 4 10 6 1 9 22 5 2 23 15 17 21 7 11 16 8 18 12 0 24 19 20
74 1 13 14 3 4 10 6 1 9 22 5 2 23 15 17 21 7 0 16 8 18 12 11 24 19 20
73 1 13 14 3 4 10 6 1 9 22 5 2 23 15 17 21 7 16 0 8 18 12 11 24 19 20
72 1 13 14 3 4 10 6 1 9 22 5 2 23 0 17 21 7 16 15 8 18 12 11 24 19 20
71 1 13 14 3 4 10 6 1 9 22 5 2 23 17 0 21 7 16 15 8 18 12 11 24 19 20
70 1 13 14 3 4 10 6 1 9 22 5 2 23 17 21 0 7 16 15 8 18 12 11 24 19 20
69 1 13 14 3 4 10 6 1 9 22 5 2 23 17 21 18 7 16 15 8 0 12 11 24 19 20
68 1 13 14 3 4 10 6 1 9 22 5 2 23 17 21 18 7 16 15 0 8 12 11 24 19 20
67 1 13 14 3 4 10 6 1 9 22 5 2 23 17 21 18 7 16 0 15 8 12 11 24 19 20
66 1 13 14 3 4 10 6 1 9 22 5 2 23 0 21 18 7 16 17 15 8 12 11 24 19 20
65 1 13 14 3 4 10 6 1 9 22 5 2 23 21 0 18 7 16 17 15 8 12 11 24 19 20
64 1 13 14 3 4 10 6 1 9 0 5 2 23 21 22 18 7 16 17 15 8 12 11 24 19 20
63 1 13 14 3 4 10 6 1 9 5 0 2 23 21 22 18 7 16 17 15 8 12 11 24 19 20
62 1 13 14 3 4 0 6 1 9 5 10 2 23 21 22 18 7 16 17 15 8 12 11 24 19 20
61 1 13 14 3 0 4 6 1 9 5 10 2 23 21 22 18 7 16 17 15 8 12 11 24 19 20
60 1 13 14 0 3 4 6 1 9 5 10 2 23 21 22 18 7 16 17 15 8 12 11 24 19 20
59 1 13 0 14 3 4 6 1 9 5 10 2 23 21 22 18 7 16 17 15 8 12 11 24 19 20
58 1 0 13 14 3 4 6 1 9 5 10 2 23 21 22 18 7 16 17 15 8 12 11 24 19 20
57 1 6 13 14 3 4 0 1 9 5 10 2 23 21 22 18 7 16 17 15 8 12 11 24 19 20
56 1 6 13 14 3 4 2 1 9 5 10 0 23 21 22 18 7 16 17 15 8 12 11 24 19 20
55 1 6 13 14 3 4 2 1 9 5 10 7 23 21 22 18 0 16 17 15 8 12 11 24 19 20
54 1 6 13 14 3 4 2 1 9 5 10 7 23 21 22 18 12 16 17 15 8 0 11 24 19 20
53 1 6 13 14 3 4 2 1 9 5 10 7 23 21 22 18 12 16 17 15 8 11 0 24 19 20
52 1 6 13 14 3 4 2 1 9 5 10 7 23 21 22 18 12 0 17 15 8 11 16 24 19 20
51 1 6 13 14 3 4 2 1 9 5 10 7 23 21 22 18 12 17 0 15 8 11 16 24 19 20
50 1 6 13 14 3 4 2 1 9 5 10 7 23 0 22 18 12 17 21 15 8 11 16 24 19 20
49 1 6 13 14 3 4 2 1 9 5 10 7 23 22 0 18 12 17 21 15 8 11 16 24 19 20
48 1 6 13 14 3 4 2 1 9 5 10 7 23 22 18 0 12 17 21 15 8 11 16 24 19 20
47 1 6 13 14 3 4 2 1 9 5 10 7 23 22 18 8 12 17 21 15 0 11 16 24 19 20
46 1 6 13 14 3 4 2 1 9 5 10 7 23 22 18 8 12 17 21 0 15 11 16 24 19 20
45 1 6 13 14 3 4 2 1 9 5 10 7 23 22 18 8 12 17 21 19 15 11 16 24 0 20
44 1 6 13 14 3 4 2 1 9 5 10 7 23 22 18 8 12 17 21 19 15 11 16 0 24 20
43 1 6 13 14 3 4 2 1 9 5 10 7 23 22 18 8 12 17 0 19 15 11 16 21 24 20
42 1 6 13 14 3 4 2 1 9 5 10 7 23 0 18 8 12 17 22 19 15 11 16 21 24 20
41 1 6 13 14 3 4 2 1 9 5 10 7 0 23 18 8 12 17 22 19 15 11 16 21 24 20
40 1 6 13 14 3 4 2 1 9 5 10 0 7 23 18 8 12 17 22 19 15 11 16 21 24 20
39 1 6 13 14 3 4 2 1 9 5 10 12 7 23 18 8 0 17 22 19 15 11 16 21 24 20
38 1 6 13 14 3 4 2 1 9 5 10 12 7 23 18 8 11 17 22 19 15 0 16 21 24 20
37 1 6 13 14 3 4 2 1 9 5 10 12 7 23 18 8 11 17 22 19 15 16 0 21 24 20
36 1 6 13 14 3 4 2 1 9 5 10 12 7 23 18 8 11 17 22 19 15 16 21 0 24 20
35 1 6 13 14 3 4 2 1 9 5 10 12 7 23 18 8 11 17 0 19 15 16 21 22 24 20
34 1 6 13 14 3 4 2 1 9 5 10 12 7 0 18 8 11 17 23 19 15 16 21 22 24 20
33 1 6 13 14 3 4 2 1 9 5 10 12 7 18 0 8 11 17 23 19 15 16 21 22 24 20
32 1 6 13 14 3 4 2 1 9 5 10 12 7 18 8 0 11 17 23 19 15 16 21 22 24 20
31 1 6 13 14 3 4 2 1 9 5 0 12 7 18 8 10 11 17 23 19 15 16 21 22 24 20
30 1 6 13 14 3 4 2 1 9 0 5 12 7 18 8 10 11 17 23 19 15 16 21 22 24 20
90 1 8 3 10 4 11 20 12 14 0 24 6 7 22 1 9 5 2 13 19 23 16 18 21 15 17
89 1 8 3 10 0 11 20 12 14 4 24 6 7 22 1 9 5 2 13 19 23 16 18 21 15 17
88 1 8 3 0 10 11 20 12 14 4 24 6 7 22 1 9 5 2 13 19 23 16 18 21 15 17
87 1 8 3 14 10 11 20 12 0 4 24 6 7 22 1 9 5 2 13 19 23 16 18 21 15 17
86 1 8 3 14 10 11 20 0 12 4 24 6 7 22 1 9 5 2 13 19 23 16 18 21 15 17
85 1 8 3 14 10 11 20 7 12 4 24 6 0 22 1 9 5 2 13 19 23 16 18 21 15 17
84 1 8 3 14 10 11 20 7 12 4 24 6 2 22 1 9 5 0 13 19 23 16 18 21 15 17
83 1 8 3 14 10 11 20 7 12 4 24 6 2 22 1 9 0 5 13 19 23 16 18 21 15 17
82 1 8 3 14 10 11 20 7 12 4 24 0 2 22 1 9 6 5 13 19 23 16 18 21 15 17
81 1 8 3 14 10 11 0 7 12 4 24 20 2 22 1 9 6 5 13 19 23 16 18 21 15 17
80 1 8 3 14 10 11 7 0 12 4 24 20 2 22 1 9 6 5 13 19 23 16 18 21 15 17
79 1 8 3 14 10 11 7 2 12 4 24 20 0 22 1 9 6 5 13 19 23 16 18 21 15 17
78 1 8 3 14 10 11 7 2 12 4 24 20 5 22 1 9 6 0 13 19 23 16 18 21 15 17
77 1 8 3 14 10 11 7 2 12 4 24 20 5 22 1 9 6 18 13 19 23 16 0 21 15 17
76 1 8 3 14 10 11 7 2 12 4 24 20 5 22 1 9 6 18 13 19 23 16 21 0 15 17
75 1 8 3 14 10 11 7 2 12 4 24 20 5 22 1 9 6 18 0 19 23 16 21 13 15 17
74 1 8 3 14 10 11 7 2 12 4 24 20 5 0 1 9 6 18 22 19 23 16 21 13 15 17
73 1 8 3 14 10 11 7 2 12 4 24 20 0 5 1 9 6 18 22 19 23 16 21 13 15 17
72 1 8 3 14 10 11 7 2 12 4 24 0 20 5 1 9 6 18 22 19 23 16 21 13 15 17
71 1 8 3 14 10 11 0 2 12 4 24 7 20 5 1 9 6 18 22 19 23 16 21 13 15 17
70 1 8 3 14 10 11 2 0 12 4 24 7 20 5 1 9 6 18 22 19 23 16 21 13 15 17
69 1 8 3 14 10 11 2 12 0 4 24 7 20 5 1 9 6 18 22 19 23 16 21 13 15 17
68 1 8 3 14 10 11 2 12 5 4 24 7 20 0 1 9 6 18 22 19 23 16 21 13 15 17
67 1 8 3 14 10 11 2 12 5 4 24 7 20 1 0 9 6 18 22 19 23 16 21 13 15 17
66 1 8 3 14 10 11 2 12 5 4 24 7 20 1 9 0 6 18 22 19 23 16 21 13 15 17
65 1 8 3 14 10 11 2 12 5 4 0 7 20 1 9 24 6 18 22 19 23 16 21 13 15 17
64 1 8 3 14 10 0 2 12 5 4 11 7 20 1 9 24 6 18 22 19 23 16 21 13 15 17
63 1 8 3 14 0 10 2 12 5 4 11 7 20 1 9 24 6 18 22 19 23 16 21 13 15 17
62 1 8 3 14 4 10 2 12 5 0 11 7 20 1 9 24 6 18 22 19 23 16 21 13 15 17
61 1 8 3 14 4 10 2 12 0 5 11 7 20 1 9 24 6 18 22 19 23 16 21 13 15 17
60 1 8 3 0 4 10 2 12 14 5 11 7 20 1 9 24 6 18 22 19 23 16 21 13 15 17
59 1 8 3 4 0 10 2 12 14 5 11 7 20 1 9 24 6 18 22 19 23 16 21 13 15 17
58 1 8 3 4 5 10 2 12 14 0 11 7 20 1 9 24 6 18 22 19 23 16 21 13 15 17
57 1 8 3 4 5 10 2 12 14 11 0 7 20 1 9 24 6 18 22 19 23 16 21 13 15 17
56 1 8 3 4 5 0 2 12 14 11 10 7 20 1 9 24 6 18 22 19 23 16 21 13 15 17
55 1 8 3 4 0 5 2 12 14 11 10 7 20 1 9 24 6 18 22 19 23 16 21 13 15 17
54 1 8 3 0 4 5 2 12 14 11 10 7 20 1 9 24 6 18 22 19 23 16 21 13 15 17
53 1 8 3 14 4 5 2 12 0 11 10 7 20 1 9 24 6 18 22 19 23 16 21 13 15 17
52 1 8 3 14 4 5 2 12 1 11 10 7 20 0 9 24 6 18 22 19 23 16 21 13 15 17
51 1 8 3 14 4 5 2 12 1 11 10 7 0 20 9 24 6 18 22 19 23 16 21 13 15 17
50 1 8 3 14 4 5 2 0 1 11 10 7 12 20 9 24 6 18 22 19 23 16 21 13 15 17
49 1 8 3 14 4 5 2 1 0 11 10 7 12 20 9 24 6 18 22 19 23 16 21 13 15 17
48 1 8 3 14 4 5 2 1 11 0 10 7 12 20 9 24 6 18 22 19 23 16 21 13 15 17
47 1 8 3 14 4 5 2 1 11 9 10 7 12 20 0 24 6 18 22 19 23 16 21 13 15 17
46 1 8 3 14 4 5 2 1 11 9 10 7 12 0 20 24 6 18 22 19 23 16 21 13 15 17
45 1 8 3 14 4 5 2 1 0 9 10 7 12 11 20 24 6 18 22 19 23 16 21 13 15 17
44 1 8 3 0 4 5 2 1 14 9 10 7 12 11 20 24 6 18 22 19 23 16 21 13 15 17
43 1 8 0 3 4 5 2 1 14 9 10 7 12 11 20 24 6 18 22 19 23 16 21 13 15 17
42 1 8 1 3 4 5 2 0 14 9 10 7 12 11 20 24 6 18 22 19 23 16 21 13 15 17
41 1 8 1 3 4 5 0 2 14 9 10 7 12 11 20 24 6 18 22 19 23 16 21 13 15 17
40 1 0 1 3 4 5 8 2 14 9 10 7 12 11 20 24 6 18 22 19 23 16 21 13 15 17
39 1 1 0 3 4 5 8 2 14 9 10 7 12 11 20 24 6 18 22 19 23 16 21 13 15 17
38 1 1 2 3 4 5 8 0 14 9 10 7 12 11 20 24 6 18 22 19 23 16 21 13 15 17
37 1 1 2 3 4 5 0 8 14 9 10 7 12 11 20 24 6 18 22 19 23 16 21 13 15 17
36 1 1 2 3 4 5 7 8 14 9 10 0 12 11 20 24 6 18 22 19 23 16 21 13 15 17
35 1 1 2 3 4 5 7 8 14 9 10 6 12 11 20 24 0 18 22 19 23 16 21 13 15 17
34 1 1 2 3 4 5 7 8 14 9 10 6 12 11 20 24 16 18 22 19 23 0 21 13 15 17
33 1 1 2 3 4 5 7 8 14 9 10 6 12 11 20 24 16 18 22 19 23 21 0 13 15 17
32 1 1 2 3 4 5 7 8 14 9 10 6 12 11 20 24 16 0 22 19 23 21 18 13 15 17
31 1 1 2 3 4 5 7 8 14 9 10 6 0 11 20 24 16 12 22 19 23 21 18 13 15 17
30 1 1 2 3 4 5 7 8 14 9 10 6 11 0 20 24 16 12 22 19 23 21 18 13 15 17
80 1 1 5 3 24 12 6 9 7 14 20 21 2 4 8 15 22 18 10 0 19 23 13 16 17 11
79 1 1 5 3 24 12 6 9 7 14 20 21 2 4 0 15 22 18 10 8 19 23 13 16 17 11
78 1 1 5 3 24 12 6 9 7 14 20 21 2 0 4 15 22 18 10 8 19 23 13 16 17 11
77 1 1 5 3 24 12 6 9 0 14 20 21 2 7 4 15 22 18 10 8 19 23 13 16 17 11
76 1 1 5 0 24 12 6 9 3 14 20 21 2 7 4 15 22 18 10 8 19 23 13 16 17 11
75 1 1 0 5 24 12 6 9 3 14 20 21 2 7 4 15 22 18 10 8 19 23 13 16 17 11
74 1 1 9 5 24 12 6 0 3 14 20 21 2 7 4 15 22 18 10 8 19 23 13 16 17 11
73 1 1 9 5 24 12 6 3 0 14 20 21 2 7 4 15 22 18 10 8 19 23 13 16 17 11
72 1 1 9 5 24 12 6 3 14 0 20 21 2 7 4 15 22 18 10 8 19 23 13 16 17 11
71 1 1 9 5 0 12 6 3 14 24 20 21 2 7 4 15 22 18 10 8 19 23 13 16 17 11
70 1 1 9 0 5 12 6 3 14 24 20 21 2 7 4 15 22 18 10 8 19 23 13 16 17 11
69 1 1 0 9 5 12 6 3 14 24 20 21 2 7 4 15 22 18 10 8 19 23 13 16 17 11
68 1 1 3 9 5 12 6 0 14 24 20 21 2 7 4 15 22 18 10 8 19 23 13 16 17 11
67 1 1 3 9 5 12 6 2 14 24 20 21 0 7 4 15 22 18 10 8 19 23 13 16 17 11
66 1 1 3 9 5 12 6 2 14 24 20 21 7 0 4 15 22 18 10 8 19 23 13 16 17 11
65 1 1 3 9 5 12 6 2 14 24 20 21 7 4 0 15 22 18 10 8 19 23 13 16 17 11
64 1 1 3 9 5 12 6 2 14 0 20 21 7 4 24 15 22 18 10 8 19 23 13 16 17 11
63 1 1 3 9 5 12 6 2 0 14 20 21 7 4 24 15 22 18 10 8 19 23 13 16 17 11
62 1 1 3 9 5 12 6 2 4 14 20 21 7 0 24 15 22 18 10 8 19 23 13 16 17 11
61 1 1 3 9 5 12 6 2 4 14 20 21 7 10 24 15 22 18 0 8 19 23 13 16 17 11
60 1 1 3 9 5 12 6 2 4 14 20 21 7 10 24 15 22 18 8 0 19 23 13 16 17 11
59 1 1 3 9 5 12 6 2 4 14 20 21 7 10 0 15 22 18 8 24 19 23 13 16 17 11
58 1 1 3 9 5 12 6 2 4 14 20 21 7 10 15 0 22 18 8 24 19 23 13 16 17 11
57 1 1 3 9 5 12 6 2 4 14 0 21 7 10 15 20 22 18 8 24 19 23 13 16 17 11
56 1 1 3 9 5 0 6 2 4 14 12 21 7 10 15 20 22 18 8 24 19 23 13 16 17 11
55 1 1 3 9 0 5 6 2 4 14 12 21 7 10 15 20 22 18 8 24 19 23 13 16 17 11
54 1 1 3 9 14 5 6 2 4 0 12 21 7 10 15 20 22 18 8 24 19 23 13 16 17 11
53 1 1 3 9 14 5 6 2 4 15 12 21 7 10 0 20 22 18 8 24 19 23 13 16 17 11
52 1 1 3 9 14 5 6 2 4 15 12 21 7 0 10 20 22 18 8 24 19 23 13 16 17 11
51 1 1 3 9 14 5 6 2 4 15 12 21 7 8 10 20 22 18 0 24 19 23 13 16 17 11
50 1 1 3 9 14 5 6 2 4 15 12 21 7 8 10 20 22 0 18 24 19 23 13 16 17 11
49 1 1 3 9 14 5 6 2 4 15 12 21 7 8 10 20 22 13 18 24 19 23 0 16 17 11
48 1 1 3 9 14 5 6 2 4 15 12 21 7 8 10 20 22 13 18 24 19 23 16 0 17 11
47 1 1 3 9 14 5 6 2 4 15 12 21 7 8 10 20 22 13 18 24 19 23 16 17 0 11
46 1 1 3 9 14 5 6 2 4 15 12 21 7 8 10 20 22 13 18 0 19 23 16 17 24 11
45 1 1 3 9 14 5 6 2 4 15 12 21 7 8 10 20 22 13 18 19 0 23 16 17 24 11
44 1 1 3 9 14 5 6 2 4 15 12 21 7 8 10 20 22 13 18 19 11 23 16 17 24 0
43 1 1 3 9 14 5 6 2 4 15 12 21 7 8 10 20 22 13 18 19 11 23 16 17 0 24
42 1 1 3 9 14 5 6 2 4 15 12 21 7 8 10 20 22 13 18 0 11 23 16 17 19 24
41 1 1 3 9 14 5 6 2 4 15 12 21 7 8 10 20 22 13 18 11 0 23 16 17 19 24
40 1 1 3 9 14 5 6 2 4 15 12 21 7 8 10 0 22 13 18 11 20 23 16 17 19 24
39 1 1 3 9 14 5 6 2 4 15 0 21 7 8 10 12 22 13 18 11 20 23 16 17 19 24
38 1 1 3 9 14 5 6 2 4 0 15 21 7 8 10 12 22 13 18 11 20 23 16 17 19 24
37 1 1 3 9 14 5 6 2 4 10 15 21 7 8 0 12 22 13 18 11 20 23 16 17 19 24
36 1 1 3 9 14 5 6 2 4 10 15 21 7 8 12 0 22 13 18 11 20 23 16 17 19 24
35 1 1 3 9 14 5 6 2 4 10 0 21 7 8 12 15 22 13 18 11 20 23 16 17 19 24
34 1 1 3 9 14 5 6 2 4 0 10 21 7 8 12 15 22 13 18 11 20 23 16 17 19 24
33 1 1 3 9 0 5 6 2 4 14 10 21 7 8 12 15 22 13 18 11 20 23 16 17 19 24
32 1 1 3 0 9 5 6 2 4 14 10 21 7 8 12 15 22 13 18 11 20 23 16 17 19 24
31 1 1 3 4 9 5 6 2 0 14 10 21 7 8 12 15 22 13 18 11 20 23 16 17 19 24
30 1 1 3 4 9 5 6 2 8 14 10 21 7 0 12 15 22 13 18 11 20 23 16 17 19 24
82 1 11 24 4 9 8 10 0 21 12 5 1 7 3 19 18 22 14 2 6 13 23 16 17 15 20
81 1 11 0 4 9 8 10 24 21 12 5 1 7 3 19 18 22 14 2 6 13 23 16 17 15 20
80 1 0 11 4 9 8 10 24 21 12 5 1 7 3 19 18 22 14 2 6 13 23 16 17 15 20
79 1 10 11 4 9 8 0 24 21 12 5 1 7 3 19 18 22 14 2 6 13 23 16 17 15 20
78 1 10 11 4 9 8 1 24 21 12 5 0 7 3 19 18 22 14 2 6 13 23 16 17 15 20
77 1 10 11 4 9 8 1 24 21 12 5 7 0 3 19 18 22 14 2 6 13 23 16 17 15 20
76 1 10 11 4 9 8 1 0 21 12 5 7 24 3 19 18 22 14 2 6 13 23 16 17 15 20
75 1 10 11 4 9 8 1 21 0 12 5 7 24 3 19 18 22 14 2 6 13 23 16 17 15 20
74 1 10 11 4 9 8 1 21 3 12 5 7 24 0 19 18 22 14 2 6 13 23 16 17 15 20
73 1 10 11 4 9 8 1 21 3 12 5 7 24 2 19 18 22 14 0 6 13 23 16 17 15 20
72 1 10 11 4 9 8 1 21 3 12 5 7 24 2 19 18 22 0 14 6 13 23 16 17 15 20
71 1 10 11 4 9 8 1 21 3 12 5 7 0 2 19 18 22 24 14 6 13 23 16 17 15 20
70 1 10 11 4 9 8 1 0 3 12 5 7 21 2 19 18 22 24 14 6 13 23 16 17 15 20
69 1 10 11 4 9 8 1 3 0 12 5 7 21 2 19 18 22 24 14 6 13 23 16 17 15 20
68 1 10 11 4 9 8 1 3 2 12 5 7 21 0 19 18 22 24 14 6 13 23 16 17 15 20
67 1 10 11 4 9 8 1 3 2 12 5 7 21 19 0 18 22 24 14 6 13 23 16 17 15 20
66 1 10 11 4 9 8 1 3 2 12 5 7 21 19 6 18 22 24 14 0 13 23 16 17 15 20
65 1 10 11 4 9 8 1 3 2 12 5 7 21 19 6 18 22 24 0 14 13 23 16 17 15 20
64 1 10 11 4 9 8 1 3 2 12 5 7 21 19 6 18 22 0 24 14 13 23 16 17 15 20
63 1 10 11 4 9 8 1 3 2 12 5 7 21 19 6 18 22 16 24 14 13 23 0 17 15 20
62 1 10 11 4 9 8 1 3 2 12 5 7 21 19 6 18 22 16 24 14 13 23 17 0 15 20
61 1 10 11 4 9 8 1 3 2 12 5 7 21 19 6 18 22 16 0 14 13 23 17 24 15 20
60 1 10 11 4 9 8 1 3 2 12 5 7 21 0 6 18 22 16 19 14 13 23 17 24 15 20
59 1 10 11 4 9 8 1 3 2 12 5 7 21 6 0 18 22 16 19 14 13 23 17 24 15 20
58 1 10 11 4 9 8 1 3 2 0 5 7 21 6 12 18 22 16 19 14 13 23 17 24 15 20
57 1 10 11 4 0 8 1 3 2 9 5 7 21 6 12 18 22 16 19 14 13 23 17 24 15 20
56 1 10 11 0 4 8 1 3 2 9 5 7 21 6 12 18 22 16 19 14 13 23 17 24 15 20
55 1 10 11 2 4 8 1 3 0 9 5 7 21 6 12 18 22 16 19 14 13 23 17 24 15 20
54 1 10 11 2 4 8 1 0 3 9 5 7 21 6 12 18 22 16 19 14 13 23 17 24 15 20
53 1 10 0 2 4 8 1 11 3 9 5 7 21 6 12 18 22 16 19 14 13 23 17 24 15 20
52 1 0 10 2 4 8 1 11 3 9 5 7 21 6 12 18 22 16 19 14 13 23 17 24 15 20
51 1 1 10 2 4 8 0 11 3 9 5 7 21 6 12 18 22 16 19 14 13 23 17 24 15 20
50 1 1 10 2 4 8 7 11 3 9 5 0 21 6 12 18 22 16 19 14 13 23 17 24 15 20
49 1 1 10 2 4 8 7 11 3 9 5 21 0 6 12 18 22 16 19 14 13 23 17 24 15 20
48 1 1 10 2 4 8 7 11 3 9 5 21 16 6 12 18 22 0 19 14 13 23 17 24 15 20
47 1 1 10 2 4 8 7 11 3 9 5 21 16 6 12 18 22 17 19 14 13 23 0 24 15 20
46 1 1 10 2 4 8 7 11 3 9 5 21 16 6 12 18 22 17 19 14 13 0 23 24 15 20
45 1 1 10 2 4 8 7 11 3 9 5 21 16 6 12 18 0 17 19 14 13 22 23 24 15 20
44 1 1 10 2 4 8 7 11 3 9 5 0 16 6 12 18 21 17 19 14 13 22 23 24 15 20
43 1 1 10 2 4 8 7 11 3 9 5 16 0 6 12 18 21 17 19 14 13 22 23 24 15 20
42 1 1 10 2 4 8 7 11 3 9 5 16 6 0 12 18 21 17 19 14 13 22 23 24 15 20
41 1 1 10 2 4 8 7 11 3 9 5 16 6 12 0 18 21 17 19 14 13 22 23 24 15 20
40 1 1 10 2 4 8 7 11 3 9 5 16 6 12 18 0 21 17 19 14 13 22 23 24 15 20
39 1 1 10 2 4 8 7 11 3 9 5 16 6 12 18 13 21 17 19 14 0 22 23 24 15 20
38 1 1 10 2 4 8 7 11 3 9 5 16 6 12 18 13 21 17 19 0 14 22 23 24 15 20
37 1 1 10 2 4 8 7 11 3 9 5 16 6 12 18 13 21 17 19 15 14 22 23 24 0 20
36 1 1 10 2 4 8 7 11 3 9 5 16 6 12 18 13 21 17 19 15 14 22 23 0 24 20
35 1 1 10 2 4 8 7 11 3 9 5 16 6 12 18 13 21 17 19 15 14 22 0 23 24 20
34 1 1 10 2 4 8 7 11 3 9 5 16 6 12 18 13 21 17 19 15 14 0 22 23 24 20
33 1 1 10 2 4 8 7 11 3 9 5 16 6 12 18 13 0 17 19 15 14 21 22 23 24 20
32 1 1 10 2 4 8 7 11 3 9 5 0 6 12 18 13 16 17 19 15 14 21 22 23 24 20
31 1 1 10 2 4 8 7 11 3 9 5 6 0 12 18 13 16 17 19 15 14 21 22 23 24 20
30 1 1 10 2 4 8 7 0 3 9 5 6 11 12 18 13 16 17 19 15 14 21 22 23 24 20
92 1 3 23 1 11 6 12 5 16 24 15 13 10 2 4 14 20 0 18 9 8 7 22 21 19 17
91 1 3 23 1 11 6 12 5 16 24 15 13 10 2 4 14 20 22 18 9 8 7 0 21 19 17
90 1 3 23 1 11 6 12 5 16 24 15 13 10 2 4 14 20 22 18 9 8 7 21 0 19 17
89 1 3 23 1 11 6 12 5 16 24 15 13 10 2 4 14 20 22 0 9 8 7 21 18 19 17
88 1 3 23 1 11 6 12 5 16 24 15 13 10 0 4 14 20 22 2 9 8 7 21 18 19 17
87 1 3 23 1 11 6 12 5 0 24 15 13 10 16 4 14 20 22 2 9 8 7 21 18 19 17
86 1 3 23 1 11 6 12 0 5 24 15 13 10 16 4 14 20 22 2 9 8 7 21 18 19 17
85 1 3 0 1 11 6 12 23 5 24 15 13 10 16 4 14 20 22 2 9 8 7 21 18 19 17
84 1 3 1 0 11 6 12 23 5 24 15 13 10 16 4 14 20 22 2 9 8 7 21 18 19 17
83 1 3 1 11 0 6 12 23 5 24 15 13 10 16 4 14 20 22 2 9 8 7 21 18 19 17
82 1 3 1 11 6 0 12 23 5 24 15 13 10 16 4 14 20 22 2 9 8 7 21 18 19 17
81 1 3 1 11 6 15 12 23 5 24 0 13 10 16 4 14 20 22 2 9 8 7 21 18 19 17
80 1 3 1 11 6 15 12 23 5 0 24 13 10 16 4 14 20 22 2 9 8 7 21 18 19 17
79 1 3 1 11 6 15 12 23 0 5 24 13 10 16 4 14 20 22 2 9 8 7 21 18 19 17
78 1 3 1 11 6 15 12 23 16 5 24 13 10 0 4 14 20 22 2 9 8 7 21 18 19 17
77 1 3 1 11 6 15 12 23 16 5 24 13 0 10 4 14 20 22 2 9 8 7 21 18 19 17
76 1 3 1 11 6 15 12 0 16 5 24 13 23 10 4 14 20 22 2 9 8 7 21 18 19 17
75 1 3 1 11 6 15 12 16 0 5 24 13 23 10 4 14 20 22 2 9 8 7 21 18 19 17
74 1 3 1 11 6 15 12 16 10 5 24 13 23 0 4 14 20 22 2 9 8 7 21 18 19 17
73 1 3 1 11 6 15 12 16 10 5 24 13 23 2 4 14 20 22 0 9 8 7 21 18 19 17
72 1 3 1 11 6 15 12 16 10 5 24 13 23 2 4 14 20 0 22 9 8 7 21 18 19 17
71 1 3 1 11 6 15 12 16 10 5 24 13 23 2 4 14 0 20 22 9 8 7 21 18 19 17
70 1 3 1 11 6 15 12 16 10 5 24 13 23 2 4 14 7 20 22 9 8 0 21 18 19 17
69 1 3 1 11 6 15 12 16 10 5 24 13 23 2 4 14 7 20 22 9 8 21 0 18 19 17
68 1 3 1 11 6 15 12 16 10 5 24 13 23 2 4 14 7 0 22 9 8 21 20 18 19 17
67 1 3 1 11 6 15 12 16 10 5 24 13 0 2 4 14 7 23 22 9 8 21 20 18 19 17
66 1 3 1 11 6 15 12 0 10 5 24 13 16 2 4 14 7 23 22 9 8 21 20 18 19 17
65 1 3 0 11 6 15 12 1 10 5 24 13 16 2 4 14 7 23 22 9 8 21 20 18 19 17
64 1 3 11 0 6 15 12 1 10 5 24 13 16 2 4 14 7 23 22 9 8 21 20 18 19 17
63 1 3 11 6 0 15 12 1 10 5 24 13 16 2 4 14 7 23 22 9 8 21 20 18 19 17
62 1 3 11 6 5 15 12 1 10 0 24 13 16 2 4 14 7 23 22 9 8 21 20 18 19 17
61 1 3 11 6 5 15 12 1 10 4 24 13 16 2 0 14 7 23 22 9 8 21 20 18 19 17
60 1 3 11 6 5 15 12 1 10 4 24 13 16 2 9 14 7 23 22 0 8 21 20 18 19 17
59 1 3 11 6 5 15 12 1 10 4 24 13 16 2 9 14 7 23 22 8 0 21 20 18 19 17
58 1 3 11 6 5 15 12 1 10 4 24 13 16 2 9 14 7 23 22 8 17 21 20 18 19 0
57 1 3 11 6 5 15 12 1 10 4 24 13 16 2 9 14 7 23 22 8 17 21 20 18 0 19
56 1 3 11 6 5 15 12 1 10 4 24 13 16 2 9 14 7 23 22 8 17 21 20 0 18 19
55 1 3 11 6 5 15 12 1 10 4 24 13 16 2 9 14 7 23 22 8 17 21 0 20 18 19
54 1 3 11 6 5 15 12 1 10 4 24 13 16 2 9 14 7 0 22 8 17 21 23 20 18 19
53 1 3 11 6 5 15 12 1 10 4 24 13 16 2 9 14 7 22 0 8 17 21 23 20 18 19
52 1 3 11 6 5 15 12 1 10 4 24 13 16 2 9 14 7 22 8 0 17 21 23 20 18 19
51 1 3 11 6 5 15 12 1 10 4 24 13 16 2 9 14 7 22 8 17 0 21 23 20 18 19
50 1 3 11 6 5 15 12 1 10 4 24 13 16 2 9 0 7 22 8 17 14 21 23 20 18 19
49 1 3 11 6 5 15 12 1 10 4 0 13 16 2 9 24 7 22 8 17 14 21 23 20 18 19
48 1 3 11 6 5 0 12 1 10 4 15 13 16 2 9 24 7 22 8 17 14 21 23 20 18 19
47 1 3 11 6 0 5 12 1 10 4 15 13 16 2 9 24 7 22 8 17 14 21 23 20 18 19
46 1 3 11 6 4 5 12 1 10 0 15 13 16 2 9 24 7 22 8 17 14 21 23 20 18 19
45 1 3 11 6 4 5 12 1 0 10 15 13 16 2 9 24 7 22 8 17 14 21 23 20 18 19
44 1 3 11 6 4 5 12 1 2 10 15 13 16 0 9 24 7 22 8 17 14 21 23 20 18 19
43 1 3 11 6 4 5 12 1 2 10 15 13 16 8 9 24 7 22 0 17 14 21 23 20 18 19
42 1 3 11 6 4 5 12 1 2 10 15 13 16 8 9 24 7 22 17 0 14 21 23 20 18 19
41 1 3 11 6 4 5 12 1 2 10 15 13 16 8 9 24 7 22 17 18 14 21 23 20 0 19
40 1 3 11 6 4 5 12 1 2 10 15 13 16 8 9 24 7 22 17 18 14 21 23 0 20 19
39 1 3 11 6 4 5 12 1 2 10 15 13 16 8 9 24 7 22 17 18 14 21 0 23 20 19
38 1 3 11 6 4 5 12 1 2 10 15 13 16 8 9 24 7 0 17 18 14 21 22 23 20 19
37 1 3 11 6 4 5 12 1 2 10 15 13 0 8 9 24 7 16 17 18 14 21 22 23 20 19
36 1 3 11 6 4 5 12 1 2 10 15 0 13 8 9 24 7 16 17 18 14 21 22 23 20 19
35 1 3 11 6 4 5 0 1 2 10 15 12 13 8 9 24 7 16 17 18 14 21 22 23 20 19
34 1 3 11 6 4 5 1 0 2 10 15 12 13 8 9 24 7 16 17 18 14 21 22 23 20 19
33 1 3 0 6 4 5 1 11 2 10 15 12 13 8 9 24 7 16 17 18 14 21 22 23 20 19
32 1 0 3 6 4 5 1 11 2 10 15 12 13 8 9 24 7 16 17 18 14 21 22 23 20 19
31 1 1 3 6 4 5 0 11 2 10 15 12 13 8 9 24 7 16 17 18 14 21 22 23 20 19
30 1 1 3 6 4 5 11 0 2 10 15 12 13 8 9 24 7 16 17 18 14 21 22 23 20 19
82 1 13 14 0 16 9 1 22 11 3 2 17 5 12 10 4 18 20 15 6 7 8 21 23 19 24
81 1 13 14 11 16 9 1 22 0 3 2 17 5 12 10 4 18 20 15 6 7 8 21 23 19 24
80 1 13 14 11 16 9 1 22 3 0 2 17 5 12 10 4 18 20 15 6 7 8 21 23 19 24
79 1 13 14 11 16 9 1 22 3 2 0 17 5 12 10 4 18 20 15 6 7 8 21 23 19 24
78 1 13 14 11 16 9 1 22 3 2 4 17 5 12 10 0 18 20 15 6 7 8 21 23 19 24
77 1 13 14 11 16 9 1 22 3 2 4 17 5 12 0 10 18 20 15 6 7 8 21 23 19 24
76 1 13 14 11 16 9 1 22 3 2 4 17 5 12 6 10 18 20 15 0 7 8 21 23 19 24
75 1 13 14 11 16 9 1 22 3 2 4 17 5 12 6 10 18 20 0 15 7 8 21 23 19 24
74 1 13 14 11 16 9 1 22 3 2 4 17 5 0 6 10 18 20 12 15 7 8 21 23 19 24
73 1 13 14 11 16 9 1 22 3 2 4 17 0 5 6 10 18 20 12 15 7 8 21 23 19 24
72 1 13 14 11 16 9 1 0 3 2 4 17 22 5 6 10 18 20 12 15 7 8 21 23 19 24
71 1 13 0 11 16 9 1 14 3 2 4 17 22 5 6 10 18 20 12 15 7 8 21 23 19 24
70 1 13 11 0 16 9 1 14 3 2 4 17 22 5 6 10 18 20 12 15 7 8 21 23 19 24
69 1 13 11 16 0 9 1 14 3 2 4 17 22 5 6 10 18 20 12 15 7 8 21 23 19 24
68 1 13 11 16 2 9 1 14 3 0 4 17 22 5 6 10 18 20 12 15 7 8 21 23 19 24
67 1 13 11 16 2 9 1 14 3 6 4 17 22 5 0 10 18 20 12 15 7 8 21 23 19 24
66 1 13 11 16 2 9 1 14 3 6 4 17 22 0 5 10 18 20 12 15 7 8 21 23 19 24
65 1 13 11 16 2 9 1 14 3 6 4 17 22 12 5 10 18 20 0 15 7 8 21 23 19 24
64 1 13 11 16 2 9 1 14 3 6 4 17 22 12 5 10 18 0 20 15 7 8 21 23 19 24
63 1 13 11 16 2 9 1 14 3 6 4 17 22 12 5 10 0 18 20 15 7 8 21 23 19 24
62 1 13 11 16 2 9 1 14 3 6 4 17 22 12 5 10 8 18 20 15 7 0 21 23 19 24
61 1 13 11 16 2 9 1 14 3 6 4 17 22 12 5 10 8 18 20 15 7 21 0 23 19 24
60 1 13 11 16 2 9 1 14 3 6 4 17 22 12 5 10 8 0 20 15 7 21 18 23 19 24
59 1 13 11 16 2 9 1 14 3 6 4 17 0 12 5 10 8 22 20 15 7 21 18 23 19 24
58 1 13 11 16 2 9 1 0 3 6 4 17 14 12 5 10 8 22 20 15 7 21 18 23 19 24
57 1 13 0 16 2 9 1 11 3 6 4 17 14 12 5 10 8 22 20 15 7 21 18 23 19 24
56 1 0 13 16 2 9 1 11 3 6 4 17 14 12 5 10 8 22 20 15 7 21 18 23 19 24
55 1 1 13 16 2 9 0 11 3 6 4 17 14 12 5 10 8 22 20 15 7 21 18 23 19 24
54 1 1 13 16 2 9 11 0 3 6 4 17 14 12 5 10 8 22 20 15 7 21 18 23 19 24
53 1 1 0 16 2 9 11 13 3 6 4 17 14 12 5 10 8 22 20 15 7 21 18 23 19 24
52 1 1 16 0 2 9 11 13 3 6 4 17 14 12 5 10 8 22 20 15 7 21 18 23 19 24
51 1 1 16 2 0 9 11 13 3 6 4 17 14 12 5 10 8 22 20 15 7 21 18 23 19 24
50 1 1 16 2 9 0 11 13 3 6 4 17 14 12 5 10 8 22 20 15 7 21 18 23 19 24
49 1 1 16 2 9 4 11 13 3 6 0 17 14 12 5 10 8 22 20 15 7 21 18 23 19 24
48 1 1 16 2 9 4 11 13 3 6 10 17 14 12 5 0 8 22 20 15 7 21 18 23 19 24
47 1 1 16 2 9 4 11 13 3 6 10 17 14 12 5 7 8 22 20 15 0 21 18 23 19 24
46 1 1 16 2 9 4 11 13 3 6 10 17 14 12 5 7 8 22 20 0 15 21 18 23 19 24
45 1 1 16 2 9 4 11 13 3 6 10 17 14 12 5 7 8 22 0 20 15 21 18 23 19 24
44 1 1 16 2 9 4 11 13 3 6 10 17 14 0 5 7 8 22 12 20 15 21 18 23 19 24
43 1 1 16 2 9 4 11 13 3 6 10 17 0 14 5 7 8 22 12 20 15 21 18 23 19 24
42 1 1 16 2 9 4 11 0 3 6 10 17 13 14 5 7 8 22 12 20 15 21 18 23 19 24
41 1 1 0 2 9 4 11 16 3 6 10 17 13 14 5 7 8 22 12 20 15 21 18 23 19 24
40 1 1 2 0 9 4 11 16 3 6 10 17 13 14 5 7 8 22 12 20 15 21 18 23 19 24
39 1 1 2 3 9 4 11 16 0 6 10 17 13 14 5 7 8 22 12 20 15 21 18 23 19 24
38 1 1 2 3 9 4 11 16 6 0 10 17 13 14 5 7 8 22 12 20 15 21 18 23 19 24
37 1 1 2 3 9 4 11 16 6 5 10 17 13 14 0 7 8 22 12 20 15 21 18 23 19 24
36 1 1 2 3 9 4 11 16 6 5 10 17 13 14 7 0 8 22 12 20 15 21 18 23 19 24
35 1 1 2 3 9 4 11 16 6 5 0 17 13 14 7 10 8 22 12 20 15 21 18 23 19 24
34 1 1 2 3 9 4 11 16 6 0 5 17 13 14 7 10 8 22 12 20 15 21 18 23 19 24
33 1 1 2 3 9 4 11 16 6 7 5 17 13 14 0 10 8 22 12 20 15 21 18 23 19 24
32 1 1 2 3 9 4 11 16 6 7 5 17 13 0 14 10 8 22 12 20 15 21 18 23 19 24
31 1 1 2 3 9 4 11 16 6 7 5 17 0 13 14 10 8 22 12 20 15 21 18 23 19 24
30 1 1 2 3 9 4 11 0 6 7 5 17 16 13 14 10 8 22 12 20 15 21 18 23 19 24
78 1 8 17 1 3 5 16 2 6 19 7 12 14 10 4 18 23 13 24 15 21 22 9 0 11 20
77 1 8 17 1 3 5 16 2 6 19 7 12 14 10 4 18 23 13 0 15 21 22 9 24 11 20
76 1 8 17 1 3 5 16 2 6 19 7 12 14 10 4 18 23 13 15 0 21 22 9 24 11 20
75 1 8 17 1 3 5 16 2 6 19 7 12 14 10 4 18 23 13 15 21 0 22 9 24 11 20
74 1 8 17 1 3 5 16 2 6 19 7 12 14 10 4 0 23 13 15 21 18 22 9 24 11 20
73 1 8 17 1 3 5 16 2 6 19 0 12 14 10 4 7 23 13 15 21 18 22 9 24 11 20
72 1 8 17 1 3 5 16 2 6 0 19 12 14 10 4 7 23 13 15 21 18 22 9 24 11 20
71 1 8 17 1 3 5 16 2 6 4 19 12 14 10 0 7 23 13 15 21 18 22 9 24 11 20
70 1 8 17 1 3 5 16 2 6 4 19 12 14 10 21 7 23 13 15 0 18 22 9 24 11 20
69 1 8 17 1 3 5 16 2 6 4 19 12 14 10 21 7 23 13 15 11 18 22 9 24 0 20
68 1 8 17 1 3 5 16 2 6 4 19 12 14 10 21 7 23 13 15 11 18 22 9 0 24 20
67 1 8 17 1 3 5 16 2 6 4 19 12 14 10 21 7 23 13 15 11 18 22 0 9 24 20
66 1 8 17 1 3 5 16 2 6 4 19 12 14 10 21 7 23 0 15 11 18 22 13 9 24 20
65 1 8 17 1 3 5 16 2 6 4 19 12 14 10 21 7 0 23 15 11 18 22 13 9 24 20
64 1 8 17 1 3 5 16 2 6 4 19 0 14 10 21 7 12 23 15 11 18 22 13 9 24 20
63 1 8 17 1 3 5 0 2 6 4 19 16 14 10 21 7 12 23 15 11 18 22 13 9 24 20
62 1 0 17 1 3 5 8 2 6 4 19 16 14 10 21 7 12 23 15 11 18 22 13 9 24 20
61 1 17 0 1 3 5 8 2 6 4 19 16 14 10 21 7 12 23 15 11 18 22 13 9 24 20
60 1 17 1 0 3 5 8 2 6 4 19 16 14 10 21 7 12 23 15 11 18 22 13 9 24 20
59 1 17 1 3 0 5 8 2 6 4 19 16 14 10 21 7 12 23 15 11 18 22 13 9 24 20
58 1 17 1 3 4 5 8 2 6 0 19 16 14 10 21 7 12 23 15 11 18 22 13 9 24 20
57 1 17 1 3 4 5 8 2 6 21 19 16 14 10 0 7 12 23 15 11 18 22 13 9 24 20
56 1 17 1 3 4 5 8 2 6 21 19 16 14 0 10 7 12 23 15 11 18 22 13 9 24 20
55 1 17 1 3 4 5 8 2 6 21 19 16 14 15 10 7 12 23 0 11 18 22 13 9 24 20
54 1 17 1 3 4 5 8 2 6 21 19 16 14 15 10 7 12 23 9 11 18 22 13 0 24 20
53 1 17 1 3 4 5 8 2 6 21 19 16 14 15 10 7 12 23 9 11 18 22 0 13 24 20
52 1 17 1 3 4 5 8 2 6 21 19 16 14 15 10 7 12 0 9 11 18 22 23 13 24 20
51 1 17 1 3 4 5 8 2 6 21 19 16 14 15 10 7 0 12 9 11 18 22 23 13 24 20
50 1 17 1 3 4 5 8 2 6 21 19 0 14 15 10 7 16 12 9 11 18 22 23 13 24 20
49 1 17 1 3 4 5 0 2 6 21 19 8 14 15 10 7 16 12 9 11 18 22 23 13 24 20
48 1 0 1 3 4 5 17 2 6 21 19 8 14 15 10 7 16 12 9 11 18 22 23 13 24 20
47 1 1 0 3 4 5 17 2 6 21 19 8 14 15 10 7 16 12 9 11 18 22 23 13 24 20
46 1 1 2 3 4 5 17 0 6 21 19 8 14 15 10 7 16 12 9 11 18 22 23 13 24 20
45 1 1 2 3 4 5 17 6 0 21 19 8 14 15 10 7 16 12 9 11 18 22 23 13 24 20
44 1 1 2 3 4 5 17 6 21 0 19 8 14 15 10 7 16 12 9 11 18 22 23 13 24 20
43 1 1 2 3 4 5 17 6 21 10 19 8 14 15 0 7 16 12 9 11 18 22 23 13 24 20
42 1 1 2 3 4 5 17 6 21 10 19 8 14 15 7 0 16 12 9 11 18 22 23 13 24 20
41 1 1 2 3 4 5 17 6 21 10 0 8 14 15 7 19 16 12 9 11 18 22 23 13 24 20
40 1 1 2 3 4 5 17 6 21 0 10 8 14 15 7 19 16 12 9 11 18 22 23 13 24 20
39 1 1 2 3 4 5 17 6 21 7 10 8 14 15 0 19 16 12 9 11 18 22 23 13 24 20
38 1 1 2 3 4 5 17 6 21 7 10 8 14 0 15 19 16 12 9 11 18 22 23 13 24 20
37 1 1 2 3 4 5 17 6 21 7 10 8 14 9 15 19 16 12 0 11 18 22 23 13 24 20
36 1 1 2 3 4 5 17 6 21 7 10 8 14 9 15 19 16 12 11 0 18 22 23 13 24 20
35 1 1 2 3 4 5 17 6 21 7 10 8 14 9 15 19 16 12 11 18 0 22 23 13 24 20
34 1 1 2 3 4 5 17 6 21 7 10 8 14 9 15 0 16 12 11 18 19 22 23 13 24 20
33 1 1 2 3 4 5 17 6 21 7 10 8 14 9 0 15 16 12 11 18 19 22 23 13 24 20
32 1 1 2 3 4 5 17 6 21 7 10 8 14 0 9 15 16 12 11 18 19 22 23 13 24 20
31 1 1 2 3 4 5 17 6 21 7 10 8 0 14 9 15 16 12 11 18 19 22 23 13 24 20
30 1 1 2 3 4 5 17 6 21 7 10 0 8 14 9 15 16 12 11 18 19 22 23 13 24 20
82 1 0 1 15 2 9 12 7 23 14 10 18 6 19 20 24 5 11 21 3 13 22 4 16 8 17
81 1 1 0 15 2 9 12 7 23 14 10 18 6 19 20 24 5 11 21 3 13 22 4 16 8 17
80 1 1 7 15 2 9 12 0 23 14 10 18 6 19 20 24 5 11 21 3 13 22 4 16 8 17
79 1 1 7 15 2 9 12 6 23 14 10 18 0 19 20 24 5 11 21 3 13 22 4 16 8 17
78 1 1 7 15 2 9 12 6 23 14 10 0 18 19 20 24 5 11 21 3 13 22 4 16 8 17
77 1 1 7 15 2 9 12 6 23 14 10 5 18 19 20 24 0 11 21 3 13 22 4 16 8 17
76 1 1 7 15 2 9 12 6 23 14 10 5 18 19 20 24 11 0 21 3 13 22 4 16 8 17
75 1 1 7 15 2 9 12 6 23 14 10 5 18 19 20 24 11 4 21 3 13 22 0 16 8 17
74 1 1 7 15 2 9 12 6 23 14 10 5 18 19 20 24 11 4 21 3 13 22 16 0 8 17
73 1 1 7 15 2 9 12 6 23 14 10 5 18 19 20 24 11 4 0 3 13 22 16 21 8 17
72 1 1 7 15 2 9 12 6 23 14 10 5 18 0 20 24 11 4 19 3 13 22 16 21 8 17
71 1 1 7 15 2 9 12 6 23 14 10 5 0 18 20 24 11 4 19 3 13 22 16 21 8 17
70 1 1 7 15 2 9 12 6 23 14 10 0 5 18 20 24 11 4 19 3 13 22 16 21 8 17
69 1 1 7 15 2 9 0 6 23 14 10 12 5 18 20 24 11 4 19 3 13 22 16 21 8 17
68 1 1 7 15 2 9 6 0 23 14 10 12 5 18 20 24 11 4 19 3 13 22 16 21 8 17
67 1 1 7 15 2 9 6 5 23 14 10 12 0 18 20 24 11 4 19 3 13 22 16 21 8 17
66 1 1 7 15 2 9 6 5 23 14 10 12 4 18 20 24 11 0 19 3 13 22 16 21 8 17
65 1 1 7 15 2 9 6 5 23 14 10 12 4 18 20 24 11 19 0 3 13 22 16 21 8 17
64 1 1 7 15 2 9 6 5 23 14 10 12 4 0 20 24 11 19 18 3 13 22 16 21 8 17
63 1 1 7 15 2 9 6 5 0 14 10 12 4 23 20 24 11 19 18 3 13 22 16 21 8 17
62 1 1 7 15 2 9 6 0 5 14 10 12 4 23 20 24 11 19 18 3 13 22 16 21 8 17
61 1 1 7 15 2 9 6 4 5 14 10 12 0 23 20 24 11 19 18 3 13 22 16 21 8 17
60 1 1 7 15 2 9 6 4 5 14 10 0 12 23 20 24 11 19 18 3 13 22 16 21 8 17
59 1 1 7 15 2 9 6 4 5 14 10 11 12 23 20 24 0 19 18 3 13 22 16 21 8 17
58 1 1 7 15 2 9 6 4 5 14 10 11 12 23 20 24 22 19 18 3 13 0 16 21 8 17
57 1 1 7 15 2 9 6 4 5 14 10 11 12 23 20 24 22 19 18 3 13 16 0 21 8 17
56 1 1 7 15 2 9 6 4 5 14 10 11 12 23 20 24 22 19 18 3 13 16 21 0 8 17
55 1 1 7 15 2 9 6 4 5 14 10 11 12 23 20 24 22 19 0 3 13 16 21 18 8 17
54 1 1 7 15 2 9 6 4 5 14 10 11 12 23 20 24 22 19 3 0 13 16 21 18 8 17
53 1 1 7 15 2 9 6 4 5 14 10 11 12 23 20 24 22 19 3 13 0 16 21 18 8 17
52 1 1 7 15 2 9 6 4 5 14 10 11 12 23 20 0 22 19 3 13 24 16 21 18 8 17
51 1 1 7 15 2 9 6 4 5 14 10 11 12 23 0 20 22 19 3 13 24 16 21 18 8 17
50 1 1 7 15 2 9 6 4 5 14 10 11 12 23 13 20 22 19 3 0 24 16 21 18 8 17
49 1 1 7 15 2 9 6 4 5 14 10 11 12 23 13 20 22 19 3 8 24 16 21 18 0 17
48 1 1 7 15 2 9 6 4 5 14 10 11 12 23 13 20 22 19 3 8 24 16 21 18 17 0
47 1 1 7 15 2 9 6 4 5 14 10 11 12 23 13 20 22 19 3 8 0 16 21 18 17 24
46 1 1 7 15 2 9 6 4 5 14 10 11 12 23 13 0 22 19 3 8 20 16 21 18 17 24
45 1 1 7 15 2 9 6 4 5 14 10 11 12 23 0 13 22 19 3 8 20 16 21 18 17 24
44 1 1 7 15 2 9 6 4 5 14 10 11 12 0 23 13 22 19 3 8 20 16 21 18 17 24
43 1 1 7 15 2 9 6 4 5 14 10 11 12 3 23 13 22 19 0 8 20 16 21 18 17 24
42 1 1 7 15 2 9 6 4 5 14 10 11 12 3 23 13 22 19 8 0 20 16 21 18 17 24
41 1 1 7 15 2 9 6 4 5 14 10 11 12 3 0 13 22 19 8 23 20 16 21 18 17 24
40 1 1 7 15 2 9 6 4 5 0 10 11 12 3 14 13 22 19 8 23 20 16 21 18 17 24
39 1 1 7 15 2 9 6 4 0 5 10 11 12 3 14 13 22 19 8 23 20 16 21 18 17 24
38 1 1 7 0 2 9 6 4 15 5 10 11 12 3 14 13 22 19 8 23 20 16 21 18 17 24
37 1 1 7 2 0 9 6 4 15 5 10 11 12 3 14 13 22 19 8 23 20 16 21 18 17 24
36 1 1 7 2 5 9 6 4 15 0 10 11 12 3 14 13 22 19 8 23 20 16 21 18 17 24
35 1 1 7 2 5 9 6 4 0 15 10 11 12 3 14 13 22 19 8 23 20 16 21 18 17 24
34 1 1 7 2 5 9 6 0 4 15 10 11 12 3 14 13 22 19 8 23 20 16 21 18 17 24
33 1 1 0 2 5 9 6 7 4 15 10 11 12 3 14 13 22 19 8 23 20 16 21 18 17 24
32 1 1 2 0 5 9 6 7 4 15 10 11 12 3 14 13 22 19 8 23 20 16 21 18 17 24
31 1 1 2 4 5 9 6 7 0 15 10 11 12 3 14 13 22 19 8 23 20 16 21 18 17 24
30 1 1 2 4 5 9 6 7 3 15 10 11 12 0 14 13 22 19 8 23 20 16 21 18 17 24
92 1 7 17 8 14 6 2 16 13 23 19 1 11 3 21 9 20 22 15 5 12 18 24 0 4 10
91 1 7 17 8 14 6 2 16 13 23 19 1 11 3 21 9 20 22 0 5 12 18 24 15 4 10
90 1 7 17 8 14 6 2 16 13 23 19 1 11 0 21 9 20 22 3 5 12 18 24 15 4 10
89 1 7 17 8 14 6 2 16 13 23 19 1 0 11 21 9 20 22 3 5 12 18 24 15 4 10
88 1 7 17 8 14 6 2 0 13 23 19 1 16 11 21 9 20 22 3 5 12 18 24 15 4 10
87 1 7 0 8 14 6 2 17 13 23 19 1 16 11 21 9 20 22 3 5 12 18 24 15 4 10
86 1 0 7 8 14 6 2 17 13 23 19 1 16 11 21 9 20 22 3 5 12 18 24 15 4 10
85 1 2 7 8 14 6 0 17 13 23 19 1 16 11 21 9 20 22 3 5 12 18 24 15 4 10
84 1 2 7 8 14 6 1 17 13 23 19 0 16 11 21 9 20 22 3 5 12 18 24 15 4 10
83 1 2 7 8 14 6 1 17 13 23 19 16 0 11 21 9 20 22 3 5 12 18 24 15 4 10
82 1 2 7 8 14 6 1 17 13 23 19 16 11 0 21 9 20 22 3 5 12 18 24 15 4 10
81 1 2 7 8 14 6 1 17 13 23 19 16 11 21 0 9 20 22 3 5 12 18 24 15 4 10
80 1 2 7 8 14 6 1 17 13 23 19 16 11 21 5 9 20 22 3 0 12 18 24 15 4 10
79 1 2 7 8 14 6 1 17 13 23 19 16 11 21 5 9 20 22 0 3 12 18 24 15 4 10
78 1 2 7 8 14 6 1 17 13 23 19 16 11 0 5 9 20 22 21 3 12 18 24 15 4 10
77 1 2 7 8 14 6 1 17 0 23 19 16 11 13 5 9 20 22 21 3 12 18 24 15 4 10
76 1 2 7 8 14 6 1 17 23 0 19 16 11 13 5 9 20 22 21 3 12 18 24 15 4 10
75 1 2 7 8 14 6 1 17 23 5 19 16 11 13 0 9 20 22 21 3 12 18 24 15 4 10
74 1 2 7 8 14 6 1 17 23 5 19 16 11 13 9 0 20 22 21 3 12 18 24 15 4 10
73 1 2 7 8 14 6 1 17 23 5 0 16 11 13 9 19 20 22 21 3 12 18 24 15 4 10
72 1 2 7 8 14 6 1 17 23 0 5 16 11 13 9 19 20 22 21 3 12 18 24 15 4 10
71 1 2 7 8 0 6 1 17 23 14 5 16 11 13 9 19 20 22 21 3 12 18 24 15 4 10
70 1 2 7 8 6 0 1 17 23 14 5 16 11 13 9 19 20 22 21 3 12 18 24 15 4 10
69 1 2 7 8 6 5 1 17 23 14 0 16 11 13 9 19 20 22 21 3 12 18 24 15 4 10
68 1 2 7 8 6 5 1 17 23 0 14 16 11 13 9 19 20 22 21 3 12 18 24 15 4 10
67 1 2 7 8 6 5 1 17 23 9 14 16 11 13 0 19 20 22 21 3 12 18 24 15 4 10
66 1 2 7 8 6 5 1 17 23 9 14 16 11 13 3 19 20 22 21 0 12 18 24 15 4 10
65 1 2 7 8 6 5 1 17 23 9 14 16 11 13 3 19 20 22 21 12 0 18 24 15 4 10
64 1 2 7 8 6 5 1 17 23 9 14 16 11 13 3 0 20 22 21 12 19 18 24 15 4 10
63 1 2 7 8 6 5 1 17 23 9 0 16 11 13 3 14 20 22 21 12 19 18 24 15 4 10
62 1 2 7 8 6 5 1 17 23 0 9 16 11 13 3 14 20 22 21 12 19 18 24 15 4 10
61 1 2 7 8 6 5 1 17 23 3 9 16 11 13 0 14 20 22 21 12 19 18 24 15 4 10
60 1 2 7 8 6 5 1 17 23 3 9 16 11 0 13 14 20 22 21 12 19 18 24 15 4 10
59 1 2 7 8 6 5 1 17 0 3 9 16 11 23 13 14 20 22 21 12 19 18 24 15 4 10
58 1 2 7 0 6 5 1 17 8 3 9 16 11 23 13 14 20 22 21 12 19 18 24 15 4 10
57 1 2 7 6 0 5 1 17 8 3 9 16 11 23 13 14 20 22 21 12 19 18 24 15 4 10
56 1 2 7 6 3 5 1 17 8 0 9 16 11 23 13 14 20 22 21 12 19 18 24 15 4 10
55 1 2 7 6 3 5 1 17 8 13 9 16 11 23 0 14 20 22 21 12 19 18 24 15 4 10
54 1 2 7 6 3 5 1 17 8 13 9 16 11 23 12 14 20 22 21 0 19 18 24 15 4 10
53 1 2 7 6 3 5 1 17 8 13 9 16 11 23 12 14 20 22 21 4 19 18 24 15 0 10
52 1 2 7 6 3 5 1 17 8 13 9 16 11 23 12 14 20 22 21 4 19 18 24 0 15 10
51 1 2 7 6 3 5 1 17 8 13 9 16 11 23 12 14 20 22 21 4 19 18 0 24 15 10
50 1 2 7 6 3 5 1 17 8 13 9 16 11 23 12 14 20 0 21 4 19 18 22 24 15 10
49 1 2 7 6 3 5 1 17 8 13 9 16 11 23 12 14 20 21 0 4 19 18 22 24 15 10
48 1 2 7 6 3 5 1 17 8 13 9 16 11 0 12 14 20 21 23 4 19 18 22 24 15 10
47 1 2 7 6 3 5 1 17 8 13 9 16 11 12 0 14 20 21 23 4 19 18 22 24 15 10
46 1 2 7 6 3 5 1 17 8 13 9 16 11 12 4 14 20 21 23 0 19 18 22 24 15 10
45 1 2 7 6 3 5 1 17 8 13 9 16 11 12 4 14 20 21 23 19 0 18 22 24 15 10
44 1 2 7 6 3 5 1 17 8 13 9 16 11 12 4 14 20 21 23 19 10 18 22 24 15 0
43 1 2 7 6 3 5 1 17 8 13 9 16 11 12 4 14 20 21 23 19 10 18 22 24 0 15
42 1 2 7 6 3 5 1 17 8 13 9 16 11 12 4 14 20 21 23 19 10 18 22 0 24 15
41 1 2 7 6 3 5 1 17 8 13 9 16 11 12 4 14 20 21 23 19 10 18 0 22 24 15
40 1 2 7 6 3 5 1 17 8 13 9 16 11 12 4 14 20 0 23 19 10 18 21 22 24 15
39 1 2 7 6 3 5 1 17 8 13 9 16 11 12 4 14 0 20 23 19 10 18 21 22 24 15
38 1 2 7 6 3 5 1 17 8 13 9 16 11 12 4 14 18 20 23 19 10 0 21 22 24 15
37 1 2 7 6 3 5 1 17 8 13 9 16 11 12 4 14 18 20 23 19 10 21 0 22 24 15
36 1 2 7 6 3 5 1 17 8 13 9 16 11 12 4 14 18 20 23 19 10 21 22 0 24 15
35 1 2 7 6 3 5 1 17 8 13 9 16 11 12 4 14 18 20 0 19 10 21 22 23 24 15
34 1 2 7 6 3 5 1 17 8 13 9 16 11 12 4 14 18 0 20 19 10 21 22 23 24 15
33 1 2 7 6 3 5 1 17 8 13 9 16 11 12 4 14 0 18 20 19 10 21 22 23 24 15
32 1 2 7 6 3 5 1 17 8 13 9 0 11 12 4 14 16 18 20 19 10 21 22 23 24 15
31 1 2 7 6 3 5 1 17 8 13 9 11 0 12 4 14 16 18 20 19 10 21 22 23 24 15
30 1 2 7 6 3 5 1 0 8 13 9 11 17 12 4 14 16 18 20 19 10 21 22 23 24 15
82 1 12 16 1 15 10 14 6 13 4 5 0 22 2 7 11 23 18 8 24 9 3 21 20 19 17
81 1 12 16 1 15 10 0 6 13 4 5 14 22 2 7 11 23 18 8 24 9 3 21 20 19 17
80 1 0 16 1 15 10 12 6 13 4 5 14 22 2 7 11 23 18 8 24 9 3 21 20 19 17
79 1 16 0 1 15 10 12 6 13 4 5 14 22 2 7 11 23 18 8 24 9 3 21 20 19 17
78 1 16 6 1 15 10 12 0 13 4 5 14 22 2 7 11 23 18 8 24 9 3 21 20 19 17
77 1 16 6 1 15 10 12 13 0 4 5 14 22 2 7 11 23 18 8 24 9 3 21 20 19 17
76 1 16 6 1 15 10 12 13 2 4 5 14 22 0 7 11 23 18 8 24 9 3 21 20 19 17
75 1 16 6 1 15 10 12 13 2 4 5 14 22 8 7 11 23 18 0 24 9 3 21 20 19 17
74 1 16 6 1 15 10 12 13 2 4 5 14 22 8 7 11 23 0 18 24 9 3 21 20 19 17
73 1 16 6 1 15 10 12 13 2 4 5 14 22 8 7 11 0 23 18 24 9 3 21 20 19 17
72 1 16 6 1 15 10 12 13 2 4 5 14 22 8 7 11 3 23 18 24 9 0 21 20 19 17
71 1 16 6 1 15 10 12 13 2 4 5 14 22 8 7 11 3 23 18 24 9 21 0 20 19 17
70 1 16 6 1 15 10 12 13 2 4 5 14 22 8 7 11 3 0 18 24 9 21 23 20 19 17
69 1 16 6 1 15 10 12 13 2 4 5 14 0 8 7 11 3 22 18 24 9 21 23 20 19 17
68 1 16 6 1 15 10 12 13 2 4 5 0 14 8 7 11 3 22 18 24 9 21 23 20 19 17
67 1 16 6 1 15 10 0 13 2 4 5 12 14 8 7 11 3 22 18 24 9 21 23 20 19 17
66 1 0 6 1 15 10 16 13 2 4 5 12 14 8 7 11 3 22 18 24 9 21 23 20 19 17
65 1 6 0 1 15 10 16 13 2 4 5 12 14 8 7 11 3 22 18 24 9 21 23 20 19 17
64 1 6 1 0 15 10 16 13 2 4 5 12 14 8 7 11 3 22 18 24 9 21 23 20 19 17
63 1 6 1 2 15 10 16 13 0 4 5 12 14 8 7 11 3 22 18 24 9 21 23 20 19 17
62 1 6 1 2 15 10 16 13 8 4 5 12 14 0 7 11 3 22 18 24 9 21 23 20 19 17
61 1 6 1 2 15 10 16 13 8 4 5 12 14 7 0 11 3 22 18 24 9 21 23 20 19 17
60 1 6 1 2 15 10 16 13 8 4 5 12 14 7 11 0 3 22 18 24 9 21 23 20 19 17
59 1 6 1 2 15 10 16 13 8 4 5 12 14 7 11 9 3 22 18 24 0 21 23 20 19 17
58 1 6 1 2 15 10 16 13 8 4 5 12 14 7 11 9 3 22 18 24 17 21 23 20 19 0
57 1 6 1 2 15 10 16 13 8 4 5 12 14 7 11 9 3 22 18 24 17 21 23 20 0 19
56 1 6 1 2 15 10 16 13 8 4 5 12 14 7 11 9 3 22 18 24 17 21 23 0 20 19
55 1 6 1 2 15 10 16 13 8 4 5 12 14 7 11 9 3 22 18 24 17 21 0 23 20 19
54 1 6 1 2 15 10 16 13 8 4 5 12 14 7 11 9 3 0 18 24 17 21 22 23 20 19
53 1 6 1 2 15 10 16 13 8 4 5 12 14 7 11 9 0 3 18 24 17 21 22 23 20 19
52 1 6 1 2 15 10 16 13 8 4 5 0 14 7 11 9 12 3 18 24 17 21 22 23 20 19
51 1 6 1 2 15 10 0 13 8 4 5 16 14 7 11 9 12 3 18 24 17 21 22 23 20 19
50 1 0 1 2 15 10 6 13 8 4 5 16 14 7 11 9 12 3 18 24 17 21 22 23 20 19
49 1 1 0 2 15 10 6 13 8 4 5 16 14 7 11 9 12 3 18 24 17 21 22 23 20 19
48 1 1 2 0 15 10 6 13 8 4 5 16 14 7 11 9 12 3 18 24 17 21 22 23 20 19
47 1 1 2 8 15 10 6 13 0 4 5 16 14 7 11 9 12 3 18 24 17 21 22 23 20 19
46 1 1 2 8 15 10 6 13 7 4 5 16 14 0 11 9 12 3 18 24 17 21 22 23 20 19
45 1 1 2 8 15 10 6 13 7 4 5 16 14 11 0 9 12 3 18 24 17 21 22 23 20 19
44 1 1 2 8 15 10 6 13 7 4 5 16 14 11 24 9 12 3 18 0 17 21 22 23 20 19
43 1 1 2 8 15 10 6 13 7 4 5 16 14 11 24 9 12 3 18 17 0 21 22 23 20 19
42 1 1 2 8 15 10 6 13 7 4 5 16 14 11 24 9 12 3 18 17 19 21 22 23 20 0
41 1 1 2 8 15 10 6 13 7 4 5 16 14 11 24 9 12 3 18 17 19 21 22 23 0 20
40 1 1 2 8 15 10 6 13 7 4 5 16 14 11 24 9 12 3 18 17 19 21 22 0 23 20
39 1 1 2 8 15 10 6 13 7 4 5 16 14 11 24 9 12 3 0 17 19 21 22 18 23 20
38 1 1 2 8 15 10 6 13 7 4 5 16 14 11 24 9 12 0 3 17 19 21 22 18 23 20
37 1 1 2 8 15 10 6 13 7 4 5 16 0 11 24 9 12 14 3 17 19 21 22 18 23 20
36 1 1 2 8 15 10 6 13 7 4 5 16 11 0 24 9 12 14 3 17 19 21 22 18 23 20
35 1 1 2 8 15 10 6 13 7 4 5 16 11 3 24 9 12 14 0 17 19 21 22 18 23 20
34 1 1 2 8 15 10 6 13 7 4 5 16 11 3 24 9 12 0 14 17 19 21 22 18 23 20
33 1 1 2 8 15 10 6 13 7 4 5 16 11 3 24 9 0 12 14 17 19 21 22 18 23 20
32 1 1 2 8 15 10 6 13 7 4 5 0 11 3 24 9 16 12 14 17 19 21 22 18 23 20
31 1 1 2 8 15 10 6 13 7 4 5 11 0 3 24 9 16 12 14 17 19 21 22 18 23 20
30 1 1 2 8 15 10 6 0 7 4 5 11 13 3 24 9 16 12 14 17 19 21 22 18 23 20
90 1 7 13 16 11 8 6 9 2 20 4 12 24 17 23 3 5 21 18 15 1 0 19 22 10 14
89 1 7 13 16 11 8 6 9 2 20 4 12 24 17 23 3 5 21 18 15 1 19 0 22 10 14
88 1 7 13 16 11 8 6 9 2 20 4 12 24 17 23 3 5 0 18 15 1 19 21 22 10 14
87 1 7 13 16 11 8 6 9 2 20 4 12 0 17 23 3 5 24 18 15 1 19 21 22 10 14
86 1 7 13 16 11 8 6 9 2 20 4 12 17 0 23 3 5 24 18 15 1 19 21 22 10 14
85 1 7 13 16 11 8 6 9 2 20 4 12 17 18 23 3 5 24 0 15 1 19 21 22 10 14
84 1 7 13 16 11 8 6 9 2 20 4 12 17 18 23 3 5 0 24 15 1 19 21 22 10 14
83 1 7 13 16 11 8 6 9 2 20 4 12 17 18 23 3 0 5 24 15 1 19 21 22 10 14
82 1 7 13 16 11 8 6 9 2 20 4 12 17 18 23 3 19 5 24 15 1 0 21 22 10 14
81 1 7 13 16 11 8 6 9 2 20 4 12 17 18 23 3 19 5 24 15 1 21 0 22 10 14
80 1 7 13 16 11 8 6 9 2 20 4 12 17 18 23 3 19 5 24 15 1 21 22 0 10 14
79 1 7 13 16 11 8 6 9 2 20 4 12 17 18 23 3 19 5 0 15 1 21 22 24 10 14
78 1 7 13 16 11 8 6 9 2 20 4 12 17 18 23 3 19 0 5 15 1 21 22 24 10 14
77 1 7 13 16 11 8 6 9 2 20 4 12 17 18 23 3 0 19 5 15 1 21 22 24 10 14
76 1 7 13 16 11 8 6 9 2 20 4 0 17 18 23 3 12 19 5 15 1 21 22 24 10 14
75 1 7 13 16 11 8 6 9 2 20 4 17 0 18 23 3 12 19 5 15 1 21 22 24 10 14
74 1 7 13 16 11 8 6 9 2 20 4 17 18 0 23 3 12 19 5 15 1 21 22 24 10 14
73 1 7 13 16 11 8 6 9 2 20 4 17 18 23 0 3 12 19 5 15 1 21 22 24 10 14
72 1 7 13 16 11 8 6 9 2 0 4 17 18 23 20 3 12 19 5 15 1 21 22 24 10 14
71 1 7 13 16 0 8 6 9 2 11 4 17 18 23 20 3 12 19 5 15 1 21 22 24 10 14
70 1 7 13 16 8 0 6 9 2 11 4 17 18 23 20 3 12 19 5 15 1 21 22 24 10 14
69 1 7 13 16 8 4 6 9 2 11 0 17 18 23 20 3 12 19 5 15 1 21 22 24 10 14
68 1 7 13 16 8 4 6 9 2 11 3 17 18 23 20 0 12 19 5 15 1 21 22 24 10 14
67 1 7 13 16 8 4 6 9 2 11 3 17 18 23 20 1 12 19 5 15 0 21 22 24 10 14
66 1 7 13 16 8 4 6 9 2 11 3 17 18 23 20 1 12 19 5 0 15 21 22 24 10 14
65 1 7 13 16 8 4 6 9 2 11 3 17 18 23 0 1 12 19 5 20 15 21 22 24 10 14
64 1 7 13 16 8 4 6 9 2 11 3 17 18 23 1 0 12 19 5 20 15 21 22 24 10 14
63 1 7 13 16 8 4 6 9 2 11 3 17 18 23 1 15 12 19 5 20 0 21 22 24 10 14
62 1 7 13 16 8 4 6 9 2 11 3 17 18 23 1 15 12 19 5 0 20 21 22 24 10 14
61 1 7 13 16 8 4 6 9 2 11 3 17 18 23 1 15 12 19 0 5 20 21 22 24 10 14
60 1 7 13 16 8 4 6 9 2 11 3 17 18 0 1 15 12 19 23 5 20 21 22 24 10 14
59 1 7 13 16 8 4 6 9 2 11 3 17 18 1 0 15 12 19 23 5 20 21 22 24 10 14
58 1 7 13 16 8 4 6 9 2 11 3 17 18 1 5 15 12 19 23 0 20 21 22 24 10 14
57 1 7 13 16 8 4 6 9 2 11 3 17 18 1 5 15 12 19 23 10 20 21 22 24 0 14
56 1 7 13 16 8 4 6 9 2 11 3 17 18 1 5 15 12 19 23 10 20 21 22 24 14 0
55 1 7 13 16 8 4 6 9 2 11 3 17 18 1 5 15 12 19 23 10 0 21 22 24 14 20
54 1 7 13 16 8 4 6 9 2 11 3 17 18 1 5 0 12 19 23 10 15 21 22 24 14 20
53 1 7 13 16 8 4 6 9 2 11 3 17 18 1 0 5 12 19 23 10 15 21 22 24 14 20
52 1 7 13 16 8 4 6 9 2 11 3 17 18 1 10 5 12 19 23 0 15 21 22 24 14 20
51 1 7 13 16 8 4 6 9 2 11 3 17 18 1 10 5 12 19 23 14 15 21 22 24 0 20
50 1 7 13 16 8 4 6 9 2 11 3 17 18 1 10 5 12 19 23 14 15 21 22 0 24 20
49 1 7 13 16 8 4 6 9 2 11 3 17 18 1 10 5 12 19 0 14 15 21 22 23 24 20
48 1 7 13 16 8 4 6 9 2 11 3 17 18 1 10 5 12 0 19 14 15 21 22 23 24 20
47 1 7 13 16 8 4 6 9 2 11 3 17 0 1 10 5 12 18 19 14 15 21 22 23 24 20
46 1 7 13 16 8 4 6 0 2 11 3 17 9 1 10 5 12 18 19 14 15 21 22 23 24 20
45 1 7 0 16 8 4 6 13 2 11 3 17 9 1 10 5 12 18 19 14 15 21 22 23 24 20
44 1 7 16 0 8 4 6 13 2 11 3 17 9 1 10 5 12 18 19 14 15 21 22 23 24 20
43 1 7 16 2 8 4 6 13 0 11 3 17 9 1 10 5 12 18 19 14 15 21 22 23 24 20
42 1 7 16 2 8 4 6 13 1 11 3 17 9 0 10 5 12 18 19 14 15 21 22 23 24 20
41 1 7 16 2 8 4 6 13 1 11 3 17 0 9 10 5 12 18 19 14 15 21 22 23 24 20
40 1 7 16 2 8 4 6 0 1 11 3 17 13 9 10 5 12 18 19 14 15 21 22 23 24 20
39 1 7 16 2 8 4 6 1 0 11 3 17 13 9 10 5 12 18 19 14 15 21 22 23 24 20
38 1 7 16 2 8 4 6 1 11 0 3 17 13 9 10 5 12 18 19 14 15 21 22 23 24 20
37 1 7 16 2 8 4 6 1 11 3 0 17 13 9 10 5 12 18 19 14 15 21 22 23 24 20
36 1 7 16 2 8 4 6 1 11 3 5 17 13 9 10 0 12 18 19 14 15 21 22 23 24 20
35 1 7 16 2 8 4 6 1 11 3 5 17 13 9 0 10 12 18 19 14 15 21 22 23 24 20
34 1 7 16 2 8 4 6 1 11 3 5 17 13 9 14 10 12 18 19 0 15 21 22 23 24 20
33 1 7 16 2 8 4 6 1 11 3 5 17 13 9 14 10 12 18 0 19 15 21 22 23 24 20
32 1 7 16 2 8 4 6 1 11 3 5 17 13 9 14 10 12 0 18 19 15 21 22 23 24 20
31 1 7 16 2 8 4 6 1 11 3 5 17 13 9 14 10 0 12 18 19 15 21 22 23 24 20
30 1 7 16 2 8 4 6 1 11 3 5 0 13 9 14 10 17 12 18 19 15 21 22 23 24 20
86 1 17 12 7 1 13 4 11 20 19 15 2 16 14 6 3 18 21 5 8 9 22 10 0 23 24
85 1 17 12 7 1 13 4 11 20 19 15 2 16 14 6 3 18 21 5 8 9 22 0 10 23 24
84 1 17 12 7 1 13 4 11 20 19 15 2 16 14 6 3 18 21 5 8 9 0 22 10 23 24
83 1 17 12 7 1 13 4 11 20 19 15 2 16 14 6 3 0 21 5 8 9 18 22 10 23 24
82 1 17 12 7 1 13 4 11 20 19 15 2 16 14 6 3 21 0 5 8 9 18 22 10 23 24
81 1 17 12 7 1 13 4 11 20 19 15 2 0 14 6 3 21 16 5 8 9 18 22 10 23 24
80 1 17 12 7 1 13 4 11 20 19 15 2 14 0 6 3 21 16 5 8 9 18 22 10 23 24
79 1 17 12 7 1 13 4 11 20 19 15 2 14 6 0 3 21 16 5 8 9 18 22 10 23 24
78 1 17 12 7 1 13 4 11 20 0 15 2 14 6 19 3 21 16 5 8 9 18 22 10 23 24
77 1 17 12 7 1 13 4 11 0 20 15 2 14 6 19 3 21 16 5 8 9 18 22 10 23 24
76 1 17 12 7 1 13 4 11 6 20 15 2 14 0 19 3 21 16 5 8 9 18 22 10 23 24
75 1 17 12 7 1 13 4 11 6 20 15 2 14 5 19 3 21 16 0 8 9 18 22 10 23 24
74 1 17 12 7 1 13 4 11 6 20 15 2 14 5 19 3 21 16 10 8 9 18 22 0 23 24
73 1 17 12 7 1 13 4 11 6 20 15 2 14 5 19 3 21 16 10 8 9 18 0 22 23 24
72 1 17 12 7 1 13 4 11 6 20 15 2 14 5 19 3 21 16 10 8 9 0 18 22 23 24
71 1 17 12 7 1 13 4 11 6 20 15 2 14 5 19 3 0 16 10 8 9 21 18 22 23 24
70 1 17 12 7 1 13 4 11 6 20 15 2 14 5 19 3 16 0 10 8 9 21 18 22 23 24
69 1 17 12 7 1 13 4 11 6 20 15 2 0 5 19 3 16 14 10 8 9 21 18 22 23 24
68 1 17 12 7 1 13 4 0 6 20 15 2 11 5 19 3 16 14 10 8 9 21 18 22 23 24
67 1 17 12 7 1 13 0 4 6 20 15 2 11 5 19 3 16 14 10 8 9 21 18 22 23 24
66 1 0 12 7 1 13 17 4 6 20 15 2 11 5 19 3 16 14 10 8 9 21 18 22 23 24
65 1 12 0 7 1 13 17 4 6 20 15 2 11 5 19 3 16 14 10 8 9 21 18 22 23 24
64 1 12 7 0 1 13 17 4 6 20 15 2 11 5 19 3 16 14 10 8 9 21 18 22 23 24
63 1 12 7 6 1 13 17 4 0 20 15 2 11 5 19 3 16 14 10 8 9 21 18 22 23 24
62 1 12 7 6 1 13 17 4 5 20 15 2 11 0 19 3 16 14 10 8 9 21 18 22 23 24
61 1 12 7 6 1 13 17 4 5 20 15 2 11 10 19 3 16 14 0 8 9 21 18 22 23 24
60 1 12 7 6 1 13 17 4 5 20 15 2 11 10 19 3 16 14 8 0 9 21 18 22 23 24
59 1 12 7 6 1 13 17 4 5 20 15 2 11 10 0 3 16 14 8 19 9 21 18 22 23 24
58 1 12 7 6 1 13 17 4 5 0 15 2 11 10 20 3 16 14 8 19 9 21 18 22 23 24
57 1 12 7 6 1 13 17 4 0 5 15 2 11 10 20 3 16 14 8 19 9 21 18 22 23 24
56 1 12 7 6 1 13 17 0 4 5 15 2 11 10 20 3 16 14 8 19 9 21 18 22 23 24
55 1 12 7 6 1 13 0 17 4 5 15 2 11 10 20 3 16 14 8 19 9 21 18 22 23 24
54 1 12 7 6 1 13 2 17 4 5 15 0 11 10 20 3 16 14 8 19 9 21 18 22 23 24
53 1 12 7 6 1 13 2 17 4 5 15 11 0 10 20 3 16 14 8 19 9 21 18 22 23 24
52 1 12 7 6 1 13 2 0 4 5 15 11 17 10 20 3 16 14 8 19 9 21 18 22 23 24
51 1 12 7 6 1 13 0 2 4 5 15 11 17 10 20 3 16 14 8 19 9 21 18 22 23 24
50 1 0 7 6 1 13 12 2 4 5 15 11 17 10 20 3 16 14 8 19 9 21 18 22 23 24
49 1 7 0 6 1 13 12 2 4 5 15 11 17 10 20 3 16 14 8 19 9 21 18 22 23 24
48 1 7 6 0 1 13 12 2 4 5 15 11 17 10 20 3 16 14 8 19 9 21 18 22 23 24
47 1 7 6 1 0 13 12 2 4 5 15 11 17 10 20 3 16 14 8 19 9 21 18 22 23 24
46 1 7 6 1 5 13 12 2 4 0 15 11 17 10 20 3 16 14 8 19 9 21 18 22 23 24
45 1 7 6 1 5 13 12 2 4 15 0 11 17 10 20 3 16 14 8 19 9 21 18 22 23 24
44 1 7 6 1 5 13 12 2 4 15 3 11 17 10 20 0 16 14 8 19 9 21 18 22 23 24
43 1 7 6 1 5 13 12 2 4 15 3 11 17 10 0 20 16 14 8 19 9 21 18 22 23 24
42 1 7 6 1 5 13 12 2 4 15 3 11 17 0 10 20 16 14 8 19 9 21 18 22 23 24
41 1 7 6 1 5 13 12 2 4 15 3 11 17 8 10 20 16 14 0 19 9 21 18 22 23 24
40 1 7 6 1 5 13 12 2 4 15 3 11 17 8 10 20 16 0 14 19 9 21 18 22 23 24
39 1 7 6 1 5 13 12 2 4 15 3 11 17 8 10 20 16 18 14 19 9 21 0 22 23 24
38 1 7 6 1 5 13 12 2 4 15 3 11 17 8 10 20 16 18 14 19 9 21 22 0 23 24
37 1 7 6 1 5 13 12 2 4 15 3 11 17 8 10 20 16 18 14 19 9 21 22 23 0 24
36 1 7 6 1 5 13 12 2 4 15 3 11 17 8 10 20 16 18 14 0 9 21 22 23 19 24
35 1 7 6 1 5 13 12 2 4 15 3 11 17 8 10 20 16 18 14 9 0 21 22 23 19 24
34 1 7 6 1 5 13 12 2 4 15 3 11 17 8 10 0 16 18 14 9 20 21 22 23 19 24
33 1 7 6 1 5 13 12 2 4 15 3 11 17 8 0 10 16 18 14 9 20 21 22 23 19 24
32 1 7 6 1 5 13 12 2 4 0 3 11 17 8 15 10 16 18 14 9 20 21 22 23 19 24
31 1 7 6 1 5 13 12 2 4 3 0 11 17 8 15 10 16 18 14 9 20 21 22 23 19 24
30 1 7 6 1 5 0 12 2 4 3 13 11 17 8 15 10 16 18 14 9 20 21 22 23 19 24
80 1 19 9 5 15 8 12 0 21 2 20 3 13 1 17 4 6 11 10 7 22 16 23 14 18 24
79 1 19 9 5 15 8 12 13 21 2 20 3 0 1 17 4 6 11 10 7 22 16 23 14 18 24
78 1 19 9 5 15 8 12 13 21 2 20 3 1 0 17 4 6 11 10 7 22 16 23 14 18 24
77 1 19 9 5 15 8 12 13 0 2 20 3 1 21 17 4 6 11 10 7 22 16 23 14 18 24
76 1 19 9 5 15 8 12 0 13 2 20 3 1 21 17 4 6 11 10 7 22 16 23 14 18 24
75 1 19 9 5 15 8 12 1 13 2 20 3 0 21 17 4 6 11 10 7 22 16 23 14 18 24
74 1 19 9 5 15 8 12 1 13 2 20 3 21 0 17 4 6 11 10 7 22 16 23 14 18 24
73 1 19 9 5 15 8 12 1 13 2 20 3 21 10 17 4 6 11 0 7 22 16 23 14 18 24
72 1 19 9 5 15 8 12 1 13 2 20 3 21 10 17 4 6 11 7 0 22 16 23 14 18 24
71 1 19 9 5 15 8 12 1 13 2 20 3 21 10 0 4 6 11 7 17 22 16 23 14 18 24
70 1 19 9 5 15 8 12 1 13 2 20 3 21 10 4 0 6 11 7 17 22 16 23 14 18 24
69 1 19 9 5 15 8 12 1 13 2 0 3 21 10 4 20 6 11 7 17 22 16 23 14 18 24
68 1 19 9 5 15 0 12 1 13 2 8 3 21 10 4 20 6 11 7 17 22 16 23 14 18 24
67 1 19 9 5 0 15 12 1 13 2 8 3 21 10 4 20 6 11 7 17 22 16 23 14 18 24
66 1 19 9 0 5 15 12 1 13 2 8 3 21 10 4 20 6 11 7 17 22 16 23 14 18 24
65 1 19 0 9 5 15 12 1 13 2 8 3 21 10 4 20 6 11 7 17 22 16 23 14 18 24
64 1 19 1 9 5 15 12 0 13 2 8 3 21 10 4 20 6 11 7 17 22 16 23 14 18 24
63 1 19 1 9 5 15 0 12 13 2 8 3 21 10 4 20 6 11 7 17 22 16 23 14 18 24
62 1 19 1 9 5 15 3 12 13 2 8 0 21 10 4 20 6 11 7 17 22 16 23 14 18 24
61 1 19 1 9 5 15 3 12 13 2 8 6 21 10 4 20 0 11 7 17 22 16 23 14 18 24
60 1 19 1 9 5 15 3 12 13 2 8 6 21 10 4 20 11 0 7 17 22 16 23 14 18 24
59 1 19 1 9 5 15 3 12 13 2 8 6 0 10 4 20 11 21 7 17 22 16 23 14 18 24
58 1 19 1 9 5 15 3 0 13 2 8 6 12 10 4 20 11 21 7 17 22 16 23 14 18 24
57 1 19 1 9 5 15 0 3 13 2 8 6 12 10 4 20 11 21 7 17 22 16 23 14 18 24
56 1 0 1 9 5 15 19 3 13 2 8 6 12 10 4 20 11 21 7 17 22 16 23 14 18 24
55 1 1 0 9 5 15 19 3 13 2 8 6 12 10 4 20 11 21 7 17 22 16 23 14 18 24
54 1 1 3 9 5 15 19 0 13 2 8 6 12 10 4 20 11 21 7 17 22 16 23 14 18 24
53 1 1 3 9 5 15 0 19 13 2 8 6 12 10 4 20 11 21 7 17 22 16 23 14 18 24
52 1 1 3 9 5 15 6 19 13 2 8 0 12 10 4 20 11 21 7 17 22 16 23 14 18 24
51 1 1 3 9 5 15 6 19 13 2 8 12 0 10 4 20 11 21 7 17 22 16 23 14 18 24
50 1 1 3 9 5 15 6 0 13 2 8 12 19 10 4 20 11 21 7 17 22 16 23 14 18 24
49 1 1 3 9 5 15 6 13 0 2 8 12 19 10 4 20 11 21 7 17 22 16 23 14 18 24
48 1 1 3 9 5 15 6 13 2 0 8 12 19 10 4 20 11 21 7 17 22 16 23 14 18 24
47 1 1 3 9 5 15 6 13 2 4 8 12 19 10 0 20 11 21 7 17 22 16 23 14 18 24
46 1 1 3 9 5 15 6 13 2 4 8 12 19 0 10 20 11 21 7 17 22 16 23 14 18 24
45 1 1 3 9 5 15 6 13 2 4 8 12 0 19 10 20 11 21 7 17 22 16 23 14 18 24
44 1 1 3 9 5 15 6 0 2 4 8 12 13 19 10 20 11 21 7 17 22 16 23 14 18 24
43 1 1 3 9 5 15 6 2 0 4 8 12 13 19 10 20 11 21 7 17 22 16 23 14 18 24
42 1 1 3 9 5 15 6 2 4 0 8 12 13 19 10 20 11 21 7 17 22 16 23 14 18 24
41 1 1 3 9 5 15 6 2 4 8 0 12 13 19 10 20 11 21 7 17 22 16 23 14 18 24
40 1 1 3 9 5 0 6 2 4 8 15 12 13 19 10 20 11 21 7 17 22 16 23 14 18 24
39 1 1 3 9 0 5 6 2 4 8 15 12 13 19 10 20 11 21 7 17 22 16 23 14 18 24
38 1 1 3 0 9 5 6 2 4 8 15 12 13 19 10 20 11 21 7 17 22 16 23 14 18 24
37 1 1 3 4 9 5 6 2 0 8 15 12 13 19 10 20 11 21 7 17 22 16 23 14 18 24
36 1 1 3 4 9 5 6 2 8 0 15 12 13 19 10 20 11 21 7 17 22 16 23 14 18 24
35 1 1 3 4 9 5 6 2 8 10 15 12 13 19 0 20 11 21 7 17 22 16 23 14 18 24
34 1 1 3 4 9 5 6 2 8 10 15 12 13 0 19 20 11 21 7 17 22 16 23 14 18 24
33 1 1 3 4 9 5 6 2 8 10 15 12 13 7 19 20 11 21 0 17 22 16 23 14 18 24
32 1 1 3 4 9 5 6 2 8 10 15 12 13 7 19 20 11 21 14 17 22 16 23 0 18 24
31 1 1 3 4 9 5 6 2 8 10 15 12 13 7 19 20 11 21 14 17 22 16 0 23 18 24
30 1 1 3 4 9 5 6 2 8 10 15 12 13 7 19 20 11 0 14 17 22 16 21 23 18 24
82 1 7 16 13 2 8 15 20 17 9 3 1 21 6 23 10 12 0 14 19 18 22 24 4 11 5
81 1 7 16 13 2 8 15 20 17 9 3 1 0 6 23 10 12 21 14 19 18 22 24 4 11 5
80 1 7 16 13 2 8 15 0 17 9 3 1 20 6 23 10 12 21 14 19 18 22 24 4 11 5
79 1 7 16 13 2 8 15 17 0 9 3 1 20 6 23 10 12 21 14 19 18 22 24 4 11 5
78 1 7 16 13 2 8 15 17 6 9 3 1 20 0 23 10 12 21 14 19 18 22 24 4 11 5
77 1 7 16 13 2 8 15 17 6 9 3 1 0 20 23 10 12 21 14 19 18 22 24 4 11 5
76 1 7 16 13 2 8 15 0 6 9 3 1 17 20 23 10 12 21 14 19 18 22 24 4 11 5
75 1 7 16 13 2 8 0 15 6 9 3 1 17 20 23 10 12 21 14 19 18 22 24 4 11 5
74 1 7 16 13 2 8 1 15 6 9 3 0 17 20 23 10 12 21 14 19 18 22 24 4 11 5
73 1 7 16 13 2 8 1 15 6 9 3 12 17 20 23 10 0 21 14 19 18 22 24 4 11 5
72 1 7 16 13 2 8 1 15 6 9 3 12 17 20 23 10 21 0 14 19 18 22 24 4 11 5
71 1 7 16 13 2 8 1 15 6 9 3 12 17 20 23 10 21 14 0 19 18 22 24 4 11 5
70 1 7 16 13 2 8 1 15 6 9 3 12 17 0 23 10 21 14 20 19 18 22 24 4 11 5
69 1 7 16 13 2 8 1 15 6 9 3 12 17 23 0 10 21 14 20 19 18 22 24 4 11 5
68 1 7 16 13 2 8 1 15 6 9 3 12 17 23 19 10 21 14 20 0 18 22 24 4 11 5
67 1 7 16 13 2 8 1 15 6 9 3 12 17 23 19 10 21 14 0 20 18 22 24 4 11 5
66 1 7 16 13 2 8 1 15 6 9 3 12 17 23 19 10 21 14 4 20 18 22 24 0 11 5
65 1 7 16 13 2 8 1 15 6 9 3 12 17 23 19 10 21 14 4 20 18 22 24 11 0 5
64 1 7 16 13 2 8 1 15 6 9 3 12 17 23 19 10 21 14 4 0 18 22 24 11 20 5
63 1 7 16 13 2 8 1 15 6 9 3 12 17 23 19 10 21 14 4 18 0 22 24 11 20 5
62 1 7 16 13 2 8 1 15 6 9 3 12 17 23 19 10 21 14 4 18 5 22 24 11 20 0
61 1 7 16 13 2 8 1 15 6 9 3 12 17 23 19 10 21 14 4 18 5 22 24 11 0 20
60 1 7 16 13 2 8 1 15 6 9 3 12 17 23 19 10 21 14 4 0 5 22 24 11 18 20
59 1 7 16 13 2 8 1 15 6 9 3 12 17 23 0 10 21 14 4 19 5 22 24 11 18 20
58 1 7 16 13 2 8 1 15 6 9 3 12 17 23 10 0 21 14 4 19 5 22 24 11 18 20
57 1 7 16 13 2 8 1 15 6 9 3 12 17 23 10 5 21 14 4 19 0 22 24 11 18 20
56 1 7 16 13 2 8 1 15 6 9 3 12 17 23 10 5 21 14 4 0 19 22 24 11 18 20
55 1 7 16 13 2 8 1 15 6 9 3 12 17 23 10 5 21 14 0 4 19 22 24 11 18 20
54 1 7 16 13 2 8 1 15 6 9 3 12 17 23 10 5 21 0 14 4 19 22 24 11 18 20
53 1 7 16 13 2 8 1 15 6 9 3 12 0 23 10 5 21 17 14 4 19 22 24 11 18 20
52 1 7 16 13 2 8 1 0 6 9 3 12 15 23 10 5 21 17 14 4 19 22 24 11 18 20
51 1 7 0 13 2 8 1 16 6 9 3 12 15 23 10 5 21 17 14 4 19 22 24 11 18 20
50 1 0 7 13 2 8 1 16 6 9 3 12 15 23 10 5 21 17 14 4 19 22 24 11 18 20
49 1 1 7 13 2 8 0 16 6 9 3 12 15 23 10 5 21 17 14 4 19 22 24 11 18 20
48 1 1 7 13 2 8 16 0 6 9 3 12 15 23 10 5 21 17 14 4 19 22 24 11 18 20
47 1 1 7 13 2 8 16 6 0 9 3 12 15 23 10 5 21 17 14 4 19 22 24 11 18 20
46 1 1 7 0 2 8 16 6 13 9 3 12 15 23 10 5 21 17 14 4 19 22 24 11 18 20
45 1 1 7 2 0 8 16 6 13 9 3 12 15 23 10 5 21 17 14 4 19 22 24 11 18 20
44 1 1 7 2 8 0 16 6 13 9 3 12 15 23 10 5 21 17 14 4 19 22 24 11 18 20
43 1 1 7 2 8 3 16 6 13 9 0 12 15 23 10 5 21 17 14 4 19 22 24 11 18 20
42 1 1 7 2 8 3 16 6 13 9 5 12 15 23 10 0 21 17 14 4 19 22 24 11 18 20
41 1 1 7 2 8 3 16 6 13 9 5 12 15 23 0 10 21 17 14 4 19 22 24 11 18 20
40 1 1 7 2 8 3 16 6 13 9 5 12 15 23 4 10 21 17 14 0 19 22 24 11 18 20
39 1 1 7 2 8 3 16 6 13 9 5 12 15 23 4 10 21 17 0 14 19 22 24 11 18 20
38 1 1 7 2 8 3 16 6 13 9 5 12 15 23 4 10 21 17 11 14 19 22 24 0 18 20
37 1 1 7 2 8 3 16 6 13 9 5 12 15 23 4 10 21 17 11 14 19 22 0 24 18 20
36 1 1 7 2 8 3 16 6 13 9 5 12 15 23 4 10 21 0 11 14 19 22 17 24 18 20
35 1 1 7 2 8 3 16 6 13 9 5 12 15 23 4 10 21 11 0 14 19 22 17 24 18 20
34 1 1 7 2 8 3 16 6 13 9 5 12 15 0 4 10 21 11 23 14 19 22 17 24 18 20
33 1 1 7 2 8 3 16 6 13 9 5 12 0 15 4 10 21 11 23 14 19 22 17 24 18 20
32 1 1 7 2 8 3 16 6 13 9 5 0 12 15 4 10 21 11 23 14 19 22 17 24 18 20
31 1 1 7 2 8 3 0 6 13 9 5 16 12 15 4 10 21 11 23 14 19 22 17 24 18 20
30 1 1 7 2 8 3 6 0 13 9 5 16 12 15 4 10 21 11 23 14 19 22 17 24 18 20
80 1 18 5 6 17 13 1 2 3 4 19 11 22 21 23 14 12 10 9 0 20 16 24 15 7 8
79 1 18 5 6 17 13 1 2 3 4 19 11 22 21 23 14 12 10 9 7 20 16 24 15 0 8
78 1 18 5 6 17 13 1 2 3 4 19 11 22 21 23 14 12 10 9 7 20 16 24 0 15 8
77 1 18 5 6 17 13 1 2 3 4 19 11 22 21 23 14 12 10 0 7 20 16 24 9 15 8
76 1 18 5 6 17 13 1 2 3 4 19 11 22 21 23 14 12 0 10 7 20 16 24 9 15 8
75 1 18 5 6 17 13 1 2 3 4 19 11 0 21 23 14 12 22 10 7 20 16 24 9 15 8
74 1 18 5 6 17 13 1 2 3 4 19 11 21 0 23 14 12 22 10 7 20 16 24 9 15 8
73 1 18 5 6 17 13 1 2 0 4 19 11 21 3 23 14 12 22 10 7 20 16 24 9 15 8
72 1 18 5 0 17 13 1 2 6 4 19 11 21 3 23 14 12 22 10 7 20 16 24 9 15 8
71 1 18 0 5 17 13 1 2 6 4 19 11 21 3 23 14 12 22 10 7 20 16 24 9 15 8
70 1 18 2 5 17 13 1 0 6 4 19 11 21 3 23 14 12 22 10 7 20 16 24 9 15 8
69 1 18 2 5 17 13 1 6 0 4 19 11 21 3 23 14 12 22 10 7 20 16 24 9 15 8
68 1 18 2 5 17 13 1 6 3 4 19 11 21 0 23 14 12 22 10 7 20 16 24 9 15 8
67 1 18 2 5 17 13 1 6 3 4 19 11 21 23 0 14 12 22 10 7 20 16 24 9 15 8
66 1 18 2 5 17 13 1 6 3 4 19 11 21 23 7 14 12 22 10 0 20 16 24 9 15 8
65 1 18 2 5 17 13 1 6 3 4 19 11 21 23 7 14 12 22 0 10 20 16 24 9 15 8
64 1 18 2 5 17 13 1 6 3 4 19 11 21 0 7 14 12 22 23 10 20 16 24 9 15 8
63 1 18 2 5 17 13 1 6 3 4 19 11 21 7 0 14 12 22 23 10 20 16 24 9 15 8
62 1 18 2 5 17 13 1 6 3 4 19 11 21 7 14 0 12 22 23 10 20 16 24 9 15 8
61 1 18 2 5 17 13 1 6 3 4 0 11 21 7 14 19 12 22 23 10 20 16 24 9 15 8
60 1 18 2 5 17 13 1 6 3 0 4 11 21 7 14 19 12 22 23 10 20 16 24 9 15 8
59 1 18 2 5 0 13 1 6 3 17 4 11 21 7 14 19 12 22 23 10 20 16 24 9 15 8
58 1 18 2 0 5 13 1 6 3 17 4 11 21 7 14 19 12 22 23 10 20 16 24 9 15 8
57 1 18 0 2 5 13 1 6 3 17 4 11 21 7 14 19 12 22 23 10 20 16 24 9 15 8
56 1 0 18 2 5 13 1 6 3 17 4 11 21 7 14 19 12 22 23 10 20 16 24 9 15 8
55 1 1 18 2 5 13 0 6 3 17 4 11 21 7 14 19 12 22 23 10 20 16 24 9 15 8
54 1 1 18 2 5 13 6 0 3 17 4 11 21 7 14 19 12 22 23 10 20 16 24 9 15 8
53 1 1 0 2 5 13 6 18 3 17 4 11 21 7 14 19 12 22 23 10 20 16 24 9 15 8
52 1 1 2 0 5 13 6 18 3 17 4 11 21 7 14 19 12 22 23 10 20 16 24 9 15 8
51 1 1 2 3 5 13 6 18 0 17 4 11 21 7 14 19 12 22 23 10 20 16 24 9 15 8
50 1 1 2 3 5 13 6 18 7 17 4 11 21 0 14 19 12 22 23 10 20 16 24 9 15 8
49 1 1 2 3 5 13 6 18 7 17 4 11 21 14 0 19 12 22 23 10 20 16 24 9 15 8
48 1 1 2 3 5 13 6 18 7 17 4 11 21 14 10 19 12 22 23 0 20 16 24 9 15 8
47 1 1 2 3 5 13 6 18 7 17 4 11 21 14 10 19 12 22 23 15 20 16 24 9 0 8
46 1 1 2 3 5 13 6 18 7 17 4 11 21 14 10 19 12 22 23 15 20 16 24 9 8 0
45 1 1 2 3 5 13 6 18 7 17 4 11 21 14 10 19 12 22 23 15 0 16 24 9 8 20
44 1 1 2 3 5 13 6 18 7 17 4 11 21 14 10 0 12 22 23 15 19 16 24 9 8 20
43 1 1 2 3 5 13 6 18 7 17 4 11 21 14 0 10 12 22 23 15 19 16 24 9 8 20
42 1 1 2 3 5 13 6 18 7 17 4 11 21 14 15 10 12 22 23 0 19 16 24 9 8 20
41 1 1 2 3 5 13 6 18 7 17 4 11 21 14 15 10 12 22 23 8 19 16 24 9 0 20
40 1 1 2 3 5 13 6 18 7 17 4 11 21 14 15 10 12 22 23 8 19 16 24 0 9 20
39 1 1 2 3 5 13 6 18 7 17 4 11 21 14 15 10 12 22 23 8 19 16 0 24 9 20
38 1 1 2 3 5 13 6 18 7 17 4 11 21 14 15 10 12 0 23 8 19 16 22 24 9 20
37 1 1 2 3 5 13 6 18 7 17 4 11 0 14 15 10 12 21 23 8 19 16 22 24 9 20
36 1 1 2 3 5 13 6 0 7 17 4 11 18 14 15 10 12 21 23 8 19 16 22 24 9 20
35 1 1 2 3 5 13 6 7 0 17 4 11 18 14 15 10 12 21 23 8 19 16 22 24 9 20
34 1 1 2 3 5 13 6 7 17 0 4 11 18 14 15 10 12 21 23 8 19 16 22 24 9 20
33 1 1 2 3 5 13 6 7 17 4 0 11 18 14 15 10 12 21 23 8 19 16 22 24 9 20
32 1 1 2 3 5 0 6 7 17 4 13 11 18 14 15 10 12 21 23 8 19 16 22 24 9 20
31 1 1 2 3 0 5 6 7 17 4 13 11 18 14 15 10 12 21 23 8 19 16 22 24 9 20
30 1 1 2 3 4 5 6 7 17 0 13 11 18 14 15 10 12 21 23 8 19 16 22 24 9 20
76 1 1 5 0 19 2 7 3 16 4 18 6 10 8 22 13 21 20 17 14 9 12 23 11 15 24
75 1 1 0 5 19 2 7 3 16 4 18 6 10 8 22 13 21 20 17 14 9 12 23 11 15 24
74 1 1 3 5 19 2 7 0 16 4 18 6 10 8 22 13 21 20 17 14 9 12 23 11 15 24
73 1 1 3 5 19 2 7 16 0 4 18 6 10 8 22 13 21 20 17 14 9 12 23 11 15 24
72 1 1 3 5 19 2 7 16 4 0 18 6 10 8 22 13 21 20 17 14 9 12 23 11 15 24
71 1 1 3 5 19 2 7 16 4 18 0 6 10 8 22 13 21 20 17 14 9 12 23 11 15 24
70 1 1 3 5 19 0 7 16 4 18 2 6 10 8 22 13 21 20 17 14 9 12 23 11 15 24
69 1 1 3 5 0 19 7 16 4 18 2 6 10 8 22 13 21 20 17 14 9 12 23 11 15 24
68 1 1 3 0 5 19 7 16 4 18 2 6 10 8 22 13 21 20 17 14 9 12 23 11 15 24
67 1 1 3 4 5 19 7 16 0 18 2 6 10 8 22 13 21 20 17 14 9 12 23 11 15 24
66 1 1 3 4 5 19 7 16 8 18 2 6 10 0 22 13 21 20 17 14 9 12 23 11 15 24
65 1 1 3 4 5 19 7 16 8 18 2 6 10 22 0 13 21 20 17 14 9 12 23 11 15 24
64 1 1 3 4 5 19 7 16 8 0 2 6 10 22 18 13 21 20 17 14 9 12 23 11 15 24
63 1 1 3 4 5 19 7 16 8 2 0 6 10 22 18 13 21 20 17 14 9 12 23 11 15 24
62 1 1 3 4 5 0 7 16 8 2 19 6 10 22 18 13 21 20 17 14 9 12 23 11 15 24
61 1 1 3 4 0 5 7 16 8 2 19 6 10 22 18 13 21 20 17 14 9 12 23 11 15 24
60 1 1 3 0 4 5 7 16 8 2 19 6 10 22 18 13 21 20 17 14 9 12 23 11 15 24
59 1 1 3 8 4 5 7 16 0 2 19 6 10 22 18 13 21 20 17 14 9 12 23 11 15 24
58 1 1 3 8 4 5 7 16 22 2 19 6 10 0 18 13 21 20 17 14 9 12 23 11 15 24
57 1 1 3 8 4 5 7 16 22 2 19 6 0 10 18 13 21 20 17 14 9 12 23 11 15 24
56 1 1 3 8 4 5 7 0 22 2 19 6 16 10 18 13 21 20 17 14 9 12 23 11 15 24
55 1 1 3 8 4 5 7 22 0 2 19 6 16 10 18 13 21 20 17 14 9 12 23 11 15 24
54 1 1 3 8 4 5 7 22 2 0 19 6 16 10 18 13 21 20 17 14 9 12 23 11 15 24
53 1 1 3 8 4 5 7 22 2 18 19 6 16 10 0 13 21 20 17 14 9 12 23 11 15 24
52 1 1 3 8 4 5 7 22 2 18 19 6 16 0 10 13 21 20 17 14 9 12 23 11 15 24
51 1 1 3 8 4 5 7 22 2 18 19 6 16 17 10 13 21 20 0 14 9 12 23 11 15 24
50 1 1 3 8 4 5 7 22 2 18 19 6 16 17 10 13 21 0 20 14 9 12 23 11 15 24
49 1 1 3 8 4 5 7 22 2 18 19 6 0 17 10 13 21 16 20 14 9 12 23 11 15 24
48 1 1 3 8 4 5 7 0 2 18 19 6 22 17 10 13 21 16 20 14 9 12 23 11 15 24
47 1 1 3 8 4 5 7 2 0 18 19 6 22 17 10 13 21 16 20 14 9 12 23 11 15 24
46 1 1 3 8 4 5 7 2 18 0 19 6 22 17 10 13 21 16 20 14 9 12 23 11 15 24
45 1 1 3 8 4 5 7 2 18 10 19 6 22 17 0 13 21 16 20 14 9 12 23 11 15 24
44 1 1 3 8 4 5 7 2 18 10 19 6 22 17 13 0 21 16 20 14 9 12 23 11 15 24
43 1 1 3 8 4 5 7 2 18 10 19 6 22 17 13 9 21 16 20 14 0 12 23 11 15 24
42 1 1 3 8 4 5 7 2 18 10 19 6 22 17 13 9 21 16 20 0 14 12 23 11 15 24
41 1 1 3 8 4 5 7 2 18 10 19 6 22 17 13 9 21 16 0 20 14 12 23 11 15 24
40 1 1 3 8 4 5 7 2 18 10 19 6 22 17 13 9 21 16 11 20 14 12 23 0 15 24
39 1 1 3 8 4 5 7 2 18 10 19 6 22 17 13 9 21 16 11 20 14 12 0 23 15 24
38 1 1 3 8 4 5 7 2 18 10 19 6 22 17 13 9 21 0 11 20 14 12 16 23 15 24
37 1 1 3 8 4 5 7 2 18 10 19 6 22 17 13 9 0 21 11 20 14 12 16 23 15 24
36 1 1 3 8 4 5 7 2 18 10 19 6 22 17 13 9 12 21 11 20 14 0 16 23 15 24
35 1 1 3 8 4 5 7 2 18 10 19 6 22 17 13 9 12 21 11 20 14 16 0 23 15 24
34 1 1 3 8 4 5 7 2 18 10 19 6 22 17 13 9 12 0 11 20 14 16 21 23 15 24
33 1 1 3 8 4 5 7 2 18 10 19 6 22 17 13 9 12 11 0 20 14 16 21 23 15 24
32 1 1 3 8 4 5 7 2 18 10 19 6 22 0 13 9 12 11 17 20 14 16 21 23 15 24
31 1 1 3 8 4 5 7 2 0 10 19 6 22 18 13 9 12 11 17 20 14 16 21 23 15 24
30 1 1 3 0 4 5 7 2 8 10 19 6 22 18 13 9 12 11 17 20 14 16 21 23 15 24
74 1 3 18 1 17 14 13 0 10 5 15 2 9 8 22 12 11 7 23 20 4 21 6 16 19 24
73 1 3 0 1 17 14 13 18 10 5 15 2 9 8 22 12 11 7 23 20 4 21 6 16 19 24
72 1 3 1 0 17 14 13 18 10 5 15 2 9 8 22 12 11 7 23 20 4 21 6 16 19 24
71 1 3 1 10 17 14 13 18 0 5 15 2 9 8 22 12 11 7 23 20 4 21 6 16 19 24
70 1 3 1 10 17 14 13 18 8 5 15 2 9 0 22 12 11 7 23 20 4 21 6 16 19 24
69 1 3 1 10 17 14 13 18 8 5 15 2 9 22 0 12 11 7 23 20 4 21 6 16 19 24
68 1 3 1 10 17 14 13 18 8 5 15 2 9 22 12 0 11 7 23 20 4 21 6 16 19 24
67 1 3 1 10 17 14 13 18 8 5 15 2 9 22 12 4 11 7 23 20 0 21 6 16 19 24
66 1 3 1 10 17 14 13 18 8 5 15 2 9 22 12 4 11 7 23 0 20 21 6 16 19 24
65 1 3 1 10 17 14 13 18 8 5 15 2 9 22 12 4 11 7 0 23 20 21 6 16 19 24
64 1 3 1 10 17 14 13 18 8 5 15 2 9 0 12 4 11 7 22 23 20 21 6 16 19 24
63 1 3 1 10 17 14 13 18 8 5 15 2 9 12 0 4 11 7 22 23 20 21 6 16 19 24
62 1 3 1 10 17 14 13 18 8 0 15 2 9 12 5 4 11 7 22 23 20 21 6 16 19 24
61 1 3 1 10 17 14 13 18 8 15 0 2 9 12 5 4 11 7 22 23 20 21 6 16 19 24
60 1 3 1 10 17 14 13 18 8 15 4 2 9 12 5 0 11 7 22 23 20 21 6 16 19 24
59 1 3 1 10 17 14 13 18 8 15 4 2 9 12 0 5 11 7 22 23 20 21 6 16 19 24
58 1 3 1 10 17 14 13 18 8 0 4 2 9 12 15 5 11 7 22 23 20 21 6 16 19 24
57 1 3 1 10 0 14 13 18 8 17 4 2 9 12 15 5 11 7 22 23 20 21 6 16 19 24
56 1 3 1 10 14 0 13 18 8 17 4 2 9 12 15 5 11 7 22 23 20 21 6 16 19 24
55 1 3 1 10 14 4 13 18 8 17 0 2 9 12 15 5 11 7 22 23 20 21 6 16 19 24
54 1 3 1 10 14 4 13 18 8 17 5 2 9 12 15 0 11 7 22 23 20 21 6 16 19 24
53 1 3 1 10 14 4 13 18 8 17 5 2 9 12 0 15 11 7 22 23 20 21 6 16 19 24
52 1 3 1 10 14 4 13 18 8 0 5 2 9 12 17 15 11 7 22 23 20 21 6 16 19 24
51 1 3 1 10 0 4 13 18 8 14 5 2 9 12 17 15 11 7 22 23 20 21 6 16 19 24
50 1 3 1 0 10 4 13 18 8 14 5 2 9 12 17 15 11 7 22 23 20 21 6 16 19 24
49 1 3 1 8 10 4 13 18 0 14 5 2 9 12 17 15 11 7 22 23 20 21 6 16 19 24
48 1 3 1 8 10 4 13 0 18 14 5 2 9 12 17 15 11 7 22 23 20 21 6 16 19 24
47 1 3 1 8 10 4 13 9 18 14 5 2 0 12 17 15 11 7 22 23 20 21 6 16 19 24
46 1 3 1 8 10 4 13 9 18 14 5 2 12 0 17 15 11 7 22 23 20 21 6 16 19 24
45 1 3 1 8 10 4 13 9 0 14 5 2 12 18 17 15 11 7 22 23 20 21 6 16 19 24
44 1 3 1 8 10 4 13 0 9 14 5 2 12 18 17 15 11 7 22 23 20 21 6 16 19 24
43 1 3 1 8 10 4 0 13 9 14 5 2 12 18 17 15 11 7 22 23 20 21 6 16 19 24
42 1 3 1 8 10 4 2 13 9 14 5 0 12 18 17 15 11 7 22 23 20 21 6 16 19 24
41 1 3 1 8 10 4 2 13 9 14 5 12 0 18 17 15 11 7 22 23 20 21 6 16 19 24
40 1 3 1 8 10 4 2 13 9 14 5 12 7 18 17 15 11 0 22 23 20 21 6 16 19 24
39 1 3 1 8 10 4 2 13 9 14 5 12 7 18 17 15 11 6 22 23 20 21 0 16 19 24
38 1 3 1 8 10 4 2 13 9 14 5 12 7 18 17 15 11 6 22 23 20 21 16 0 19 24
37 1 3 1 8 10 4 2 13 9 14 5 12 7 18 17 15 11 6 0 23 20 21 16 22 19 24
36 1 3 1 8 10 4 2 13 9 14 5 12 7 18 17 15 11 6 23 0 20 21 16 22 19 24
35 1 3 1 8 10 4 2 13 9 14 5 12 7 18 0 15 11 6 23 17 20 21 16 22 19 24
34 1 3 1 8 10 4 2 13 9 14 5 12 7 0 18 15 11 6 23 17 20 21 16 22 19 24
33 1 3 1 8 10 4 2 13 9 14 5 12 0 7 18 15 11 6 23 17 20 21 16 22 19 24
32 1 3 1 8 10 4 2 13 9 14 5 12 6 7 18 15 11 0 23 17 20 21 16 22 19 24
31 1 3 1 8 10 4 2 13 9 14 5 12 6 7 18 15 11 16 23 17 20 21 0 22 19 24
30 1 3 1 8 10 4 2 13 9 14 5 12 6 7 18 15 11 16 23 17 20 21 22 0 19 24
86 1 0 7 18 6 10 16 23 20 2 13 3 14 1 5 4 17 11 9 21 8 24 22 12 15 19
85 1 7 0 18 6 10 16 23 20 2 13 3 14 1 5 4 17 11 9 21 8 24 22 12 15 19
84 1 7 23 18 6 10 16 0 20 2 13 3 14 1 5 4 17 11 9 21 8 24 22 12 15 19
83 1 7 23 18 6 10 16 14 20 2 13 3 0 1 5 4 17 11 9 21 8 24 22 12 15 19
82 1 7 23 18 6 10 16 14 20 2 13 3 1 0 5 4 17 11 9 21 8 24 22 12 15 19
81 1 7 23 18 6 10 16 14 0 2 13 3 1 20 5 4 17 11 9 21 8 24 22 12 15 19
80 1 7 23 18 6 10 16 0 14 2 13 3 1 20 5 4 17 11 9 21 8 24 22 12 15 19
79 1 7 23 18 6 10 16 1 14 2 13 3 0 20 5 4 17 11 9 21 8 24 22 12 15 19
78 1 7 23 18 6 10 16 1 14 2 13 0 3 20 5 4 17 11 9 21 8 24 22 12 15 19
77 1 7 23 18 6 10 0 1 14 2 13 16 3 20 5 4 17 11 9 21 8 24 22 12 15 19
76 1 7 23 18 6 10 1 0 14 2 13 16 3 20 5 4 17 11 9 21 8 24 22 12 15 19
75 1 7 0 18 6 10 1 23 14 2 13 16 3 20 5 4 17 11 9 21 8 24 22 12 15 19
74 1 7 18 0 6 10 1 23 14 2 13 16 3 20 5 4 17 11 9 21 8 24 22 12 15 19
73 1 7 18 6 0 10 1 23 14 2 13 16 3 20 5 4 17 11 9 21 8 24 22 12 15 19
72 1 7 18 6 2 10 1 23 14 0 13 16 3 20 5 4 17 11 9 21 8 24 22 12 15 19
71 1 7 18 6 2 10 1 23 14 5 13 16 3 20 0 4 17 11 9 21 8 24 22 12 15 19
70 1 7 18 6 2 10 1 23 14 5 13 16 3 0 20 4 17 11 9 21 8 24 22 12 15 19
69 1 7 18 6 2 10 1 23 14 5 13 16 0 3 20 4 17 11 9 21 8 24 22 12 15 19
68 1 7 18 6 2 10 1 0 14 5 13 16 23 3 20 4 17 11 9 21 8 24 22 12 15 19
67 1 7 0 6 2 10 1 18 14 5 13 16 23 3 20 4 17 11 9 21 8 24 22 12 15 19
66 1 7 6 0 2 10 1 18 14 5 13 16 23 3 20 4 17 11 9 21 8 24 22 12 15 19
65 1 7 6 2 0 10 1 18 14 5 13 16 23 3 20 4 17 11 9 21 8 24 22 12 15 19
64 1 7 6 2 5 10 1 18 14 0 13 16 23 3 20 4 17 11 9 21 8 24 22 12 15 19
63 1 7 6 2 5 10 1 18 0 14 13 16 23 3 20 4 17 11 9 21 8 24 22 12 15 19
62 1 7 6 2 5 10 1 18 3 14 13 16 23 0 20 4 17 11 9 21 8 24 22 12 15 19
61 1 7 6 2 5 10 1 18 3 14 13 16 23 9 20 4 17 11 0 21 8 24 22 12 15 19
60 1 7 6 2 5 10 1 18 3 14 13 16 23 9 20 4 17 11 21 0 8 24 22 12 15 19
59 1 7 6 2 5 10 1 18 3 14 13 16 23 9 0 4 17 11 21 20 8 24 22 12 15 19
58 1 7 6 2 5 10 1 18 3 14 13 16 23 9 4 0 17 11 21 20 8 24 22 12 15 19
57 1 7 6 2 5 10 1 18 3 14 0 16 23 9 4 13 17 11 21 20 8 24 22 12 15 19
56 1 7 6 2 5 10 1 18 3 0 14 16 23 9 4 13 17 11 21 20 8 24 22 12 15 19
55 1 7 6 2 5 10 1 18 3 4 14 16 23 9 0 13 17 11 21 20 8 24 22 12 15 19
54 1 7 6 2 5 10 1 18 3 4 14 16 23 9 13 0 17 11 21 20 8 24 22 12 15 19
53 1 7 6 2 5 10 1 18 3 4 14 16 23 9 13 8 17 11 21 20 0 24 22 12 15 19
52 1 7 6 2 5 10 1 18 3 4 14 16 23 9 13 8 17 11 21 20 19 24 22 12 15 0
51 1 7 6 2 5 10 1 18 3 4 14 16 23 9 13 8 17 11 21 20 19 24 22 12 0 15
50 1 7 6 2 5 10 1 18 3 4 14 16 23 9 13 8 17 11 21 0 19 24 22 12 20 15
49 1 7 6 2 5 10 1 18 3 4 14 16 23 9 0 8 17 11 21 13 19 24 22 12 20 15
48 1 7 6 2 5 10 1 18 3 4 14 16 23 9 8 0 17 11 21 13 19 24 22 12 20 15
47 1 7 6 2 5 10 1 18 3 4 0 16 23 9 8 14 17 11 21 13 19 24 22 12 20 15
46 1 7 6 2 5 0 1 18 3 4 10 16 23 9 8 14 17 11 21 13 19 24 22 12 20 15
45 1 7 6 2 0 5 1 18 3 4 10 16 23 9 8 14 17 11 21 13 19 24 22 12 20 15
44 1 7 6 2 4 5 1 18 3 0 10 16 23 9 8 14 17 11 21 13 19 24 22 12 20 15
43 1 7 6 2 4 5 1 18 3 8 10 16 23 9 0 14 17 11 21 13 19 24 22 12 20 15
42 1 7 6 2 4 5 1 18 3 8 10 16 23 0 9 14 17 11 21 13 19 24 22 12 20 15
41 1 7 6 2 4 5 1 18 3 8 10 16 0 23 9 14 17 11 21 13 19 24 22 12 20 15
40 1 7 6 2 4 5 1 18 3 8 10 16 11 23 9 14 17 0 21 13 19 24 22 12 20 15
39 1 7 6 2 4 5 1 18 3 8 10 16 11 23 9 14 17 21 0 13 19 24 22 12 20 15
38 1 7 6 2 4 5 1 18 3 8 10 16 11 23 9 14 17 21 12 13 19 24 22 0 20 15
37 1 7 6 2 4 5 1 18 3 8 10 16 11 23 9 14 17 21 12 13 19 24 0 22 20 15
36 1 7 6 2 4 5 1 18 3 8 10 16 11 23 9 14 17 21 12 13 19 0 24 22 20 15
35 1 7 6 2 4 5 1 18 3 8 10 16 11 23 9 14 0 21 12 13 19 17 24 22 20 15
34 1 7 6 2 4 5 1 18 3 8 10 16 11 23 9 14 21 0 12 13 19 17 24 22 20 15
33 1 7 6 2 4 5 1 18 3 8 10 16 11 23 9 14 21 12 0 13 19 17 24 22 20 15
32 1 7 6 2 4 5 1 18 3 8 10 16 11 23 9 14 21 12 22 13 19 17 24 0 20 15
31 1 7 6 2 4 5 1 18 3 8 10 16 11 23 9 14 21 12 22 13 19 17 0 24 20 15
30 1 7 6 2 4 5 1 18 3 8 10 16 11 23 9 14 21 12 22 13 19 0 17 24 20 15
90 1 8 22 6 13 14 12 23 24 3 5 7 19 0 1 15 17 21 20 16 2 11 18 10 4 9
89 1 8 22 6 13 14 12 23 0 3 5 7 19 24 1 15 17 21 20 16 2 11 18 10 4 9
88 1 8 22 6 13 14 12 0 23 3 5 7 19 24 1 15 17 21 20 16 2 11 18 10 4 9
87 1 8 0 6 13 14 12 22 23 3 5 7 19 24 1 15 17 21 20 16 2 11 18 10 4 9
86 1 8 6 0 13 14 12 22 23 3 5 7 19 24 1 15 17 21 20 16 2 11 18 10 4 9
85 1 8 6 13 0 14 12 22 23 3 5 7 19 24 1 15 17 21 20 16 2 11 18 10 4 9
84 1 8 6 13 3 14 12 22 23 0 5 7 19 24 1 15 17 21 20 16 2 11 18 10 4 9
83 1 8 6 13 3 14 12 22 23 1 5 7 19 24 0 15 17 21 20 16 2 11 18 10 4 9
82 1 8 6 13 3 14 12 22 23 1 5 7 19 24 16 15 17 21 20 0 2 11 18 10 4 9
81 1 8 6 13 3 14 12 22 23 1 5 7 19 24 16 15 17 21 20 4 2 11 18 10 0 9
80 1 8 6 13 3 14 12 22 23 1 5 7 19 24 16 15 17 21 20 4 2 11 18 0 10 9
79 1 8 6 13 3 14 12 22 23 1 5 7 19 24 16 15 17 21 0 4 2 11 18 20 10 9
78 1 8 6 13 3 14 12 22 23 1 5 7 19 0 16 15 17 21 24 4 2 11 18 20 10 9
77 1 8 6 13 3 14 12 22 23 1 5 7 19 16 0 15 17 21 24 4 2 11 18 20 10 9
76 1 8 6 13 3 14 12 22 23 1 5 7 19 16 4 15 17 21 24 0 2 11 18 20 10 9
75 1 8 6 13 3 14 12 22 23 1 5 7 19 16 4 15 17 21 24 2 0 11 18 20 10 9
74 1 8 6 13 3 14 12 22 23 1 5 7 19 16 4 0 17 21 24 2 15 11 18 20 10 9
73 1 8 6 13 3 14 12 22 23 1 5 7 19 16 0 4 17 21 24 2 15 11 18 20 10 9
72 1 8 6 13 3 14 12 22 23 1 5 7 19 16 2 4 17 21 24 0 15 11 18 20 10 9
71 1 8 6 13 3 14 12 22 23 1 5 7 19 16 2 4 17 21 24 10 15 11 18 20 0 9
70 1 8 6 13 3 14 12 22 23 1 5 7 19 16 2 4 17 21 24 10 15 11 18 0 20 9
69 1 8 6 13 3 14 12 22 23 1 5 7 19 16 2 4 17 21 0 10 15 11 18 24 20 9
68 1 8 6 13 3 14 12 22 23 1 5 7 19 0 2 4 17 21 16 10 15 11 18 24 20 9
67 1 8 6 13 3 14 12 22 0 1 5 7 19 23 2 4 17 21 16 10 15 11 18 24 20 9
66 1 8 6 13 3 14 12 22 1 0 5 7 19 23 2 4 17 21 16 10 15 11 18 24 20 9
65 1 8 6 13 3 14 12 22 1 2 5 7 19 23 0 4 17 21 16 10 15 11 18 24 20 9
64 1 8 6 13 3 14 12 22 1 2 5 7 19 23 10 4 17 21 16 0 15 11 18 24 20 9
63 1 8 6 13 3 14 12 22 1 2 5 7 19 23 10 4 17 21 16 15 0 11 18 24 20 9
62 1 8 6 13 3 14 12 22 1 2 5 7 19 23 10 4 17 21 16 15 9 11 18 24 20 0
61 1 8 6 13 3 14 12 22 1 2 5 7 19 23 10 4 17 21 16 15 9 11 18 24 0 20
60 1 8 6 13 3 14 12 22 1 2 5 7 19 23 10 4 17 21 16 15 9 11 18 0 24 20
59 1 8 6 13 3 14 12 22 1 2 5 7 19 23 10 4 17 21 0 15 9 11 18 16 24 20
58 1 8 6 13 3 14 12 22 1 2 5 7 19 23 10 4 17 0 21 15 9 11 18 16 24 20
57 1 8 6 13 3 14 12 22 1 2 5 7 19 23 10 4 17 18 21 15 9 11 0 16 24 20
56 1 8 6 13 3 14 12 22 1 2 5 7 19 23 10 4 17 18 21 15 9 11 16 0 24 20
55 1 8 6 13 3 14 12 22 1 2 5 7 19 23 10 4 17 18 0 15 9 11 16 21 24 20
54 1 8 6 13 3 14 12 22 1 2 5 7 19 0 10 4 17 18 23 15 9 11 16 21 24 20
53 1 8 6 13 3 14 12 22 1 2 5 7 0 19 10 4 17 18 23 15 9 11 16 21 24 20
52 1 8 6 13 3 14 12 22 1 2 5 7 18 19 10 4 17 0 23 15 9 11 16 21 24 20
51 1 8 6 13 3 14 12 22 1 2 5 7 18 19 10 4 0 17 23 15 9 11 16 21 24 20
50 1 8 6 13 3 14 12 22 1 2 5 7 18 19 10 4 11 17 23 15 9 0 16 21 24 20
49 1 8 6 13 3 14 12 22 1 2 5 7 18 19 10 4 11 17 23 15 9 16 0 21 24 20
48 1 8 6 13 3 14 12 22 1 2 5 7 18 19 10 4 11 17 23 15 9 16 21 0 24 20
47 1 8 6 13 3 14 12 22 1 2 5 7 18 19 10 4 11 17 0 15 9 16 21 23 24 20
46 1 8 6 13 3 14 12 22 1 2 5 7 18 0 10 4 11 17 19 15 9 16 21 23 24 20
45 1 8 6 13 3 14 12 22 1 2 5 7 0 18 10 4 11 17 19 15 9 16 21 23 24 20
44 1 8 6 13 3 14 12 0 1 2 5 7 22 18 10 4 11 17 19 15 9 16 21 23 24 20
43 1 8 6 13 3 14 12 1 0 2 5 7 22 18 10 4 11 17 19 15 9 16 21 23 24 20
42 1 8 6 13 3 14 12 1 2 0 5 7 22 18 10 4 11 17 19 15 9 16 21 23 24 20
41 1 8 6 13 3 14 12 1 2 5 0 7 22 18 10 4 11 17 19 15 9 16 21 23 24 20
40 1 8 6 13 3 14 12 1 2 5 4 7 22 18 10 0 11 17 19 15 9 16 21 23 24 20
39 1 8 6 13 3 14 12 1 2 5 4 7 22 18 10 9 11 17 19 15 0 16 21 23 24 20
38 1 8 6 13 3 14 12 1 2 5 4 7 22 18 10 9 11 17 19 0 15 16 21 23 24 20
37 1 8 6 13 3 14 12 1 2 5 4 7 22 18 10 9 11 17 0 19 15 16 21 23 24 20
36 1 8 6 13 3 14 12 1 2 5 4 7 22 18 10 9 11 0 17 19 15 16 21 23 24 20
35 1 8 6 13 3 14 12 1 2 5 4 7 0 18 10 9 11 22 17 19 15 16 21 23 24 20
34 1 8 6 13 3 14 12 1 2 5 4 0 7 18 10 9 11 22 17 19 15 16 21 23 24 20
33 1 8 6 13 3 14 0 1 2 5 4 12 7 18 10 9 11 22 17 19 15 16 21 23 24 20
32 1 8 6 13 3 14 1 0 2 5 4 12 7 18 10 9 11 22 17 19 15 16 21 23 24 20
31 1 8 0 13 3 14 1 6 2 5 4 12 7 18 10 9 11 22 17 19 15 16 21 23 24 20
30 1 0 8 13 3 14 1 6 2 5 4 12 7 18 10 9 11 22 17 19 15 16 21 23 24 20
82 1 2 6 1 14 4 21 5 8 15 23 7 13 20 9 0 18 22 19 16 10 12 11 3 24 17
81 1 2 6 1 14 4 21 5 8 15 0 7 13 20 9 23 18 22 19 16 10 12 11 3 24 17
80 1 2 6 1 14 4 21 5 8 0 15 7 13 20 9 23 18 22 19 16 10 12 11 3 24 17
79 1 2 6 1 14 4 21 5 8 9 15 7 13 20 0 23 18 22 19 16 10 12 11 3 24 17
78 1 2 6 1 14 4 21 5 8 9 15 7 13 20 23 0 18 22 19 16 10 12 11 3 24 17
77 1 2 6 1 14 4 21 5 8 9 15 7 13 20 23 10 18 22 19 16 0 12 11 3 24 17
76 1 2 6 1 14 4 21 5 8 9 15 7 13 20 23 10 18 22 19 16 17 12 11 3 24 0
75 1 2 6 1 14 4 21 5 8 9 15 7 13 20 23 10 18 22 19 16 17 12 11 3 0 24
74 1 2 6 1 14 4 21 5 8 9 15 7 13 20 23 10 18 22 19 0 17 12 11 3 16 24
73 1 2 6 1 14 4 21 5 8 9 15 7 13 20 23 10 18 22 0 19 17 12 11 3 16 24
72 1 2 6 1 14 4 21 5 8 9 15 7 13 20 23 10 18 22 3 19 17 12 11 0 16 24
71 1 2 6 1 14 4 21 5 8 9 15 7 13 20 23 10 18 22 3 19 17 12 11 16 0 24
70 1 2 6 1 14 4 21 5 8 9 15 7 13 20 23 10 18 22 3 0 17 12 11 16 19 24
69 1 2 6 1 14 4 21 5 8 9 15 7 13 20 0 10 18 22 3 23 17 12 11 16 19 24
68 1 2 6 1 14 4 21 5 8 9 15 7 13 0 20 10 18 22 3 23 17 12 11 16 19 24
67 1 2 6 1 14 4 21 5 8 9 15 7 13 3 20 10 18 22 0 23 17 12 11 16 19 24
66 1 2 6 1 14 4 21 5 8 9 15 7 13 3 20 10 18 0 22 23 17 12 11 16 19 24
65 1 2 6 1 14 4 21 5 8 9 15 7 0 3 20 10 18 13 22 23 17 12 11 16 19 24
64 1 2 6 1 14 4 21 0 8 9 15 7 5 3 20 10 18 13 22 23 17 12 11 16 19 24
63 1 2 6 1 14 4 21 8 0 9 15 7 5 3 20 10 18 13 22 23 17 12 11 16 19 24
62 1 2 6 1 14 4 21 8 3 9 15 7 5 0 20 10 18 13 22 23 17 12 11 16 19 24
61 1 2 6 1 14 4 21 8 3 9 15 7 0 5 20 10 18 13 22 23 17 12 11 16 19 24
60 1 2 6 1 14 4 21 8 3 9 15 7 13 5 20 10 18 0 22 23 17 12 11 16 19 24
59 1 2 6 1 14 4 21 8 3 9 15 7 13 5 20 10 18 11 22 23 17 12 0 16 19 24
58 1 2 6 1 14 4 21 8 3 9 15 7 13 5 20 10 18 11 22 23 17 12 16 0 19 24
57 1 2 6 1 14 4 21 8 3 9 15 7 13 5 20 10 18 11 0 23 17 12 16 22 19 24
56 1 2 6 1 14 4 21 8 3 9 15 7 13 5 20 10 18 11 23 0 17 12 16 22 19 24
55 1 2 6 1 14 4 21 8 3 9 15 7 13 5 0 10 18 11 23 20 17 12 16 22 19 24
54 1 2 6 1 14 4 21 8 3 9 15 7 13 0 5 10 18 11 23 20 17 12 16 22 19 24
53 1 2 6 1 14 4 21 8 3 9 15 7 0 13 5 10 18 11 23 20 17 12 16 22 19 24
52 1 2 6 1 14 4 21 8 3 9 15 0 7 13 5 10 18 11 23 20 17 12 16 22 19 24
51 1 2 6 1 14 4 0 8 3 9 15 21 7 13 5 10 18 11 23 20 17 12 16 22 19 24
50 1 0 6 1 14 4 2 8 3 9 15 21 7 13 5 10 18 11 23 20 17 12 16 22 19 24
49 1 6 0 1 14 4 2 8 3 9 15 21 7 13 5 10 18 11 23 20 17 12 16 22 19 24
48 1 6 1 0 14 4 2 8 3 9 15 21 7 13 5 10 18 11 23 20 17 12 16 22 19 24
47 1 6 1 3 14 4 2 8 0 9 15 21 7 13 5 10 18 11 23 20 17 12 16 22 19 24
46 1 6 1 3 14 4 2 8 9 0 15 21 7 13 5 10 18 11 23 20 17 12 16 22 19 24
45 1 6 1 3 14 4 2 8 9 5 15 21 7 13 0 10 18 11 23 20 17 12 16 22 19 24
44 1 6 1 3 14 4 2 8 9 5 15 21 7 13 10 0 18 11 23 20 17 12 16 22 19 24
43 1 6 1 3 14 4 2 8 9 5 0 21 7 13 10 15 18 11 23 20 17 12 16 22 19 24
42 1 6 1 3 14 4 2 8 9 0 5 21 7 13 10 15 18 11 23 20 17 12 16 22 19 24
41 1 6 1 3 0 4 2 8 9 14 5 21 7 13 10 15 18 11 23 20 17 12 16 22 19 24
40 1 6 1 3 4 0 2 8 9 14 5 21 7 13 10 15 18 11 23 20 17 12 16 22 19 24
39 1 6 1 3 4 5 2 8 9 14 0 21 7 13 10 15 18 11 23 20 17 12 16 22 19 24
38 1 6 1 3 4 5 2 8 9 0 14 21 7 13 10 15 18 11 23 20 17 12 16 22 19 24
37 1 6 1 3 4 5 2 8 9 10 14 21 7 13 0 15 18 11 23 20 17 12 16 22 19 24
36 1 6 1 3 4 5 2 8 9 10 14 21 7 13 20 15 18 11 23 0 17 12 16 22 19 24
35 1 6 1 3 4 5 2 8 9 10 14 21 7 13 20 15 18 11 23 17 0 12 16 22 19 24
34 1 6 1 3 4 5 2 8 9 10 14 21 7 13 20 0 18 11 23 17 15 12 16 22 19 24
33 1 6 1 3 4 5 2 8 9 10 0 21 7 13 20 14 18 11 23 17 15 12 16 22 19 24
32 1 6 1 3 4 5 2 8 9 0 10 21 7 13 20 14 18 11 23 17 15 12 16 22 19 24
31 1 6 1 3 4 5 2 8 0 9 10 21 7 13 20 14 18 11 23 17 15 12 16 22 19 24
30 1 6 1 3 4 5 2 0 8 9 10 21 7 13 20 14 18 11 23 17 15 12 16 22 19 24
