100 0 0 23 6 16 17 24 4 5 21 22 9 3 1 2 7 15 8 10 11 14 18 13 20 12 19
99 0 23 0 6 16 17 24 4 5 21 22 9 3 1 2 7 15 8 10 11 14 18 13 20 12 19
98 0 23 6 0 16 17 24 4 5 21 22 9 3 1 2 7 15 8 10 11 14 18 13 20 12 19
97 0 23 6 5 16 17 24 4 0 21 22 9 3 1 2 7 15 8 10 11 14 18 13 20 12 19
96 0 23 6 5 16 17 24 0 4 21 22 9 3 1 2 7 15 8 10 11 14 18 13 20 12 19
95 0 23 6 5 16 17 24 3 4 21 22 9 0 1 2 7 15 8 10 11 14 18 13 20 12 19
94 0 23 6 5 16 17 24 3 4 21 22 9 1 0 2 7 15 8 10 11 14 18 13 20 12 19
93 0 23 6 5 16 17 24 3 4 21 22 9 1 2 0 7 15 8 10 11 14 18 13 20 12 19
92 0 23 6 5 16 17 24 3 4 0 22 9 1 2 21 7 15 8 10 11 14 18 13 20 12 19
91 0 23 6 5 0 17 24 3 4 16 22 9 1 2 21 7 15 8 10 11 14 18 13 20 12 19
90 0 23 6 0 5 17 24 3 4 16 22 9 1 2 21 7 15 8 10 11 14 18 13 20 12 19
89 0 23 6 4 5 17 24 3 0 16 22 9 1 2 21 7 15 8 10 11 14 18 13 20 12 19
88 0 23 6 4 5 17 24 3 2 16 22 9 1 0 21 7 15 8 10 11 14 18 13 20 12 19
87 0 23 6 4 5 17 24 3 2 16 22 9 1 10 21 7 15 8 0 11 14 18 13 20 12 19
86 0 23 6 4 5 17 24 3 2 16 22 9 1 10 21 7 15 8 11 0 14 18 13 20 12 19
85 0 23 6 4 5 17 24 3 2 16 22 9 1 10 0 7 15 8 11 21 14 18 13 20 12 19
84 0 23 6 4 5 17 24 3 2 16 22 9 1 10 7 0 15 8 11 21 14 18 13 20 12 19
83 0 23 6 4 5 17 24 3 2 16 0 9 1 10 7 22 15 8 11 21 14 18 13 20 12 19
82 0 23 6 4 5 0 24 3 2 16 17 9 1 10 7 22 15 8 11 21 14 18 13 20 12 19
81 0 23 6 4 0 5 24 3 2 16 17 9 1 10 7 22 15 8 11 21 14 18 13 20 12 19
80 0 23 6 0 4 5 24 3 2 16 17 9 1 10 7 22 15 8 11 21 14 18 13 20 12 19
79 0 23 6 2 4 5 24 3 0 16 17 9 1 10 7 22 15 8 11 21 14 18 13 20 12 19
78 0 23 6 2 4 5 24 3 10 16 17 9 1 0 7 22 15 8 11 21 14 18 13 20 12 19
77 0 23 6 2 4 5 24 3 10 16 17 9 1 7 0 22 15 8 11 21 14 18 13 20 12 19
76 0 23 6 2 4 5 24 3 10 0 17 9 1 7 16 22 15 8 11 21 14 18 13 20 12 19
75 0 23 6 2 4 5 24 3 0 10 17 9 1 7 16 22 15 8 11 21 14 18 13 20 12 19
74 0 23 6 2 4 5 24 0 3 10 17 9 1 7 16 22 15 8 11 21 14 18 13 20 12 19
73 0 23 6 2 4 5 24 1 3 10 17 9 0 7 16 22 15 8 11 21 14 18 13 20 12 19
72 0 23 6 2 4 5 24 1 3 10 17 0 9 7 16 22 15 8 11 21 14 18 13 20 12 19
71 0 23 6 2 4 5 0 1 3 10 17 24 9 7 16 22 15 8 11 21 14 18 13 20 12 19
70 0 0 6 2 4 5 23 1 3 10 17 24 9 7 16 22 15 8 11 21 14 18 13 20 12 19
69 0 6 0 2 4 5 23 1 3 10 17 24 9 7 16 22 15 8 11 21 14 18 13 20 12 19
68 0 6 1 2 4 5 23 0 3 10 17 24 9 7 16 22 15 8 11 21 14 18 13 20 12 19
67 0 6 1 2 4 5 23 9 3 10 17 24 0 7 16 22 15 8 11 21 14 18 13 20 12 19
66 0 6 1 2 4 5 23 9 3 10 17 24 8 7 16 22 15 0 11 21 14 18 13 20 12 19
65 0 6 1 2 4 5 23 9 3 10 17 24 8 7 16 22 0 15 11 21 14 18 13 20 12 19
64 0 6 1 2 4 5 23 9 3 10 17 0 8 7 16 22 24 15 11 21 14 18 13 20 12 19
63 0 6 1 2 4 5 0 9 3 10 17 23 8 7 16 22 24 15 11 21 14 18 13 20 12 19
62 0 0 1 2 4 5 6 9 3 10 17 23 8 7 16 22 24 15 11 21 14 18 13 20 12 19
61 0 1 0 2 4 5 6 9 3 10 17 23 8 7 16 22 24 15 11 21 14 18 13 20 12 19
60 0 1 2 0 4 5 6 9 3 10 17 23 8 7 16 22 24 15 11 21 14 18 13 20 12 19
59 0 1 2 3 4 5 6 9 0 10 17 23 8 7 16 22 24 15 11 21 14 18 13 20 12 19
58 0 1 2 3 4 5 6 0 9 10 17 23 8 7 16 22 24 15 11 21 14 18 13 20 12 19
57 0 1 2 3 4 5 6 8 9 10 17 23 0 7 16 22 24 15 11 21 14 18 13 20 12 19
56 0 1 2 3 4 5 6 8 9 10 17 23 7 0 16 22 24 15 11 21 14 18 13 20 12 19
55 0 1 2 3 4 5 6 8 9 10 17 23 7 16 0 22 24 15 11 21 14 18 13 20 12 19
54 0 1 2 3 4 5 6 8 9 10 17 23 7 16 22 0 24 15 11 21 14 18 13 20 12 19
53 0 1 2 3 4 5 6 8 9 10 0 23 7 16 22 17 24 15 11 21 14 18 13 20 12 19
52 0 1 2 3 4 5 6 8 9 0 10 23 7 16 22 17 24 15 11 21 14 18 13 20 12 19
51 0 1 2 3 4 5 6 8 0 9 10 23 7 16 22 17 24 15 11 21 14 18 13 20 12 19
50 0 1 2 3 4 5 6 0 8 9 10 23 7 16 22 17 24 15 11 21 14 18 13 20 12 19
49 0 1 2 3 4 5 6 7 8 9 10 23 0 16 22 17 24 15 11 21 14 18 13 20 12 19
48 0 1 2 3 4 5 6 7 8 9 10 23 15 16 22 17 24 0 11 21 14 18 13 20 12 19
47 0 1 2 3 4 5 6 7 8 9 10 23 15 16 22 17 24 11 0 21 14 18 13 20 12 19
46 0 1 2 3 4 5 6 7 8 9 10 23 15 16 22 17 24 11 21 0 14 18 13 20 12 19
45 0 1 2 3 4 5 6 7 8 9 10 23 15 16 22 17 24 11 21 12 14 18 13 20 0 19
44 0 1 2 3 4 5 6 7 8 9 10 23 15 16 22 17 24 11 21 12 14 18 13 0 20 19
43 0 1 2 3 4 5 6 7 8 9 10 23 15 16 22 17 24 11 21 12 14 18 0 13 20 19
42 0 1 2 3 4 5 6 7 8 9 10 23 15 16 22 17 24 11 21 12 14 0 18 13 20 19
41 0 1 2 3 4 5 6 7 8 9 10 23 15 16 22 17 0 11 21 12 14 24 18 13 20 19
40 0 1 2 3 4 5 6 7 8 9 10 23 15 16 22 17 11 0 21 12 14 24 18 13 20 19
39 0 1 2 3 4 5 6 7 8 9 10 23 15 16 22 17 11 21 0 12 14 24 18 13 20 19
38 0 1 2 3 4 5 6 7 8 9 10 23 15 0 22 17 11 21 16 12 14 24 18 13 20 19
37 0 1 2 3 4 5 6 7 8 9 10 23 0 15 22 17 11 21 16 12 14 24 18 13 20 19
36 0 1 2 3 4 5 6 7 8 9 10 0 23 15 22 17 11 21 16 12 14 24 18 13 20 19
35 0 1 2 3 4 5 6 7 8 9 10 11 23 15 22 17 0 21 16 12 14 24 18 13 20 19
34 0 1 2 3 4 5 6 7 8 9 10 11 23 15 22 17 21 0 16 12 14 24 18 13 20 19
33 0 1 2 3 4 5 6 7 8 9 10 11 23 15 22 17 21 16 0 12 14 24 18 13 20 19
32 0 1 2 3 4 5 6 7 8 9 10 11 23 15 22 17 21 16 12 0 14 24 18 13 20 19
31 0 1 2 3 4 5 6 7 8 9 10 11 23 15 0 17 21 16 12 22 14 24 18 13 20 19
30 0 1 2 3 4 5 6 7 8 9 10 11 23 0 15 17 21 16 12 22 14 24 18 13 20 19
100 0 0 23 6 16 17 24 9 5 21 22 3 4 1 2 7 15 8 10 11 14 18 13 20 12 19
99 0 23 0 6 16 17 24 9 5 21 22 3 4 1 2 7 15 8 10 11 14 18 13 20 12 19
98 0 23 6 0 16 17 24 9 5 21 22 3 4 1 2 7 15 8 10 11 14 18 13 20 12 19
97 0 23 6 5 16 17 24 9 0 21 22 3 4 1 2 7 15 8 10 11 14 18 13 20 12 19
96 0 23 6 5 16 17 24 9 1 21 22 3 4 0 2 7 15 8 10 11 14 18 13 20 12 19
95 0 23 6 5 16 17 24 9 1 21 22 3 4 2 0 7 15 8 10 11 14 18 13 20 12 19
94 0 23 6 5 16 17 24 9 1 0 22 3 4 2 21 7 15 8 10 11 14 18 13 20 12 19
93 0 23 6 5 0 17 24 9 1 16 22 3 4 2 21 7 15 8 10 11 14 18 13 20 12 19
92 0 23 6 0 5 17 24 9 1 16 22 3 4 2 21 7 15 8 10 11 14 18 13 20 12 19
91 0 23 6 1 5 17 24 9 0 16 22 3 4 2 21 7 15 8 10 11 14 18 13 20 12 19
90 0 23 6 1 5 17 24 9 2 16 22 3 4 0 21 7 15 8 10 11 14 18 13 20 12 19
89 0 23 6 1 5 17 24 9 2 16 22 3 0 4 21 7 15 8 10 11 14 18 13 20 12 19
88 0 23 6 1 5 17 24 9 2 16 22 0 3 4 21 7 15 8 10 11 14 18 13 20 12 19
87 0 23 6 1 5 17 0 9 2 16 22 24 3 4 21 7 15 8 10 11 14 18 13 20 12 19
86 0 0 6 1 5 17 23 9 2 16 22 24 3 4 21 7 15 8 10 11 14 18 13 20 12 19
85 0 6 0 1 5 17 23 9 2 16 22 24 3 4 21 7 15 8 10 11 14 18 13 20 12 19
84 0 6 1 0 5 17 23 9 2 16 22 24 3 4 21 7 15 8 10 11 14 18 13 20 12 19
83 0 6 1 2 5 17 23 9 0 16 22 24 3 4 21 7 15 8 10 11 14 18 13 20 12 19
82 0 6 1 2 5 17 23 9 4 16 22 24 3 0 21 7 15 8 10 11 14 18 13 20 12 19
81 0 6 1 2 5 17 23 9 4 16 22 24 0 3 21 7 15 8 10 11 14 18 13 20 12 19
80 0 6 1 2 5 17 23 9 4 16 22 24 8 3 21 7 15 0 10 11 14 18 13 20 12 19
79 0 6 1 2 5 17 23 9 4 16 22 24 8 3 21 7 0 15 10 11 14 18 13 20 12 19
78 0 6 1 2 5 17 23 9 4 16 22 0 8 3 21 7 24 15 10 11 14 18 13 20 12 19
77 0 6 1 2 5 17 0 9 4 16 22 23 8 3 21 7 24 15 10 11 14 18 13 20 12 19
76 0 0 1 2 5 17 6 9 4 16 22 23 8 3 21 7 24 15 10 11 14 18 13 20 12 19
75 0 1 0 2 5 17 6 9 4 16 22 23 8 3 21 7 24 15 10 11 14 18 13 20 12 19
74 0 1 2 0 5 17 6 9 4 16 22 23 8 3 21 7 24 15 10 11 14 18 13 20 12 19
73 0 1 2 4 5 17 6 9 0 16 22 23 8 3 21 7 24 15 10 11 14 18 13 20 12 19
72 0 1 2 4 5 17 6 9 3 16 22 23 8 0 21 7 24 15 10 11 14 18 13 20 12 19
71 0 1 2 4 5 17 6 9 3 16 22 23 8 10 21 7 24 15 0 11 14 18 13 20 12 19
70 0 1 2 4 5 17 6 9 3 16 22 23 8 10 21 7 24 15 11 0 14 18 13 20 12 19
69 0 1 2 4 5 17 6 9 3 16 22 23 8 10 0 7 24 15 11 21 14 18 13 20 12 19
68 0 1 2 4 5 17 6 9 3 16 22 23 8 10 7 0 24 15 11 21 14 18 13 20 12 19
67 0 1 2 4 5 17 6 9 3 16 0 23 8 10 7 22 24 15 11 21 14 18 13 20 12 19
66 0 1 2 4 5 0 6 9 3 16 17 23 8 10 7 22 24 15 11 21 14 18 13 20 12 19
65 0 1 2 4 0 5 6 9 3 16 17 23 8 10 7 22 24 15 11 21 14 18 13 20 12 19
64 0 1 2 0 4 5 6 9 3 16 17 23 8 10 7 22 24 15 11 21 14 18 13 20 12 19
63 0 1 2 3 4 5 6 9 0 16 17 23 8 10 7 22 24 15 11 21 14 18 13 20 12 19
62 0 1 2 3 4 5 6 9 10 16 17 23 8 0 7 22 24 15 11 21 14 18 13 20 12 19
61 0 1 2 3 4 5 6 9 10 16 17 23 8 7 0 22 24 15 11 21 14 18 13 20 12 19
60 0 1 2 3 4 5 6 9 10 0 17 23 8 7 16 22 24 15 11 21 14 18 13 20 12 19
100 0 0 23 6 16 17 24 9 5 21 22 8 4 1 2 7 15 10 3 11 14 18 13 20 12 19
99 0 23 0 6 16 17 24 9 5 21 22 8 4 1 2 7 15 10 3 11 14 18 13 20 12 19
98 0 23 6 0 16 17 24 9 5 21 22 8 4 1 2 7 15 10 3 11 14 18 13 20 12 19
97 0 23 6 5 16 17 24 9 0 21 22 8 4 1 2 7 15 10 3 11 14 18 13 20 12 19
96 0 23 6 5 16 17 24 9 1 21 22 8 4 0 2 7 15 10 3 11 14 18 13 20 12 19
95 0 23 6 5 16 17 24 9 1 21 22 8 4 2 0 7 15 10 3 11 14 18 13 20 12 19
94 0 23 6 5 16 17 24 9 1 0 22 8 4 2 21 7 15 10 3 11 14 18 13 20 12 19
93 0 23 6 5 0 17 24 9 1 16 22 8 4 2 21 7 15 10 3 11 14 18 13 20 12 19
92 0 23 6 0 5 17 24 9 1 16 22 8 4 2 21 7 15 10 3 11 14 18 13 20 12 19
91 0 23 6 1 5 17 24 9 0 16 22 8 4 2 21 7 15 10 3 11 14 18 13 20 12 19
90 0 23 6 1 5 17 24 9 2 16 22 8 4 0 21 7 15 10 3 11 14 18 13 20 12 19
89 0 23 6 1 5 17 24 9 2 16 22 8 0 4 21 7 15 10 3 11 14 18 13 20 12 19
88 0 23 6 1 5 17 24 9 2 16 22 0 8 4 21 7 15 10 3 11 14 18 13 20 12 19
87 0 23 6 1 5 17 0 9 2 16 22 24 8 4 21 7 15 10 3 11 14 18 13 20 12 19
86 0 0 6 1 5 17 23 9 2 16 22 24 8 4 21 7 15 10 3 11 14 18 13 20 12 19
85 0 6 0 1 5 17 23 9 2 16 22 24 8 4 21 7 15 10 3 11 14 18 13 20 12 19
84 0 6 1 0 5 17 23 9 2 16 22 24 8 4 21 7 15 10 3 11 14 18 13 20 12 19
83 0 6 1 2 5 17 23 9 0 16 22 24 8 4 21 7 15 10 3 11 14 18 13 20 12 19
82 0 6 1 2 5 17 23 9 4 16 22 24 8 0 21 7 15 10 3 11 14 18 13 20 12 19
81 0 6 1 2 5 17 23 9 4 16 22 24 8 3 21 7 15 10 0 11 14 18 13 20 12 19
100 0 15 23 6 24 16 22 20 5 1 21 3 4 2 7 9 13 10 8 12 19 18 14 11 17 0
99 0 15 23 6 24 16 22 20 5 1 21 3 4 2 7 9 13 10 8 12 0 18 14 11 17 19
98 0 15 23 6 24 16 22 20 5 1 21 3 4 2 7 0 13 10 8 12 9 18 14 11 17 19
97 0 15 23 6 24 16 22 20 5 1 0 3 4 2 7 21 13 10 8 12 9 18 14 11 17 19
96 0 15 23 6 24 0 22 20 5 1 16 3 4 2 7 21 13 10 8 12 9 18 14 11 17 19
95 0 15 23 6 0 24 22 20 5 1 16 3 4 2 7 21 13 10 8 12 9 18 14 11 17 19
94 0 15 23 6 1 24 22 20 5 0 16 3 4 2 7 21 13 10 8 12 9 18 14 11 17 19
93 0 15 23 6 1 24 22 20 0 5 16 3 4 2 7 21 13 10 8 12 9 18 14 11 17 19
92 0 15 23 6 1 24 22 0 20 5 16 3 4 2 7 21 13 10 8 12 9 18 14 11 17 19
91 0 15 0 6 1 24 22 23 20 5 16 3 4 2 7 21 13 10 8 12 9 18 14 11 17 19
90 0 15 6 0 1 24 22 23 20 5 16 3 4 2 7 21 13 10 8 12 9 18 14 11 17 19
89 0 15 6 1 0 24 22 23 20 5 16 3 4 2 7 21 13 10 8 12 9 18 14 11 17 19
88 0 15 6 1 5 24 22 23 20 0 16 3 4 2 7 21 13 10 8 12 9 18 14 11 17 19
87 0 15 6 1 5 24 22 23 0 20 16 3 4 2 7 21 13 10 8 12 9 18 14 11 17 19
86 0 15 6 1 5 24 22 23 2 20 16 3 4 0 7 21 13 10 8 12 9 18 14 11 17 19
85 0 15 6 1 5 24 22 23 2 20 16 3 0 4 7 21 13 10 8 12 9 18 14 11 17 19
84 0 15 6 1 5 24 22 23 2 20 16 0 3 4 7 21 13 10 8 12 9 18 14 11 17 19
83 0 15 6 1 5 24 0 23 2 20 16 22 3 4 7 21 13 10 8 12 9 18 14 11 17 19
82 0 0 6 1 5 24 15 23 2 20 16 22 3 4 7 21 13 10 8 12 9 18 14 11 17 19
81 0 6 0 1 5 24 15 23 2 20 16 22 3 4 7 21 13 10 8 12 9 18 14 11 17 19
80 0 6 1 0 5 24 15 23 2 20 16 22 3 4 7 21 13 10 8 12 9 18 14 11 17 19
79 0 6 1 2 5 24 15 23 0 20 16 22 3 4 7 21 13 10 8 12 9 18 14 11 17 19
78 0 6 1 2 5 24 15 23 4 20 16 22 3 0 7 21 13 10 8 12 9 18 14 11 17 19
77 0 6 1 2 5 24 15 23 4 20 16 22 0 3 7 21 13 10 8 12 9 18 14 11 17 19
76 0 6 1 2 5 24 15 0 4 20 16 22 23 3 7 21 13 10 8 12 9 18 14 11 17 19
75 0 6 1 2 5 24 0 15 4 20 16 22 23 3 7 21 13 10 8 12 9 18 14 11 17 19
74 0 0 1 2 5 24 6 15 4 20 16 22 23 3 7 21 13 10 8 12 9 18 14 11 17 19
73 0 1 0 2 5 24 6 15 4 20 16 22 23 3 7 21 13 10 8 12 9 18 14 11 17 19
72 0 1 2 0 5 24 6 15 4 20 16 22 23 3 7 21 13 10 8 12 9 18 14 11 17 19
71 0 1 2 4 5 24 6 15 0 20 16 22 23 3 7 21 13 10 8 12 9 18 14 11 17 19
70 0 1 2 4 5 24 6 15 3 20 16 22 23 0 7 21 13 10 8 12 9 18 14 11 17 19
69 0 1 2 4 5 24 6 15 3 20 16 22 23 7 0 21 13 10 8 12 9 18 14 11 17 19
68 0 1 2 4 5 24 6 15 3 20 16 22 23 7 21 0 13 10 8 12 9 18 14 11 17 19
67 0 1 2 4 5 24 6 15 3 20 0 22 23 7 21 16 13 10 8 12 9 18 14 11 17 19
66 0 1 2 4 5 0 6 15 3 20 24 22 23 7 21 16 13 10 8 12 9 18 14 11 17 19
65 0 1 2 4 0 5 6 15 3 20 24 22 23 7 21 16 13 10 8 12 9 18 14 11 17 19
64 0 1 2 0 4 5 6 15 3 20 24 22 23 7 21 16 13 10 8 12 9 18 14 11 17 19
63 0 1 2 3 4 5 6 15 0 20 24 22 23 7 21 16 13 10 8 12 9 18 14 11 17 19
62 0 1 2 3 4 5 6 15 7 20 24 22 23 0 21 16 13 10 8 12 9 18 14 11 17 19
61 0 1 2 3 4 5 6 15 7 20 24 22 23 8 21 16 13 10 0 12 9 18 14 11 17 19
60 0 1 2 3 4 5 6 15 7 20 24 22 23 8 21 16 13 0 10 12 9 18 14 11 17 19
59 0 1 2 3 4 5 6 15 7 20 24 22 0 8 21 16 13 23 10 12 9 18 14 11 17 19
58 0 1 2 3 4 5 6 0 7 20 24 22 15 8 21 16 13 23 10 12 9 18 14 11 17 19
57 0 1 2 3 4 5 6 7 0 20 24 22 15 8 21 16 13 23 10 12 9 18 14 11 17 19
56 0 1 2 3 4 5 6 7 8 20 24 22 15 0 21 16 13 23 10 12 9 18 14 11 17 19
55 0 1 2 3 4 5 6 7 8 20 24 22 15 10 21 16 13 23 0 12 9 18 14 11 17 19
54 0 1 2 3 4 5 6 7 8 20 24 22 15 10 21 16 13 23 11 12 9 18 14 0 17 19
53 0 1 2 3 4 5 6 7 8 20 24 22 15 10 21 16 13 23 11 12 9 18 0 14 17 19
52 0 1 2 3 4 5 6 7 8 20 24 22 15 10 21 16 13 0 11 12 9 18 23 14 17 19
51 0 1 2 3 4 5 6 7 8 20 24 22 15 10 21 16 13 11 0 12 9 18 23 14 17 19
50 0 1 2 3 4 5 6 7 8 20 24 22 15 10 21 16 13 11 12 0 9 18 23 14 17 19
49 0 1 2 3 4 5 6 7 8 20 24 22 15 10 0 16 13 11 12 21 9 18 23 14 17 19
48 0 1 2 3 4 5 6 7 8 20 24 22 15 0 10 16 13 11 12 21 9 18 23 14 17 19
47 0 1 2 3 4 5 6 7 8 20 24 22 0 15 10 16 13 11 12 21 9 18 23 14 17 19
46 0 1 2 3 4 5 6 7 8 20 24 22 11 15 10 16 13 0 12 21 9 18 23 14 17 19
45 0 1 2 3 4 5 6 7 8 20 24 22 11 15 10 16 0 13 12 21 9 18 23 14 17 19
44 0 1 2 3 4 5 6 7 8 20 24 0 11 15 10 16 22 13 12 21 9 18 23 14 17 19
43 0 1 2 3 4 5 6 7 8 20 24 11 0 15 10 16 22 13 12 21 9 18 23 14 17 19
42 0 1 2 3 4 5 6 7 8 20 24 11 13 15 10 16 22 0 12 21 9 18 23 14 17 19
41 0 1 2 3 4 5 6 7 8 20 24 11 13 15 10 16 22 12 0 21 9 18 23 14 17 19
40 0 1 2 3 4 5 6 7 8 20 24 11 13 15 10 16 22 12 21 0 9 18 23 14 17 19
39 0 1 2 3 4 5 6 7 8 20 24 11 13 15 10 16 22 12 21 9 0 18 23 14 17 19
38 0 1 2 3 4 5 6 7 8 20 24 11 13 15 10 0 22 12 21 9 16 18 23 14 17 19
37 0 1 2 3 4 5 6 7 8 20 0 11 13 15 10 24 22 12 21 9 16 18 23 14 17 19
36 0 1 2 3 4 5 6 7 8 0 20 11 13 15 10 24 22 12 21 9 16 18 23 14 17 19
35 0 1 2 3 4 5 6 7 8 10 20 11 13 15 0 24 22 12 21 9 16 18 23 14 17 19
34 0 1 2 3 4 5 6 7 8 10 20 11 13 15 9 24 22 12 21 0 16 18 23 14 17 19
33 0 1 2 3 4 5 6 7 8 10 20 11 13 15 9 24 22 12 21 16 0 18 23 14 17 19
32 0 1 2 3 4 5 6 7 8 10 20 11 13 15 9 0 22 12 21 16 24 18 23 14 17 19
31 0 1 2 3 4 5 6 7 8 10 0 11 13 15 9 20 22 12 21 16 24 18 23 14 17 19
30 0 1 2 3 4 5 6 7 8 0 10 11 13 15 9 20 22 12 21 16 24 18 23 14 17 19
100 0 22 15 6 24 16 23 20 5 1 21 3 4 2 7 9 13 10 8 12 19 18 14 11 17 0
99 0 22 15 6 24 16 23 20 5 1 21 3 4 2 7 9 13 10 8 12 0 18 14 11 17 19
98 0 22 15 6 24 16 23 20 5 1 21 3 4 2 7 0 13 10 8 12 9 18 14 11 17 19
97 0 22 15 6 24 16 23 20 5 1 0 3 4 2 7 21 13 10 8 12 9 18 14 11 17 19
96 0 22 15 6 24 0 23 20 5 1 16 3 4 2 7 21 13 10 8 12 9 18 14 11 17 19
95 0 22 15 6 0 24 23 20 5 1 16 3 4 2 7 21 13 10 8 12 9 18 14 11 17 19
94 0 22 15 6 1 24 23 20 5 0 16 3 4 2 7 21 13 10 8 12 9 18 14 11 17 19
93 0 22 15 6 1 24 23 20 0 5 16 3 4 2 7 21 13 10 8 12 9 18 14 11 17 19
92 0 22 15 6 1 24 23 0 20 5 16 3 4 2 7 21 13 10 8 12 9 18 14 11 17 19
91 0 22 0 6 1 24 23 15 20 5 16 3 4 2 7 21 13 10 8 12 9 18 14 11 17 19
90 0 22 6 0 1 24 23 15 20 5 16 3 4 2 7 21 13 10 8 12 9 18 14 11 17 19
89 0 22 6 1 0 24 23 15 20 5 16 3 4 2 7 21 13 10 8 12 9 18 14 11 17 19
88 0 22 6 1 5 24 23 15 20 0 16 3 4 2 7 21 13 10 8 12 9 18 14 11 17 19
87 0 22 6 1 5 24 23 15 0 20 16 3 4 2 7 21 13 10 8 12 9 18 14 11 17 19
86 0 22 6 1 5 24 23 15 2 20 16 3 4 0 7 21 13 10 8 12 9 18 14 11 17 19
85 0 22 6 1 5 24 23 15 2 20 16 3 0 4 7 21 13 10 8 12 9 18 14 11 17 19
84 0 22 6 1 5 24 23 15 2 20 16 0 3 4 7 21 13 10 8 12 9 18 14 11 17 19
83 0 22 6 1 5 24 0 15 2 20 16 23 3 4 7 21 13 10 8 12 9 18 14 11 17 19
82 0 0 6 1 5 24 22 15 2 20 16 23 3 4 7 21 13 10 8 12 9 18 14 11 17 19
81 0 6 0 1 5 24 22 15 2 20 16 23 3 4 7 21 13 10 8 12 9 18 14 11 17 19
80 0 6 1 0 5 24 22 15 2 20 16 23 3 4 7 21 13 10 8 12 9 18 14 11 17 19
79 0 6 1 2 5 24 22 15 0 20 16 23 3 4 7 21 13 10 8 12 9 18 14 11 17 19
78 0 6 1 2 5 24 22 15 4 20 16 23 3 0 7 21 13 10 8 12 9 18 14 11 17 19
77 0 6 1 2 5 24 22 15 4 20 16 23 0 3 7 21 13 10 8 12 9 18 14 11 17 19
76 0 6 1 2 5 24 22 15 4 20 16 0 23 3 7 21 13 10 8 12 9 18 14 11 17 19
100 0 23 9 6 16 17 24 0 5 21 22 3 4 1 2 7 15 8 10 11 14 18 13 20 12 19
100 0 23 9 6 16 17 24 0 5 21 22 8 4 1 2 7 15 10 3 11 14 18 13 20 12 19
100 0 23 9 6 16 17 24 4 5 21 22 0 3 1 2 7 15 8 10 11 14 18 13 20 12 19
99 0 23 9 6 16 17 0 4 5 21 22 24 3 1 2 7 15 8 10 11 14 18 13 20 12 19
98 0 0 9 6 16 17 23 4 5 21 22 24 3 1 2 7 15 8 10 11 14 18 13 20 12 19
97 0 9 0 6 16 17 23 4 5 21 22 24 3 1 2 7 15 8 10 11 14 18 13 20 12 19
96 0 9 6 0 16 17 23 4 5 21 22 24 3 1 2 7 15 8 10 11 14 18 13 20 12 19
95 0 9 6 5 16 17 23 4 0 21 22 24 3 1 2 7 15 8 10 11 14 18 13 20 12 19
94 0 9 6 5 16 17 23 0 4 21 22 24 3 1 2 7 15 8 10 11 14 18 13 20 12 19
93 0 9 6 5 16 17 23 3 4 21 22 24 0 1 2 7 15 8 10 11 14 18 13 20 12 19
92 0 9 6 5 16 17 23 3 4 21 22 24 1 0 2 7 15 8 10 11 14 18 13 20 12 19
91 0 9 6 5 16 17 23 3 4 21 22 24 1 2 0 7 15 8 10 11 14 18 13 20 12 19
90 0 9 6 5 16 17 23 3 4 0 22 24 1 2 21 7 15 8 10 11 14 18 13 20 12 19
89 0 9 6 5 0 17 23 3 4 16 22 24 1 2 21 7 15 8 10 11 14 18 13 20 12 19
88 0 9 6 0 5 17 23 3 4 16 22 24 1 2 21 7 15 8 10 11 14 18 13 20 12 19
87 0 9 6 4 5 17 23 3 0 16 22 24 1 2 21 7 15 8 10 11 14 18 13 20 12 19
86 0 9 6 4 5 17 23 3 2 16 22 24 1 0 21 7 15 8 10 11 14 18 13 20 12 19
85 0 9 6 4 5 17 23 3 2 16 22 24 1 10 21 7 15 8 0 11 14 18 13 20 12 19
84 0 9 6 4 5 17 23 3 2 16 22 24 1 10 21 7 15 8 11 0 14 18 13 20 12 19
83 0 9 6 4 5 17 23 3 2 16 22 24 1 10 0 7 15 8 11 21 14 18 13 20 12 19
82 0 9 6 4 5 17 23 3 2 16 22 24 1 10 7 0 15 8 11 21 14 18 13 20 12 19
81 0 9 6 4 5 17 23 3 2 16 0 24 1 10 7 22 15 8 11 21 14 18 13 20 12 19
80 0 9 6 4 5 0 23 3 2 16 17 24 1 10 7 22 15 8 11 21 14 18 13 20 12 19
79 0 9 6 4 0 5 23 3 2 16 17 24 1 10 7 22 15 8 11 21 14 18 13 20 12 19
78 0 9 6 0 4 5 23 3 2 16 17 24 1 10 7 22 15 8 11 21 14 18 13 20 12 19
77 0 9 6 2 4 5 23 3 0 16 17 24 1 10 7 22 15 8 11 21 14 18 13 20 12 19
76 0 9 6 2 4 5 23 3 10 16 17 24 1 0 7 22 15 8 11 21 14 18 13 20 12 19
75 0 9 6 2 4 5 23 3 10 16 17 24 1 7 0 22 15 8 11 21 14 18 13 20 12 19
74 0 9 6 2 4 5 23 3 10 0 17 24 1 7 16 22 15 8 11 21 14 18 13 20 12 19
73 0 9 6 2 4 5 23 3 0 10 17 24 1 7 16 22 15 8 11 21 14 18 13 20 12 19
72 0 9 6 2 4 5 23 0 3 10 17 24 1 7 16 22 15 8 11 21 14 18 13 20 12 19
71 0 9 6 2 4 5 23 1 3 10 17 24 0 7 16 22 15 8 11 21 14 18 13 20 12 19
70 0 9 6 2 4 5 23 1 3 10 17 24 8 7 16 22 15 0 11 21 14 18 13 20 12 19
69 0 9 6 2 4 5 23 1 3 10 17 24 8 7 16 22 0 15 11 21 14 18 13 20 12 19
68 0 9 6 2 4 5 23 1 3 10 17 0 8 7 16 22 24 15 11 21 14 18 13 20 12 19
67 0 9 6 2 4 5 0 1 3 10 17 23 8 7 16 22 24 15 11 21 14 18 13 20 12 19
66 0 9 6 2 4 5 1 0 3 10 17 23 8 7 16 22 24 15 11 21 14 18 13 20 12 19
65 0 9 0 2 4 5 1 6 3 10 17 23 8 7 16 22 24 15 11 21 14 18 13 20 12 19
64 0 0 9 2 4 5 1 6 3 10 17 23 8 7 16 22 24 15 11 21 14 18 13 20 12 19
63 0 1 9 2 4 5 0 6 3 10 17 23 8 7 16 22 24 15 11 21 14 18 13 20 12 19
62 0 1 9 2 4 5 6 0 3 10 17 23 8 7 16 22 24 15 11 21 14 18 13 20 12 19
100 0 23 9 6 16 17 24 4 5 21 22 0 8 1 2 7 15 10 3 11 14 18 13 20 12 19
99 0 23 9 6 16 17 0 4 5 21 22 24 8 1 2 7 15 10 3 11 14 18 13 20 12 19
98 0 0 9 6 16 17 23 4 5 21 22 24 8 1 2 7 15 10 3 11 14 18 13 20 12 19
97 0 9 0 6 16 17 23 4 5 21 22 24 8 1 2 7 15 10 3 11 14 18 13 20 12 19
96 0 9 6 0 16 17 23 4 5 21 22 24 8 1 2 7 15 10 3 11 14 18 13 20 12 19
95 0 9 6 5 16 17 23 4 0 21 22 24 8 1 2 7 15 10 3 11 14 18 13 20 12 19
94 0 9 6 5 16 17 23 4 1 21 22 24 8 0 2 7 15 10 3 11 14 18 13 20 12 19
93 0 9 6 5 16 17 23 4 1 21 22 24 8 2 0 7 15 10 3 11 14 18 13 20 12 19
92 0 9 6 5 16 17 23 4 1 0 22 24 8 2 21 7 15 10 3 11 14 18 13 20 12 19
91 0 9 6 5 0 17 23 4 1 16 22 24 8 2 21 7 15 10 3 11 14 18 13 20 12 19
90 0 9 6 0 5 17 23 4 1 16 22 24 8 2 21 7 15 10 3 11 14 18 13 20 12 19
89 0 9 6 1 5 17 23 4 0 16 22 24 8 2 21 7 15 10 3 11 14 18 13 20 12 19
88 0 9 6 1 5 17 23 4 2 16 22 24 8 0 21 7 15 10 3 11 14 18 13 20 12 19
87 0 9 6 1 5 17 23 4 2 16 22 24 8 3 21 7 15 10 0 11 14 18 13 20 12 19
86 0 9 6 1 5 17 23 4 2 16 22 24 8 3 21 7 15 0 10 11 14 18 13 20 12 19
85 0 9 6 1 5 17 23 4 2 16 22 24 8 3 21 7 0 15 10 11 14 18 13 20 12 19
84 0 9 6 1 5 17 23 4 2 16 22 0 8 3 21 7 24 15 10 11 14 18 13 20 12 19
83 0 9 6 1 5 17 0 4 2 16 22 23 8 3 21 7 24 15 10 11 14 18 13 20 12 19
82 0 0 6 1 5 17 9 4 2 16 22 23 8 3 21 7 24 15 10 11 14 18 13 20 12 19
81 0 6 0 1 5 17 9 4 2 16 22 23 8 3 21 7 24 15 10 11 14 18 13 20 12 19
80 0 6 1 0 5 17 9 4 2 16 22 23 8 3 21 7 24 15 10 11 14 18 13 20 12 19
79 0 6 1 2 5 17 9 4 0 16 22 23 8 3 21 7 24 15 10 11 14 18 13 20 12 19
78 0 6 1 2 5 17 9 0 4 16 22 23 8 3 21 7 24 15 10 11 14 18 13 20 12 19
100 0 0 9 6 16 17 23 24 1 2 22 3 4 5 21 7 15 8 10 11 14 18 13 20 12 19
99 0 23 9 6 16 17 0 24 1 2 22 3 4 5 21 7 15 8 10 11 14 18 13 20 12 19
98 0 23 9 6 16 17 24 0 1 2 22 3 4 5 21 7 15 8 10 11 14 18 13 20 12 19
97 0 23 0 6 16 17 24 9 1 2 22 3 4 5 21 7 15 8 10 11 14 18 13 20 12 19
96 0 23 6 0 16 17 24 9 1 2 22 3 4 5 21 7 15 8 10 11 14 18 13 20 12 19
95 0 23 6 1 16 17 24 9 0 2 22 3 4 5 21 7 15 8 10 11 14 18 13 20 12 19
94 0 23 6 1 16 17 24 9 5 2 22 3 4 0 21 7 15 8 10 11 14 18 13 20 12 19
93 0 23 6 1 16 17 24 9 5 2 22 3 0 4 21 7 15 8 10 11 14 18 13 20 12 19
92 0 23 6 1 16 17 24 9 5 2 22 0 3 4 21 7 15 8 10 11 14 18 13 20 12 19
91 0 23 6 1 16 17 0 9 5 2 22 24 3 4 21 7 15 8 10 11 14 18 13 20 12 19
90 0 0 6 1 16 17 23 9 5 2 22 24 3 4 21 7 15 8 10 11 14 18 13 20 12 19
89 0 6 0 1 16 17 23 9 5 2 22 24 3 4 21 7 15 8 10 11 14 18 13 20 12 19
88 0 6 1 0 16 17 23 9 5 2 22 24 3 4 21 7 15 8 10 11 14 18 13 20 12 19
87 0 6 1 5 16 17 23 9 0 2 22 24 3 4 21 7 15 8 10 11 14 18 13 20 12 19
86 0 6 1 5 16 17 23 9 2 0 22 24 3 4 21 7 15 8 10 11 14 18 13 20 12 19
85 0 6 1 5 0 17 23 9 2 16 22 24 3 4 21 7 15 8 10 11 14 18 13 20 12 19
100 0 0 9 6 16 17 23 24 1 2 22 8 4 5 21 7 15 10 3 11 14 18 13 20 12 19
99 0 23 9 6 16 17 0 24 1 2 22 8 4 5 21 7 15 10 3 11 14 18 13 20 12 19
98 0 23 9 6 16 17 24 0 1 2 22 8 4 5 21 7 15 10 3 11 14 18 13 20 12 19
97 0 23 0 6 16 17 24 9 1 2 22 8 4 5 21 7 15 10 3 11 14 18 13 20 12 19
96 0 23 6 0 16 17 24 9 1 2 22 8 4 5 21 7 15 10 3 11 14 18 13 20 12 19
95 0 23 6 1 16 17 24 9 0 2 22 8 4 5 21 7 15 10 3 11 14 18 13 20 12 19
94 0 23 6 1 16 17 24 9 5 2 22 8 4 0 21 7 15 10 3 11 14 18 13 20 12 19
93 0 23 6 1 16 17 24 9 5 2 22 8 0 4 21 7 15 10 3 11 14 18 13 20 12 19
92 0 23 6 1 16 17 24 9 5 2 22 0 8 4 21 7 15 10 3 11 14 18 13 20 12 19
91 0 23 6 1 16 17 0 9 5 2 22 24 8 4 21 7 15 10 3 11 14 18 13 20 12 19
90 0 0 6 1 16 17 23 9 5 2 22 24 8 4 21 7 15 10 3 11 14 18 13 20 12 19
89 0 6 0 1 16 17 23 9 5 2 22 24 8 4 21 7 15 10 3 11 14 18 13 20 12 19
88 0 6 1 0 16 17 23 9 5 2 22 24 8 4 21 7 15 10 3 11 14 18 13 20 12 19
87 0 6 1 5 16 17 23 9 0 2 22 24 8 4 21 7 15 10 3 11 14 18 13 20 12 19
86 0 6 1 5 16 17 23 9 2 0 22 24 8 4 21 7 15 10 3 11 14 18 13 20 12 19
85 0 6 1 5 0 17 23 9 2 16 22 24 8 4 21 7 15 10 3 11 14 18 13 20 12 19
100 0 0 9 6 16 17 23 24 5 1 22 3 4 2 21 7 15 8 10 11 14 18 13 20 12 19
99 0 23 9 6 16 17 0 24 5 1 22 3 4 2 21 7 15 8 10 11 14 18 13 20 12 19
98 0 23 9 6 16 17 24 0 5 1 22 3 4 2 21 7 15 8 10 11 14 18 13 20 12 19
97 0 23 0 6 16 17 24 9 5 1 22 3 4 2 21 7 15 8 10 11 14 18 13 20 12 19
96 0 23 6 0 16 17 24 9 5 1 22 3 4 2 21 7 15 8 10 11 14 18 13 20 12 19
95 0 23 6 5 16 17 24 9 0 1 22 3 4 2 21 7 15 8 10 11 14 18 13 20 12 19
100 0 0 9 6 16 17 23 24 5 1 22 8 4 2 21 7 15 10 3 11 14 18 13 20 12 19
99 0 23 9 6 16 17 0 24 5 1 22 8 4 2 21 7 15 10 3 11 14 18 13 20 12 19
98 0 23 9 6 16 17 24 0 5 1 22 8 4 2 21 7 15 10 3 11 14 18 13 20 12 19
97 0 23 0 6 16 17 24 9 5 1 22 8 4 2 21 7 15 10 3 11 14 18 13 20 12 19
96 0 23 6 0 16 17 24 9 5 1 22 8 4 2 21 7 15 10 3 11 14 18 13 20 12 19
95 0 23 6 5 16 17 24 9 0 1 22 8 4 2 21 7 15 10 3 11 14 18 13 20 12 19
100 0 0 9 6 16 17 24 23 1 2 22 4 3 5 21 7 15 8 10 11 14 18 13 20 12 19
99 0 9 0 6 16 17 24 23 1 2 22 4 3 5 21 7 15 8 10 11 14 18 13 20 12 19
98 0 9 6 0 16 17 24 23 1 2 22 4 3 5 21 7 15 8 10 11 14 18 13 20 12 19
97 0 9 6 1 16 17 24 23 0 2 22 4 3 5 21 7 15 8 10 11 14 18 13 20 12 19
96 0 9 6 1 16 17 24 23 5 2 22 4 3 0 21 7 15 8 10 11 14 18 13 20 12 19
95 0 9 6 1 16 17 24 23 5 2 22 4 0 3 21 7 15 8 10 11 14 18 13 20 12 19
94 0 9 6 1 16 17 24 23 5 2 22 0 4 3 21 7 15 8 10 11 14 18 13 20 12 19
93 0 9 6 1 16 17 0 23 5 2 22 24 4 3 21 7 15 8 10 11 14 18 13 20 12 19
92 0 9 6 1 16 17 23 0 5 2 22 24 4 3 21 7 15 8 10 11 14 18 13 20 12 19
91 0 9 6 1 16 17 23 4 5 2 22 24 0 3 21 7 15 8 10 11 14 18 13 20 12 19
90 0 9 6 1 16 17 23 4 5 2 22 24 8 3 21 7 15 0 10 11 14 18 13 20 12 19
89 0 9 6 1 16 17 23 4 5 2 22 24 8 3 21 7 0 15 10 11 14 18 13 20 12 19
88 0 9 6 1 16 17 23 4 5 2 22 0 8 3 21 7 24 15 10 11 14 18 13 20 12 19
87 0 9 6 1 16 17 0 4 5 2 22 23 8 3 21 7 24 15 10 11 14 18 13 20 12 19
86 0 0 6 1 16 17 9 4 5 2 22 23 8 3 21 7 24 15 10 11 14 18 13 20 12 19
85 0 6 0 1 16 17 9 4 5 2 22 23 8 3 21 7 24 15 10 11 14 18 13 20 12 19
84 0 6 1 0 16 17 9 4 5 2 22 23 8 3 21 7 24 15 10 11 14 18 13 20 12 19
83 0 6 1 5 16 17 9 4 0 2 22 23 8 3 21 7 24 15 10 11 14 18 13 20 12 19
82 0 6 1 5 16 17 9 4 2 0 22 23 8 3 21 7 24 15 10 11 14 18 13 20 12 19
81 0 6 1 5 0 17 9 4 2 16 22 23 8 3 21 7 24 15 10 11 14 18 13 20 12 19
100 0 0 9 6 16 17 24 23 5 2 22 3 4 1 21 7 15 8 10 11 14 18 13 20 12 19
99 0 9 0 6 16 17 24 23 5 2 22 3 4 1 21 7 15 8 10 11 14 18 13 20 12 19
98 0 9 6 0 16 17 24 23 5 2 22 3 4 1 21 7 15 8 10 11 14 18 13 20 12 19
97 0 9 6 16 0 17 24 23 5 2 22 3 4 1 21 7 15 8 10 11 14 18 13 20 12 19
96 0 9 6 16 2 17 24 23 5 0 22 3 4 1 21 7 15 8 10 11 14 18 13 20 12 19
95 0 9 6 16 2 17 24 23 0 5 22 3 4 1 21 7 15 8 10 11 14 18 13 20 12 19
94 0 9 6 16 2 17 24 23 1 5 22 3 4 0 21 7 15 8 10 11 14 18 13 20 12 19
93 0 9 6 16 2 17 24 23 1 5 22 3 0 4 21 7 15 8 10 11 14 18 13 20 12 19
92 0 9 6 16 2 17 24 23 1 5 22 0 3 4 21 7 15 8 10 11 14 18 13 20 12 19
91 0 9 6 16 2 17 0 23 1 5 22 24 3 4 21 7 15 8 10 11 14 18 13 20 12 19
90 0 9 6 16 2 17 23 0 1 5 22 24 3 4 21 7 15 8 10 11 14 18 13 20 12 19
89 0 9 6 16 2 17 23 1 0 5 22 24 3 4 21 7 15 8 10 11 14 18 13 20 12 19
88 0 9 6 16 2 17 23 1 4 5 22 24 3 0 21 7 15 8 10 11 14 18 13 20 12 19
87 0 9 6 16 2 17 23 1 4 5 22 24 3 10 21 7 15 8 0 11 14 18 13 20 12 19
86 0 9 6 16 2 17 23 1 4 5 22 24 3 10 21 7 15 0 8 11 14 18 13 20 12 19
85 0 9 6 16 2 17 23 1 4 5 22 24 3 10 21 7 0 15 8 11 14 18 13 20 12 19
84 0 9 6 16 2 17 23 1 4 5 22 0 3 10 21 7 24 15 8 11 14 18 13 20 12 19
83 0 9 6 16 2 17 0 1 4 5 22 23 3 10 21 7 24 15 8 11 14 18 13 20 12 19
82 0 9 6 16 2 17 1 0 4 5 22 23 3 10 21 7 24 15 8 11 14 18 13 20 12 19
81 0 9 0 16 2 17 1 6 4 5 22 23 3 10 21 7 24 15 8 11 14 18 13 20 12 19
80 0 0 9 16 2 17 1 6 4 5 22 23 3 10 21 7 24 15 8 11 14 18 13 20 12 19
79 0 1 9 16 2 17 0 6 4 5 22 23 3 10 21 7 24 15 8 11 14 18 13 20 12 19
78 0 1 9 16 2 17 6 0 4 5 22 23 3 10 21 7 24 15 8 11 14 18 13 20 12 19
77 0 1 0 16 2 17 6 9 4 5 22 23 3 10 21 7 24 15 8 11 14 18 13 20 12 19
76 0 1 16 0 2 17 6 9 4 5 22 23 3 10 21 7 24 15 8 11 14 18 13 20 12 19
75 0 1 16 2 0 17 6 9 4 5 22 23 3 10 21 7 24 15 8 11 14 18 13 20 12 19
74 0 1 16 2 5 17 6 9 4 0 22 23 3 10 21 7 24 15 8 11 14 18 13 20 12 19
73 0 1 16 2 5 17 6 9 0 4 22 23 3 10 21 7 24 15 8 11 14 18 13 20 12 19
72 0 1 16 2 5 17 6 9 10 4 22 23 3 0 21 7 24 15 8 11 14 18 13 20 12 19
71 0 1 16 2 5 17 6 9 10 4 22 23 3 21 0 7 24 15 8 11 14 18 13 20 12 19
70 0 1 16 2 5 17 6 9 10 4 22 23 3 21 7 0 24 15 8 11 14 18 13 20 12 19
69 0 1 16 2 5 17 6 9 10 4 0 23 3 21 7 22 24 15 8 11 14 18 13 20 12 19
68 0 1 16 2 5 0 6 9 10 4 17 23 3 21 7 22 24 15 8 11 14 18 13 20 12 19
67 0 1 16 2 0 5 6 9 10 4 17 23 3 21 7 22 24 15 8 11 14 18 13 20 12 19
66 0 1 16 2 4 5 6 9 10 0 17 23 3 21 7 22 24 15 8 11 14 18 13 20 12 19
65 0 1 16 2 4 5 6 9 0 10 17 23 3 21 7 22 24 15 8 11 14 18 13 20 12 19
64 0 1 16 2 4 5 6 0 9 10 17 23 3 21 7 22 24 15 8 11 14 18 13 20 12 19
63 0 1 16 2 4 5 6 3 9 10 17 23 0 21 7 22 24 15 8 11 14 18 13 20 12 19
62 0 1 16 2 4 5 6 3 9 10 17 23 21 0 7 22 24 15 8 11 14 18 13 20 12 19
61 0 1 16 2 4 5 6 3 9 10 17 23 21 7 0 22 24 15 8 11 14 18 13 20 12 19
60 0 1 16 2 4 5 6 3 9 10 17 23 21 7 22 0 24 15 8 11 14 18 13 20 12 19
59 0 1 16 2 4 5 6 3 9 10 0 23 21 7 22 17 24 15 8 11 14 18 13 20 12 19
58 0 1 16 2 4 5 6 3 9 0 10 23 21 7 22 17 24 15 8 11 14 18 13 20 12 19
57 0 1 16 2 4 5 6 3 0 9 10 23 21 7 22 17 24 15 8 11 14 18 13 20 12 19
56 0 1 16 2 4 5 6 0 3 9 10 23 21 7 22 17 24 15 8 11 14 18 13 20 12 19
55 0 1 0 2 4 5 6 16 3 9 10 23 21 7 22 17 24 15 8 11 14 18 13 20 12 19
54 0 1 2 0 4 5 6 16 3 9 10 23 21 7 22 17 24 15 8 11 14 18 13 20 12 19
53 0 1 2 3 4 5 6 16 0 9 10 23 21 7 22 17 24 15 8 11 14 18 13 20 12 19
52 0 1 2 3 4 5 6 16 7 9 10 23 21 0 22 17 24 15 8 11 14 18 13 20 12 19
51 0 1 2 3 4 5 6 16 7 9 10 23 21 8 22 17 24 15 0 11 14 18 13 20 12 19
50 0 1 2 3 4 5 6 16 7 9 10 23 21 8 22 17 24 15 11 0 14 18 13 20 12 19
49 0 1 2 3 4 5 6 16 7 9 10 23 21 8 22 17 24 15 11 12 14 18 13 20 0 19
48 0 1 2 3 4 5 6 16 7 9 10 23 21 8 22 17 24 15 11 12 14 18 13 0 20 19
47 0 1 2 3 4 5 6 16 7 9 10 23 21 8 22 17 24 15 11 12 14 18 0 13 20 19
46 0 1 2 3 4 5 6 16 7 9 10 23 21 8 22 17 24 15 11 12 14 0 18 13 20 19
45 0 1 2 3 4 5 6 16 7 9 10 23 21 8 22 17 0 15 11 12 14 24 18 13 20 19
44 0 1 2 3 4 5 6 16 7 9 10 0 21 8 22 17 23 15 11 12 14 24 18 13 20 19
43 0 1 2 3 4 5 6 16 7 9 10 21 0 8 22 17 23 15 11 12 14 24 18 13 20 19
42 0 1 2 3 4 5 6 0 7 9 10 21 16 8 22 17 23 15 11 12 14 24 18 13 20 19
41 0 1 2 3 4 5 6 7 0 9 10 21 16 8 22 17 23 15 11 12 14 24 18 13 20 19
40 0 1 2 3 4 5 6 7 8 9 10 21 16 0 22 17 23 15 11 12 14 24 18 13 20 19
39 0 1 2 3 4 5 6 7 8 9 10 21 16 11 22 17 23 15 0 12 14 24 18 13 20 19
38 0 1 2 3 4 5 6 7 8 9 10 21 16 11 22 17 23 0 15 12 14 24 18 13 20 19
37 0 1 2 3 4 5 6 7 8 9 10 21 16 11 22 17 0 23 15 12 14 24 18 13 20 19
36 0 1 2 3 4 5 6 7 8 9 10 0 16 11 22 17 21 23 15 12 14 24 18 13 20 19
35 0 1 2 3 4 5 6 7 8 9 10 16 0 11 22 17 21 23 15 12 14 24 18 13 20 19
34 0 1 2 3 4 5 6 7 8 9 10 16 11 0 22 17 21 23 15 12 14 24 18 13 20 19
33 0 1 2 3 4 5 6 7 8 9 10 16 11 15 22 17 21 23 0 12 14 24 18 13 20 19
32 0 1 2 3 4 5 6 7 8 9 10 16 11 15 22 17 21 23 12 0 14 24 18 13 20 19
31 0 1 2 3 4 5 6 7 8 9 10 16 11 15 0 17 21 23 12 22 14 24 18 13 20 19
30 0 1 2 3 4 5 6 7 8 9 10 16 11 0 15 17 21 23 12 22 14 24 18 13 20 19
100 0 0 9 6 16 17 24 23 5 2 22 8 4 1 21 7 15 10 3 11 14 18 13 20 12 19
99 0 9 0 6 16 17 24 23 5 2 22 8 4 1 21 7 15 10 3 11 14 18 13 20 12 19
98 0 9 6 0 16 17 24 23 5 2 22 8 4 1 21 7 15 10 3 11 14 18 13 20 12 19
97 0 9 6 5 16 17 24 23 0 2 22 8 4 1 21 7 15 10 3 11 14 18 13 20 12 19
96 0 9 6 5 16 17 24 23 1 2 22 8 4 0 21 7 15 10 3 11 14 18 13 20 12 19
95 0 9 6 5 16 17 24 23 1 2 22 8 0 4 21 7 15 10 3 11 14 18 13 20 12 19
94 0 9 6 5 16 17 24 23 1 2 22 0 8 4 21 7 15 10 3 11 14 18 13 20 12 19
93 0 9 6 5 16 17 0 23 1 2 22 24 8 4 21 7 15 10 3 11 14 18 13 20 12 19
92 0 9 6 5 16 17 23 0 1 2 22 24 8 4 21 7 15 10 3 11 14 18 13 20 12 19
91 0 9 6 5 16 17 23 1 0 2 22 24 8 4 21 7 15 10 3 11 14 18 13 20 12 19
90 0 9 6 5 16 17 23 1 2 0 22 24 8 4 21 7 15 10 3 11 14 18 13 20 12 19
89 0 9 6 5 0 17 23 1 2 16 22 24 8 4 21 7 15 10 3 11 14 18 13 20 12 19
88 0 9 6 0 5 17 23 1 2 16 22 24 8 4 21 7 15 10 3 11 14 18 13 20 12 19
87 0 9 6 2 5 17 23 1 0 16 22 24 8 4 21 7 15 10 3 11 14 18 13 20 12 19
86 0 9 6 2 5 17 23 1 4 16 22 24 8 0 21 7 15 10 3 11 14 18 13 20 12 19
85 0 9 6 2 5 17 23 1 4 16 22 24 8 3 21 7 15 10 0 11 14 18 13 20 12 19
84 0 9 6 2 5 17 23 1 4 16 22 24 8 3 21 7 15 0 10 11 14 18 13 20 12 19
83 0 9 6 2 5 17 23 1 4 16 22 24 8 3 21 7 0 15 10 11 14 18 13 20 12 19
82 0 9 6 2 5 17 23 1 4 16 22 0 8 3 21 7 24 15 10 11 14 18 13 20 12 19
81 0 9 6 2 5 17 0 1 4 16 22 23 8 3 21 7 24 15 10 11 14 18 13 20 12 19
80 0 9 6 2 5 17 1 0 4 16 22 23 8 3 21 7 24 15 10 11 14 18 13 20 12 19
79 0 9 0 2 5 17 1 6 4 16 22 23 8 3 21 7 24 15 10 11 14 18 13 20 12 19
78 0 0 9 2 5 17 1 6 4 16 22 23 8 3 21 7 24 15 10 11 14 18 13 20 12 19
77 0 1 9 2 5 17 0 6 4 16 22 23 8 3 21 7 24 15 10 11 14 18 13 20 12 19
76 0 1 9 2 5 17 6 0 4 16 22 23 8 3 21 7 24 15 10 11 14 18 13 20 12 19
100 0 0 9 6 17 22 23 4 5 21 16 24 3 1 2 7 15 8 10 11 14 18 13 20 12 19
99 0 9 0 6 17 22 23 4 5 21 16 24 3 1 2 7 15 8 10 11 14 18 13 20 12 19
98 0 9 6 0 17 22 23 4 5 21 16 24 3 1 2 7 15 8 10 11 14 18 13 20 12 19
97 0 9 6 5 17 22 23 4 0 21 16 24 3 1 2 7 15 8 10 11 14 18 13 20 12 19
96 0 9 6 5 17 22 23 0 4 21 16 24 3 1 2 7 15 8 10 11 14 18 13 20 12 19
95 0 9 6 5 17 22 23 3 4 21 16 24 0 1 2 7 15 8 10 11 14 18 13 20 12 19
94 0 9 6 5 17 22 23 3 4 21 16 24 1 0 2 7 15 8 10 11 14 18 13 20 12 19
93 0 9 6 5 17 22 23 3 4 21 16 24 1 2 0 7 15 8 10 11 14 18 13 20 12 19
92 0 9 6 5 17 22 23 3 4 0 16 24 1 2 21 7 15 8 10 11 14 18 13 20 12 19
91 0 9 6 5 17 22 23 3 4 16 0 24 1 2 21 7 15 8 10 11 14 18 13 20 12 19
90 0 9 6 5 17 0 23 3 4 16 22 24 1 2 21 7 15 8 10 11 14 18 13 20 12 19
100 0 0 9 6 17 22 23 4 5 21 16 24 8 1 2 7 15 10 3 11 14 18 13 20 12 19
99 0 9 0 6 17 22 23 4 5 21 16 24 8 1 2 7 15 10 3 11 14 18 13 20 12 19
98 0 9 6 0 17 22 23 4 5 21 16 24 8 1 2 7 15 10 3 11 14 18 13 20 12 19
97 0 9 6 5 17 22 23 4 0 21 16 24 8 1 2 7 15 10 3 11 14 18 13 20 12 19
96 0 9 6 5 17 22 23 4 1 21 16 24 8 0 2 7 15 10 3 11 14 18 13 20 12 19
95 0 9 6 5 17 22 23 4 1 21 16 24 8 2 0 7 15 10 3 11 14 18 13 20 12 19
94 0 9 6 5 17 22 23 4 1 0 16 24 8 2 21 7 15 10 3 11 14 18 13 20 12 19
93 0 9 6 5 17 22 23 4 1 16 0 24 8 2 21 7 15 10 3 11 14 18 13 20 12 19
92 0 9 6 5 17 0 23 4 1 16 22 24 8 2 21 7 15 10 3 11 14 18 13 20 12 19
100 0 0 10 6 16 17 23 4 5 22 21 24 3 1 2 7 15 8 9 11 14 18 13 20 12 19
99 0 10 0 6 16 17 23 4 5 22 21 24 3 1 2 7 15 8 9 11 14 18 13 20 12 19
98 0 10 6 0 16 17 23 4 5 22 21 24 3 1 2 7 15 8 9 11 14 18 13 20 12 19
97 0 10 6 5 16 17 23 4 0 22 21 24 3 1 2 7 15 8 9 11 14 18 13 20 12 19
96 0 10 6 5 16 17 23 4 1 22 21 24 3 0 2 7 15 8 9 11 14 18 13 20 12 19
95 0 10 6 5 16 17 23 4 1 22 21 24 3 2 0 7 15 8 9 11 14 18 13 20 12 19
94 0 10 6 5 16 17 23 4 1 22 21 24 3 2 7 0 15 8 9 11 14 18 13 20 12 19
93 0 10 6 5 16 17 23 4 1 22 0 24 3 2 7 21 15 8 9 11 14 18 13 20 12 19
92 0 10 6 5 16 17 23 4 1 0 22 24 3 2 7 21 15 8 9 11 14 18 13 20 12 19
91 0 10 6 5 0 17 23 4 1 16 22 24 3 2 7 21 15 8 9 11 14 18 13 20 12 19
90 0 10 6 0 5 17 23 4 1 16 22 24 3 2 7 21 15 8 9 11 14 18 13 20 12 19
89 0 10 6 1 5 17 23 4 0 16 22 24 3 2 7 21 15 8 9 11 14 18 13 20 12 19
88 0 10 6 1 5 17 23 4 2 16 22 24 3 0 7 21 15 8 9 11 14 18 13 20 12 19
87 0 10 6 1 5 17 23 4 2 16 22 24 0 3 7 21 15 8 9 11 14 18 13 20 12 19
86 0 10 6 1 5 17 23 4 2 16 22 24 8 3 7 21 15 0 9 11 14 18 13 20 12 19
85 0 10 6 1 5 17 23 4 2 16 22 24 8 3 7 21 0 15 9 11 14 18 13 20 12 19
84 0 10 6 1 5 17 23 4 2 16 22 0 8 3 7 21 24 15 9 11 14 18 13 20 12 19
83 0 10 6 1 5 17 0 4 2 16 22 23 8 3 7 21 24 15 9 11 14 18 13 20 12 19
82 0 0 6 1 5 17 10 4 2 16 22 23 8 3 7 21 24 15 9 11 14 18 13 20 12 19
81 0 6 0 1 5 17 10 4 2 16 22 23 8 3 7 21 24 15 9 11 14 18 13 20 12 19
80 0 6 1 0 5 17 10 4 2 16 22 23 8 3 7 21 24 15 9 11 14 18 13 20 12 19
79 0 6 1 2 5 17 10 4 0 16 22 23 8 3 7 21 24 15 9 11 14 18 13 20 12 19
78 0 6 1 2 5 17 10 0 4 16 22 23 8 3 7 21 24 15 9 11 14 18 13 20 12 19
77 0 6 1 2 5 17 0 10 4 16 22 23 8 3 7 21 24 15 9 11 14 18 13 20 12 19
76 0 0 1 2 5 17 6 10 4 16 22 23 8 3 7 21 24 15 9 11 14 18 13 20 12 19
75 0 1 0 2 5 17 6 10 4 16 22 23 8 3 7 21 24 15 9 11 14 18 13 20 12 19
74 0 1 2 0 5 17 6 10 4 16 22 23 8 3 7 21 24 15 9 11 14 18 13 20 12 19
73 0 1 2 4 5 17 6 10 0 16 22 23 8 3 7 21 24 15 9 11 14 18 13 20 12 19
72 0 1 2 4 5 17 6 10 3 16 22 23 8 0 7 21 24 15 9 11 14 18 13 20 12 19
71 0 1 2 4 5 17 6 10 3 16 22 23 8 7 0 21 24 15 9 11 14 18 13 20 12 19
70 0 1 2 4 5 17 6 10 3 16 22 23 8 7 21 0 24 15 9 11 14 18 13 20 12 19
69 0 1 2 4 5 17 6 10 3 16 0 23 8 7 21 22 24 15 9 11 14 18 13 20 12 19
68 0 1 2 4 5 0 6 10 3 16 17 23 8 7 21 22 24 15 9 11 14 18 13 20 12 19
67 0 1 2 4 0 5 6 10 3 16 17 23 8 7 21 22 24 15 9 11 14 18 13 20 12 19
66 0 1 2 0 4 5 6 10 3 16 17 23 8 7 21 22 24 15 9 11 14 18 13 20 12 19
65 0 1 2 3 4 5 6 10 0 16 17 23 8 7 21 22 24 15 9 11 14 18 13 20 12 19
64 0 1 2 3 4 5 6 0 10 16 17 23 8 7 21 22 24 15 9 11 14 18 13 20 12 19
63 0 1 2 3 4 5 6 8 10 16 17 23 0 7 21 22 24 15 9 11 14 18 13 20 12 19
62 0 1 2 3 4 5 6 8 10 16 17 23 7 0 21 22 24 15 9 11 14 18 13 20 12 19
61 0 1 2 3 4 5 6 8 10 16 17 23 7 9 21 22 24 15 0 11 14 18 13 20 12 19
60 0 1 2 3 4 5 6 8 10 16 17 23 7 9 21 22 24 15 11 0 14 18 13 20 12 19
59 0 1 2 3 4 5 6 8 10 16 17 23 7 9 0 22 24 15 11 21 14 18 13 20 12 19
58 0 1 2 3 4 5 6 8 10 0 17 23 7 9 16 22 24 15 11 21 14 18 13 20 12 19
57 0 1 2 3 4 5 6 8 0 10 17 23 7 9 16 22 24 15 11 21 14 18 13 20 12 19
100 0 0 10 6 16 17 23 4 5 22 21 24 8 1 2 7 15 9 3 11 14 18 13 20 12 19
99 0 10 0 6 16 17 23 4 5 22 21 24 8 1 2 7 15 9 3 11 14 18 13 20 12 19
98 0 10 6 0 16 17 23 4 5 22 21 24 8 1 2 7 15 9 3 11 14 18 13 20 12 19
97 0 10 6 5 16 17 23 4 0 22 21 24 8 1 2 7 15 9 3 11 14 18 13 20 12 19
96 0 10 6 5 16 17 23 4 1 22 21 24 8 0 2 7 15 9 3 11 14 18 13 20 12 19
95 0 10 6 5 16 17 23 4 1 22 21 24 8 2 0 7 15 9 3 11 14 18 13 20 12 19
94 0 10 6 5 16 17 23 4 1 22 21 24 8 2 7 0 15 9 3 11 14 18 13 20 12 19
93 0 10 6 5 16 17 23 4 1 22 0 24 8 2 7 21 15 9 3 11 14 18 13 20 12 19
92 0 10 6 5 16 17 23 4 1 0 22 24 8 2 7 21 15 9 3 11 14 18 13 20 12 19
91 0 10 6 5 0 17 23 4 1 16 22 24 8 2 7 21 15 9 3 11 14 18 13 20 12 19
90 0 10 6 0 5 17 23 4 1 16 22 24 8 2 7 21 15 9 3 11 14 18 13 20 12 19
89 0 10 6 1 5 17 23 4 0 16 22 24 8 2 7 21 15 9 3 11 14 18 13 20 12 19
88 0 10 6 1 5 17 23 4 2 16 22 24 8 0 7 21 15 9 3 11 14 18 13 20 12 19
87 0 10 6 1 5 17 23 4 2 16 22 24 8 3 7 21 15 9 0 11 14 18 13 20 12 19
100 0 0 10 6 16 17 23 24 1 2 22 3 4 5 7 21 15 8 9 11 14 18 13 20 12 19
99 0 23 10 6 16 17 0 24 1 2 22 3 4 5 7 21 15 8 9 11 14 18 13 20 12 19
98 0 23 10 6 16 17 24 0 1 2 22 3 4 5 7 21 15 8 9 11 14 18 13 20 12 19
97 0 23 0 6 16 17 24 10 1 2 22 3 4 5 7 21 15 8 9 11 14 18 13 20 12 19
96 0 23 6 0 16 17 24 10 1 2 22 3 4 5 7 21 15 8 9 11 14 18 13 20 12 19
95 0 23 6 1 16 17 24 10 0 2 22 3 4 5 7 21 15 8 9 11 14 18 13 20 12 19
94 0 23 6 1 16 17 24 10 5 2 22 3 4 0 7 21 15 8 9 11 14 18 13 20 12 19
93 0 23 6 1 16 17 24 10 5 2 22 3 0 4 7 21 15 8 9 11 14 18 13 20 12 19
92 0 23 6 1 16 17 24 10 5 2 22 0 3 4 7 21 15 8 9 11 14 18 13 20 12 19
91 0 23 6 1 16 17 0 10 5 2 22 24 3 4 7 21 15 8 9 11 14 18 13 20 12 19
90 0 0 6 1 16 17 23 10 5 2 22 24 3 4 7 21 15 8 9 11 14 18 13 20 12 19
89 0 6 0 1 16 17 23 10 5 2 22 24 3 4 7 21 15 8 9 11 14 18 13 20 12 19
88 0 6 1 0 16 17 23 10 5 2 22 24 3 4 7 21 15 8 9 11 14 18 13 20 12 19
87 0 6 1 5 16 17 23 10 0 2 22 24 3 4 7 21 15 8 9 11 14 18 13 20 12 19
86 0 6 1 5 16 17 23 10 2 0 22 24 3 4 7 21 15 8 9 11 14 18 13 20 12 19
85 0 6 1 5 0 17 23 10 2 16 22 24 3 4 7 21 15 8 9 11 14 18 13 20 12 19
84 0 6 1 0 5 17 23 10 2 16 22 24 3 4 7 21 15 8 9 11 14 18 13 20 12 19
83 0 6 1 2 5 17 23 10 0 16 22 24 3 4 7 21 15 8 9 11 14 18 13 20 12 19
82 0 6 1 2 5 17 23 10 4 16 22 24 3 0 7 21 15 8 9 11 14 18 13 20 12 19
81 0 6 1 2 5 17 23 10 4 16 22 24 0 3 7 21 15 8 9 11 14 18 13 20 12 19
80 0 6 1 2 5 17 23 10 4 16 22 24 8 3 7 21 15 0 9 11 14 18 13 20 12 19
79 0 6 1 2 5 17 23 10 4 16 22 24 8 3 7 21 0 15 9 11 14 18 13 20 12 19
78 0 6 1 2 5 17 23 10 4 16 22 0 8 3 7 21 24 15 9 11 14 18 13 20 12 19
100 0 0 10 6 16 17 23 24 1 2 22 8 4 5 7 21 15 9 3 11 14 18 13 20 12 19
99 0 23 10 6 16 17 0 24 1 2 22 8 4 5 7 21 15 9 3 11 14 18 13 20 12 19
98 0 23 10 6 16 17 24 0 1 2 22 8 4 5 7 21 15 9 3 11 14 18 13 20 12 19
97 0 23 0 6 16 17 24 10 1 2 22 8 4 5 7 21 15 9 3 11 14 18 13 20 12 19
96 0 23 6 0 16 17 24 10 1 2 22 8 4 5 7 21 15 9 3 11 14 18 13 20 12 19
95 0 23 6 1 16 17 24 10 0 2 22 8 4 5 7 21 15 9 3 11 14 18 13 20 12 19
94 0 23 6 1 16 17 24 10 5 2 22 8 4 0 7 21 15 9 3 11 14 18 13 20 12 19
93 0 23 6 1 16 17 24 10 5 2 22 8 0 4 7 21 15 9 3 11 14 18 13 20 12 19
92 0 23 6 1 16 17 24 10 5 2 22 0 8 4 7 21 15 9 3 11 14 18 13 20 12 19
91 0 23 6 1 16 17 0 10 5 2 22 24 8 4 7 21 15 9 3 11 14 18 13 20 12 19
90 0 0 6 1 16 17 23 10 5 2 22 24 8 4 7 21 15 9 3 11 14 18 13 20 12 19
89 0 6 0 1 16 17 23 10 5 2 22 24 8 4 7 21 15 9 3 11 14 18 13 20 12 19
88 0 6 1 0 16 17 23 10 5 2 22 24 8 4 7 21 15 9 3 11 14 18 13 20 12 19
87 0 6 1 5 16 17 23 10 0 2 22 24 8 4 7 21 15 9 3 11 14 18 13 20 12 19
86 0 6 1 5 16 17 23 10 2 0 22 24 8 4 7 21 15 9 3 11 14 18 13 20 12 19
85 0 6 1 5 0 17 23 10 2 16 22 24 8 4 7 21 15 9 3 11 14 18 13 20 12 19
84 0 6 1 0 5 17 23 10 2 16 22 24 8 4 7 21 15 9 3 11 14 18 13 20 12 19
83 0 6 1 2 5 17 23 10 0 16 22 24 8 4 7 21 15 9 3 11 14 18 13 20 12 19
82 0 6 1 2 5 17 23 10 4 16 22 24 8 0 7 21 15 9 3 11 14 18 13 20 12 19
81 0 6 1 2 5 17 23 10 4 16 22 24 8 3 7 21 15 9 0 11 14 18 13 20 12 19
100 0 0 10 6 16 17 23 24 5 1 22 3 4 2 7 21 15 8 9 11 14 18 13 20 12 19
99 0 23 10 6 16 17 0 24 5 1 22 3 4 2 7 21 15 8 9 11 14 18 13 20 12 19
98 0 23 10 6 16 17 24 0 5 1 22 3 4 2 7 21 15 8 9 11 14 18 13 20 12 19
97 0 23 0 6 16 17 24 10 5 1 22 3 4 2 7 21 15 8 9 11 14 18 13 20 12 19
96 0 23 6 0 16 17 24 10 5 1 22 3 4 2 7 21 15 8 9 11 14 18 13 20 12 19
95 0 23 6 5 16 17 24 10 0 1 22 3 4 2 7 21 15 8 9 11 14 18 13 20 12 19
94 0 23 6 5 16 17 24 10 1 0 22 3 4 2 7 21 15 8 9 11 14 18 13 20 12 19
93 0 23 6 5 0 17 24 10 1 16 22 3 4 2 7 21 15 8 9 11 14 18 13 20 12 19
92 0 23 6 0 5 17 24 10 1 16 22 3 4 2 7 21 15 8 9 11 14 18 13 20 12 19
91 0 23 6 1 5 17 24 10 0 16 22 3 4 2 7 21 15 8 9 11 14 18 13 20 12 19
90 0 23 6 1 5 17 24 10 2 16 22 3 4 0 7 21 15 8 9 11 14 18 13 20 12 19
89 0 23 6 1 5 17 24 10 2 16 22 3 0 4 7 21 15 8 9 11 14 18 13 20 12 19
88 0 23 6 1 5 17 24 10 2 16 22 0 3 4 7 21 15 8 9 11 14 18 13 20 12 19
87 0 23 6 1 5 17 0 10 2 16 22 24 3 4 7 21 15 8 9 11 14 18 13 20 12 19
86 0 0 6 1 5 17 23 10 2 16 22 24 3 4 7 21 15 8 9 11 14 18 13 20 12 19
85 0 6 0 1 5 17 23 10 2 16 22 24 3 4 7 21 15 8 9 11 14 18 13 20 12 19
100 0 0 10 6 16 17 23 24 5 1 22 8 4 2 7 21 15 9 3 11 14 18 13 20 12 19
99 0 23 10 6 16 17 0 24 5 1 22 8 4 2 7 21 15 9 3 11 14 18 13 20 12 19
98 0 23 10 6 16 17 24 0 5 1 22 8 4 2 7 21 15 9 3 11 14 18 13 20 12 19
97 0 23 0 6 16 17 24 10 5 1 22 8 4 2 7 21 15 9 3 11 14 18 13 20 12 19
96 0 23 6 0 16 17 24 10 5 1 22 8 4 2 7 21 15 9 3 11 14 18 13 20 12 19
95 0 23 6 5 16 17 24 10 0 1 22 8 4 2 7 21 15 9 3 11 14 18 13 20 12 19
94 0 23 6 5 16 17 24 10 1 0 22 8 4 2 7 21 15 9 3 11 14 18 13 20 12 19
93 0 23 6 5 0 17 24 10 1 16 22 8 4 2 7 21 15 9 3 11 14 18 13 20 12 19
92 0 23 6 0 5 17 24 10 1 16 22 8 4 2 7 21 15 9 3 11 14 18 13 20 12 19
91 0 23 6 1 5 17 24 10 0 16 22 8 4 2 7 21 15 9 3 11 14 18 13 20 12 19
90 0 23 6 1 5 17 24 10 2 16 22 8 4 0 7 21 15 9 3 11 14 18 13 20 12 19
89 0 23 6 1 5 17 24 10 2 16 22 8 0 4 7 21 15 9 3 11 14 18 13 20 12 19
88 0 23 6 1 5 17 24 10 2 16 22 0 8 4 7 21 15 9 3 11 14 18 13 20 12 19
87 0 23 6 1 5 17 0 10 2 16 22 24 8 4 7 21 15 9 3 11 14 18 13 20 12 19
86 0 0 6 1 5 17 23 10 2 16 22 24 8 4 7 21 15 9 3 11 14 18 13 20 12 19
85 0 6 0 1 5 17 23 10 2 16 22 24 8 4 7 21 15 9 3 11 14 18 13 20 12 19
100 0 0 10 6 16 17 24 23 1 2 22 4 3 5 7 21 15 8 9 11 14 18 13 20 12 19
99 0 10 0 6 16 17 24 23 1 2 22 4 3 5 7 21 15 8 9 11 14 18 13 20 12 19
98 0 10 6 0 16 17 24 23 1 2 22 4 3 5 7 21 15 8 9 11 14 18 13 20 12 19
97 0 10 6 1 16 17 24 23 0 2 22 4 3 5 7 21 15 8 9 11 14 18 13 20 12 19
96 0 10 6 1 16 17 24 23 5 2 22 4 3 0 7 21 15 8 9 11 14 18 13 20 12 19
95 0 10 6 1 16 17 24 23 5 2 22 4 0 3 7 21 15 8 9 11 14 18 13 20 12 19
94 0 10 6 1 16 17 24 23 5 2 22 0 4 3 7 21 15 8 9 11 14 18 13 20 12 19
93 0 10 6 1 16 17 0 23 5 2 22 24 4 3 7 21 15 8 9 11 14 18 13 20 12 19
92 0 10 6 1 16 17 23 0 5 2 22 24 4 3 7 21 15 8 9 11 14 18 13 20 12 19
91 0 10 6 1 16 17 23 4 5 2 22 24 0 3 7 21 15 8 9 11 14 18 13 20 12 19
90 0 10 6 1 16 17 23 4 5 2 22 24 8 3 7 21 15 0 9 11 14 18 13 20 12 19
89 0 10 6 1 16 17 23 4 5 2 22 24 8 3 7 21 0 15 9 11 14 18 13 20 12 19
88 0 10 6 1 16 17 23 4 5 2 22 0 8 3 7 21 24 15 9 11 14 18 13 20 12 19
87 0 10 6 1 16 17 0 4 5 2 22 23 8 3 7 21 24 15 9 11 14 18 13 20 12 19
86 0 0 6 1 16 17 10 4 5 2 22 23 8 3 7 21 24 15 9 11 14 18 13 20 12 19
85 0 6 0 1 16 17 10 4 5 2 22 23 8 3 7 21 24 15 9 11 14 18 13 20 12 19
84 0 6 1 0 16 17 10 4 5 2 22 23 8 3 7 21 24 15 9 11 14 18 13 20 12 19
83 0 6 1 5 16 17 10 4 0 2 22 23 8 3 7 21 24 15 9 11 14 18 13 20 12 19
82 0 6 1 5 16 17 10 4 2 0 22 23 8 3 7 21 24 15 9 11 14 18 13 20 12 19
81 0 6 1 5 0 17 10 4 2 16 22 23 8 3 7 21 24 15 9 11 14 18 13 20 12 19
100 0 0 10 6 16 17 24 23 5 2 22 3 4 1 7 21 15 8 9 11 14 18 13 20 12 19
99 0 10 0 6 16 17 24 23 5 2 22 3 4 1 7 21 15 8 9 11 14 18 13 20 12 19
98 0 10 6 0 16 17 24 23 5 2 22 3 4 1 7 21 15 8 9 11 14 18 13 20 12 19
97 0 10 6 5 16 17 24 23 0 2 22 3 4 1 7 21 15 8 9 11 14 18 13 20 12 19
96 0 10 6 5 16 17 24 23 1 2 22 3 4 0 7 21 15 8 9 11 14 18 13 20 12 19
95 0 10 6 5 16 17 24 23 1 2 22 3 0 4 7 21 15 8 9 11 14 18 13 20 12 19
94 0 10 6 5 16 17 24 23 1 2 22 0 3 4 7 21 15 8 9 11 14 18 13 20 12 19
93 0 10 6 5 16 17 0 23 1 2 22 24 3 4 7 21 15 8 9 11 14 18 13 20 12 19
92 0 10 6 5 16 17 23 0 1 2 22 24 3 4 7 21 15 8 9 11 14 18 13 20 12 19
91 0 10 6 5 16 17 23 1 0 2 22 24 3 4 7 21 15 8 9 11 14 18 13 20 12 19
90 0 10 6 5 16 17 23 1 2 0 22 24 3 4 7 21 15 8 9 11 14 18 13 20 12 19
89 0 10 6 5 0 17 23 1 2 16 22 24 3 4 7 21 15 8 9 11 14 18 13 20 12 19
88 0 10 6 0 5 17 23 1 2 16 22 24 3 4 7 21 15 8 9 11 14 18 13 20 12 19
87 0 10 6 2 5 17 23 1 0 16 22 24 3 4 7 21 15 8 9 11 14 18 13 20 12 19
86 0 10 6 2 5 17 23 1 4 16 22 24 3 0 7 21 15 8 9 11 14 18 13 20 12 19
85 0 10 6 2 5 17 23 1 4 16 22 24 0 3 7 21 15 8 9 11 14 18 13 20 12 19
84 0 10 6 2 5 17 23 1 4 16 22 24 8 3 7 21 15 0 9 11 14 18 13 20 12 19
83 0 10 6 2 5 17 23 1 4 16 22 24 8 3 7 21 0 15 9 11 14 18 13 20 12 19
82 0 10 6 2 5 17 23 1 4 16 22 0 8 3 7 21 24 15 9 11 14 18 13 20 12 19
81 0 10 6 2 5 17 0 1 4 16 22 23 8 3 7 21 24 15 9 11 14 18 13 20 12 19
80 0 0 6 2 5 17 10 1 4 16 22 23 8 3 7 21 24 15 9 11 14 18 13 20 12 19
79 0 6 0 2 5 17 10 1 4 16 22 23 8 3 7 21 24 15 9 11 14 18 13 20 12 19
100 0 0 10 6 16 17 24 23 5 2 22 8 4 1 7 21 15 9 3 11 14 18 13 20 12 19
99 0 10 0 6 16 17 24 23 5 2 22 8 4 1 7 21 15 9 3 11 14 18 13 20 12 19
98 0 10 6 0 16 17 24 23 5 2 22 8 4 1 7 21 15 9 3 11 14 18 13 20 12 19
97 0 10 6 5 16 17 24 23 0 2 22 8 4 1 7 21 15 9 3 11 14 18 13 20 12 19
96 0 10 6 5 16 17 24 23 1 2 22 8 4 0 7 21 15 9 3 11 14 18 13 20 12 19
95 0 10 6 5 16 17 24 23 1 2 22 8 0 4 7 21 15 9 3 11 14 18 13 20 12 19
94 0 10 6 5 16 17 24 23 1 2 22 0 8 4 7 21 15 9 3 11 14 18 13 20 12 19
93 0 10 6 5 16 17 0 23 1 2 22 24 8 4 7 21 15 9 3 11 14 18 13 20 12 19
92 0 10 6 5 16 17 23 0 1 2 22 24 8 4 7 21 15 9 3 11 14 18 13 20 12 19
91 0 10 6 5 16 17 23 1 0 2 22 24 8 4 7 21 15 9 3 11 14 18 13 20 12 19
90 0 10 6 5 16 17 23 1 2 0 22 24 8 4 7 21 15 9 3 11 14 18 13 20 12 19
89 0 10 6 5 0 17 23 1 2 16 22 24 8 4 7 21 15 9 3 11 14 18 13 20 12 19
88 0 10 6 0 5 17 23 1 2 16 22 24 8 4 7 21 15 9 3 11 14 18 13 20 12 19
87 0 10 6 2 5 17 23 1 0 16 22 24 8 4 7 21 15 9 3 11 14 18 13 20 12 19
86 0 10 6 2 5 17 23 1 4 16 22 24 8 0 7 21 15 9 3 11 14 18 13 20 12 19
85 0 10 6 2 5 17 23 1 4 16 22 24 8 3 7 21 15 9 0 11 14 18 13 20 12 19
100 0 0 10 6 17 16 23 4 5 21 22 24 3 1 2 7 15 8 9 11 14 18 13 20 12 19
99 0 10 0 6 17 16 23 4 5 21 22 24 3 1 2 7 15 8 9 11 14 18 13 20 12 19
98 0 10 6 0 17 16 23 4 5 21 22 24 3 1 2 7 15 8 9 11 14 18 13 20 12 19
97 0 10 6 5 17 16 23 4 0 21 22 24 3 1 2 7 15 8 9 11 14 18 13 20 12 19
96 0 10 6 5 17 16 23 4 1 21 22 24 3 0 2 7 15 8 9 11 14 18 13 20 12 19
95 0 10 6 5 17 16 23 4 1 21 22 24 3 2 0 7 15 8 9 11 14 18 13 20 12 19
94 0 10 6 5 17 16 23 4 1 21 22 24 3 2 7 0 15 8 9 11 14 18 13 20 12 19
93 0 10 6 5 17 16 23 4 1 21 0 24 3 2 7 22 15 8 9 11 14 18 13 20 12 19
92 0 10 6 5 17 0 23 4 1 21 16 24 3 2 7 22 15 8 9 11 14 18 13 20 12 19
91 0 10 6 5 0 17 23 4 1 21 16 24 3 2 7 22 15 8 9 11 14 18 13 20 12 19
90 0 10 6 0 5 17 23 4 1 21 16 24 3 2 7 22 15 8 9 11 14 18 13 20 12 19
89 0 10 6 1 5 17 23 4 0 21 16 24 3 2 7 22 15 8 9 11 14 18 13 20 12 19
88 0 10 6 1 5 17 23 4 2 21 16 24 3 0 7 22 15 8 9 11 14 18 13 20 12 19
87 0 10 6 1 5 17 23 4 2 21 16 24 0 3 7 22 15 8 9 11 14 18 13 20 12 19
86 0 10 6 1 5 17 23 4 2 21 16 24 8 3 7 22 15 0 9 11 14 18 13 20 12 19
85 0 10 6 1 5 17 23 4 2 21 16 24 8 3 7 22 0 15 9 11 14 18 13 20 12 19
84 0 10 6 1 5 17 23 4 2 21 16 0 8 3 7 22 24 15 9 11 14 18 13 20 12 19
83 0 10 6 1 5 17 0 4 2 21 16 23 8 3 7 22 24 15 9 11 14 18 13 20 12 19
82 0 0 6 1 5 17 10 4 2 21 16 23 8 3 7 22 24 15 9 11 14 18 13 20 12 19
81 0 6 0 1 5 17 10 4 2 21 16 23 8 3 7 22 24 15 9 11 14 18 13 20 12 19
80 0 6 1 0 5 17 10 4 2 21 16 23 8 3 7 22 24 15 9 11 14 18 13 20 12 19
79 0 6 1 2 5 17 10 4 0 21 16 23 8 3 7 22 24 15 9 11 14 18 13 20 12 19
78 0 6 1 2 5 17 10 0 4 21 16 23 8 3 7 22 24 15 9 11 14 18 13 20 12 19
77 0 6 1 2 5 17 0 10 4 21 16 23 8 3 7 22 24 15 9 11 14 18 13 20 12 19
76 0 0 1 2 5 17 6 10 4 21 16 23 8 3 7 22 24 15 9 11 14 18 13 20 12 19
75 0 1 0 2 5 17 6 10 4 21 16 23 8 3 7 22 24 15 9 11 14 18 13 20 12 19
74 0 1 2 0 5 17 6 10 4 21 16 23 8 3 7 22 24 15 9 11 14 18 13 20 12 19
73 0 1 2 4 5 17 6 10 0 21 16 23 8 3 7 22 24 15 9 11 14 18 13 20 12 19
72 0 1 2 4 5 17 6 10 3 21 16 23 8 0 7 22 24 15 9 11 14 18 13 20 12 19
71 0 1 2 4 5 17 6 10 3 21 16 23 8 7 0 22 24 15 9 11 14 18 13 20 12 19
70 0 1 2 4 5 17 6 10 3 0 16 23 8 7 21 22 24 15 9 11 14 18 13 20 12 19
100 0 0 10 6 17 16 23 4 5 21 22 24 8 1 2 7 15 9 3 11 14 18 13 20 12 19
99 0 10 0 6 17 16 23 4 5 21 22 24 8 1 2 7 15 9 3 11 14 18 13 20 12 19
98 0 10 6 0 17 16 23 4 5 21 22 24 8 1 2 7 15 9 3 11 14 18 13 20 12 19
97 0 10 6 5 17 16 23 4 0 21 22 24 8 1 2 7 15 9 3 11 14 18 13 20 12 19
96 0 10 6 5 17 16 23 4 1 21 22 24 8 0 2 7 15 9 3 11 14 18 13 20 12 19
95 0 10 6 5 17 16 23 4 1 21 22 24 8 2 0 7 15 9 3 11 14 18 13 20 12 19
94 0 10 6 5 17 16 23 4 1 21 22 24 8 2 7 0 15 9 3 11 14 18 13 20 12 19
93 0 10 6 5 17 16 23 4 1 21 0 24 8 2 7 22 15 9 3 11 14 18 13 20 12 19
92 0 10 6 5 17 0 23 4 1 21 16 24 8 2 7 22 15 9 3 11 14 18 13 20 12 19
91 0 10 6 5 0 17 23 4 1 21 16 24 8 2 7 22 15 9 3 11 14 18 13 20 12 19
90 0 10 6 0 5 17 23 4 1 21 16 24 8 2 7 22 15 9 3 11 14 18 13 20 12 19
89 0 10 6 1 5 17 23 4 0 21 16 24 8 2 7 22 15 9 3 11 14 18 13 20 12 19
88 0 10 6 1 5 17 23 4 2 21 16 24 8 0 7 22 15 9 3 11 14 18 13 20 12 19
87 0 10 6 1 5 17 23 4 2 21 16 24 8 3 7 22 15 9 0 11 14 18 13 20 12 19
100 0 0 10 6 17 22 23 3 5 21 16 24 4 1 2 7 15 8 9 11 14 18 13 20 12 19
99 0 10 0 6 17 22 23 3 5 21 16 24 4 1 2 7 15 8 9 11 14 18 13 20 12 19
98 0 10 6 0 17 22 23 3 5 21 16 24 4 1 2 7 15 8 9 11 14 18 13 20 12 19
97 0 10 6 5 17 22 23 3 0 21 16 24 4 1 2 7 15 8 9 11 14 18 13 20 12 19
96 0 10 6 5 17 22 23 3 1 21 16 24 4 0 2 7 15 8 9 11 14 18 13 20 12 19
95 0 10 6 5 17 22 23 3 1 21 16 24 4 2 0 7 15 8 9 11 14 18 13 20 12 19
94 0 10 6 5 17 22 23 3 1 21 16 24 4 2 7 0 15 8 9 11 14 18 13 20 12 19
93 0 10 6 5 17 22 23 3 1 21 0 24 4 2 7 16 15 8 9 11 14 18 13 20 12 19
92 0 10 6 5 17 0 23 3 1 21 22 24 4 2 7 16 15 8 9 11 14 18 13 20 12 19
91 0 10 6 5 0 17 23 3 1 21 22 24 4 2 7 16 15 8 9 11 14 18 13 20 12 19
90 0 10 6 0 5 17 23 3 1 21 22 24 4 2 7 16 15 8 9 11 14 18 13 20 12 19
89 0 10 6 1 5 17 23 3 0 21 22 24 4 2 7 16 15 8 9 11 14 18 13 20 12 19
88 0 10 6 1 5 17 23 3 2 21 22 24 4 0 7 16 15 8 9 11 14 18 13 20 12 19
87 0 10 6 1 5 17 23 3 2 21 22 24 0 4 7 16 15 8 9 11 14 18 13 20 12 19
86 0 10 6 1 5 17 23 3 2 21 22 24 8 4 7 16 15 0 9 11 14 18 13 20 12 19
85 0 10 6 1 5 17 23 3 2 21 22 24 8 4 7 16 0 15 9 11 14 18 13 20 12 19
84 0 10 6 1 5 17 23 3 2 21 22 0 8 4 7 16 24 15 9 11 14 18 13 20 12 19
83 0 10 6 1 5 17 0 3 2 21 22 23 8 4 7 16 24 15 9 11 14 18 13 20 12 19
82 0 0 6 1 5 17 10 3 2 21 22 23 8 4 7 16 24 15 9 11 14 18 13 20 12 19
81 0 6 0 1 5 17 10 3 2 21 22 23 8 4 7 16 24 15 9 11 14 18 13 20 12 19
80 0 6 1 0 5 17 10 3 2 21 22 23 8 4 7 16 24 15 9 11 14 18 13 20 12 19
79 0 6 1 2 5 17 10 3 0 21 22 23 8 4 7 16 24 15 9 11 14 18 13 20 12 19
78 0 6 1 2 5 17 10 0 3 21 22 23 8 4 7 16 24 15 9 11 14 18 13 20 12 19
77 0 6 1 2 5 17 0 10 3 21 22 23 8 4 7 16 24 15 9 11 14 18 13 20 12 19
76 0 0 1 2 5 17 6 10 3 21 22 23 8 4 7 16 24 15 9 11 14 18 13 20 12 19
75 0 1 0 2 5 17 6 10 3 21 22 23 8 4 7 16 24 15 9 11 14 18 13 20 12 19
74 0 1 2 0 5 17 6 10 3 21 22 23 8 4 7 16 24 15 9 11 14 18 13 20 12 19
73 0 1 2 3 5 17 6 10 0 21 22 23 8 4 7 16 24 15 9 11 14 18 13 20 12 19
72 0 1 2 3 5 17 6 10 4 21 22 23 8 0 7 16 24 15 9 11 14 18 13 20 12 19
71 0 1 2 3 5 17 6 10 4 21 22 23 8 7 0 16 24 15 9 11 14 18 13 20 12 19
70 0 1 2 3 5 17 6 10 4 0 22 23 8 7 21 16 24 15 9 11 14 18 13 20 12 19
69 0 1 2 3 5 17 6 10 0 4 22 23 8 7 21 16 24 15 9 11 14 18 13 20 12 19
68 0 1 2 3 5 17 6 0 10 4 22 23 8 7 21 16 24 15 9 11 14 18 13 20 12 19
67 0 1 2 3 5 17 6 8 10 4 22 23 0 7 21 16 24 15 9 11 14 18 13 20 12 19
66 0 1 2 3 5 17 6 8 10 4 22 23 7 0 21 16 24 15 9 11 14 18 13 20 12 19
65 0 1 2 3 5 17 6 8 10 4 22 23 7 9 21 16 24 15 0 11 14 18 13 20 12 19
64 0 1 2 3 5 17 6 8 10 4 22 23 7 9 21 16 24 15 11 0 14 18 13 20 12 19
63 0 1 2 3 5 17 6 8 10 4 22 23 7 9 0 16 24 15 11 21 14 18 13 20 12 19
62 0 1 2 3 5 17 6 8 10 4 22 23 7 9 16 0 24 15 11 21 14 18 13 20 12 19
61 0 1 2 3 5 17 6 8 10 4 0 23 7 9 16 22 24 15 11 21 14 18 13 20 12 19
60 0 1 2 3 5 0 6 8 10 4 17 23 7 9 16 22 24 15 11 21 14 18 13 20 12 19
59 0 1 2 3 0 5 6 8 10 4 17 23 7 9 16 22 24 15 11 21 14 18 13 20 12 19
100 0 0 10 6 17 22 23 3 5 21 16 24 8 1 2 7 15 9 4 11 14 18 13 20 12 19
99 0 10 0 6 17 22 23 3 5 21 16 24 8 1 2 7 15 9 4 11 14 18 13 20 12 19
98 0 10 6 0 17 22 23 3 5 21 16 24 8 1 2 7 15 9 4 11 14 18 13 20 12 19
97 0 10 6 5 17 22 23 3 0 21 16 24 8 1 2 7 15 9 4 11 14 18 13 20 12 19
96 0 10 6 5 17 22 23 3 1 21 16 24 8 0 2 7 15 9 4 11 14 18 13 20 12 19
95 0 10 6 5 17 22 23 3 1 21 16 24 8 2 0 7 15 9 4 11 14 18 13 20 12 19
94 0 10 6 5 17 22 23 3 1 21 16 24 8 2 7 0 15 9 4 11 14 18 13 20 12 19
93 0 10 6 5 17 22 23 3 1 21 0 24 8 2 7 16 15 9 4 11 14 18 13 20 12 19
92 0 10 6 5 17 0 23 3 1 21 22 24 8 2 7 16 15 9 4 11 14 18 13 20 12 19
91 0 10 6 5 0 17 23 3 1 21 22 24 8 2 7 16 15 9 4 11 14 18 13 20 12 19
90 0 10 6 0 5 17 23 3 1 21 22 24 8 2 7 16 15 9 4 11 14 18 13 20 12 19
89 0 10 6 1 5 17 23 3 0 21 22 24 8 2 7 16 15 9 4 11 14 18 13 20 12 19
88 0 10 6 1 5 17 23 3 2 21 22 24 8 0 7 16 15 9 4 11 14 18 13 20 12 19
87 0 10 6 1 5 17 23 3 2 21 22 24 8 4 7 16 15 9 0 11 14 18 13 20 12 19
100 0 0 10 6 17 22 23 4 5 16 21 24 3 1 2 7 15 8 9 11 14 18 13 20 12 19
99 0 10 0 6 17 22 23 4 5 16 21 24 3 1 2 7 15 8 9 11 14 18 13 20 12 19
98 0 10 6 0 17 22 23 4 5 16 21 24 3 1 2 7 15 8 9 11 14 18 13 20 12 19
97 0 10 6 5 17 22 23 4 0 16 21 24 3 1 2 7 15 8 9 11 14 18 13 20 12 19
96 0 10 6 5 17 22 23 4 1 16 21 24 3 0 2 7 15 8 9 11 14 18 13 20 12 19
95 0 10 6 5 17 22 23 4 1 16 21 24 3 2 0 7 15 8 9 11 14 18 13 20 12 19
94 0 10 6 5 17 22 23 4 1 16 21 24 3 2 7 0 15 8 9 11 14 18 13 20 12 19
93 0 10 6 5 17 22 23 4 1 16 0 24 3 2 7 21 15 8 9 11 14 18 13 20 12 19
92 0 10 6 5 17 0 23 4 1 16 22 24 3 2 7 21 15 8 9 11 14 18 13 20 12 19
100 0 0 10 6 17 22 23 4 5 16 21 24 8 1 2 7 15 9 3 11 14 18 13 20 12 19
99 0 10 0 6 17 22 23 4 5 16 21 24 8 1 2 7 15 9 3 11 14 18 13 20 12 19
98 0 10 6 0 17 22 23 4 5 16 21 24 8 1 2 7 15 9 3 11 14 18 13 20 12 19
97 0 10 6 5 17 22 23 4 0 16 21 24 8 1 2 7 15 9 3 11 14 18 13 20 12 19
96 0 10 6 5 17 22 23 4 1 16 21 24 8 0 2 7 15 9 3 11 14 18 13 20 12 19
95 0 10 6 5 17 22 23 4 1 16 21 24 8 2 0 7 15 9 3 11 14 18 13 20 12 19
94 0 10 6 5 17 22 23 4 1 16 21 24 8 2 7 0 15 9 3 11 14 18 13 20 12 19
93 0 10 6 5 17 22 23 4 1 16 0 24 8 2 7 21 15 9 3 11 14 18 13 20 12 19
92 0 10 6 5 17 0 23 4 1 16 22 24 8 2 7 21 15 9 3 11 14 18 13 20 12 19
100 0 0 10 6 21 17 23 3 5 22 16 24 4 1 2 7 15 8 9 11 14 18 13 20 12 19
99 0 10 0 6 21 17 23 3 5 22 16 24 4 1 2 7 15 8 9 11 14 18 13 20 12 19
98 0 10 6 0 21 17 23 3 5 22 16 24 4 1 2 7 15 8 9 11 14 18 13 20 12 19
97 0 10 6 5 21 17 23 3 0 22 16 24 4 1 2 7 15 8 9 11 14 18 13 20 12 19
96 0 10 6 5 21 17 23 3 1 22 16 24 4 0 2 7 15 8 9 11 14 18 13 20 12 19
95 0 10 6 5 21 17 23 3 1 22 16 24 4 2 0 7 15 8 9 11 14 18 13 20 12 19
94 0 10 6 5 21 17 23 3 1 22 16 24 4 2 7 0 15 8 9 11 14 18 13 20 12 19
93 0 10 6 5 21 17 23 3 1 22 0 24 4 2 7 16 15 8 9 11 14 18 13 20 12 19
92 0 10 6 5 21 17 23 3 1 0 22 24 4 2 7 16 15 8 9 11 14 18 13 20 12 19
100 0 0 10 6 21 17 23 3 5 22 16 24 8 1 2 7 15 9 4 11 14 18 13 20 12 19
99 0 10 0 6 21 17 23 3 5 22 16 24 8 1 2 7 15 9 4 11 14 18 13 20 12 19
98 0 10 6 0 21 17 23 3 5 22 16 24 8 1 2 7 15 9 4 11 14 18 13 20 12 19
97 0 10 6 5 21 17 23 3 0 22 16 24 8 1 2 7 15 9 4 11 14 18 13 20 12 19
96 0 10 6 5 21 17 23 3 1 22 16 24 8 0 2 7 15 9 4 11 14 18 13 20 12 19
95 0 10 6 5 21 17 23 3 1 22 16 24 8 2 0 7 15 9 4 11 14 18 13 20 12 19
94 0 10 6 5 21 17 23 3 1 22 16 24 8 2 7 0 15 9 4 11 14 18 13 20 12 19
93 0 10 6 5 21 17 23 3 1 22 0 24 8 2 7 16 15 9 4 11 14 18 13 20 12 19
92 0 10 6 5 21 17 23 3 1 0 22 24 8 2 7 16 15 9 4 11 14 18 13 20 12 19
100 0 0 10 6 21 17 23 4 5 16 22 24 3 1 2 7 15 8 9 11 14 18 13 20 12 19
99 0 10 0 6 21 17 23 4 5 16 22 24 3 1 2 7 15 8 9 11 14 18 13 20 12 19
98 0 10 6 0 21 17 23 4 5 16 22 24 3 1 2 7 15 8 9 11 14 18 13 20 12 19
97 0 10 6 5 21 17 23 4 0 16 22 24 3 1 2 7 15 8 9 11 14 18 13 20 12 19
96 0 10 6 5 21 17 23 4 1 16 22 24 3 0 2 7 15 8 9 11 14 18 13 20 12 19
95 0 10 6 5 21 17 23 4 1 16 22 24 3 2 0 7 15 8 9 11 14 18 13 20 12 19
94 0 10 6 5 21 17 23 4 1 16 22 24 3 2 7 0 15 8 9 11 14 18 13 20 12 19
93 0 10 6 5 21 17 23 4 1 16 0 24 3 2 7 22 15 8 9 11 14 18 13 20 12 19
92 0 10 6 5 21 17 23 4 1 0 16 24 3 2 7 22 15 8 9 11 14 18 13 20 12 19
100 0 0 10 6 21 17 23 4 5 16 22 24 8 1 2 7 15 9 3 11 14 18 13 20 12 19
99 0 10 0 6 21 17 23 4 5 16 22 24 8 1 2 7 15 9 3 11 14 18 13 20 12 19
98 0 10 6 0 21 17 23 4 5 16 22 24 8 1 2 7 15 9 3 11 14 18 13 20 12 19
97 0 10 6 5 21 17 23 4 0 16 22 24 8 1 2 7 15 9 3 11 14 18 13 20 12 19
96 0 10 6 5 21 17 23 4 1 16 22 24 8 0 2 7 15 9 3 11 14 18 13 20 12 19
95 0 10 6 5 21 17 23 4 1 16 22 24 8 2 0 7 15 9 3 11 14 18 13 20 12 19
94 0 10 6 5 21 17 23 4 1 16 22 24 8 2 7 0 15 9 3 11 14 18 13 20 12 19
93 0 10 6 5 21 17 23 4 1 16 0 24 8 2 7 22 15 9 3 11 14 18 13 20 12 19
92 0 10 6 5 21 17 23 4 1 0 16 24 8 2 7 22 15 9 3 11 14 18 13 20 12 19
100 0 0 10 6 21 17 23 24 1 2 16 3 4 5 7 22 15 8 9 11 14 18 13 20 12 19
99 0 23 10 6 21 17 0 24 1 2 16 3 4 5 7 22 15 8 9 11 14 18 13 20 12 19
98 0 23 10 6 21 17 24 0 1 2 16 3 4 5 7 22 15 8 9 11 14 18 13 20 12 19
97 0 23 0 6 21 17 24 10 1 2 16 3 4 5 7 22 15 8 9 11 14 18 13 20 12 19
96 0 23 6 0 21 17 24 10 1 2 16 3 4 5 7 22 15 8 9 11 14 18 13 20 12 19
95 0 23 6 1 21 17 24 10 0 2 16 3 4 5 7 22 15 8 9 11 14 18 13 20 12 19
94 0 23 6 1 21 17 24 10 5 2 16 3 4 0 7 22 15 8 9 11 14 18 13 20 12 19
93 0 23 6 1 21 17 24 10 5 2 16 3 0 4 7 22 15 8 9 11 14 18 13 20 12 19
92 0 23 6 1 21 17 24 10 5 2 16 0 3 4 7 22 15 8 9 11 14 18 13 20 12 19
91 0 23 6 1 21 17 0 10 5 2 16 24 3 4 7 22 15 8 9 11 14 18 13 20 12 19
90 0 0 6 1 21 17 23 10 5 2 16 24 3 4 7 22 15 8 9 11 14 18 13 20 12 19
89 0 6 0 1 21 17 23 10 5 2 16 24 3 4 7 22 15 8 9 11 14 18 13 20 12 19
88 0 6 1 0 21 17 23 10 5 2 16 24 3 4 7 22 15 8 9 11 14 18 13 20 12 19
87 0 6 1 5 21 17 23 10 0 2 16 24 3 4 7 22 15 8 9 11 14 18 13 20 12 19
86 0 6 1 5 21 17 23 10 2 0 16 24 3 4 7 22 15 8 9 11 14 18 13 20 12 19
85 0 6 1 5 0 17 23 10 2 21 16 24 3 4 7 22 15 8 9 11 14 18 13 20 12 19
84 0 6 1 0 5 17 23 10 2 21 16 24 3 4 7 22 15 8 9 11 14 18 13 20 12 19
83 0 6 1 2 5 17 23 10 0 21 16 24 3 4 7 22 15 8 9 11 14 18 13 20 12 19
82 0 6 1 2 5 17 23 10 4 21 16 24 3 0 7 22 15 8 9 11 14 18 13 20 12 19
81 0 6 1 2 5 17 23 10 4 21 16 24 0 3 7 22 15 8 9 11 14 18 13 20 12 19
80 0 6 1 2 5 17 23 10 4 21 16 24 8 3 7 22 15 0 9 11 14 18 13 20 12 19
79 0 6 1 2 5 17 23 10 4 21 16 24 8 3 7 22 0 15 9 11 14 18 13 20 12 19
78 0 6 1 2 5 17 23 10 4 21 16 0 8 3 7 22 24 15 9 11 14 18 13 20 12 19
100 0 0 10 6 21 17 23 24 1 2 16 8 4 5 7 22 15 9 3 11 14 18 13 20 12 19
99 0 23 10 6 21 17 0 24 1 2 16 8 4 5 7 22 15 9 3 11 14 18 13 20 12 19
98 0 23 10 6 21 17 24 0 1 2 16 8 4 5 7 22 15 9 3 11 14 18 13 20 12 19
97 0 23 0 6 21 17 24 10 1 2 16 8 4 5 7 22 15 9 3 11 14 18 13 20 12 19
96 0 23 6 0 21 17 24 10 1 2 16 8 4 5 7 22 15 9 3 11 14 18 13 20 12 19
95 0 23 6 1 21 17 24 10 0 2 16 8 4 5 7 22 15 9 3 11 14 18 13 20 12 19
94 0 23 6 1 21 17 24 10 5 2 16 8 4 0 7 22 15 9 3 11 14 18 13 20 12 19
93 0 23 6 1 21 17 24 10 5 2 16 8 0 4 7 22 15 9 3 11 14 18 13 20 12 19
92 0 23 6 1 21 17 24 10 5 2 16 0 8 4 7 22 15 9 3 11 14 18 13 20 12 19
91 0 23 6 1 21 17 0 10 5 2 16 24 8 4 7 22 15 9 3 11 14 18 13 20 12 19
90 0 0 6 1 21 17 23 10 5 2 16 24 8 4 7 22 15 9 3 11 14 18 13 20 12 19
89 0 6 0 1 21 17 23 10 5 2 16 24 8 4 7 22 15 9 3 11 14 18 13 20 12 19
88 0 6 1 0 21 17 23 10 5 2 16 24 8 4 7 22 15 9 3 11 14 18 13 20 12 19
87 0 6 1 5 21 17 23 10 0 2 16 24 8 4 7 22 15 9 3 11 14 18 13 20 12 19
86 0 6 1 5 21 17 23 10 2 0 16 24 8 4 7 22 15 9 3 11 14 18 13 20 12 19
85 0 6 1 5 0 17 23 10 2 21 16 24 8 4 7 22 15 9 3 11 14 18 13 20 12 19
84 0 6 1 0 5 17 23 10 2 21 16 24 8 4 7 22 15 9 3 11 14 18 13 20 12 19
83 0 6 1 2 5 17 23 10 0 21 16 24 8 4 7 22 15 9 3 11 14 18 13 20 12 19
82 0 6 1 2 5 17 23 10 4 21 16 24 8 0 7 22 15 9 3 11 14 18 13 20 12 19
81 0 6 1 2 5 17 23 10 4 21 16 24 8 3 7 22 15 9 0 11 14 18 13 20 12 19
100 0 0 10 6 21 17 23 24 1 2 22 4 3 5 7 16 15 8 9 11 14 18 13 20 12 19
99 0 23 10 6 21 17 0 24 1 2 22 4 3 5 7 16 15 8 9 11 14 18 13 20 12 19
98 0 23 10 6 21 17 24 0 1 2 22 4 3 5 7 16 15 8 9 11 14 18 13 20 12 19
97 0 23 0 6 21 17 24 10 1 2 22 4 3 5 7 16 15 8 9 11 14 18 13 20 12 19
96 0 23 6 0 21 17 24 10 1 2 22 4 3 5 7 16 15 8 9 11 14 18 13 20 12 19
95 0 23 6 1 21 17 24 10 0 2 22 4 3 5 7 16 15 8 9 11 14 18 13 20 12 19
94 0 23 6 1 21 17 24 10 5 2 22 4 3 0 7 16 15 8 9 11 14 18 13 20 12 19
93 0 23 6 1 21 17 24 10 5 2 22 4 0 3 7 16 15 8 9 11 14 18 13 20 12 19
92 0 23 6 1 21 17 24 10 5 2 22 0 4 3 7 16 15 8 9 11 14 18 13 20 12 19
91 0 23 6 1 21 17 0 10 5 2 22 24 4 3 7 16 15 8 9 11 14 18 13 20 12 19
90 0 0 6 1 21 17 23 10 5 2 22 24 4 3 7 16 15 8 9 11 14 18 13 20 12 19
89 0 6 0 1 21 17 23 10 5 2 22 24 4 3 7 16 15 8 9 11 14 18 13 20 12 19
88 0 6 1 0 21 17 23 10 5 2 22 24 4 3 7 16 15 8 9 11 14 18 13 20 12 19
87 0 6 1 5 21 17 23 10 0 2 22 24 4 3 7 16 15 8 9 11 14 18 13 20 12 19
86 0 6 1 5 21 17 23 10 2 0 22 24 4 3 7 16 15 8 9 11 14 18 13 20 12 19
85 0 6 1 5 0 17 23 10 2 21 22 24 4 3 7 16 15 8 9 11 14 18 13 20 12 19
84 0 6 1 0 5 17 23 10 2 21 22 24 4 3 7 16 15 8 9 11 14 18 13 20 12 19
83 0 6 1 2 5 17 23 10 0 21 22 24 4 3 7 16 15 8 9 11 14 18 13 20 12 19
82 0 6 1 2 5 17 23 10 3 21 22 24 4 0 7 16 15 8 9 11 14 18 13 20 12 19
81 0 6 1 2 5 17 23 10 3 21 22 24 0 4 7 16 15 8 9 11 14 18 13 20 12 19
80 0 6 1 2 5 17 23 10 3 21 22 24 8 4 7 16 15 0 9 11 14 18 13 20 12 19
79 0 6 1 2 5 17 23 10 3 21 22 24 8 4 7 16 0 15 9 11 14 18 13 20 12 19
78 0 6 1 2 5 17 23 10 3 21 22 0 8 4 7 16 24 15 9 11 14 18 13 20 12 19
110 0 15 20 16 23 21 24 5 1 2 22 10 4 6 3 11 13 8 9 7 18 19 14 12 17 0
109 0 15 20 16 23 21 24 5 1 2 22 10 4 6 3 11 13 8 9 7 0 19 14 12 17 18
108 0 15 20 16 23 21 24 5 1 2 22 10 4 6 3 0 13 8 9 7 11 19 14 12 17 18
107 0 15 20 16 23 21 24 5 1 2 0 10 4 6 3 22 13 8 9 7 11 19 14 12 17 18
106 0 15 20 16 23 0 24 5 1 2 21 10 4 6 3 22 13 8 9 7 11 19 14 12 17 18
105 0 15 20 16 0 23 24 5 1 2 21 10 4 6 3 22 13 8 9 7 11 19 14 12 17 18
104 0 15 20 0 16 23 24 5 1 2 21 10 4 6 3 22 13 8 9 7 11 19 14 12 17 18
103 0 15 0 20 16 23 24 5 1 2 21 10 4 6 3 22 13 8 9 7 11 19 14 12 17 18
102 0 15 5 20 16 23 24 0 1 2 21 10 4 6 3 22 13 8 9 7 11 19 14 12 17 18
101 0 15 5 20 16 23 24 1 0 2 21 10 4 6 3 22 13 8 9 7 11 19 14 12 17 18
100 0 15 5 20 16 23 24 1 2 0 21 10 4 6 3 22 13 8 9 7 11 19 14 12 17 18
99 0 15 5 20 0 23 24 1 2 16 21 10 4 6 3 22 13 8 9 7 11 19 14 12 17 18
98 0 15 5 0 20 23 24 1 2 16 21 10 4 6 3 22 13 8 9 7 11 19 14 12 17 18
97 0 15 0 5 20 23 24 1 2 16 21 10 4 6 3 22 13 8 9 7 11 19 14 12 17 18
96 0 15 1 5 20 23 24 0 2 16 21 10 4 6 3 22 13 8 9 7 11 19 14 12 17 18
95 0 15 1 5 20 23 24 4 2 16 21 10 0 6 3 22 13 8 9 7 11 19 14 12 17 18
94 0 15 1 5 20 23 24 4 2 16 21 10 6 0 3 22 13 8 9 7 11 19 14 12 17 18
93 0 15 1 5 20 23 24 4 2 16 21 10 6 3 0 22 13 8 9 7 11 19 14 12 17 18
92 0 15 1 5 20 23 24 4 2 16 21 10 6 3 7 22 13 8 9 0 11 19 14 12 17 18
91 0 15 1 5 20 23 24 4 2 16 21 10 6 3 7 22 13 8 9 11 0 19 14 12 17 18
90 0 15 1 5 20 23 24 4 2 16 21 10 6 3 7 0 13 8 9 11 22 19 14 12 17 18
89 0 15 1 5 20 23 24 4 2 16 0 10 6 3 7 21 13 8 9 11 22 19 14 12 17 18
88 0 15 1 5 20 0 24 4 2 16 23 10 6 3 7 21 13 8 9 11 22 19 14 12 17 18
87 0 15 1 5 0 20 24 4 2 16 23 10 6 3 7 21 13 8 9 11 22 19 14 12 17 18
86 0 15 1 0 5 20 24 4 2 16 23 10 6 3 7 21 13 8 9 11 22 19 14 12 17 18
85 0 15 1 2 5 20 24 4 0 16 23 10 6 3 7 21 13 8 9 11 22 19 14 12 17 18
84 0 15 1 2 5 20 24 0 4 16 23 10 6 3 7 21 13 8 9 11 22 19 14 12 17 18
83 0 15 1 2 5 20 0 24 4 16 23 10 6 3 7 21 13 8 9 11 22 19 14 12 17 18
82 0 0 1 2 5 20 15 24 4 16 23 10 6 3 7 21 13 8 9 11 22 19 14 12 17 18
81 0 1 0 2 5 20 15 24 4 16 23 10 6 3 7 21 13 8 9 11 22 19 14 12 17 18
80 0 1 2 0 5 20 15 24 4 16 23 10 6 3 7 21 13 8 9 11 22 19 14 12 17 18
79 0 1 2 4 5 20 15 24 0 16 23 10 6 3 7 21 13 8 9 11 22 19 14 12 17 18
78 0 1 2 4 5 20 15 24 3 16 23 10 6 0 7 21 13 8 9 11 22 19 14 12 17 18
77 0 1 2 4 5 20 15 24 3 16 23 10 6 7 0 21 13 8 9 11 22 19 14 12 17 18
76 0 1 2 4 5 20 15 24 3 16 23 10 6 7 21 0 13 8 9 11 22 19 14 12 17 18
75 0 1 2 4 5 20 15 24 3 16 0 10 6 7 21 23 13 8 9 11 22 19 14 12 17 18
74 0 1 2 4 5 0 15 24 3 16 20 10 6 7 21 23 13 8 9 11 22 19 14 12 17 18
73 0 1 2 4 0 5 15 24 3 16 20 10 6 7 21 23 13 8 9 11 22 19 14 12 17 18
72 0 1 2 0 4 5 15 24 3 16 20 10 6 7 21 23 13 8 9 11 22 19 14 12 17 18
71 0 1 2 3 4 5 15 24 0 16 20 10 6 7 21 23 13 8 9 11 22 19 14 12 17 18
70 0 1 2 3 4 5 15 0 24 16 20 10 6 7 21 23 13 8 9 11 22 19 14 12 17 18
69 0 1 2 3 4 5 15 6 24 16 20 10 0 7 21 23 13 8 9 11 22 19 14 12 17 18
68 0 1 2 3 4 5 15 6 24 16 20 0 10 7 21 23 13 8 9 11 22 19 14 12 17 18
67 0 1 2 3 4 5 0 6 24 16 20 15 10 7 21 23 13 8 9 11 22 19 14 12 17 18
66 0 1 2 3 4 5 6 0 24 16 20 15 10 7 21 23 13 8 9 11 22 19 14 12 17 18
65 0 1 2 3 4 5 6 10 24 16 20 15 0 7 21 23 13 8 9 11 22 19 14 12 17 18
64 0 1 2 3 4 5 6 10 24 16 20 15 7 0 21 23 13 8 9 11 22 19 14 12 17 18
63 0 1 2 3 4 5 6 10 24 16 20 15 7 9 21 23 13 8 0 11 22 19 14 12 17 18
62 0 1 2 3 4 5 6 10 24 16 20 15 7 9 21 23 13 8 11 0 22 19 14 12 17 18
61 0 1 2 3 4 5 6 10 24 16 20 15 7 9 0 23 13 8 11 21 22 19 14 12 17 18
60 0 1 2 3 4 5 6 10 24 0 20 15 7 9 16 23 13 8 11 21 22 19 14 12 17 18
59 0 1 2 3 4 5 6 10 0 24 20 15 7 9 16 23 13 8 11 21 22 19 14 12 17 18
58 0 1 2 3 4 5 6 0 10 24 20 15 7 9 16 23 13 8 11 21 22 19 14 12 17 18
57 0 1 2 3 4 5 6 7 10 24 20 15 0 9 16 23 13 8 11 21 22 19 14 12 17 18
56 0 1 2 3 4 5 6 7 10 24 20 15 8 9 16 23 13 0 11 21 22 19 14 12 17 18
55 0 1 2 3 4 5 6 7 10 24 20 15 8 9 16 23 13 11 0 21 22 19 14 12 17 18
54 0 1 2 3 4 5 6 7 10 24 20 15 8 9 16 23 13 11 21 0 22 19 14 12 17 18
53 0 1 2 3 4 5 6 7 10 24 20 15 8 9 0 23 13 11 21 16 22 19 14 12 17 18
52 0 1 2 3 4 5 6 7 10 0 20 15 8 9 24 23 13 11 21 16 22 19 14 12 17 18
51 0 1 2 3 4 5 6 7 0 10 20 15 8 9 24 23 13 11 21 16 22 19 14 12 17 18
50 0 1 2 3 4 5 6 7 9 10 20 15 8 0 24 23 13 11 21 16 22 19 14 12 17 18
49 0 1 2 3 4 5 6 7 9 10 20 15 0 8 24 23 13 11 21 16 22 19 14 12 17 18
48 0 1 2 3 4 5 6 7 9 10 20 0 15 8 24 23 13 11 21 16 22 19 14 12 17 18
47 0 1 2 3 4 5 6 7 9 10 20 13 15 8 24 23 0 11 21 16 22 19 14 12 17 18
46 0 1 2 3 4 5 6 7 9 10 20 13 15 8 24 23 11 0 21 16 22 19 14 12 17 18
45 0 1 2 3 4 5 6 7 9 10 20 13 15 8 24 23 11 21 0 16 22 19 14 12 17 18
44 0 1 2 3 4 5 6 7 9 10 20 13 15 8 24 23 11 21 16 0 22 19 14 12 17 18
43 0 1 2 3 4 5 6 7 9 10 20 13 15 8 24 23 11 21 16 22 0 19 14 12 17 18
42 0 1 2 3 4 5 6 7 9 10 20 13 15 8 24 0 11 21 16 22 23 19 14 12 17 18
41 0 1 2 3 4 5 6 7 9 10 0 13 15 8 24 20 11 21 16 22 23 19 14 12 17 18
40 0 1 2 3 4 5 6 7 9 0 10 13 15 8 24 20 11 21 16 22 23 19 14 12 17 18
39 0 1 2 3 4 5 6 7 0 9 10 13 15 8 24 20 11 21 16 22 23 19 14 12 17 18
38 0 1 2 3 4 5 6 7 8 9 10 13 15 0 24 20 11 21 16 22 23 19 14 12 17 18
37 0 1 2 3 4 5 6 7 8 9 10 13 0 15 24 20 11 21 16 22 23 19 14 12 17 18
36 0 1 2 3 4 5 6 7 8 9 10 0 13 15 24 20 11 21 16 22 23 19 14 12 17 18
35 0 1 2 3 4 5 6 7 8 9 10 11 13 15 24 20 0 21 16 22 23 19 14 12 17 18
34 0 1 2 3 4 5 6 7 8 9 10 11 13 15 24 20 21 0 16 22 23 19 14 12 17 18
33 0 1 2 3 4 5 6 7 8 9 10 11 13 15 24 20 21 16 0 22 23 19 14 12 17 18
32 0 1 2 3 4 5 6 7 8 9 10 11 13 15 24 20 21 16 12 22 23 19 14 0 17 18
31 0 1 2 3 4 5 6 7 8 9 10 11 13 15 24 20 21 16 12 22 23 19 0 14 17 18
30 0 1 2 3 4 5 6 7 8 9 10 11 13 15 24 20 21 16 12 22 23 0 19 14 17 18
110 0 15 20 21 16 23 24 5 1 2 22 10 4 6 3 11 13 8 9 7 18 19 14 12 17 0
109 0 15 20 21 16 23 24 5 1 2 22 10 4 6 3 11 13 8 9 7 0 19 14 12 17 18
108 0 15 20 21 16 23 24 5 1 2 22 10 4 6 3 0 13 8 9 7 11 19 14 12 17 18
107 0 15 20 21 16 23 24 5 1 2 0 10 4 6 3 22 13 8 9 7 11 19 14 12 17 18
106 0 15 20 21 16 0 24 5 1 2 23 10 4 6 3 22 13 8 9 7 11 19 14 12 17 18
105 0 15 20 21 0 16 24 5 1 2 23 10 4 6 3 22 13 8 9 7 11 19 14 12 17 18
104 0 15 20 0 21 16 24 5 1 2 23 10 4 6 3 22 13 8 9 7 11 19 14 12 17 18
103 0 15 0 20 21 16 24 5 1 2 23 10 4 6 3 22 13 8 9 7 11 19 14 12 17 18
102 0 15 5 20 21 16 24 0 1 2 23 10 4 6 3 22 13 8 9 7 11 19 14 12 17 18
101 0 15 5 20 21 16 24 1 0 2 23 10 4 6 3 22 13 8 9 7 11 19 14 12 17 18
100 0 15 5 20 21 16 24 1 2 0 23 10 4 6 3 22 13 8 9 7 11 19 14 12 17 18
99 0 15 5 20 0 16 24 1 2 21 23 10 4 6 3 22 13 8 9 7 11 19 14 12 17 18
98 0 15 5 0 20 16 24 1 2 21 23 10 4 6 3 22 13 8 9 7 11 19 14 12 17 18
97 0 15 0 5 20 16 24 1 2 21 23 10 4 6 3 22 13 8 9 7 11 19 14 12 17 18
96 0 15 1 5 20 16 24 0 2 21 23 10 4 6 3 22 13 8 9 7 11 19 14 12 17 18
95 0 15 1 5 20 16 24 4 2 21 23 10 0 6 3 22 13 8 9 7 11 19 14 12 17 18
94 0 15 1 5 20 16 24 4 2 21 23 0 10 6 3 22 13 8 9 7 11 19 14 12 17 18
93 0 15 1 5 20 16 0 4 2 21 23 24 10 6 3 22 13 8 9 7 11 19 14 12 17 18
92 0 0 1 5 20 16 15 4 2 21 23 24 10 6 3 22 13 8 9 7 11 19 14 12 17 18
91 0 1 0 5 20 16 15 4 2 21 23 24 10 6 3 22 13 8 9 7 11 19 14 12 17 18
90 0 1 4 5 20 16 15 0 2 21 23 24 10 6 3 22 13 8 9 7 11 19 14 12 17 18
89 0 1 4 5 20 16 15 2 0 21 23 24 10 6 3 22 13 8 9 7 11 19 14 12 17 18
88 0 1 4 5 20 16 15 2 21 0 23 24 10 6 3 22 13 8 9 7 11 19 14 12 17 18
87 0 1 4 5 20 16 15 2 21 3 23 24 10 6 0 22 13 8 9 7 11 19 14 12 17 18
86 0 1 4 5 20 16 15 2 21 3 23 24 10 6 7 22 13 8 9 0 11 19 14 12 17 18
85 0 1 4 5 20 16 15 2 21 3 23 24 10 6 7 22 13 8 9 11 0 19 14 12 17 18
84 0 1 4 5 20 16 15 2 21 3 23 24 10 6 7 0 13 8 9 11 22 19 14 12 17 18
83 0 1 4 5 20 16 15 2 21 3 0 24 10 6 7 23 13 8 9 11 22 19 14 12 17 18
82 0 1 4 5 20 0 15 2 21 3 16 24 10 6 7 23 13 8 9 11 22 19 14 12 17 18
81 0 1 4 5 0 20 15 2 21 3 16 24 10 6 7 23 13 8 9 11 22 19 14 12 17 18
80 0 1 4 0 5 20 15 2 21 3 16 24 10 6 7 23 13 8 9 11 22 19 14 12 17 18
79 0 1 0 4 5 20 15 2 21 3 16 24 10 6 7 23 13 8 9 11 22 19 14 12 17 18
78 0 1 2 4 5 20 15 0 21 3 16 24 10 6 7 23 13 8 9 11 22 19 14 12 17 18
77 0 1 2 4 5 20 15 21 0 3 16 24 10 6 7 23 13 8 9 11 22 19 14 12 17 18
76 0 1 2 4 5 20 15 21 6 3 16 24 10 0 7 23 13 8 9 11 22 19 14 12 17 18
75 0 1 2 4 5 20 15 21 6 3 16 24 0 10 7 23 13 8 9 11 22 19 14 12 17 18
74 0 1 2 4 5 20 15 21 6 3 16 0 24 10 7 23 13 8 9 11 22 19 14 12 17 18
73 0 1 2 4 5 20 0 21 6 3 16 15 24 10 7 23 13 8 9 11 22 19 14 12 17 18
72 0 1 2 4 5 20 21 0 6 3 16 15 24 10 7 23 13 8 9 11 22 19 14 12 17 18
71 0 1 2 4 5 20 21 6 0 3 16 15 24 10 7 23 13 8 9 11 22 19 14 12 17 18
70 0 1 2 4 5 20 21 6 3 0 16 15 24 10 7 23 13 8 9 11 22 19 14 12 17 18
69 0 1 2 4 5 20 21 6 3 16 0 15 24 10 7 23 13 8 9 11 22 19 14 12 17 18
68 0 1 2 4 5 0 21 6 3 16 20 15 24 10 7 23 13 8 9 11 22 19 14 12 17 18
67 0 1 2 4 0 5 21 6 3 16 20 15 24 10 7 23 13 8 9 11 22 19 14 12 17 18
66 0 1 2 0 4 5 21 6 3 16 20 15 24 10 7 23 13 8 9 11 22 19 14 12 17 18
65 0 1 2 3 4 5 21 6 0 16 20 15 24 10 7 23 13 8 9 11 22 19 14 12 17 18
64 0 1 2 3 4 5 21 6 10 16 20 15 24 0 7 23 13 8 9 11 22 19 14 12 17 18
63 0 1 2 3 4 5 21 6 10 16 20 15 24 7 0 23 13 8 9 11 22 19 14 12 17 18
62 0 1 2 3 4 5 21 6 10 0 20 15 24 7 16 23 13 8 9 11 22 19 14 12 17 18
61 0 1 2 3 4 5 21 6 0 10 20 15 24 7 16 23 13 8 9 11 22 19 14 12 17 18
60 0 1 2 3 4 5 21 6 7 10 20 15 24 0 16 23 13 8 9 11 22 19 14 12 17 18
59 0 1 2 3 4 5 21 6 7 10 20 15 24 9 16 23 13 8 0 11 22 19 14 12 17 18
58 0 1 2 3 4 5 21 6 7 10 20 15 24 9 16 23 13 8 11 0 22 19 14 12 17 18
57 0 1 2 3 4 5 21 6 7 10 20 15 24 9 0 23 13 8 11 16 22 19 14 12 17 18
56 0 1 2 3 4 5 21 6 7 10 20 15 24 0 9 23 13 8 11 16 22 19 14 12 17 18
55 0 1 2 3 4 5 21 6 7 10 20 15 0 24 9 23 13 8 11 16 22 19 14 12 17 18
54 0 1 2 3 4 5 21 6 7 10 20 15 8 24 9 23 13 0 11 16 22 19 14 12 17 18
53 0 1 2 3 4 5 21 6 7 10 20 15 8 24 9 23 13 11 0 16 22 19 14 12 17 18
52 0 1 2 3 4 5 21 6 7 10 20 15 8 24 9 23 13 11 16 0 22 19 14 12 17 18
51 0 1 2 3 4 5 21 6 7 10 20 15 8 24 9 23 13 11 16 22 0 19 14 12 17 18
50 0 1 2 3 4 5 21 6 7 10 20 15 8 24 9 0 13 11 16 22 23 19 14 12 17 18
49 0 1 2 3 4 5 21 6 7 10 0 15 8 24 9 20 13 11 16 22 23 19 14 12 17 18
48 0 1 2 3 4 5 21 6 7 0 10 15 8 24 9 20 13 11 16 22 23 19 14 12 17 18
47 0 1 2 3 4 5 21 6 7 9 10 15 8 24 0 20 13 11 16 22 23 19 14 12 17 18
46 0 1 2 3 4 5 21 6 7 9 10 15 8 0 24 20 13 11 16 22 23 19 14 12 17 18
45 0 1 2 3 4 5 21 6 7 9 10 15 0 8 24 20 13 11 16 22 23 19 14 12 17 18
44 0 1 2 3 4 5 21 6 7 9 10 0 15 8 24 20 13 11 16 22 23 19 14 12 17 18
43 0 1 2 3 4 5 0 6 7 9 10 21 15 8 24 20 13 11 16 22 23 19 14 12 17 18
42 0 1 2 3 4 5 6 0 7 9 10 21 15 8 24 20 13 11 16 22 23 19 14 12 17 18
41 0 1 2 3 4 5 6 7 0 9 10 21 15 8 24 20 13 11 16 22 23 19 14 12 17 18
40 0 1 2 3 4 5 6 7 8 9 10 21 15 0 24 20 13 11 16 22 23 19 14 12 17 18
39 0 1 2 3 4 5 6 7 8 9 10 21 0 15 24 20 13 11 16 22 23 19 14 12 17 18
38 0 1 2 3 4 5 6 7 8 9 10 21 11 15 24 20 13 0 16 22 23 19 14 12 17 18
37 0 1 2 3 4 5 6 7 8 9 10 21 11 15 24 20 0 13 16 22 23 19 14 12 17 18
36 0 1 2 3 4 5 6 7 8 9 10 0 11 15 24 20 21 13 16 22 23 19 14 12 17 18
35 0 1 2 3 4 5 6 7 8 9 10 11 0 15 24 20 21 13 16 22 23 19 14 12 17 18
110 0 24 20 6 16 23 15 5 1 21 22 9 4 2 3 7 19 10 11 8 13 0 14 12 17 18
109 0 24 20 6 16 23 15 5 1 21 22 9 4 2 3 7 0 10 11 8 13 19 14 12 17 18
108 0 24 20 6 16 23 15 5 1 21 22 0 4 2 3 7 9 10 11 8 13 19 14 12 17 18
107 0 24 20 6 16 23 0 5 1 21 22 15 4 2 3 7 9 10 11 8 13 19 14 12 17 18
106 0 0 20 6 16 23 24 5 1 21 22 15 4 2 3 7 9 10 11 8 13 19 14 12 17 18
105 0 20 0 6 16 23 24 5 1 21 22 15 4 2 3 7 9 10 11 8 13 19 14 12 17 18
104 0 20 6 0 16 23 24 5 1 21 22 15 4 2 3 7 9 10 11 8 13 19 14 12 17 18
103 0 20 6 1 16 23 24 5 0 21 22 15 4 2 3 7 9 10 11 8 13 19 14 12 17 18
102 0 20 6 1 16 23 24 0 5 21 22 15 4 2 3 7 9 10 11 8 13 19 14 12 17 18
101 0 20 6 1 16 23 24 4 5 21 22 15 0 2 3 7 9 10 11 8 13 19 14 12 17 18
100 0 20 6 1 16 23 24 4 5 21 22 0 15 2 3 7 9 10 11 8 13 19 14 12 17 18
99 0 20 6 1 16 23 0 4 5 21 22 24 15 2 3 7 9 10 11 8 13 19 14 12 17 18
98 0 0 6 1 16 23 20 4 5 21 22 24 15 2 3 7 9 10 11 8 13 19 14 12 17 18
97 0 6 0 1 16 23 20 4 5 21 22 24 15 2 3 7 9 10 11 8 13 19 14 12 17 18
96 0 6 1 0 16 23 20 4 5 21 22 24 15 2 3 7 9 10 11 8 13 19 14 12 17 18
95 0 6 1 5 16 23 20 4 0 21 22 24 15 2 3 7 9 10 11 8 13 19 14 12 17 18
94 0 6 1 5 16 23 20 4 2 21 22 24 15 0 3 7 9 10 11 8 13 19 14 12 17 18
93 0 6 1 5 16 23 20 4 2 21 22 24 15 3 0 7 9 10 11 8 13 19 14 12 17 18
92 0 6 1 5 16 23 20 4 2 0 22 24 15 3 21 7 9 10 11 8 13 19 14 12 17 18
91 0 6 1 5 0 23 20 4 2 16 22 24 15 3 21 7 9 10 11 8 13 19 14 12 17 18
90 0 6 1 0 5 23 20 4 2 16 22 24 15 3 21 7 9 10 11 8 13 19 14 12 17 18
89 0 6 1 2 5 23 20 4 0 16 22 24 15 3 21 7 9 10 11 8 13 19 14 12 17 18
88 0 6 1 2 5 23 20 0 4 16 22 24 15 3 21 7 9 10 11 8 13 19 14 12 17 18
87 0 6 1 2 5 23 0 20 4 16 22 24 15 3 21 7 9 10 11 8 13 19 14 12 17 18
86 0 0 1 2 5 23 6 20 4 16 22 24 15 3 21 7 9 10 11 8 13 19 14 12 17 18
85 0 1 0 2 5 23 6 20 4 16 22 24 15 3 21 7 9 10 11 8 13 19 14 12 17 18
84 0 1 2 0 5 23 6 20 4 16 22 24 15 3 21 7 9 10 11 8 13 19 14 12 17 18
83 0 1 2 4 5 23 6 20 0 16 22 24 15 3 21 7 9 10 11 8 13 19 14 12 17 18
82 0 1 2 4 5 23 6 20 3 16 22 24 15 0 21 7 9 10 11 8 13 19 14 12 17 18
81 0 1 2 4 5 23 6 20 3 16 22 24 15 21 0 7 9 10 11 8 13 19 14 12 17 18
80 0 1 2 4 5 23 6 20 3 16 22 24 15 21 7 0 9 10 11 8 13 19 14 12 17 18
79 0 1 2 4 5 23 6 20 3 16 0 24 15 21 7 22 9 10 11 8 13 19 14 12 17 18
78 0 1 2 4 5 0 6 20 3 16 23 24 15 21 7 22 9 10 11 8 13 19 14 12 17 18
77 0 1 2 4 0 5 6 20 3 16 23 24 15 21 7 22 9 10 11 8 13 19 14 12 17 18
76 0 1 2 0 4 5 6 20 3 16 23 24 15 21 7 22 9 10 11 8 13 19 14 12 17 18
75 0 1 2 3 4 5 6 20 0 16 23 24 15 21 7 22 9 10 11 8 13 19 14 12 17 18
74 0 1 2 3 4 5 6 0 20 16 23 24 15 21 7 22 9 10 11 8 13 19 14 12 17 18
73 0 1 2 3 4 5 6 15 20 16 23 24 0 21 7 22 9 10 11 8 13 19 14 12 17 18
72 0 1 2 3 4 5 6 15 20 16 23 24 10 21 7 22 9 0 11 8 13 19 14 12 17 18
71 0 1 2 3 4 5 6 15 20 16 23 24 10 21 7 22 9 11 0 8 13 19 14 12 17 18
70 0 1 2 3 4 5 6 15 20 16 23 24 10 0 7 22 9 11 21 8 13 19 14 12 17 18
69 0 1 2 3 4 5 6 15 20 16 23 24 10 7 0 22 9 11 21 8 13 19 14 12 17 18
68 0 1 2 3 4 5 6 15 20 0 23 24 10 7 16 22 9 11 21 8 13 19 14 12 17 18
67 0 1 2 3 4 5 6 15 0 20 23 24 10 7 16 22 9 11 21 8 13 19 14 12 17 18
66 0 1 2 3 4 5 6 0 15 20 23 24 10 7 16 22 9 11 21 8 13 19 14 12 17 18
65 0 1 2 3 4 5 6 10 15 20 23 24 0 7 16 22 9 11 21 8 13 19 14 12 17 18
64 0 1 2 3 4 5 6 10 15 20 23 24 7 0 16 22 9 11 21 8 13 19 14 12 17 18
63 0 1 2 3 4 5 6 10 15 20 23 24 7 16 0 22 9 11 21 8 13 19 14 12 17 18
62 0 1 2 3 4 5 6 10 15 20 23 24 7 16 22 0 9 11 21 8 13 19 14 12 17 18
61 0 1 2 3 4 5 6 10 15 20 0 24 7 16 22 23 9 11 21 8 13 19 14 12 17 18
60 0 1 2 3 4 5 6 10 15 0 20 24 7 16 22 23 9 11 21 8 13 19 14 12 17 18
59 0 1 2 3 4 5 6 10 0 15 20 24 7 16 22 23 9 11 21 8 13 19 14 12 17 18
58 0 1 2 3 4 5 6 0 10 15 20 24 7 16 22 23 9 11 21 8 13 19 14 12 17 18
57 0 1 2 3 4 5 6 7 10 15 20 24 0 16 22 23 9 11 21 8 13 19 14 12 17 18
56 0 1 2 3 4 5 6 7 10 15 20 0 24 16 22 23 9 11 21 8 13 19 14 12 17 18
55 0 1 2 3 4 5 6 7 10 15 20 9 24 16 22 23 0 11 21 8 13 19 14 12 17 18
54 0 1 2 3 4 5 6 7 10 15 20 9 24 16 22 23 11 0 21 8 13 19 14 12 17 18
53 0 1 2 3 4 5 6 7 10 15 20 9 24 16 22 23 11 21 0 8 13 19 14 12 17 18
52 0 1 2 3 4 5 6 7 10 15 20 9 24 0 22 23 11 21 16 8 13 19 14 12 17 18
51 0 1 2 3 4 5 6 7 10 15 20 9 0 24 22 23 11 21 16 8 13 19 14 12 17 18
50 0 1 2 3 4 5 6 7 10 15 20 0 9 24 22 23 11 21 16 8 13 19 14 12 17 18
49 0 1 2 3 4 5 6 7 10 15 20 11 9 24 22 23 0 21 16 8 13 19 14 12 17 18
48 0 1 2 3 4 5 6 7 10 15 20 11 9 24 22 23 21 0 16 8 13 19 14 12 17 18
47 0 1 2 3 4 5 6 7 10 15 20 11 9 24 22 23 21 16 0 8 13 19 14 12 17 18
46 0 1 2 3 4 5 6 7 10 15 20 11 9 24 22 23 21 16 8 0 13 19 14 12 17 18
45 0 1 2 3 4 5 6 7 10 15 20 11 9 24 0 23 21 16 8 22 13 19 14 12 17 18
44 0 1 2 3 4 5 6 7 10 15 20 11 9 0 24 23 21 16 8 22 13 19 14 12 17 18
43 0 1 2 3 4 5 6 7 10 15 20 11 9 8 24 23 21 16 0 22 13 19 14 12 17 18
42 0 1 2 3 4 5 6 7 10 15 20 11 9 8 24 23 21 16 12 22 13 19 14 0 17 18
41 0 1 2 3 4 5 6 7 10 15 20 11 9 8 24 23 21 16 12 22 13 19 0 14 17 18
40 0 1 2 3 4 5 6 7 10 15 20 11 9 8 24 23 21 16 12 22 13 0 19 14 17 18
39 0 1 2 3 4 5 6 7 10 15 20 11 9 8 24 23 0 16 12 22 13 21 19 14 17 18
38 0 1 2 3 4 5 6 7 10 15 20 11 9 8 24 23 16 0 12 22 13 21 19 14 17 18
37 0 1 2 3 4 5 6 7 10 15 20 11 9 8 24 23 16 12 0 22 13 21 19 14 17 18
36 0 1 2 3 4 5 6 7 10 15 20 11 9 8 24 23 16 12 22 0 13 21 19 14 17 18
35 0 1 2 3 4 5 6 7 10 15 20 11 9 8 0 23 16 12 22 24 13 21 19 14 17 18
34 0 1 2 3 4 5 6 7 10 15 20 11 9 8 23 0 16 12 22 24 13 21 19 14 17 18
33 0 1 2 3 4 5 6 7 10 15 0 11 9 8 23 20 16 12 22 24 13 21 19 14 17 18
32 0 1 2 3 4 5 6 7 10 0 15 11 9 8 23 20 16 12 22 24 13 21 19 14 17 18
31 0 1 2 3 4 5 6 7 0 10 15 11 9 8 23 20 16 12 22 24 13 21 19 14 17 18
30 0 1 2 3 4 5 6 7 8 10 15 11 9 0 23 20 16 12 22 24 13 21 19 14 17 18
110 0 24 20 6 16 23 15 5 1 21 22 9 4 2 3 8 19 10 7 11 13 0 14 12 17 18
109 0 24 20 6 16 23 15 5 1 21 22 9 4 2 3 8 0 10 7 11 13 19 14 12 17 18
108 0 24 20 6 16 23 15 5 1 21 22 0 4 2 3 8 9 10 7 11 13 19 14 12 17 18
107 0 24 20 6 16 23 0 5 1 21 22 15 4 2 3 8 9 10 7 11 13 19 14 12 17 18
106 0 24 20 6 16 23 5 0 1 21 22 15 4 2 3 8 9 10 7 11 13 19 14 12 17 18
105 0 24 20 6 16 23 5 1 0 21 22 15 4 2 3 8 9 10 7 11 13 19 14 12 17 18
104 0 24 20 0 16 23 5 1 6 21 22 15 4 2 3 8 9 10 7 11 13 19 14 12 17 18
103 0 24 0 20 16 23 5 1 6 21 22 15 4 2 3 8 9 10 7 11 13 19 14 12 17 18
102 0 0 24 20 16 23 5 1 6 21 22 15 4 2 3 8 9 10 7 11 13 19 14 12 17 18
101 0 5 24 20 16 23 0 1 6 21 22 15 4 2 3 8 9 10 7 11 13 19 14 12 17 18
100 0 5 24 20 16 23 1 0 6 21 22 15 4 2 3 8 9 10 7 11 13 19 14 12 17 18
99 0 5 24 20 16 23 1 6 0 21 22 15 4 2 3 8 9 10 7 11 13 19 14 12 17 18
98 0 5 24 20 16 23 1 6 2 21 22 15 4 0 3 8 9 10 7 11 13 19 14 12 17 18
97 0 5 24 20 16 23 1 6 2 21 22 15 4 3 0 8 9 10 7 11 13 19 14 12 17 18
96 0 5 24 20 16 23 1 6 2 0 22 15 4 3 21 8 9 10 7 11 13 19 14 12 17 18
95 0 5 24 20 0 23 1 6 2 16 22 15 4 3 21 8 9 10 7 11 13 19 14 12 17 18
94 0 5 24 0 20 23 1 6 2 16 22 15 4 3 21 8 9 10 7 11 13 19 14 12 17 18
93 0 5 0 24 20 23 1 6 2 16 22 15 4 3 21 8 9 10 7 11 13 19 14 12 17 18
92 0 0 5 24 20 23 1 6 2 16 22 15 4 3 21 8 9 10 7 11 13 19 14 12 17 18
91 0 1 5 24 20 23 0 6 2 16 22 15 4 3 21 8 9 10 7 11 13 19 14 12 17 18
90 0 1 5 24 20 23 6 0 2 16 22 15 4 3 21 8 9 10 7 11 13 19 14 12 17 18
89 0 1 5 24 20 23 6 2 0 16 22 15 4 3 21 8 9 10 7 11 13 19 14 12 17 18
88 0 1 5 24 20 23 6 2 3 16 22 15 4 0 21 8 9 10 7 11 13 19 14 12 17 18
87 0 1 5 24 20 23 6 2 3 16 22 15 4 7 21 8 9 10 0 11 13 19 14 12 17 18
86 0 1 5 24 20 23 6 2 3 16 22 15 4 7 21 8 9 10 11 0 13 19 14 12 17 18
85 0 1 5 24 20 23 6 2 3 16 22 15 4 7 0 8 9 10 11 21 13 19 14 12 17 18
84 0 1 5 24 20 23 6 2 3 0 22 15 4 7 16 8 9 10 11 21 13 19 14 12 17 18
83 0 1 5 24 20 23 6 2 3 22 0 15 4 7 16 8 9 10 11 21 13 19 14 12 17 18
82 0 1 5 24 20 0 6 2 3 22 23 15 4 7 16 8 9 10 11 21 13 19 14 12 17 18
81 0 1 5 24 0 20 6 2 3 22 23 15 4 7 16 8 9 10 11 21 13 19 14 12 17 18
80 0 1 5 0 24 20 6 2 3 22 23 15 4 7 16 8 9 10 11 21 13 19 14 12 17 18
79 0 1 0 5 24 20 6 2 3 22 23 15 4 7 16 8 9 10 11 21 13 19 14 12 17 18
78 0 1 2 5 24 20 6 0 3 22 23 15 4 7 16 8 9 10 11 21 13 19 14 12 17 18
77 0 1 2 5 24 20 6 4 3 22 23 15 0 7 16 8 9 10 11 21 13 19 14 12 17 18
76 0 1 2 5 24 20 6 4 3 22 23 15 10 7 16 8 9 0 11 21 13 19 14 12 17 18
75 0 1 2 5 24 20 6 4 3 22 23 15 10 7 16 8 9 11 0 21 13 19 14 12 17 18
74 0 1 2 5 24 20 6 4 3 22 23 15 10 7 16 8 9 11 21 0 13 19 14 12 17 18
73 0 1 2 5 24 20 6 4 3 22 23 15 10 7 0 8 9 11 21 16 13 19 14 12 17 18
72 0 1 2 5 24 20 6 4 3 0 23 15 10 7 22 8 9 11 21 16 13 19 14 12 17 18
71 0 1 2 5 0 20 6 4 3 24 23 15 10 7 22 8 9 11 21 16 13 19 14 12 17 18
70 0 1 2 0 5 20 6 4 3 24 23 15 10 7 22 8 9 11 21 16 13 19 14 12 17 18
69 0 1 2 3 5 20 6 4 0 24 23 15 10 7 22 8 9 11 21 16 13 19 14 12 17 18
68 0 1 2 3 5 20 6 0 4 24 23 15 10 7 22 8 9 11 21 16 13 19 14 12 17 18
67 0 1 2 3 5 20 6 10 4 24 23 15 0 7 22 8 9 11 21 16 13 19 14 12 17 18
66 0 1 2 3 5 20 6 10 4 24 23 0 15 7 22 8 9 11 21 16 13 19 14 12 17 18
65 0 1 2 3 5 20 6 10 4 24 23 9 15 7 22 8 0 11 21 16 13 19 14 12 17 18
64 0 1 2 3 5 20 6 10 4 24 23 9 15 7 22 8 11 0 21 16 13 19 14 12 17 18
63 0 1 2 3 5 20 6 10 4 24 23 9 15 7 22 8 11 21 0 16 13 19 14 12 17 18
62 0 1 2 3 5 20 6 10 4 24 23 9 15 7 22 8 11 21 16 0 13 19 14 12 17 18
61 0 1 2 3 5 20 6 10 4 24 23 9 15 7 0 8 11 21 16 22 13 19 14 12 17 18
60 0 1 2 3 5 20 6 10 4 0 23 9 15 7 24 8 11 21 16 22 13 19 14 12 17 18
59 0 1 2 3 5 20 6 10 0 4 23 9 15 7 24 8 11 21 16 22 13 19 14 12 17 18
58 0 1 2 3 5 20 6 0 10 4 23 9 15 7 24 8 11 21 16 22 13 19 14 12 17 18
57 0 1 2 3 5 20 6 15 10 4 23 9 0 7 24 8 11 21 16 22 13 19 14 12 17 18
56 0 1 2 3 5 20 6 15 10 4 23 0 9 7 24 8 11 21 16 22 13 19 14 12 17 18
55 0 1 2 3 5 20 6 15 10 4 23 11 9 7 24 8 0 21 16 22 13 19 14 12 17 18
54 0 1 2 3 5 20 6 15 10 4 23 11 9 7 24 8 21 0 16 22 13 19 14 12 17 18
53 0 1 2 3 5 20 6 15 10 4 23 11 9 7 24 8 21 16 0 22 13 19 14 12 17 18
52 0 1 2 3 5 20 6 15 10 4 23 11 9 7 24 8 21 16 12 22 13 19 14 0 17 18
51 0 1 2 3 5 20 6 15 10 4 23 11 9 7 24 8 21 16 12 22 13 19 0 14 17 18
50 0 1 2 3 5 20 6 15 10 4 23 11 9 7 24 8 21 16 12 22 13 0 19 14 17 18
49 0 1 2 3 5 20 6 15 10 4 23 11 9 7 24 8 0 16 12 22 13 21 19 14 17 18
48 0 1 2 3 5 20 6 15 10 4 23 11 9 7 24 8 16 0 12 22 13 21 19 14 17 18
47 0 1 2 3 5 20 6 15 10 4 23 11 9 7 24 8 16 12 0 22 13 21 19 14 17 18
46 0 1 2 3 5 20 6 15 10 4 23 11 9 7 24 8 16 12 22 0 13 21 19 14 17 18
45 0 1 2 3 5 20 6 15 10 4 23 11 9 7 0 8 16 12 22 24 13 21 19 14 17 18
44 0 1 2 3 5 20 6 15 10 4 23 11 9 7 8 0 16 12 22 24 13 21 19 14 17 18
43 0 1 2 3 5 20 6 15 10 4 0 11 9 7 8 23 16 12 22 24 13 21 19 14 17 18
42 0 1 2 3 5 0 6 15 10 4 20 11 9 7 8 23 16 12 22 24 13 21 19 14 17 18
41 0 1 2 3 0 5 6 15 10 4 20 11 9 7 8 23 16 12 22 24 13 21 19 14 17 18
40 0 1 2 3 4 5 6 15 10 0 20 11 9 7 8 23 16 12 22 24 13 21 19 14 17 18
39 0 1 2 3 4 5 6 15 0 10 20 11 9 7 8 23 16 12 22 24 13 21 19 14 17 18
38 0 1 2 3 4 5 6 0 15 10 20 11 9 7 8 23 16 12 22 24 13 21 19 14 17 18
37 0 1 2 3 4 5 6 9 15 10 20 11 0 7 8 23 16 12 22 24 13 21 19 14 17 18
36 0 1 2 3 4 5 6 9 15 10 20 11 7 0 8 23 16 12 22 24 13 21 19 14 17 18
35 0 1 2 3 4 5 6 9 15 10 20 11 7 8 0 23 16 12 22 24 13 21 19 14 17 18
34 0 1 2 3 4 5 6 9 15 10 20 11 7 8 23 0 16 12 22 24 13 21 19 14 17 18
33 0 1 2 3 4 5 6 9 15 10 0 11 7 8 23 20 16 12 22 24 13 21 19 14 17 18
32 0 1 2 3 4 5 6 9 15 0 10 11 7 8 23 20 16 12 22 24 13 21 19 14 17 18
31 0 1 2 3 4 5 6 9 0 15 10 11 7 8 23 20 16 12 22 24 13 21 19 14 17 18
30 0 1 2 3 4 5 6 0 9 15 10 11 7 8 23 20 16 12 22 24 13 21 19 14 17 18
110 0 24 20 16 22 23 4 5 1 2 21 9 10 3 6 13 15 8 7 17 11 19 14 12 18 0
109 0 24 20 16 22 23 4 5 1 2 21 9 10 3 6 13 15 8 7 17 11 19 14 12 0 18
108 0 24 20 16 22 23 4 5 1 2 21 9 10 3 6 13 15 8 7 0 11 19 14 12 17 18
107 0 24 20 16 22 23 4 5 1 2 21 9 10 3 6 13 15 8 7 11 0 19 14 12 17 18
106 0 24 20 16 22 23 4 5 1 2 21 9 10 3 6 0 15 8 7 11 13 19 14 12 17 18
105 0 24 20 16 22 23 4 5 1 2 0 9 10 3 6 21 15 8 7 11 13 19 14 12 17 18
104 0 24 20 16 22 0 4 5 1 2 23 9 10 3 6 21 15 8 7 11 13 19 14 12 17 18
103 0 24 20 16 0 22 4 5 1 2 23 9 10 3 6 21 15 8 7 11 13 19 14 12 17 18
102 0 24 20 0 16 22 4 5 1 2 23 9 10 3 6 21 15 8 7 11 13 19 14 12 17 18
101 0 24 0 20 16 22 4 5 1 2 23 9 10 3 6 21 15 8 7 11 13 19 14 12 17 18
100 0 24 5 20 16 22 4 0 1 2 23 9 10 3 6 21 15 8 7 11 13 19 14 12 17 18
99 0 24 5 20 16 22 4 1 0 2 23 9 10 3 6 21 15 8 7 11 13 19 14 12 17 18
98 0 24 5 20 16 22 4 1 2 0 23 9 10 3 6 21 15 8 7 11 13 19 14 12 17 18
97 0 24 5 20 0 22 4 1 2 16 23 9 10 3 6 21 15 8 7 11 13 19 14 12 17 18
96 0 24 5 0 20 22 4 1 2 16 23 9 10 3 6 21 15 8 7 11 13 19 14 12 17 18
95 0 24 0 5 20 22 4 1 2 16 23 9 10 3 6 21 15 8 7 11 13 19 14 12 17 18
94 0 24 1 5 20 22 4 0 2 16 23 9 10 3 6 21 15 8 7 11 13 19 14 12 17 18
93 0 24 1 5 20 22 0 4 2 16 23 9 10 3 6 21 15 8 7 11 13 19 14 12 17 18
92 0 0 1 5 20 22 24 4 2 16 23 9 10 3 6 21 15 8 7 11 13 19 14 12 17 18
91 0 1 0 5 20 22 24 4 2 16 23 9 10 3 6 21 15 8 7 11 13 19 14 12 17 18
90 0 1 4 5 20 22 24 0 2 16 23 9 10 3 6 21 15 8 7 11 13 19 14 12 17 18
89 0 1 4 5 20 22 24 2 0 16 23 9 10 3 6 21 15 8 7 11 13 19 14 12 17 18
88 0 1 4 5 20 22 24 2 3 16 23 9 10 0 6 21 15 8 7 11 13 19 14 12 17 18
87 0 1 4 5 20 22 24 2 3 16 23 9 10 6 0 21 15 8 7 11 13 19 14 12 17 18
86 0 1 4 5 20 22 24 2 3 16 23 9 10 6 21 0 15 8 7 11 13 19 14 12 17 18
85 0 1 4 5 20 22 24 2 3 16 0 9 10 6 21 23 15 8 7 11 13 19 14 12 17 18
84 0 1 4 5 20 0 24 2 3 16 22 9 10 6 21 23 15 8 7 11 13 19 14 12 17 18
83 0 1 4 5 0 20 24 2 3 16 22 9 10 6 21 23 15 8 7 11 13 19 14 12 17 18
82 0 1 4 0 5 20 24 2 3 16 22 9 10 6 21 23 15 8 7 11 13 19 14 12 17 18
81 0 1 0 4 5 20 24 2 3 16 22 9 10 6 21 23 15 8 7 11 13 19 14 12 17 18
80 0 1 2 4 5 20 24 0 3 16 22 9 10 6 21 23 15 8 7 11 13 19 14 12 17 18
79 0 1 2 4 5 20 24 10 3 16 22 9 0 6 21 23 15 8 7 11 13 19 14 12 17 18
78 0 1 2 4 5 20 24 10 3 16 22 9 6 0 21 23 15 8 7 11 13 19 14 12 17 18
77 0 1 2 4 5 20 24 10 3 16 22 9 6 21 0 23 15 8 7 11 13 19 14 12 17 18
76 0 1 2 4 5 20 24 10 3 0 22 9 6 21 16 23 15 8 7 11 13 19 14 12 17 18
75 0 1 2 4 5 20 24 10 3 22 0 9 6 21 16 23 15 8 7 11 13 19 14 12 17 18
74 0 1 2 4 5 0 24 10 3 22 20 9 6 21 16 23 15 8 7 11 13 19 14 12 17 18
73 0 1 2 4 0 5 24 10 3 22 20 9 6 21 16 23 15 8 7 11 13 19 14 12 17 18
72 0 1 2 0 4 5 24 10 3 22 20 9 6 21 16 23 15 8 7 11 13 19 14 12 17 18
71 0 1 2 3 4 5 24 10 0 22 20 9 6 21 16 23 15 8 7 11 13 19 14 12 17 18
70 0 1 2 3 4 5 24 0 10 22 20 9 6 21 16 23 15 8 7 11 13 19 14 12 17 18
69 0 1 2 3 4 5 0 24 10 22 20 9 6 21 16 23 15 8 7 11 13 19 14 12 17 18
68 0 1 2 3 4 5 9 24 10 22 20 0 6 21 16 23 15 8 7 11 13 19 14 12 17 18
67 0 1 2 3 4 5 9 24 10 22 20 6 0 21 16 23 15 8 7 11 13 19 14 12 17 18
66 0 1 2 3 4 5 9 24 10 22 20 6 21 0 16 23 15 8 7 11 13 19 14 12 17 18
65 0 1 2 3 4 5 9 24 10 22 20 6 21 7 16 23 15 8 0 11 13 19 14 12 17 18
64 0 1 2 3 4 5 9 24 10 22 20 6 21 7 16 23 15 8 11 0 13 19 14 12 17 18
63 0 1 2 3 4 5 9 24 10 22 20 6 21 7 0 23 15 8 11 16 13 19 14 12 17 18
62 0 1 2 3 4 5 9 24 10 0 20 6 21 7 22 23 15 8 11 16 13 19 14 12 17 18
61 0 1 2 3 4 5 9 24 0 10 20 6 21 7 22 23 15 8 11 16 13 19 14 12 17 18
60 0 1 2 3 4 5 9 0 24 10 20 6 21 7 22 23 15 8 11 16 13 19 14 12 17 18
59 0 1 2 3 4 5 0 9 24 10 20 6 21 7 22 23 15 8 11 16 13 19 14 12 17 18
58 0 1 2 3 4 5 6 9 24 10 20 0 21 7 22 23 15 8 11 16 13 19 14 12 17 18
57 0 1 2 3 4 5 6 9 24 10 20 21 0 7 22 23 15 8 11 16 13 19 14 12 17 18
56 0 1 2 3 4 5 6 9 24 10 20 21 7 0 22 23 15 8 11 16 13 19 14 12 17 18
55 0 1 2 3 4 5 6 9 0 10 20 21 7 24 22 23 15 8 11 16 13 19 14 12 17 18
54 0 1 2 3 4 5 6 0 9 10 20 21 7 24 22 23 15 8 11 16 13 19 14 12 17 18
53 0 1 2 3 4 5 6 7 9 10 20 21 0 24 22 23 15 8 11 16 13 19 14 12 17 18
52 0 1 2 3 4 5 6 7 9 10 20 21 8 24 22 23 15 0 11 16 13 19 14 12 17 18
51 0 1 2 3 4 5 6 7 9 10 20 21 8 24 22 23 15 11 0 16 13 19 14 12 17 18
50 0 1 2 3 4 5 6 7 9 10 20 21 8 24 22 23 15 11 16 0 13 19 14 12 17 18
49 0 1 2 3 4 5 6 7 9 10 20 21 8 24 0 23 15 11 16 22 13 19 14 12 17 18
48 0 1 2 3 4 5 6 7 9 10 20 21 8 0 24 23 15 11 16 22 13 19 14 12 17 18
47 0 1 2 3 4 5 6 7 9 10 20 21 0 8 24 23 15 11 16 22 13 19 14 12 17 18
46 0 1 2 3 4 5 6 7 9 10 20 21 11 8 24 23 15 0 16 22 13 19 14 12 17 18
45 0 1 2 3 4 5 6 7 9 10 20 21 11 8 24 23 0 15 16 22 13 19 14 12 17 18
44 0 1 2 3 4 5 6 7 9 10 20 0 11 8 24 23 21 15 16 22 13 19 14 12 17 18
43 0 1 2 3 4 5 6 7 9 10 20 11 0 8 24 23 21 15 16 22 13 19 14 12 17 18
42 0 1 2 3 4 5 6 7 9 10 20 11 15 8 24 23 21 0 16 22 13 19 14 12 17 18
41 0 1 2 3 4 5 6 7 9 10 20 11 15 8 24 23 21 16 0 22 13 19 14 12 17 18
40 0 1 2 3 4 5 6 7 9 10 20 11 15 8 24 23 21 16 12 22 13 19 14 0 17 18
39 0 1 2 3 4 5 6 7 9 10 20 11 15 8 24 23 21 16 12 22 13 19 0 14 17 18
38 0 1 2 3 4 5 6 7 9 10 20 11 15 8 24 23 21 16 12 22 13 0 19 14 17 18
37 0 1 2 3 4 5 6 7 9 10 20 11 15 8 24 23 0 16 12 22 13 21 19 14 17 18
36 0 1 2 3 4 5 6 7 9 10 20 11 15 8 24 23 16 0 12 22 13 21 19 14 17 18
35 0 1 2 3 4 5 6 7 9 10 20 11 15 8 24 23 16 12 0 22 13 21 19 14 17 18
34 0 1 2 3 4 5 6 7 9 10 20 11 15 8 24 23 16 12 22 0 13 21 19 14 17 18
33 0 1 2 3 4 5 6 7 9 10 20 11 15 8 0 23 16 12 22 24 13 21 19 14 17 18
32 0 1 2 3 4 5 6 7 9 10 20 11 15 8 23 0 16 12 22 24 13 21 19 14 17 18
31 0 1 2 3 4 5 6 7 9 10 0 11 15 8 23 20 16 12 22 24 13 21 19 14 17 18
30 0 1 2 3 4 5 6 7 9 0 10 11 15 8 23 20 16 12 22 24 13 21 19 14 17 18
110 0 24 20 16 22 23 4 5 1 2 21 9 10 3 11 6 15 8 7 13 18 19 14 12 17 0
109 0 24 20 16 22 23 4 5 1 2 21 9 10 3 11 6 15 8 7 13 0 19 14 12 17 18
108 0 24 20 16 22 23 4 5 1 2 21 9 10 3 11 6 15 8 7 0 13 19 14 12 17 18
107 0 24 20 16 22 23 4 5 1 2 21 9 10 3 0 6 15 8 7 11 13 19 14 12 17 18
110 0 24 20 16 22 23 4 5 1 2 21 9 10 3 11 6 15 8 7 17 13 19 14 12 18 0
109 0 24 20 16 22 23 4 5 1 2 21 9 10 3 11 6 15 8 7 17 13 19 14 12 0 18
110 0 24 20 16 23 22 4 5 1 2 21 9 10 3 6 8 13 15 11 17 7 19 14 12 18 0
109 0 24 20 16 23 22 4 5 1 2 21 9 10 3 6 8 13 15 11 17 7 19 14 12 0 18
108 0 24 20 16 23 22 4 5 1 2 21 9 10 3 6 8 13 15 11 0 7 19 14 12 17 18
107 0 24 20 16 23 22 4 5 1 2 21 9 10 3 6 8 13 15 11 7 0 19 14 12 17 18
106 0 24 20 16 23 22 4 5 1 2 21 9 10 3 6 0 13 15 11 7 8 19 14 12 17 18
105 0 24 20 16 23 22 4 5 1 2 0 9 10 3 6 21 13 15 11 7 8 19 14 12 17 18
104 0 24 20 16 23 0 4 5 1 2 22 9 10 3 6 21 13 15 11 7 8 19 14 12 17 18
103 0 24 20 16 0 23 4 5 1 2 22 9 10 3 6 21 13 15 11 7 8 19 14 12 17 18
102 0 24 20 0 16 23 4 5 1 2 22 9 10 3 6 21 13 15 11 7 8 19 14 12 17 18
101 0 24 0 20 16 23 4 5 1 2 22 9 10 3 6 21 13 15 11 7 8 19 14 12 17 18
100 0 24 5 20 16 23 4 0 1 2 22 9 10 3 6 21 13 15 11 7 8 19 14 12 17 18
99 0 24 5 20 16 23 4 1 0 2 22 9 10 3 6 21 13 15 11 7 8 19 14 12 17 18
98 0 24 5 20 16 23 4 1 2 0 22 9 10 3 6 21 13 15 11 7 8 19 14 12 17 18
97 0 24 5 20 0 23 4 1 2 16 22 9 10 3 6 21 13 15 11 7 8 19 14 12 17 18
96 0 24 5 0 20 23 4 1 2 16 22 9 10 3 6 21 13 15 11 7 8 19 14 12 17 18
95 0 24 0 5 20 23 4 1 2 16 22 9 10 3 6 21 13 15 11 7 8 19 14 12 17 18
94 0 24 1 5 20 23 4 0 2 16 22 9 10 3 6 21 13 15 11 7 8 19 14 12 17 18
93 0 24 1 5 20 23 0 4 2 16 22 9 10 3 6 21 13 15 11 7 8 19 14 12 17 18
92 0 0 1 5 20 23 24 4 2 16 22 9 10 3 6 21 13 15 11 7 8 19 14 12 17 18
91 0 1 0 5 20 23 24 4 2 16 22 9 10 3 6 21 13 15 11 7 8 19 14 12 17 18
90 0 1 4 5 20 23 24 0 2 16 22 9 10 3 6 21 13 15 11 7 8 19 14 12 17 18
89 0 1 4 5 20 23 24 2 0 16 22 9 10 3 6 21 13 15 11 7 8 19 14 12 17 18
88 0 1 4 5 20 23 24 2 3 16 22 9 10 0 6 21 13 15 11 7 8 19 14 12 17 18
87 0 1 4 5 20 23 24 2 3 16 22 9 10 6 0 21 13 15 11 7 8 19 14 12 17 18
86 0 1 4 5 20 23 24 2 3 16 22 9 10 6 21 0 13 15 11 7 8 19 14 12 17 18
85 0 1 4 5 20 23 24 2 3 16 0 9 10 6 21 22 13 15 11 7 8 19 14 12 17 18
84 0 1 4 5 20 0 24 2 3 16 23 9 10 6 21 22 13 15 11 7 8 19 14 12 17 18
83 0 1 4 5 0 20 24 2 3 16 23 9 10 6 21 22 13 15 11 7 8 19 14 12 17 18
82 0 1 4 0 5 20 24 2 3 16 23 9 10 6 21 22 13 15 11 7 8 19 14 12 17 18
81 0 1 0 4 5 20 24 2 3 16 23 9 10 6 21 22 13 15 11 7 8 19 14 12 17 18
80 0 1 2 4 5 20 24 0 3 16 23 9 10 6 21 22 13 15 11 7 8 19 14 12 17 18
79 0 1 2 4 5 20 24 10 3 16 23 9 0 6 21 22 13 15 11 7 8 19 14 12 17 18
78 0 1 2 4 5 20 24 10 3 16 23 9 6 0 21 22 13 15 11 7 8 19 14 12 17 18
77 0 1 2 4 5 20 24 10 3 16 23 9 6 21 0 22 13 15 11 7 8 19 14 12 17 18
76 0 1 2 4 5 20 24 10 3 16 23 9 6 21 7 22 13 15 11 0 8 19 14 12 17 18
75 0 1 2 4 5 20 24 10 3 16 23 9 6 21 7 22 13 15 11 8 0 19 14 12 17 18
74 0 1 2 4 5 20 24 10 3 16 23 9 6 21 7 0 13 15 11 8 22 19 14 12 17 18
73 0 1 2 4 5 20 24 10 3 16 0 9 6 21 7 23 13 15 11 8 22 19 14 12 17 18
72 0 1 2 4 5 0 24 10 3 16 20 9 6 21 7 23 13 15 11 8 22 19 14 12 17 18
71 0 1 2 4 0 5 24 10 3 16 20 9 6 21 7 23 13 15 11 8 22 19 14 12 17 18
70 0 1 2 0 4 5 24 10 3 16 20 9 6 21 7 23 13 15 11 8 22 19 14 12 17 18
69 0 1 2 3 4 5 24 10 0 16 20 9 6 21 7 23 13 15 11 8 22 19 14 12 17 18
68 0 1 2 3 4 5 24 0 10 16 20 9 6 21 7 23 13 15 11 8 22 19 14 12 17 18
67 0 1 2 3 4 5 0 24 10 16 20 9 6 21 7 23 13 15 11 8 22 19 14 12 17 18
66 0 1 2 3 4 5 9 24 10 16 20 0 6 21 7 23 13 15 11 8 22 19 14 12 17 18
65 0 1 2 3 4 5 9 24 10 16 20 6 0 21 7 23 13 15 11 8 22 19 14 12 17 18
64 0 1 2 3 4 5 9 24 10 16 20 6 21 0 7 23 13 15 11 8 22 19 14 12 17 18
63 0 1 2 3 4 5 9 24 10 16 20 6 21 7 0 23 13 15 11 8 22 19 14 12 17 18
62 0 1 2 3 4 5 9 24 10 0 20 6 21 7 16 23 13 15 11 8 22 19 14 12 17 18
61 0 1 2 3 4 5 9 24 0 10 20 6 21 7 16 23 13 15 11 8 22 19 14 12 17 18
60 0 1 2 3 4 5 9 0 24 10 20 6 21 7 16 23 13 15 11 8 22 19 14 12 17 18
59 0 1 2 3 4 5 0 9 24 10 20 6 21 7 16 23 13 15 11 8 22 19 14 12 17 18
58 0 1 2 3 4 5 6 9 24 10 20 0 21 7 16 23 13 15 11 8 22 19 14 12 17 18
57 0 1 2 3 4 5 6 9 24 10 20 21 0 7 16 23 13 15 11 8 22 19 14 12 17 18
56 0 1 2 3 4 5 6 9 24 10 20 21 7 0 16 23 13 15 11 8 22 19 14 12 17 18
55 0 1 2 3 4 5 6 9 0 10 20 21 7 24 16 23 13 15 11 8 22 19 14 12 17 18
54 0 1 2 3 4 5 6 0 9 10 20 21 7 24 16 23 13 15 11 8 22 19 14 12 17 18
53 0 1 2 3 4 5 6 7 9 10 20 21 0 24 16 23 13 15 11 8 22 19 14 12 17 18
52 0 1 2 3 4 5 6 7 9 10 20 21 15 24 16 23 13 0 11 8 22 19 14 12 17 18
51 0 1 2 3 4 5 6 7 9 10 20 21 15 24 16 23 13 11 0 8 22 19 14 12 17 18
50 0 1 2 3 4 5 6 7 9 10 20 21 15 24 16 23 13 11 8 0 22 19 14 12 17 18
49 0 1 2 3 4 5 6 7 9 10 20 21 15 24 0 23 13 11 8 16 22 19 14 12 17 18
48 0 1 2 3 4 5 6 7 9 10 20 21 15 0 24 23 13 11 8 16 22 19 14 12 17 18
47 0 1 2 3 4 5 6 7 9 10 20 21 15 8 24 23 13 11 0 16 22 19 14 12 17 18
46 0 1 2 3 4 5 6 7 9 10 20 21 15 8 24 23 13 11 16 0 22 19 14 12 17 18
45 0 1 2 3 4 5 6 7 9 10 20 21 15 8 24 23 13 11 16 22 0 19 14 12 17 18
44 0 1 2 3 4 5 6 7 9 10 20 21 15 8 24 0 13 11 16 22 23 19 14 12 17 18
43 0 1 2 3 4 5 6 7 9 10 0 21 15 8 24 20 13 11 16 22 23 19 14 12 17 18
42 0 1 2 3 4 5 6 7 9 0 10 21 15 8 24 20 13 11 16 22 23 19 14 12 17 18
110 0 24 20 16 23 22 4 5 1 2 21 9 10 3 7 6 13 15 11 8 18 19 14 12 17 0
109 0 24 20 16 23 22 4 5 1 2 21 9 10 3 7 6 13 15 11 8 0 19 14 12 17 18
108 0 24 20 16 23 22 4 5 1 2 21 9 10 3 7 6 13 15 11 0 8 19 14 12 17 18
107 0 24 20 16 23 22 4 5 1 2 21 9 10 3 0 6 13 15 11 7 8 19 14 12 17 18
110 0 24 20 16 23 22 4 5 1 2 21 9 10 3 7 6 13 15 11 17 8 19 14 12 18 0
109 0 24 20 16 23 22 4 5 1 2 21 9 10 3 7 6 13 15 11 17 8 19 14 12 0 18
110 0 24 20 21 16 22 4 5 1 3 23 9 10 2 6 13 15 8 7 17 11 19 14 12 18 0
109 0 24 20 21 16 22 4 5 1 3 23 9 10 2 6 13 15 8 7 17 11 19 14 12 0 18
108 0 24 20 21 16 22 4 5 1 3 23 9 10 2 6 13 15 8 7 0 11 19 14 12 17 18
107 0 24 20 21 16 22 4 5 1 3 23 9 10 2 6 13 15 8 7 11 0 19 14 12 17 18
106 0 24 20 21 16 22 4 5 1 3 23 9 10 2 6 0 15 8 7 11 13 19 14 12 17 18
105 0 24 20 21 16 22 4 5 1 3 0 9 10 2 6 23 15 8 7 11 13 19 14 12 17 18
104 0 24 20 21 16 22 4 5 1 0 3 9 10 2 6 23 15 8 7 11 13 19 14 12 17 18
103 0 24 20 21 0 22 4 5 1 16 3 9 10 2 6 23 15 8 7 11 13 19 14 12 17 18
102 0 24 20 0 21 22 4 5 1 16 3 9 10 2 6 23 15 8 7 11 13 19 14 12 17 18
101 0 24 0 20 21 22 4 5 1 16 3 9 10 2 6 23 15 8 7 11 13 19 14 12 17 18
100 0 24 5 20 21 22 4 0 1 16 3 9 10 2 6 23 15 8 7 11 13 19 14 12 17 18
99 0 24 5 20 21 22 4 1 0 16 3 9 10 2 6 23 15 8 7 11 13 19 14 12 17 18
98 0 24 5 20 21 22 4 1 2 16 3 9 10 0 6 23 15 8 7 11 13 19 14 12 17 18
97 0 24 5 20 21 22 4 1 2 16 3 9 10 6 0 23 15 8 7 11 13 19 14 12 17 18
96 0 24 5 20 21 22 4 1 2 0 3 9 10 6 16 23 15 8 7 11 13 19 14 12 17 18
95 0 24 5 20 0 22 4 1 2 21 3 9 10 6 16 23 15 8 7 11 13 19 14 12 17 18
94 0 24 5 0 20 22 4 1 2 21 3 9 10 6 16 23 15 8 7 11 13 19 14 12 17 18
93 0 24 0 5 20 22 4 1 2 21 3 9 10 6 16 23 15 8 7 11 13 19 14 12 17 18
92 0 24 1 5 20 22 4 0 2 21 3 9 10 6 16 23 15 8 7 11 13 19 14 12 17 18
91 0 24 1 5 20 22 0 4 2 21 3 9 10 6 16 23 15 8 7 11 13 19 14 12 17 18
90 0 0 1 5 20 22 24 4 2 21 3 9 10 6 16 23 15 8 7 11 13 19 14 12 17 18
89 0 1 0 5 20 22 24 4 2 21 3 9 10 6 16 23 15 8 7 11 13 19 14 12 17 18
88 0 1 4 5 20 22 24 0 2 21 3 9 10 6 16 23 15 8 7 11 13 19 14 12 17 18
87 0 1 4 5 20 22 24 2 0 21 3 9 10 6 16 23 15 8 7 11 13 19 14 12 17 18
86 0 1 4 5 20 22 24 2 21 0 3 9 10 6 16 23 15 8 7 11 13 19 14 12 17 18
85 0 1 4 5 20 22 24 2 21 3 0 9 10 6 16 23 15 8 7 11 13 19 14 12 17 18
84 0 1 4 5 20 0 24 2 21 3 22 9 10 6 16 23 15 8 7 11 13 19 14 12 17 18
83 0 1 4 5 0 20 24 2 21 3 22 9 10 6 16 23 15 8 7 11 13 19 14 12 17 18
82 0 1 4 0 5 20 24 2 21 3 22 9 10 6 16 23 15 8 7 11 13 19 14 12 17 18
81 0 1 0 4 5 20 24 2 21 3 22 9 10 6 16 23 15 8 7 11 13 19 14 12 17 18
80 0 1 2 4 5 20 24 0 21 3 22 9 10 6 16 23 15 8 7 11 13 19 14 12 17 18
79 0 1 2 4 5 20 24 10 21 3 22 9 0 6 16 23 15 8 7 11 13 19 14 12 17 18
78 0 1 2 4 5 20 24 10 21 3 22 9 6 0 16 23 15 8 7 11 13 19 14 12 17 18
77 0 1 2 4 5 20 24 10 0 3 22 9 6 21 16 23 15 8 7 11 13 19 14 12 17 18
110 0 24 20 21 16 22 4 5 1 3 23 9 10 2 11 6 15 8 7 13 18 19 14 12 17 0
109 0 24 20 21 16 22 4 5 1 3 23 9 10 2 11 6 15 8 7 13 0 19 14 12 17 18
108 0 24 20 21 16 22 4 5 1 3 23 9 10 2 11 6 15 8 7 0 13 19 14 12 17 18
107 0 24 20 21 16 22 4 5 1 3 23 9 10 2 0 6 15 8 7 11 13 19 14 12 17 18
110 0 24 20 21 16 22 4 5 1 3 23 9 10 2 11 6 15 8 7 17 13 19 14 12 18 0
109 0 24 20 21 16 22 4 5 1 3 23 9 10 2 11 6 15 8 7 17 13 19 14 12 0 18
110 0 24 20 21 22 16 4 5 1 2 23 9 10 3 6 13 15 8 7 17 11 19 14 12 18 0
109 0 24 20 21 22 16 4 5 1 2 23 9 10 3 6 13 15 8 7 17 11 19 14 12 0 18
108 0 24 20 21 22 16 4 5 1 2 23 9 10 3 6 13 15 8 7 0 11 19 14 12 17 18
107 0 24 20 21 22 16 4 5 1 2 23 9 10 3 6 13 15 8 7 11 0 19 14 12 17 18
106 0 24 20 21 22 16 4 5 1 2 23 9 10 3 6 0 15 8 7 11 13 19 14 12 17 18
105 0 24 20 21 22 16 4 5 1 2 0 9 10 3 6 23 15 8 7 11 13 19 14 12 17 18
104 0 24 20 21 22 0 4 5 1 2 16 9 10 3 6 23 15 8 7 11 13 19 14 12 17 18
103 0 24 20 21 0 22 4 5 1 2 16 9 10 3 6 23 15 8 7 11 13 19 14 12 17 18
102 0 24 20 0 21 22 4 5 1 2 16 9 10 3 6 23 15 8 7 11 13 19 14 12 17 18
101 0 24 0 20 21 22 4 5 1 2 16 9 10 3 6 23 15 8 7 11 13 19 14 12 17 18
100 0 24 5 20 21 22 4 0 1 2 16 9 10 3 6 23 15 8 7 11 13 19 14 12 17 18
99 0 24 5 20 21 22 4 1 0 2 16 9 10 3 6 23 15 8 7 11 13 19 14 12 17 18
98 0 24 5 20 21 22 4 1 2 0 16 9 10 3 6 23 15 8 7 11 13 19 14 12 17 18
97 0 24 5 20 0 22 4 1 2 21 16 9 10 3 6 23 15 8 7 11 13 19 14 12 17 18
96 0 24 5 0 20 22 4 1 2 21 16 9 10 3 6 23 15 8 7 11 13 19 14 12 17 18
95 0 24 0 5 20 22 4 1 2 21 16 9 10 3 6 23 15 8 7 11 13 19 14 12 17 18
94 0 24 1 5 20 22 4 0 2 21 16 9 10 3 6 23 15 8 7 11 13 19 14 12 17 18
93 0 24 1 5 20 22 0 4 2 21 16 9 10 3 6 23 15 8 7 11 13 19 14 12 17 18
92 0 0 1 5 20 22 24 4 2 21 16 9 10 3 6 23 15 8 7 11 13 19 14 12 17 18
91 0 1 0 5 20 22 24 4 2 21 16 9 10 3 6 23 15 8 7 11 13 19 14 12 17 18
90 0 1 4 5 20 22 24 0 2 21 16 9 10 3 6 23 15 8 7 11 13 19 14 12 17 18
89 0 1 4 5 20 22 24 2 0 21 16 9 10 3 6 23 15 8 7 11 13 19 14 12 17 18
88 0 1 4 5 20 22 24 2 3 21 16 9 10 0 6 23 15 8 7 11 13 19 14 12 17 18
87 0 1 4 5 20 22 24 2 3 21 16 9 10 6 0 23 15 8 7 11 13 19 14 12 17 18
86 0 1 4 5 20 22 24 2 3 0 16 9 10 6 21 23 15 8 7 11 13 19 14 12 17 18
110 0 24 20 21 22 16 4 5 1 2 23 9 10 3 11 6 15 8 7 13 18 19 14 12 17 0
109 0 24 20 21 22 16 4 5 1 2 23 9 10 3 11 6 15 8 7 13 0 19 14 12 17 18
108 0 24 20 21 22 16 4 5 1 2 23 9 10 3 11 6 15 8 7 0 13 19 14 12 17 18
107 0 24 20 21 22 16 4 5 1 2 23 9 10 3 0 6 15 8 7 11 13 19 14 12 17 18
110 0 24 20 21 22 16 4 5 1 2 23 9 10 3 11 6 15 8 7 17 13 19 14 12 18 0
109 0 24 20 21 22 16 4 5 1 2 23 9 10 3 11 6 15 8 7 17 13 19 14 12 0 18
110 0 24 20 21 22 23 4 5 1 2 16 9 10 6 3 13 15 8 7 17 11 19 14 12 18 0
109 0 24 20 21 22 23 4 5 1 2 16 9 10 6 3 13 15 8 7 17 11 19 14 12 0 18
108 0 24 20 21 22 23 4 5 1 2 16 9 10 6 3 13 15 8 7 0 11 19 14 12 17 18
107 0 24 20 21 22 23 4 5 1 2 16 9 10 6 3 13 15 8 7 11 0 19 14 12 17 18
106 0 24 20 21 22 23 4 5 1 2 16 9 10 6 3 0 15 8 7 11 13 19 14 12 17 18
105 0 24 20 21 22 23 4 5 1 2 0 9 10 6 3 16 15 8 7 11 13 19 14 12 17 18
104 0 24 20 21 22 0 4 5 1 2 23 9 10 6 3 16 15 8 7 11 13 19 14 12 17 18
103 0 24 20 21 0 22 4 5 1 2 23 9 10 6 3 16 15 8 7 11 13 19 14 12 17 18
102 0 24 20 0 21 22 4 5 1 2 23 9 10 6 3 16 15 8 7 11 13 19 14 12 17 18
101 0 24 0 20 21 22 4 5 1 2 23 9 10 6 3 16 15 8 7 11 13 19 14 12 17 18
100 0 24 5 20 21 22 4 0 1 2 23 9 10 6 3 16 15 8 7 11 13 19 14 12 17 18
99 0 24 5 20 21 22 4 1 0 2 23 9 10 6 3 16 15 8 7 11 13 19 14 12 17 18
98 0 24 5 20 21 22 4 1 2 0 23 9 10 6 3 16 15 8 7 11 13 19 14 12 17 18
97 0 24 5 20 0 22 4 1 2 21 23 9 10 6 3 16 15 8 7 11 13 19 14 12 17 18
96 0 24 5 0 20 22 4 1 2 21 23 9 10 6 3 16 15 8 7 11 13 19 14 12 17 18
95 0 24 0 5 20 22 4 1 2 21 23 9 10 6 3 16 15 8 7 11 13 19 14 12 17 18
94 0 24 1 5 20 22 4 0 2 21 23 9 10 6 3 16 15 8 7 11 13 19 14 12 17 18
93 0 24 1 5 20 22 0 4 2 21 23 9 10 6 3 16 15 8 7 11 13 19 14 12 17 18
92 0 0 1 5 20 22 24 4 2 21 23 9 10 6 3 16 15 8 7 11 13 19 14 12 17 18
91 0 1 0 5 20 22 24 4 2 21 23 9 10 6 3 16 15 8 7 11 13 19 14 12 17 18
90 0 1 4 5 20 22 24 0 2 21 23 9 10 6 3 16 15 8 7 11 13 19 14 12 17 18
89 0 1 4 5 20 22 24 2 0 21 23 9 10 6 3 16 15 8 7 11 13 19 14 12 17 18
88 0 1 4 5 20 22 24 2 21 0 23 9 10 6 3 16 15 8 7 11 13 19 14 12 17 18
87 0 1 4 5 20 22 24 2 21 3 23 9 10 6 0 16 15 8 7 11 13 19 14 12 17 18
86 0 1 4 5 20 22 24 2 21 3 23 9 10 6 16 0 15 8 7 11 13 19 14 12 17 18
110 0 24 20 21 22 23 4 5 1 2 16 9 10 6 11 3 15 8 7 13 18 19 14 12 17 0
109 0 24 20 21 22 23 4 5 1 2 16 9 10 6 11 3 15 8 7 13 0 19 14 12 17 18
108 0 24 20 21 22 23 4 5 1 2 16 9 10 6 11 3 15 8 7 0 13 19 14 12 17 18
107 0 24 20 21 22 23 4 5 1 2 16 9 10 6 0 3 15 8 7 11 13 19 14 12 17 18
110 0 24 20 21 22 23 4 5 1 2 16 9 10 6 11 3 15 8 7 17 13 19 14 12 18 0
109 0 24 20 21 22 23 4 5 1 2 16 9 10 6 11 3 15 8 7 17 13 19 14 12 0 18
110 0 24 20 21 23 16 4 5 1 2 22 9 10 3 6 8 13 15 11 17 7 19 14 12 18 0
109 0 24 20 21 23 16 4 5 1 2 22 9 10 3 6 8 13 15 11 17 7 19 14 12 0 18
108 0 24 20 21 23 16 4 5 1 2 22 9 10 3 6 8 13 15 11 0 7 19 14 12 17 18
107 0 24 20 21 23 16 4 5 1 2 22 9 10 3 6 8 13 15 11 7 0 19 14 12 17 18
106 0 24 20 21 23 16 4 5 1 2 22 9 10 3 6 0 13 15 11 7 8 19 14 12 17 18
105 0 24 20 21 23 16 4 5 1 2 0 9 10 3 6 22 13 15 11 7 8 19 14 12 17 18
104 0 24 20 21 23 0 4 5 1 2 16 9 10 3 6 22 13 15 11 7 8 19 14 12 17 18
103 0 24 20 21 0 23 4 5 1 2 16 9 10 3 6 22 13 15 11 7 8 19 14 12 17 18
102 0 24 20 0 21 23 4 5 1 2 16 9 10 3 6 22 13 15 11 7 8 19 14 12 17 18
101 0 24 20 1 21 23 4 5 0 2 16 9 10 3 6 22 13 15 11 7 8 19 14 12 17 18
100 0 24 20 1 21 23 4 0 5 2 16 9 10 3 6 22 13 15 11 7 8 19 14 12 17 18
99 0 24 0 1 21 23 4 20 5 2 16 9 10 3 6 22 13 15 11 7 8 19 14 12 17 18
98 0 24 1 0 21 23 4 20 5 2 16 9 10 3 6 22 13 15 11 7 8 19 14 12 17 18
97 0 24 1 21 0 23 4 20 5 2 16 9 10 3 6 22 13 15 11 7 8 19 14 12 17 18
96 0 24 1 21 2 23 4 20 5 0 16 9 10 3 6 22 13 15 11 7 8 19 14 12 17 18
95 0 24 1 21 2 23 4 20 0 5 16 9 10 3 6 22 13 15 11 7 8 19 14 12 17 18
94 0 24 1 21 2 23 4 0 20 5 16 9 10 3 6 22 13 15 11 7 8 19 14 12 17 18
93 0 24 1 21 2 23 0 4 20 5 16 9 10 3 6 22 13 15 11 7 8 19 14 12 17 18
92 0 0 1 21 2 23 24 4 20 5 16 9 10 3 6 22 13 15 11 7 8 19 14 12 17 18
91 0 1 0 21 2 23 24 4 20 5 16 9 10 3 6 22 13 15 11 7 8 19 14 12 17 18
90 0 1 21 0 2 23 24 4 20 5 16 9 10 3 6 22 13 15 11 7 8 19 14 12 17 18
89 0 1 21 2 0 23 24 4 20 5 16 9 10 3 6 22 13 15 11 7 8 19 14 12 17 18
88 0 1 21 2 5 23 24 4 20 0 16 9 10 3 6 22 13 15 11 7 8 19 14 12 17 18
87 0 1 21 2 5 23 24 4 0 20 16 9 10 3 6 22 13 15 11 7 8 19 14 12 17 18
86 0 1 21 2 5 23 24 0 4 20 16 9 10 3 6 22 13 15 11 7 8 19 14 12 17 18
85 0 1 0 2 5 23 24 21 4 20 16 9 10 3 6 22 13 15 11 7 8 19 14 12 17 18
84 0 1 2 0 5 23 24 21 4 20 16 9 10 3 6 22 13 15 11 7 8 19 14 12 17 18
83 0 1 2 4 5 23 24 21 0 20 16 9 10 3 6 22 13 15 11 7 8 19 14 12 17 18
82 0 1 2 4 5 23 24 21 3 20 16 9 10 0 6 22 13 15 11 7 8 19 14 12 17 18
81 0 1 2 4 5 23 24 21 3 20 16 9 10 6 0 22 13 15 11 7 8 19 14 12 17 18
80 0 1 2 4 5 23 24 21 3 20 16 9 10 6 7 22 13 15 11 0 8 19 14 12 17 18
79 0 1 2 4 5 23 24 21 3 20 16 9 10 6 7 22 13 15 11 8 0 19 14 12 17 18
78 0 1 2 4 5 23 24 21 3 20 16 9 10 6 7 0 13 15 11 8 22 19 14 12 17 18
77 0 1 2 4 5 23 24 21 3 20 0 9 10 6 7 16 13 15 11 8 22 19 14 12 17 18
76 0 1 2 4 5 0 24 21 3 20 23 9 10 6 7 16 13 15 11 8 22 19 14 12 17 18
75 0 1 2 4 0 5 24 21 3 20 23 9 10 6 7 16 13 15 11 8 22 19 14 12 17 18
74 0 1 2 0 4 5 24 21 3 20 23 9 10 6 7 16 13 15 11 8 22 19 14 12 17 18
73 0 1 2 3 4 5 24 21 0 20 23 9 10 6 7 16 13 15 11 8 22 19 14 12 17 18
72 0 1 2 3 4 5 24 21 6 20 23 9 10 0 7 16 13 15 11 8 22 19 14 12 17 18
71 0 1 2 3 4 5 24 21 6 20 23 9 0 10 7 16 13 15 11 8 22 19 14 12 17 18
70 0 1 2 3 4 5 24 21 6 20 23 0 9 10 7 16 13 15 11 8 22 19 14 12 17 18
69 0 1 2 3 4 5 0 21 6 20 23 24 9 10 7 16 13 15 11 8 22 19 14 12 17 18
68 0 1 2 3 4 5 21 0 6 20 23 24 9 10 7 16 13 15 11 8 22 19 14 12 17 18
67 0 1 2 3 4 5 21 6 0 20 23 24 9 10 7 16 13 15 11 8 22 19 14 12 17 18
66 0 1 2 3 4 5 21 6 10 20 23 24 9 0 7 16 13 15 11 8 22 19 14 12 17 18
65 0 1 2 3 4 5 21 6 10 20 23 24 9 7 0 16 13 15 11 8 22 19 14 12 17 18
64 0 1 2 3 4 5 21 6 10 20 23 24 9 7 16 0 13 15 11 8 22 19 14 12 17 18
63 0 1 2 3 4 5 21 6 10 20 0 24 9 7 16 23 13 15 11 8 22 19 14 12 17 18
62 0 1 2 3 4 5 21 6 10 0 20 24 9 7 16 23 13 15 11 8 22 19 14 12 17 18
61 0 1 2 3 4 5 21 6 0 10 20 24 9 7 16 23 13 15 11 8 22 19 14 12 17 18
60 0 1 2 3 4 5 21 6 7 10 20 24 9 0 16 23 13 15 11 8 22 19 14 12 17 18
59 0 1 2 3 4 5 21 6 7 10 20 24 0 9 16 23 13 15 11 8 22 19 14 12 17 18
58 0 1 2 3 4 5 21 6 7 10 20 0 24 9 16 23 13 15 11 8 22 19 14 12 17 18
57 0 1 2 3 4 5 0 6 7 10 20 21 24 9 16 23 13 15 11 8 22 19 14 12 17 18
56 0 1 2 3 4 5 6 0 7 10 20 21 24 9 16 23 13 15 11 8 22 19 14 12 17 18
55 0 1 2 3 4 5 6 7 0 10 20 21 24 9 16 23 13 15 11 8 22 19 14 12 17 18
54 0 1 2 3 4 5 6 7 9 10 20 21 24 0 16 23 13 15 11 8 22 19 14 12 17 18
110 0 24 20 21 23 16 4 5 1 2 22 9 10 3 7 6 13 15 11 8 18 19 14 12 17 0
109 0 24 20 21 23 16 4 5 1 2 22 9 10 3 7 6 13 15 11 8 0 19 14 12 17 18
108 0 24 20 21 23 16 4 5 1 2 22 9 10 3 7 6 13 15 11 0 8 19 14 12 17 18
107 0 24 20 21 23 16 4 5 1 2 22 9 10 3 0 6 13 15 11 7 8 19 14 12 17 18
110 0 24 20 21 23 16 4 5 1 2 22 9 10 3 7 6 13 15 11 17 8 19 14 12 18 0
109 0 24 20 21 23 16 4 5 1 2 22 9 10 3 7 6 13 15 11 17 8 19 14 12 0 18
110 0 24 20 21 23 22 4 5 1 2 16 9 10 3 6 8 13 15 7 17 11 19 14 12 18 0
109 0 24 20 21 23 22 4 5 1 2 16 9 10 3 6 8 13 15 7 17 11 19 14 12 0 18
108 0 24 20 21 23 22 4 5 1 2 16 9 10 3 6 8 13 15 7 0 11 19 14 12 17 18
107 0 24 20 21 23 22 4 5 1 2 16 9 10 3 6 8 13 15 7 11 0 19 14 12 17 18
106 0 24 20 21 23 22 4 5 1 2 16 9 10 3 6 0 13 15 7 11 8 19 14 12 17 18
105 0 24 20 21 23 22 4 5 1 2 0 9 10 3 6 16 13 15 7 11 8 19 14 12 17 18
104 0 24 20 21 23 0 4 5 1 2 22 9 10 3 6 16 13 15 7 11 8 19 14 12 17 18
103 0 24 20 21 0 23 4 5 1 2 22 9 10 3 6 16 13 15 7 11 8 19 14 12 17 18
102 0 24 20 0 21 23 4 5 1 2 22 9 10 3 6 16 13 15 7 11 8 19 14 12 17 18
101 0 24 20 1 21 23 4 5 0 2 22 9 10 3 6 16 13 15 7 11 8 19 14 12 17 18
100 0 24 20 1 21 23 4 0 5 2 22 9 10 3 6 16 13 15 7 11 8 19 14 12 17 18
99 0 24 0 1 21 23 4 20 5 2 22 9 10 3 6 16 13 15 7 11 8 19 14 12 17 18
98 0 24 1 0 21 23 4 20 5 2 22 9 10 3 6 16 13 15 7 11 8 19 14 12 17 18
97 0 24 1 21 0 23 4 20 5 2 22 9 10 3 6 16 13 15 7 11 8 19 14 12 17 18
96 0 24 1 21 2 23 4 20 5 0 22 9 10 3 6 16 13 15 7 11 8 19 14 12 17 18
95 0 24 1 21 2 23 4 20 0 5 22 9 10 3 6 16 13 15 7 11 8 19 14 12 17 18
94 0 24 1 21 2 23 4 0 20 5 22 9 10 3 6 16 13 15 7 11 8 19 14 12 17 18
93 0 24 1 21 2 23 0 4 20 5 22 9 10 3 6 16 13 15 7 11 8 19 14 12 17 18
92 0 0 1 21 2 23 24 4 20 5 22 9 10 3 6 16 13 15 7 11 8 19 14 12 17 18
91 0 1 0 21 2 23 24 4 20 5 22 9 10 3 6 16 13 15 7 11 8 19 14 12 17 18
90 0 1 21 0 2 23 24 4 20 5 22 9 10 3 6 16 13 15 7 11 8 19 14 12 17 18
89 0 1 21 2 0 23 24 4 20 5 22 9 10 3 6 16 13 15 7 11 8 19 14 12 17 18
88 0 1 21 2 5 23 24 4 20 0 22 9 10 3 6 16 13 15 7 11 8 19 14 12 17 18
87 0 1 21 2 5 23 24 4 0 20 22 9 10 3 6 16 13 15 7 11 8 19 14 12 17 18
86 0 1 21 2 5 23 24 0 4 20 22 9 10 3 6 16 13 15 7 11 8 19 14 12 17 18
85 0 1 0 2 5 23 24 21 4 20 22 9 10 3 6 16 13 15 7 11 8 19 14 12 17 18
84 0 1 2 0 5 23 24 21 4 20 22 9 10 3 6 16 13 15 7 11 8 19 14 12 17 18
83 0 1 2 4 5 23 24 21 0 20 22 9 10 3 6 16 13 15 7 11 8 19 14 12 17 18
82 0 1 2 4 5 23 24 21 3 20 22 9 10 0 6 16 13 15 7 11 8 19 14 12 17 18
81 0 1 2 4 5 23 24 21 3 20 22 9 10 6 0 16 13 15 7 11 8 19 14 12 17 18
80 0 1 2 4 5 23 24 21 3 20 22 9 10 6 16 0 13 15 7 11 8 19 14 12 17 18
79 0 1 2 4 5 23 24 21 3 20 0 9 10 6 16 22 13 15 7 11 8 19 14 12 17 18
78 0 1 2 4 5 0 24 21 3 20 23 9 10 6 16 22 13 15 7 11 8 19 14 12 17 18
77 0 1 2 4 0 5 24 21 3 20 23 9 10 6 16 22 13 15 7 11 8 19 14 12 17 18
76 0 1 2 0 4 5 24 21 3 20 23 9 10 6 16 22 13 15 7 11 8 19 14 12 17 18
75 0 1 2 3 4 5 24 21 0 20 23 9 10 6 16 22 13 15 7 11 8 19 14 12 17 18
74 0 1 2 3 4 5 24 21 6 20 23 9 10 0 16 22 13 15 7 11 8 19 14 12 17 18
73 0 1 2 3 4 5 24 21 6 20 23 9 0 10 16 22 13 15 7 11 8 19 14 12 17 18
72 0 1 2 3 4 5 24 21 6 20 23 0 9 10 16 22 13 15 7 11 8 19 14 12 17 18
71 0 1 2 3 4 5 0 21 6 20 23 24 9 10 16 22 13 15 7 11 8 19 14 12 17 18
70 0 1 2 3 4 5 21 0 6 20 23 24 9 10 16 22 13 15 7 11 8 19 14 12 17 18
69 0 1 2 3 4 5 21 6 0 20 23 24 9 10 16 22 13 15 7 11 8 19 14 12 17 18
68 0 1 2 3 4 5 21 6 10 20 23 24 9 0 16 22 13 15 7 11 8 19 14 12 17 18
67 0 1 2 3 4 5 21 6 10 20 23 24 9 7 16 22 13 15 0 11 8 19 14 12 17 18
66 0 1 2 3 4 5 21 6 10 20 23 24 9 7 16 22 13 15 11 0 8 19 14 12 17 18
65 0 1 2 3 4 5 21 6 10 20 23 24 9 7 16 22 13 15 11 8 0 19 14 12 17 18
110 0 24 20 21 23 22 4 5 1 2 16 9 10 3 6 13 15 8 7 17 11 19 14 12 18 0
109 0 24 20 21 23 22 4 5 1 2 16 9 10 3 6 13 15 8 7 17 11 19 14 12 0 18
108 0 24 20 21 23 22 4 5 1 2 16 9 10 3 6 13 15 8 7 0 11 19 14 12 17 18
107 0 24 20 21 23 22 4 5 1 2 16 9 10 3 6 13 15 8 7 11 0 19 14 12 17 18
106 0 24 20 21 23 22 4 5 1 2 16 9 10 3 6 0 15 8 7 11 13 19 14 12 17 18
105 0 24 20 21 23 22 4 5 1 2 0 9 10 3 6 16 15 8 7 11 13 19 14 12 17 18
104 0 24 20 21 23 0 4 5 1 2 22 9 10 3 6 16 15 8 7 11 13 19 14 12 17 18
103 0 24 20 21 0 23 4 5 1 2 22 9 10 3 6 16 15 8 7 11 13 19 14 12 17 18
102 0 24 20 0 21 23 4 5 1 2 22 9 10 3 6 16 15 8 7 11 13 19 14 12 17 18
101 0 24 0 20 21 23 4 5 1 2 22 9 10 3 6 16 15 8 7 11 13 19 14 12 17 18
100 0 24 5 20 21 23 4 0 1 2 22 9 10 3 6 16 15 8 7 11 13 19 14 12 17 18
99 0 24 5 20 21 23 4 1 0 2 22 9 10 3 6 16 15 8 7 11 13 19 14 12 17 18
98 0 24 5 20 21 23 4 1 2 0 22 9 10 3 6 16 15 8 7 11 13 19 14 12 17 18
97 0 24 5 20 0 23 4 1 2 21 22 9 10 3 6 16 15 8 7 11 13 19 14 12 17 18
96 0 24 5 0 20 23 4 1 2 21 22 9 10 3 6 16 15 8 7 11 13 19 14 12 17 18
95 0 24 0 5 20 23 4 1 2 21 22 9 10 3 6 16 15 8 7 11 13 19 14 12 17 18
94 0 24 1 5 20 23 4 0 2 21 22 9 10 3 6 16 15 8 7 11 13 19 14 12 17 18
93 0 24 1 5 20 23 0 4 2 21 22 9 10 3 6 16 15 8 7 11 13 19 14 12 17 18
92 0 0 1 5 20 23 24 4 2 21 22 9 10 3 6 16 15 8 7 11 13 19 14 12 17 18
91 0 1 0 5 20 23 24 4 2 21 22 9 10 3 6 16 15 8 7 11 13 19 14 12 17 18
90 0 1 4 5 20 23 24 0 2 21 22 9 10 3 6 16 15 8 7 11 13 19 14 12 17 18
89 0 1 4 5 20 23 24 2 0 21 22 9 10 3 6 16 15 8 7 11 13 19 14 12 17 18
88 0 1 4 5 20 23 24 2 3 21 22 9 10 0 6 16 15 8 7 11 13 19 14 12 17 18
87 0 1 4 5 20 23 24 2 3 21 22 9 10 6 0 16 15 8 7 11 13 19 14 12 17 18
86 0 1 4 5 20 23 24 2 3 0 22 9 10 6 21 16 15 8 7 11 13 19 14 12 17 18
85 0 1 4 5 0 23 24 2 3 20 22 9 10 6 21 16 15 8 7 11 13 19 14 12 17 18
84 0 1 4 0 5 23 24 2 3 20 22 9 10 6 21 16 15 8 7 11 13 19 14 12 17 18
83 0 1 0 4 5 23 24 2 3 20 22 9 10 6 21 16 15 8 7 11 13 19 14 12 17 18
82 0 1 2 4 5 23 24 0 3 20 22 9 10 6 21 16 15 8 7 11 13 19 14 12 17 18
81 0 1 2 4 5 23 24 10 3 20 22 9 0 6 21 16 15 8 7 11 13 19 14 12 17 18
80 0 1 2 4 5 23 24 10 3 20 22 9 6 0 21 16 15 8 7 11 13 19 14 12 17 18
79 0 1 2 4 5 23 24 10 3 20 22 9 6 21 0 16 15 8 7 11 13 19 14 12 17 18
78 0 1 2 4 5 23 24 10 3 20 22 9 6 21 16 0 15 8 7 11 13 19 14 12 17 18
77 0 1 2 4 5 23 24 10 3 20 0 9 6 21 16 22 15 8 7 11 13 19 14 12 17 18
76 0 1 2 4 5 0 24 10 3 20 23 9 6 21 16 22 15 8 7 11 13 19 14 12 17 18
75 0 1 2 4 0 5 24 10 3 20 23 9 6 21 16 22 15 8 7 11 13 19 14 12 17 18
74 0 1 2 0 4 5 24 10 3 20 23 9 6 21 16 22 15 8 7 11 13 19 14 12 17 18
73 0 1 2 3 4 5 24 10 0 20 23 9 6 21 16 22 15 8 7 11 13 19 14 12 17 18
72 0 1 2 3 4 5 24 0 10 20 23 9 6 21 16 22 15 8 7 11 13 19 14 12 17 18
71 0 1 2 3 4 5 0 24 10 20 23 9 6 21 16 22 15 8 7 11 13 19 14 12 17 18
70 0 1 2 3 4 5 9 24 10 20 23 0 6 21 16 22 15 8 7 11 13 19 14 12 17 18
69 0 1 2 3 4 5 9 24 10 20 23 6 0 21 16 22 15 8 7 11 13 19 14 12 17 18
68 0 1 2 3 4 5 9 24 10 20 23 6 21 0 16 22 15 8 7 11 13 19 14 12 17 18
67 0 1 2 3 4 5 9 24 10 20 23 6 21 7 16 22 15 8 0 11 13 19 14 12 17 18
66 0 1 2 3 4 5 9 24 10 20 23 6 21 7 16 22 15 8 11 0 13 19 14 12 17 18
65 0 1 2 3 4 5 9 24 10 20 23 6 21 7 0 22 15 8 11 16 13 19 14 12 17 18
64 0 1 2 3 4 5 9 24 10 20 23 6 21 7 22 0 15 8 11 16 13 19 14 12 17 18
63 0 1 2 3 4 5 9 24 10 20 0 6 21 7 22 23 15 8 11 16 13 19 14 12 17 18
110 0 24 20 21 23 22 4 5 1 2 16 9 10 3 11 6 13 15 7 8 18 19 14 12 17 0
109 0 24 20 21 23 22 4 5 1 2 16 9 10 3 11 6 13 15 7 8 0 19 14 12 17 18
108 0 24 20 21 23 22 4 5 1 2 16 9 10 3 11 6 13 15 7 0 8 19 14 12 17 18
107 0 24 20 21 23 22 4 5 1 2 16 9 10 3 0 6 13 15 7 11 8 19 14 12 17 18
110 0 24 20 21 23 22 4 5 1 2 16 9 10 3 11 6 13 15 7 17 8 19 14 12 18 0
109 0 24 20 21 23 22 4 5 1 2 16 9 10 3 11 6 13 15 7 17 8 19 14 12 0 18
110 0 24 20 21 23 22 4 5 1 2 16 9 10 3 11 6 15 8 7 13 18 19 14 12 17 0
109 0 24 20 21 23 22 4 5 1 2 16 9 10 3 11 6 15 8 7 13 0 19 14 12 17 18
108 0 24 20 21 23 22 4 5 1 2 16 9 10 3 11 6 15 8 7 0 13 19 14 12 17 18
107 0 24 20 21 23 22 4 5 1 2 16 9 10 3 0 6 15 8 7 11 13 19 14 12 17 18
110 0 24 20 21 23 22 4 5 1 2 16 9 10 3 11 6 15 8 7 17 13 19 14 12 18 0
109 0 24 20 21 23 22 4 5 1 2 16 9 10 3 11 6 15 8 7 17 13 19 14 12 0 18
110 0 24 20 22 23 16 4 5 1 2 21 9 10 3 6 13 15 8 7 17 11 19 14 12 18 0
109 0 24 20 22 23 16 4 5 1 2 21 9 10 3 6 13 15 8 7 17 11 19 14 12 0 18
108 0 24 20 22 23 16 4 5 1 2 21 9 10 3 6 13 15 8 7 0 11 19 14 12 17 18
107 0 24 20 22 23 16 4 5 1 2 21 9 10 3 6 13 15 8 7 11 0 19 14 12 17 18
106 0 24 20 22 23 16 4 5 1 2 21 9 10 3 6 0 15 8 7 11 13 19 14 12 17 18
105 0 24 20 22 23 16 4 5 1 2 0 9 10 3 6 21 15 8 7 11 13 19 14 12 17 18
104 0 24 20 22 23 0 4 5 1 2 16 9 10 3 6 21 15 8 7 11 13 19 14 12 17 18
103 0 24 20 22 0 23 4 5 1 2 16 9 10 3 6 21 15 8 7 11 13 19 14 12 17 18
102 0 24 20 0 22 23 4 5 1 2 16 9 10 3 6 21 15 8 7 11 13 19 14 12 17 18
101 0 24 0 20 22 23 4 5 1 2 16 9 10 3 6 21 15 8 7 11 13 19 14 12 17 18
100 0 24 5 20 22 23 4 0 1 2 16 9 10 3 6 21 15 8 7 11 13 19 14 12 17 18
99 0 24 5 20 22 23 4 1 0 2 16 9 10 3 6 21 15 8 7 11 13 19 14 12 17 18
98 0 24 5 20 22 23 4 1 2 0 16 9 10 3 6 21 15 8 7 11 13 19 14 12 17 18
97 0 24 5 20 0 23 4 1 2 22 16 9 10 3 6 21 15 8 7 11 13 19 14 12 17 18
96 0 24 5 0 20 23 4 1 2 22 16 9 10 3 6 21 15 8 7 11 13 19 14 12 17 18
95 0 24 0 5 20 23 4 1 2 22 16 9 10 3 6 21 15 8 7 11 13 19 14 12 17 18
94 0 24 1 5 20 23 4 0 2 22 16 9 10 3 6 21 15 8 7 11 13 19 14 12 17 18
93 0 24 1 5 20 23 0 4 2 22 16 9 10 3 6 21 15 8 7 11 13 19 14 12 17 18
92 0 0 1 5 20 23 24 4 2 22 16 9 10 3 6 21 15 8 7 11 13 19 14 12 17 18
91 0 1 0 5 20 23 24 4 2 22 16 9 10 3 6 21 15 8 7 11 13 19 14 12 17 18
90 0 1 4 5 20 23 24 0 2 22 16 9 10 3 6 21 15 8 7 11 13 19 14 12 17 18
89 0 1 4 5 20 23 24 2 0 22 16 9 10 3 6 21 15 8 7 11 13 19 14 12 17 18
88 0 1 4 5 20 23 24 2 3 22 16 9 10 0 6 21 15 8 7 11 13 19 14 12 17 18
87 0 1 4 5 20 23 24 2 3 22 16 9 10 6 0 21 15 8 7 11 13 19 14 12 17 18
86 0 1 4 5 20 23 24 2 3 22 16 9 10 6 21 0 15 8 7 11 13 19 14 12 17 18
85 0 1 4 5 20 23 24 2 3 22 0 9 10 6 21 16 15 8 7 11 13 19 14 12 17 18
84 0 1 4 5 20 0 24 2 3 22 23 9 10 6 21 16 15 8 7 11 13 19 14 12 17 18
83 0 1 4 5 0 20 24 2 3 22 23 9 10 6 21 16 15 8 7 11 13 19 14 12 17 18
82 0 1 4 0 5 20 24 2 3 22 23 9 10 6 21 16 15 8 7 11 13 19 14 12 17 18
81 0 1 0 4 5 20 24 2 3 22 23 9 10 6 21 16 15 8 7 11 13 19 14 12 17 18
80 0 1 2 4 5 20 24 0 3 22 23 9 10 6 21 16 15 8 7 11 13 19 14 12 17 18
79 0 1 2 4 5 20 24 10 3 22 23 9 0 6 21 16 15 8 7 11 13 19 14 12 17 18
78 0 1 2 4 5 20 24 10 3 22 23 9 6 0 21 16 15 8 7 11 13 19 14 12 17 18
77 0 1 2 4 5 20 24 10 3 22 23 9 6 21 0 16 15 8 7 11 13 19 14 12 17 18
76 0 1 2 4 5 20 24 10 3 22 23 9 6 21 16 0 15 8 7 11 13 19 14 12 17 18
110 0 24 20 22 23 16 4 5 1 2 21 9 10 3 11 6 15 8 7 13 18 19 14 12 17 0
109 0 24 20 22 23 16 4 5 1 2 21 9 10 3 11 6 15 8 7 13 0 19 14 12 17 18
108 0 24 20 22 23 16 4 5 1 2 21 9 10 3 11 6 15 8 7 0 13 19 14 12 17 18
107 0 24 20 22 23 16 4 5 1 2 21 9 10 3 0 6 15 8 7 11 13 19 14 12 17 18
110 0 24 20 22 23 16 4 5 1 2 21 9 10 3 11 6 15 8 7 17 13 19 14 12 18 0
109 0 24 20 22 23 16 4 5 1 2 21 9 10 3 11 6 15 8 7 17 13 19 14 12 0 18
108 0 0 15 20 16 23 24 5 1 21 22 10 4 2 6 11 13 8 9 3 7 19 14 12 17 18
107 0 15 0 20 16 23 24 5 1 21 22 10 4 2 6 11 13 8 9 3 7 19 14 12 17 18
106 0 15 5 20 16 23 24 0 1 21 22 10 4 2 6 11 13 8 9 3 7 19 14 12 17 18
105 0 15 5 20 16 23 24 1 0 21 22 10 4 2 6 11 13 8 9 3 7 19 14 12 17 18
104 0 15 5 20 16 23 24 1 21 0 22 10 4 2 6 11 13 8 9 3 7 19 14 12 17 18
103 0 15 5 20 0 23 24 1 21 16 22 10 4 2 6 11 13 8 9 3 7 19 14 12 17 18
102 0 15 5 0 20 23 24 1 21 16 22 10 4 2 6 11 13 8 9 3 7 19 14 12 17 18
101 0 15 0 5 20 23 24 1 21 16 22 10 4 2 6 11 13 8 9 3 7 19 14 12 17 18
100 0 15 1 5 20 23 24 0 21 16 22 10 4 2 6 11 13 8 9 3 7 19 14 12 17 18
99 0 15 1 5 20 23 24 4 21 16 22 10 0 2 6 11 13 8 9 3 7 19 14 12 17 18
98 0 15 1 5 20 23 24 4 21 16 22 0 10 2 6 11 13 8 9 3 7 19 14 12 17 18
97 0 15 1 5 20 23 0 4 21 16 22 24 10 2 6 11 13 8 9 3 7 19 14 12 17 18
96 0 0 1 5 20 23 15 4 21 16 22 24 10 2 6 11 13 8 9 3 7 19 14 12 17 18
95 0 1 0 5 20 23 15 4 21 16 22 24 10 2 6 11 13 8 9 3 7 19 14 12 17 18
94 0 1 4 5 20 23 15 0 21 16 22 24 10 2 6 11 13 8 9 3 7 19 14 12 17 18
93 0 1 4 5 20 23 15 21 0 16 22 24 10 2 6 11 13 8 9 3 7 19 14 12 17 18
92 0 1 4 5 20 23 15 21 2 16 22 24 10 0 6 11 13 8 9 3 7 19 14 12 17 18
91 0 1 4 5 20 23 15 21 2 16 22 24 0 10 6 11 13 8 9 3 7 19 14 12 17 18
90 0 1 4 5 20 23 15 21 2 16 22 0 24 10 6 11 13 8 9 3 7 19 14 12 17 18
89 0 1 4 5 20 23 0 21 2 16 22 15 24 10 6 11 13 8 9 3 7 19 14 12 17 18
88 0 1 4 5 20 23 21 0 2 16 22 15 24 10 6 11 13 8 9 3 7 19 14 12 17 18
87 0 1 4 5 20 23 21 2 0 16 22 15 24 10 6 11 13 8 9 3 7 19 14 12 17 18
86 0 1 4 5 20 23 21 2 16 0 22 15 24 10 6 11 13 8 9 3 7 19 14 12 17 18
85 0 1 4 5 20 23 21 2 16 6 22 15 24 10 0 11 13 8 9 3 7 19 14 12 17 18
84 0 1 4 5 20 23 21 2 16 6 22 15 24 10 3 11 13 8 9 0 7 19 14 12 17 18
83 0 1 4 5 20 23 21 2 16 6 22 15 24 10 3 11 13 8 9 7 0 19 14 12 17 18
82 0 1 4 5 20 23 21 2 16 6 22 15 24 10 3 0 13 8 9 7 11 19 14 12 17 18
81 0 1 4 5 20 23 21 2 16 6 0 15 24 10 3 22 13 8 9 7 11 19 14 12 17 18
80 0 1 4 5 20 0 21 2 16 6 23 15 24 10 3 22 13 8 9 7 11 19 14 12 17 18
79 0 1 4 5 0 20 21 2 16 6 23 15 24 10 3 22 13 8 9 7 11 19 14 12 17 18
78 0 1 4 0 5 20 21 2 16 6 23 15 24 10 3 22 13 8 9 7 11 19 14 12 17 18
77 0 1 0 4 5 20 21 2 16 6 23 15 24 10 3 22 13 8 9 7 11 19 14 12 17 18
76 0 1 2 4 5 20 21 0 16 6 23 15 24 10 3 22 13 8 9 7 11 19 14 12 17 18
75 0 1 2 4 5 20 21 16 0 6 23 15 24 10 3 22 13 8 9 7 11 19 14 12 17 18
74 0 1 2 4 5 20 21 16 6 0 23 15 24 10 3 22 13 8 9 7 11 19 14 12 17 18
73 0 1 2 4 5 20 21 16 6 3 23 15 24 10 0 22 13 8 9 7 11 19 14 12 17 18
72 0 1 2 4 5 20 21 16 6 3 23 15 24 0 10 22 13 8 9 7 11 19 14 12 17 18
71 0 1 2 4 5 20 21 16 6 3 23 15 0 24 10 22 13 8 9 7 11 19 14 12 17 18
70 0 1 2 4 5 20 21 16 6 3 23 0 15 24 10 22 13 8 9 7 11 19 14 12 17 18
69 0 1 2 4 5 20 0 16 6 3 23 21 15 24 10 22 13 8 9 7 11 19 14 12 17 18
68 0 1 2 4 5 20 16 0 6 3 23 21 15 24 10 22 13 8 9 7 11 19 14 12 17 18
67 0 1 2 4 5 20 16 6 0 3 23 21 15 24 10 22 13 8 9 7 11 19 14 12 17 18
66 0 1 2 4 5 20 16 6 3 0 23 21 15 24 10 22 13 8 9 7 11 19 14 12 17 18
65 0 1 2 4 5 20 16 6 3 10 23 21 15 24 0 22 13 8 9 7 11 19 14 12 17 18
64 0 1 2 4 5 20 16 6 3 10 23 21 15 0 24 22 13 8 9 7 11 19 14 12 17 18
63 0 1 2 4 5 20 16 6 3 10 23 21 15 9 24 22 13 8 0 7 11 19 14 12 17 18
62 0 1 2 4 5 20 16 6 3 10 23 21 15 9 24 22 13 8 7 0 11 19 14 12 17 18
61 0 1 2 4 5 20 16 6 3 10 23 21 15 9 24 22 13 8 7 11 0 19 14 12 17 18
60 0 1 2 4 5 20 16 6 3 10 23 21 15 9 24 0 13 8 7 11 22 19 14 12 17 18
59 0 1 2 4 5 20 16 6 3 10 23 21 15 9 0 24 13 8 7 11 22 19 14 12 17 18
58 0 1 2 4 5 20 16 6 3 10 23 21 15 0 9 24 13 8 7 11 22 19 14 12 17 18
57 0 1 2 4 5 20 16 6 3 10 23 21 15 7 9 24 13 8 0 11 22 19 14 12 17 18
56 0 1 2 4 5 20 16 6 3 10 23 21 15 7 9 24 13 8 11 0 22 19 14 12 17 18
55 0 1 2 4 5 20 16 6 3 10 23 21 15 7 9 24 13 8 11 22 0 19 14 12 17 18
54 0 1 2 4 5 20 16 6 3 10 23 21 15 7 9 0 13 8 11 22 24 19 14 12 17 18
53 0 1 2 4 5 20 16 6 3 10 0 21 15 7 9 23 13 8 11 22 24 19 14 12 17 18
52 0 1 2 4 5 0 16 6 3 10 20 21 15 7 9 23 13 8 11 22 24 19 14 12 17 18
51 0 1 2 4 0 5 16 6 3 10 20 21 15 7 9 23 13 8 11 22 24 19 14 12 17 18
50 0 1 2 0 4 5 16 6 3 10 20 21 15 7 9 23 13 8 11 22 24 19 14 12 17 18
49 0 1 2 3 4 5 16 6 0 10 20 21 15 7 9 23 13 8 11 22 24 19 14 12 17 18
48 0 1 2 3 4 5 16 6 7 10 20 21 15 0 9 23 13 8 11 22 24 19 14 12 17 18
47 0 1 2 3 4 5 16 6 7 10 20 21 0 15 9 23 13 8 11 22 24 19 14 12 17 18
46 0 1 2 3 4 5 16 6 7 10 20 21 8 15 9 23 13 0 11 22 24 19 14 12 17 18
45 0 1 2 3 4 5 16 6 7 10 20 21 8 15 9 23 13 14 11 22 24 19 0 12 17 18
44 0 1 2 3 4 5 16 6 7 10 20 21 8 15 9 23 13 14 11 22 24 19 12 0 17 18
43 0 1 2 3 4 5 16 6 7 10 20 21 8 15 9 23 13 14 11 22 24 19 12 17 0 18
42 0 1 2 3 4 5 16 6 7 10 20 21 8 15 9 23 13 14 11 22 24 19 12 17 18 0
41 0 1 2 3 4 5 16 6 7 10 20 21 8 15 9 23 13 14 11 22 0 19 12 17 18 24
40 0 1 2 3 4 5 16 6 7 10 20 21 8 15 9 0 13 14 11 22 23 19 12 17 18 24
39 0 1 2 3 4 5 16 6 7 10 0 21 8 15 9 20 13 14 11 22 23 19 12 17 18 24
38 0 1 2 3 4 5 16 6 7 0 10 21 8 15 9 20 13 14 11 22 23 19 12 17 18 24
37 0 1 2 3 4 5 16 6 7 9 10 21 8 15 0 20 13 14 11 22 23 19 12 17 18 24
36 0 1 2 3 4 5 16 6 7 9 10 21 8 0 15 20 13 14 11 22 23 19 12 17 18 24
35 0 1 2 3 4 5 16 6 7 9 10 21 0 8 15 20 13 14 11 22 23 19 12 17 18 24
34 0 1 2 3 4 5 16 6 7 9 10 21 14 8 15 20 13 0 11 22 23 19 12 17 18 24
33 0 1 2 3 4 5 16 6 7 9 10 21 14 8 15 20 0 13 11 22 23 19 12 17 18 24
32 0 1 2 3 4 5 16 6 7 9 10 0 14 8 15 20 21 13 11 22 23 19 12 17 18 24
31 0 1 2 3 4 5 0 6 7 9 10 16 14 8 15 20 21 13 11 22 23 19 12 17 18 24
30 0 1 2 3 4 5 6 0 7 9 10 16 14 8 15 20 21 13 11 22 23 19 12 17 18 24
110 0 0 20 6 16 23 15 24 1 21 22 5 4 2 3 7 9 10 11 8 13 19 14 12 17 18
109 0 20 0 6 16 23 15 24 1 21 22 5 4 2 3 7 9 10 11 8 13 19 14 12 17 18
108 0 20 6 0 16 23 15 24 1 21 22 5 4 2 3 7 9 10 11 8 13 19 14 12 17 18
107 0 20 6 1 16 23 15 24 0 21 22 5 4 2 3 7 9 10 11 8 13 19 14 12 17 18
106 0 20 6 1 16 23 15 24 2 21 22 5 4 0 3 7 9 10 11 8 13 19 14 12 17 18
105 0 20 6 1 16 23 15 24 2 21 22 5 0 4 3 7 9 10 11 8 13 19 14 12 17 18
104 0 20 6 1 16 23 15 24 2 21 22 0 5 4 3 7 9 10 11 8 13 19 14 12 17 18
103 0 20 6 1 16 23 0 24 2 21 22 15 5 4 3 7 9 10 11 8 13 19 14 12 17 18
102 0 0 6 1 16 23 20 24 2 21 22 15 5 4 3 7 9 10 11 8 13 19 14 12 17 18
101 0 6 0 1 16 23 20 24 2 21 22 15 5 4 3 7 9 10 11 8 13 19 14 12 17 18
100 0 6 1 0 16 23 20 24 2 21 22 15 5 4 3 7 9 10 11 8 13 19 14 12 17 18
99 0 6 1 2 16 23 20 24 0 21 22 15 5 4 3 7 9 10 11 8 13 19 14 12 17 18
98 0 6 1 2 16 23 20 24 21 0 22 15 5 4 3 7 9 10 11 8 13 19 14 12 17 18
97 0 6 1 2 16 23 20 24 21 3 22 15 5 4 0 7 9 10 11 8 13 19 14 12 17 18
96 0 6 1 2 16 23 20 24 21 3 22 15 5 0 4 7 9 10 11 8 13 19 14 12 17 18
95 0 6 1 2 16 23 20 24 0 3 22 15 5 21 4 7 9 10 11 8 13 19 14 12 17 18
94 0 6 1 2 16 23 20 0 24 3 22 15 5 21 4 7 9 10 11 8 13 19 14 12 17 18
93 0 6 1 2 16 23 20 5 24 3 22 15 0 21 4 7 9 10 11 8 13 19 14 12 17 18
92 0 6 1 2 16 23 20 5 24 3 22 15 10 21 4 7 9 0 11 8 13 19 14 12 17 18
91 0 6 1 2 16 23 20 5 24 3 22 15 10 21 4 7 9 11 0 8 13 19 14 12 17 18
90 0 6 1 2 16 23 20 5 24 3 22 15 10 0 4 7 9 11 21 8 13 19 14 12 17 18
89 0 6 1 2 16 23 20 5 0 3 22 15 10 24 4 7 9 11 21 8 13 19 14 12 17 18
88 0 6 1 2 16 23 20 0 5 3 22 15 10 24 4 7 9 11 21 8 13 19 14 12 17 18
87 0 6 1 2 16 23 0 20 5 3 22 15 10 24 4 7 9 11 21 8 13 19 14 12 17 18
86 0 0 1 2 16 23 6 20 5 3 22 15 10 24 4 7 9 11 21 8 13 19 14 12 17 18
85 0 1 0 2 16 23 6 20 5 3 22 15 10 24 4 7 9 11 21 8 13 19 14 12 17 18
84 0 1 2 0 16 23 6 20 5 3 22 15 10 24 4 7 9 11 21 8 13 19 14 12 17 18
83 0 1 2 16 0 23 6 20 5 3 22 15 10 24 4 7 9 11 21 8 13 19 14 12 17 18
82 0 1 2 16 3 23 6 20 5 0 22 15 10 24 4 7 9 11 21 8 13 19 14 12 17 18
81 0 1 2 16 3 23 6 20 0 5 22 15 10 24 4 7 9 11 21 8 13 19 14 12 17 18
80 0 1 2 0 3 23 6 20 16 5 22 15 10 24 4 7 9 11 21 8 13 19 14 12 17 18
79 0 1 2 3 0 23 6 20 16 5 22 15 10 24 4 7 9 11 21 8 13 19 14 12 17 18
78 0 1 2 3 5 23 6 20 16 0 22 15 10 24 4 7 9 11 21 8 13 19 14 12 17 18
77 0 1 2 3 5 23 6 20 16 4 22 15 10 24 0 7 9 11 21 8 13 19 14 12 17 18
76 0 1 2 3 5 23 6 20 16 4 22 15 10 0 24 7 9 11 21 8 13 19 14 12 17 18
75 0 1 2 3 5 23 6 20 0 4 22 15 10 16 24 7 9 11 21 8 13 19 14 12 17 18
74 0 1 2 3 5 23 6 0 20 4 22 15 10 16 24 7 9 11 21 8 13 19 14 12 17 18
73 0 1 2 3 5 23 6 10 20 4 22 15 0 16 24 7 9 11 21 8 13 19 14 12 17 18
72 0 1 2 3 5 23 6 10 20 4 22 0 15 16 24 7 9 11 21 8 13 19 14 12 17 18
71 0 1 2 3 5 23 6 10 20 4 22 9 15 16 24 7 0 11 21 8 13 19 14 12 17 18
70 0 1 2 3 5 23 6 10 20 4 22 9 15 16 24 7 11 0 21 8 13 19 14 12 17 18
69 0 1 2 3 5 23 6 10 20 4 22 9 15 16 24 7 11 21 0 8 13 19 14 12 17 18
68 0 1 2 3 5 23 6 10 20 4 22 9 15 0 24 7 11 21 16 8 13 19 14 12 17 18
67 0 1 2 3 5 23 6 10 20 4 22 9 0 15 24 7 11 21 16 8 13 19 14 12 17 18
66 0 1 2 3 5 23 6 10 20 4 22 0 9 15 24 7 11 21 16 8 13 19 14 12 17 18
65 0 1 2 3 5 23 6 10 20 4 22 11 9 15 24 7 0 21 16 8 13 19 14 12 17 18
64 0 1 2 3 5 23 6 10 20 4 22 11 9 15 24 7 21 0 16 8 13 19 14 12 17 18
63 0 1 2 3 5 23 6 10 20 4 22 11 9 15 24 7 21 16 0 8 13 19 14 12 17 18
62 0 1 2 3 5 23 6 10 20 4 22 11 9 15 24 7 21 16 8 0 13 19 14 12 17 18
61 0 1 2 3 5 23 6 10 20 4 22 11 9 15 0 7 21 16 8 24 13 19 14 12 17 18
60 0 1 2 3 5 23 6 10 20 4 22 11 9 15 7 0 21 16 8 24 13 19 14 12 17 18
59 0 1 2 3 5 23 6 10 20 4 0 11 9 15 7 22 21 16 8 24 13 19 14 12 17 18
58 0 1 2 3 5 0 6 10 20 4 23 11 9 15 7 22 21 16 8 24 13 19 14 12 17 18
57 0 1 2 3 0 5 6 10 20 4 23 11 9 15 7 22 21 16 8 24 13 19 14 12 17 18
56 0 1 2 3 4 5 6 10 20 0 23 11 9 15 7 22 21 16 8 24 13 19 14 12 17 18
55 0 1 2 3 4 5 6 10 0 20 23 11 9 15 7 22 21 16 8 24 13 19 14 12 17 18
54 0 1 2 3 4 5 6 10 15 20 23 11 9 0 7 22 21 16 8 24 13 19 14 12 17 18
53 0 1 2 3 4 5 6 10 15 20 23 11 9 7 0 22 21 16 8 24 13 19 14 12 17 18
52 0 1 2 3 4 5 6 10 15 20 23 11 9 7 22 0 21 16 8 24 13 19 14 12 17 18
51 0 1 2 3 4 5 6 10 15 20 0 11 9 7 22 23 21 16 8 24 13 19 14 12 17 18
50 0 1 2 3 4 5 6 10 15 0 20 11 9 7 22 23 21 16 8 24 13 19 14 12 17 18
49 0 1 2 3 4 5 6 10 0 15 20 11 9 7 22 23 21 16 8 24 13 19 14 12 17 18
48 0 1 2 3 4 5 6 0 10 15 20 11 9 7 22 23 21 16 8 24 13 19 14 12 17 18
47 0 1 2 3 4 5 6 9 10 15 20 11 0 7 22 23 21 16 8 24 13 19 14 12 17 18
46 0 1 2 3 4 5 6 9 10 15 20 11 7 0 22 23 21 16 8 24 13 19 14 12 17 18
45 0 1 2 3 4 5 6 9 10 15 20 11 7 8 22 23 21 16 0 24 13 19 14 12 17 18
44 0 1 2 3 4 5 6 9 10 15 20 11 7 8 22 23 21 16 12 24 13 19 14 0 17 18
43 0 1 2 3 4 5 6 9 10 15 20 11 7 8 22 23 21 16 12 24 13 19 0 14 17 18
42 0 1 2 3 4 5 6 9 10 15 20 11 7 8 22 23 21 16 12 24 13 0 19 14 17 18
41 0 1 2 3 4 5 6 9 10 15 20 11 7 8 22 23 0 16 12 24 13 21 19 14 17 18
40 0 1 2 3 4 5 6 9 10 15 20 11 7 8 22 23 16 0 12 24 13 21 19 14 17 18
39 0 1 2 3 4 5 6 9 10 15 20 11 7 8 22 23 16 12 0 24 13 21 19 14 17 18
38 0 1 2 3 4 5 6 9 10 15 20 11 7 8 22 23 16 12 14 24 13 21 19 0 17 18
37 0 1 2 3 4 5 6 9 10 15 20 11 7 8 22 23 16 12 14 24 13 21 19 17 0 18
36 0 1 2 3 4 5 6 9 10 15 20 11 7 8 22 23 16 12 14 0 13 21 19 17 24 18
35 0 1 2 3 4 5 6 9 10 15 20 11 7 8 0 23 16 12 14 22 13 21 19 17 24 18
34 0 1 2 3 4 5 6 9 10 15 20 11 7 8 23 0 16 12 14 22 13 21 19 17 24 18
33 0 1 2 3 4 5 6 9 10 15 0 11 7 8 23 20 16 12 14 22 13 21 19 17 24 18
32 0 1 2 3 4 5 6 9 10 0 15 11 7 8 23 20 16 12 14 22 13 21 19 17 24 18
31 0 1 2 3 4 5 6 9 0 10 15 11 7 8 23 20 16 12 14 22 13 21 19 17 24 18
30 0 1 2 3 4 5 6 9 8 10 15 11 7 0 23 20 16 12 14 22 13 21 19 17 24 18
108 0 0 24 6 16 23 15 5 20 21 22 10 4 1 2 3 13 8 9 7 11 19 14 12 17 18
107 0 24 0 6 16 23 15 5 20 21 22 10 4 1 2 3 13 8 9 7 11 19 14 12 17 18
106 0 24 6 0 16 23 15 5 20 21 22 10 4 1 2 3 13 8 9 7 11 19 14 12 17 18
105 0 24 6 20 16 23 15 5 0 21 22 10 4 1 2 3 13 8 9 7 11 19 14 12 17 18
104 0 24 6 20 16 23 15 5 1 21 22 10 4 0 2 3 13 8 9 7 11 19 14 12 17 18
103 0 24 6 20 16 23 15 5 1 21 22 10 0 4 2 3 13 8 9 7 11 19 14 12 17 18
102 0 24 6 20 16 23 15 5 1 21 22 0 10 4 2 3 13 8 9 7 11 19 14 12 17 18
101 0 24 6 20 16 23 0 5 1 21 22 15 10 4 2 3 13 8 9 7 11 19 14 12 17 18
100 0 0 6 20 16 23 24 5 1 21 22 15 10 4 2 3 13 8 9 7 11 19 14 12 17 18
99 0 6 0 20 16 23 24 5 1 21 22 15 10 4 2 3 13 8 9 7 11 19 14 12 17 18
98 0 6 5 20 16 23 24 0 1 21 22 15 10 4 2 3 13 8 9 7 11 19 14 12 17 18
97 0 6 5 20 16 23 24 1 0 21 22 15 10 4 2 3 13 8 9 7 11 19 14 12 17 18
96 0 6 5 20 16 23 24 1 21 0 22 15 10 4 2 3 13 8 9 7 11 19 14 12 17 18
95 0 6 5 20 0 23 24 1 21 16 22 15 10 4 2 3 13 8 9 7 11 19 14 12 17 18
94 0 6 5 0 20 23 24 1 21 16 22 15 10 4 2 3 13 8 9 7 11 19 14 12 17 18
93 0 6 0 5 20 23 24 1 21 16 22 15 10 4 2 3 13 8 9 7 11 19 14 12 17 18
92 0 6 1 5 20 23 24 0 21 16 22 15 10 4 2 3 13 8 9 7 11 19 14 12 17 18
91 0 6 1 5 20 23 24 21 0 16 22 15 10 4 2 3 13 8 9 7 11 19 14 12 17 18
90 0 6 1 5 20 23 24 21 4 16 22 15 10 0 2 3 13 8 9 7 11 19 14 12 17 18
89 0 6 1 5 20 23 24 21 4 16 22 15 10 2 0 3 13 8 9 7 11 19 14 12 17 18
88 0 6 1 5 20 23 24 21 4 16 22 15 10 2 3 0 13 8 9 7 11 19 14 12 17 18
87 0 6 1 5 20 23 24 21 4 16 0 15 10 2 3 22 13 8 9 7 11 19 14 12 17 18
86 0 6 1 5 20 0 24 21 4 16 23 15 10 2 3 22 13 8 9 7 11 19 14 12 17 18
85 0 6 1 5 0 20 24 21 4 16 23 15 10 2 3 22 13 8 9 7 11 19 14 12 17 18
84 0 6 1 0 5 20 24 21 4 16 23 15 10 2 3 22 13 8 9 7 11 19 14 12 17 18
83 0 6 1 4 5 20 24 21 0 16 23 15 10 2 3 22 13 8 9 7 11 19 14 12 17 18
82 0 6 1 4 5 20 24 21 2 16 23 15 10 0 3 22 13 8 9 7 11 19 14 12 17 18
81 0 6 1 4 5 20 24 21 2 16 23 15 10 3 0 22 13 8 9 7 11 19 14 12 17 18
80 0 6 1 4 5 20 24 21 2 16 23 15 10 3 7 22 13 8 9 0 11 19 14 12 17 18
79 0 6 1 4 5 20 24 21 2 16 23 15 10 3 7 22 13 8 9 11 0 19 14 12 17 18
78 0 6 1 4 5 20 24 21 2 16 23 15 10 3 7 0 13 8 9 11 22 19 14 12 17 18
77 0 6 1 4 5 20 24 21 2 16 0 15 10 3 7 23 13 8 9 11 22 19 14 12 17 18
76 0 6 1 4 5 0 24 21 2 16 20 15 10 3 7 23 13 8 9 11 22 19 14 12 17 18
75 0 6 1 4 0 5 24 21 2 16 20 15 10 3 7 23 13 8 9 11 22 19 14 12 17 18
74 0 6 1 0 4 5 24 21 2 16 20 15 10 3 7 23 13 8 9 11 22 19 14 12 17 18
73 0 6 1 2 4 5 24 21 0 16 20 15 10 3 7 23 13 8 9 11 22 19 14 12 17 18
72 0 6 1 2 4 5 24 21 3 16 20 15 10 0 7 23 13 8 9 11 22 19 14 12 17 18
71 0 6 1 2 4 5 24 21 3 16 20 15 0 10 7 23 13 8 9 11 22 19 14 12 17 18
70 0 6 1 2 4 5 24 21 3 16 20 0 15 10 7 23 13 8 9 11 22 19 14 12 17 18
69 0 6 1 2 4 5 0 21 3 16 20 24 15 10 7 23 13 8 9 11 22 19 14 12 17 18
68 0 0 1 2 4 5 6 21 3 16 20 24 15 10 7 23 13 8 9 11 22 19 14 12 17 18
67 0 1 0 2 4 5 6 21 3 16 20 24 15 10 7 23 13 8 9 11 22 19 14 12 17 18
66 0 1 2 0 4 5 6 21 3 16 20 24 15 10 7 23 13 8 9 11 22 19 14 12 17 18
65 0 1 2 3 4 5 6 21 0 16 20 24 15 10 7 23 13 8 9 11 22 19 14 12 17 18
64 0 1 2 3 4 5 6 21 16 0 20 24 15 10 7 23 13 8 9 11 22 19 14 12 17 18
63 0 1 2 3 4 5 6 21 16 7 20 24 15 10 0 23 13 8 9 11 22 19 14 12 17 18
62 0 1 2 3 4 5 6 21 16 7 20 24 15 0 10 23 13 8 9 11 22 19 14 12 17 18
61 0 1 2 3 4 5 6 21 16 7 20 24 0 15 10 23 13 8 9 11 22 19 14 12 17 18
60 0 1 2 3 4 5 6 0 16 7 20 24 21 15 10 23 13 8 9 11 22 19 14 12 17 18
59 0 1 2 3 4 5 6 16 0 7 20 24 21 15 10 23 13 8 9 11 22 19 14 12 17 18
58 0 1 2 3 4 5 6 16 7 0 20 24 21 15 10 23 13 8 9 11 22 19 14 12 17 18
57 0 1 2 3 4 5 6 16 7 10 20 24 21 15 0 23 13 8 9 11 22 19 14 12 17 18
56 0 1 2 3 4 5 6 16 7 10 20 24 21 0 15 23 13 8 9 11 22 19 14 12 17 18
55 0 1 2 3 4 5 6 16 7 10 20 24 21 9 15 23 13 8 0 11 22 19 14 12 17 18
54 0 1 2 3 4 5 6 16 7 10 20 24 21 9 15 23 13 0 8 11 22 19 14 12 17 18
53 0 1 2 3 4 5 6 16 7 10 20 24 21 9 15 23 0 13 8 11 22 19 14 12 17 18
52 0 1 2 3 4 5 6 16 7 10 20 0 21 9 15 23 24 13 8 11 22 19 14 12 17 18
51 0 1 2 3 4 5 6 16 7 10 20 21 0 9 15 23 24 13 8 11 22 19 14 12 17 18
50 0 1 2 3 4 5 6 0 7 10 20 21 16 9 15 23 24 13 8 11 22 19 14 12 17 18
49 0 1 2 3 4 5 6 7 0 10 20 21 16 9 15 23 24 13 8 11 22 19 14 12 17 18
48 0 1 2 3 4 5 6 7 9 10 20 21 16 0 15 23 24 13 8 11 22 19 14 12 17 18
47 0 1 2 3 4 5 6 7 9 10 20 21 16 8 15 23 24 13 0 11 22 19 14 12 17 18
46 0 1 2 3 4 5 6 7 9 10 20 21 16 8 15 23 24 13 11 0 22 19 14 12 17 18
45 0 1 2 3 4 5 6 7 9 10 20 21 16 8 15 23 24 13 11 22 0 19 14 12 17 18
44 0 1 2 3 4 5 6 7 9 10 20 21 16 8 15 0 24 13 11 22 23 19 14 12 17 18
43 0 1 2 3 4 5 6 7 9 10 0 21 16 8 15 20 24 13 11 22 23 19 14 12 17 18
42 0 1 2 3 4 5 6 7 9 0 10 21 16 8 15 20 24 13 11 22 23 19 14 12 17 18
41 0 1 2 3 4 5 6 7 0 9 10 21 16 8 15 20 24 13 11 22 23 19 14 12 17 18
40 0 1 2 3 4 5 6 7 8 9 10 21 16 0 15 20 24 13 11 22 23 19 14 12 17 18
39 0 1 2 3 4 5 6 7 8 9 10 21 16 11 15 20 24 13 0 22 23 19 14 12 17 18
38 0 1 2 3 4 5 6 7 8 9 10 21 16 11 15 20 24 0 13 22 23 19 14 12 17 18
37 0 1 2 3 4 5 6 7 8 9 10 21 16 11 15 20 0 24 13 22 23 19 14 12 17 18
36 0 1 2 3 4 5 6 7 8 9 10 0 16 11 15 20 21 24 13 22 23 19 14 12 17 18
35 0 1 2 3 4 5 6 7 8 9 10 16 0 11 15 20 21 24 13 22 23 19 14 12 17 18
34 0 1 2 3 4 5 6 7 8 9 10 16 11 0 15 20 21 24 13 22 23 19 14 12 17 18
33 0 1 2 3 4 5 6 7 8 9 10 16 11 13 15 20 21 24 0 22 23 19 14 12 17 18
32 0 1 2 3 4 5 6 7 8 9 10 16 11 13 15 20 21 0 24 22 23 19 14 12 17 18
31 0 1 2 3 4 5 6 7 8 9 10 16 11 13 15 20 21 14 24 22 23 19 0 12 17 18
30 0 1 2 3 4 5 6 7 8 9 10 16 11 13 15 20 21 14 24 22 23 19 12 0 17 18
108 0 0 24 6 16 23 15 5 20 21 22 10 4 1 2 3 13 9 7 8 11 19 14 12 17 18
107 0 24 0 6 16 23 15 5 20 21 22 10 4 1 2 3 13 9 7 8 11 19 14 12 17 18
106 0 24 6 0 16 23 15 5 20 21 22 10 4 1 2 3 13 9 7 8 11 19 14 12 17 18
105 0 24 6 20 16 23 15 5 0 21 22 10 4 1 2 3 13 9 7 8 11 19 14 12 17 18
104 0 24 6 20 16 23 15 5 1 21 22 10 4 0 2 3 13 9 7 8 11 19 14 12 17 18
103 0 24 6 20 16 23 15 5 1 21 22 10 0 4 2 3 13 9 7 8 11 19 14 12 17 18
102 0 24 6 20 16 23 15 5 1 21 22 0 10 4 2 3 13 9 7 8 11 19 14 12 17 18
101 0 24 6 20 16 23 0 5 1 21 22 15 10 4 2 3 13 9 7 8 11 19 14 12 17 18
100 0 0 6 20 16 23 24 5 1 21 22 15 10 4 2 3 13 9 7 8 11 19 14 12 17 18
99 0 6 0 20 16 23 24 5 1 21 22 15 10 4 2 3 13 9 7 8 11 19 14 12 17 18
98 0 6 5 20 16 23 24 0 1 21 22 15 10 4 2 3 13 9 7 8 11 19 14 12 17 18
97 0 6 5 20 16 23 24 1 0 21 22 15 10 4 2 3 13 9 7 8 11 19 14 12 17 18
96 0 6 5 20 16 23 24 1 21 0 22 15 10 4 2 3 13 9 7 8 11 19 14 12 17 18
95 0 6 5 20 0 23 24 1 21 16 22 15 10 4 2 3 13 9 7 8 11 19 14 12 17 18
94 0 6 5 0 20 23 24 1 21 16 22 15 10 4 2 3 13 9 7 8 11 19 14 12 17 18
93 0 6 0 5 20 23 24 1 21 16 22 15 10 4 2 3 13 9 7 8 11 19 14 12 17 18
92 0 6 1 5 20 23 24 0 21 16 22 15 10 4 2 3 13 9 7 8 11 19 14 12 17 18
91 0 6 1 5 20 23 24 21 0 16 22 15 10 4 2 3 13 9 7 8 11 19 14 12 17 18
90 0 6 1 5 20 23 24 21 4 16 22 15 10 0 2 3 13 9 7 8 11 19 14 12 17 18
89 0 6 1 5 20 23 24 21 4 16 22 15 10 2 0 3 13 9 7 8 11 19 14 12 17 18
88 0 6 1 5 20 23 24 21 4 16 22 15 10 2 3 0 13 9 7 8 11 19 14 12 17 18
87 0 6 1 5 20 23 24 21 4 16 0 15 10 2 3 22 13 9 7 8 11 19 14 12 17 18
86 0 6 1 5 20 0 24 21 4 16 23 15 10 2 3 22 13 9 7 8 11 19 14 12 17 18
85 0 6 1 5 0 20 24 21 4 16 23 15 10 2 3 22 13 9 7 8 11 19 14 12 17 18
84 0 6 1 0 5 20 24 21 4 16 23 15 10 2 3 22 13 9 7 8 11 19 14 12 17 18
83 0 6 1 4 5 20 24 21 0 16 23 15 10 2 3 22 13 9 7 8 11 19 14 12 17 18
82 0 6 1 4 5 20 24 21 2 16 23 15 10 0 3 22 13 9 7 8 11 19 14 12 17 18
81 0 6 1 4 5 20 24 21 2 16 23 15 0 10 3 22 13 9 7 8 11 19 14 12 17 18
80 0 6 1 4 5 20 24 21 2 16 23 0 15 10 3 22 13 9 7 8 11 19 14 12 17 18
79 0 6 1 4 5 20 0 21 2 16 23 24 15 10 3 22 13 9 7 8 11 19 14 12 17 18
78 0 6 1 4 5 20 21 0 2 16 23 24 15 10 3 22 13 9 7 8 11 19 14 12 17 18
77 0 6 1 4 5 20 21 2 0 16 23 24 15 10 3 22 13 9 7 8 11 19 14 12 17 18
76 0 6 1 4 5 20 21 2 16 0 23 24 15 10 3 22 13 9 7 8 11 19 14 12 17 18
75 0 6 1 4 5 20 21 2 16 3 23 24 15 10 0 22 13 9 7 8 11 19 14 12 17 18
74 0 6 1 4 5 20 21 2 16 3 23 24 15 0 10 22 13 9 7 8 11 19 14 12 17 18
73 0 6 1 4 5 20 21 2 16 3 23 24 15 7 10 22 13 9 0 8 11 19 14 12 17 18
72 0 6 1 4 5 20 21 2 16 3 23 24 15 7 10 22 13 0 9 8 11 19 14 12 17 18
71 0 6 1 4 5 20 21 2 16 3 23 24 15 7 10 22 0 13 9 8 11 19 14 12 17 18
70 0 6 1 4 5 20 21 2 16 3 23 0 15 7 10 22 24 13 9 8 11 19 14 12 17 18
69 0 6 1 4 5 20 0 2 16 3 23 21 15 7 10 22 24 13 9 8 11 19 14 12 17 18
68 0 0 1 4 5 20 6 2 16 3 23 21 15 7 10 22 24 13 9 8 11 19 14 12 17 18
67 0 1 0 4 5 20 6 2 16 3 23 21 15 7 10 22 24 13 9 8 11 19 14 12 17 18
66 0 1 2 4 5 20 6 0 16 3 23 21 15 7 10 22 24 13 9 8 11 19 14 12 17 18
65 0 1 2 4 5 20 6 16 0 3 23 21 15 7 10 22 24 13 9 8 11 19 14 12 17 18
64 0 1 2 4 5 20 6 16 7 3 23 21 15 0 10 22 24 13 9 8 11 19 14 12 17 18
63 0 1 2 4 5 20 6 16 7 3 23 21 0 15 10 22 24 13 9 8 11 19 14 12 17 18
62 0 1 2 4 5 20 6 0 7 3 23 21 16 15 10 22 24 13 9 8 11 19 14 12 17 18
61 0 1 2 4 5 20 6 7 0 3 23 21 16 15 10 22 24 13 9 8 11 19 14 12 17 18
60 0 1 2 4 5 20 6 7 3 0 23 21 16 15 10 22 24 13 9 8 11 19 14 12 17 18
59 0 1 2 4 5 20 6 7 3 10 23 21 16 15 0 22 24 13 9 8 11 19 14 12 17 18
58 0 1 2 4 5 20 6 7 3 10 23 21 16 0 15 22 24 13 9 8 11 19 14 12 17 18
57 0 1 2 4 5 20 6 7 3 10 23 21 16 9 15 22 24 13 0 8 11 19 14 12 17 18
56 0 1 2 4 5 20 6 7 3 10 23 21 16 9 15 22 24 13 8 0 11 19 14 12 17 18
55 0 1 2 4 5 20 6 7 3 10 23 21 16 9 15 22 24 13 8 11 0 19 14 12 17 18
54 0 1 2 4 5 20 6 7 3 10 23 21 16 9 15 0 24 13 8 11 22 19 14 12 17 18
53 0 1 2 4 5 20 6 7 3 10 0 21 16 9 15 23 24 13 8 11 22 19 14 12 17 18
52 0 1 2 4 5 0 6 7 3 10 20 21 16 9 15 23 24 13 8 11 22 19 14 12 17 18
51 0 1 2 4 0 5 6 7 3 10 20 21 16 9 15 23 24 13 8 11 22 19 14 12 17 18
50 0 1 2 0 4 5 6 7 3 10 20 21 16 9 15 23 24 13 8 11 22 19 14 12 17 18
108 0 0 24 6 16 23 15 5 20 21 22 10 4 1 2 3 13 9 11 7 8 19 14 12 17 18
107 0 24 0 6 16 23 15 5 20 21 22 10 4 1 2 3 13 9 11 7 8 19 14 12 17 18
106 0 24 6 0 16 23 15 5 20 21 22 10 4 1 2 3 13 9 11 7 8 19 14 12 17 18
105 0 24 6 20 16 23 15 5 0 21 22 10 4 1 2 3 13 9 11 7 8 19 14 12 17 18
104 0 24 6 20 16 23 15 5 1 21 22 10 4 0 2 3 13 9 11 7 8 19 14 12 17 18
103 0 24 6 20 16 23 15 5 1 21 22 10 4 2 0 3 13 9 11 7 8 19 14 12 17 18
102 0 24 6 20 16 23 15 5 1 0 22 10 4 2 21 3 13 9 11 7 8 19 14 12 17 18
101 0 24 6 20 0 23 15 5 1 16 22 10 4 2 21 3 13 9 11 7 8 19 14 12 17 18
100 0 24 6 0 20 23 15 5 1 16 22 10 4 2 21 3 13 9 11 7 8 19 14 12 17 18
99 0 24 6 1 20 23 15 5 0 16 22 10 4 2 21 3 13 9 11 7 8 19 14 12 17 18
98 0 24 6 1 20 23 15 0 5 16 22 10 4 2 21 3 13 9 11 7 8 19 14 12 17 18
97 0 24 6 1 20 23 0 15 5 16 22 10 4 2 21 3 13 9 11 7 8 19 14 12 17 18
96 0 0 6 1 20 23 24 15 5 16 22 10 4 2 21 3 13 9 11 7 8 19 14 12 17 18
95 0 6 0 1 20 23 24 15 5 16 22 10 4 2 21 3 13 9 11 7 8 19 14 12 17 18
94 0 6 1 0 20 23 24 15 5 16 22 10 4 2 21 3 13 9 11 7 8 19 14 12 17 18
93 0 6 1 5 20 23 24 15 0 16 22 10 4 2 21 3 13 9 11 7 8 19 14 12 17 18
92 0 6 1 5 20 23 24 15 2 16 22 10 4 0 21 3 13 9 11 7 8 19 14 12 17 18
91 0 6 1 5 20 23 24 15 2 16 22 10 4 21 0 3 13 9 11 7 8 19 14 12 17 18
90 0 6 1 5 20 23 24 15 2 16 22 10 4 21 3 0 13 9 11 7 8 19 14 12 17 18
89 0 6 1 5 20 23 24 15 2 16 0 10 4 21 3 22 13 9 11 7 8 19 14 12 17 18
88 0 6 1 5 20 0 24 15 2 16 23 10 4 21 3 22 13 9 11 7 8 19 14 12 17 18
87 0 6 1 5 0 20 24 15 2 16 23 10 4 21 3 22 13 9 11 7 8 19 14 12 17 18
86 0 6 1 0 5 20 24 15 2 16 23 10 4 21 3 22 13 9 11 7 8 19 14 12 17 18
85 0 6 1 2 5 20 24 15 0 16 23 10 4 21 3 22 13 9 11 7 8 19 14 12 17 18
84 0 6 1 2 5 20 24 0 15 16 23 10 4 21 3 22 13 9 11 7 8 19 14 12 17 18
83 0 6 1 2 5 20 24 4 15 16 23 10 0 21 3 22 13 9 11 7 8 19 14 12 17 18
82 0 6 1 2 5 20 24 4 15 16 23 10 21 0 3 22 13 9 11 7 8 19 14 12 17 18
81 0 6 1 2 5 20 24 4 15 16 23 10 21 3 0 22 13 9 11 7 8 19 14 12 17 18
80 0 6 1 2 5 20 24 4 15 0 23 10 21 3 16 22 13 9 11 7 8 19 14 12 17 18
79 0 6 1 2 5 20 24 4 0 15 23 10 21 3 16 22 13 9 11 7 8 19 14 12 17 18
78 0 6 1 2 5 20 24 0 4 15 23 10 21 3 16 22 13 9 11 7 8 19 14 12 17 18
77 0 6 1 2 5 20 0 24 4 15 23 10 21 3 16 22 13 9 11 7 8 19 14 12 17 18
76 0 6 1 2 5 20 10 24 4 15 23 0 21 3 16 22 13 9 11 7 8 19 14 12 17 18
75 0 6 1 2 5 20 10 24 4 15 23 21 0 3 16 22 13 9 11 7 8 19 14 12 17 18
74 0 6 1 2 5 20 10 0 4 15 23 21 24 3 16 22 13 9 11 7 8 19 14 12 17 18
73 0 6 1 2 5 20 0 10 4 15 23 21 24 3 16 22 13 9 11 7 8 19 14 12 17 18
72 0 0 1 2 5 20 6 10 4 15 23 21 24 3 16 22 13 9 11 7 8 19 14 12 17 18
71 0 1 0 2 5 20 6 10 4 15 23 21 24 3 16 22 13 9 11 7 8 19 14 12 17 18
70 0 1 2 0 5 20 6 10 4 15 23 21 24 3 16 22 13 9 11 7 8 19 14 12 17 18
69 0 1 2 4 5 20 6 10 0 15 23 21 24 3 16 22 13 9 11 7 8 19 14 12 17 18
68 0 1 2 4 5 20 6 10 3 15 23 21 24 0 16 22 13 9 11 7 8 19 14 12 17 18
67 0 1 2 4 5 20 6 10 3 15 23 21 0 24 16 22 13 9 11 7 8 19 14 12 17 18
66 0 1 2 4 5 20 6 10 3 15 23 21 9 24 16 22 13 0 11 7 8 19 14 12 17 18
65 0 1 2 4 5 20 6 10 3 15 23 21 9 24 16 22 13 11 0 7 8 19 14 12 17 18
64 0 1 2 4 5 20 6 10 3 15 23 21 9 24 16 22 13 11 7 0 8 19 14 12 17 18
63 0 1 2 4 5 20 6 10 3 15 23 21 9 24 0 22 13 11 7 16 8 19 14 12 17 18
62 0 1 2 4 5 20 6 10 3 15 23 21 9 0 24 22 13 11 7 16 8 19 14 12 17 18
61 0 1 2 4 5 20 6 10 3 15 23 21 9 7 24 22 13 11 0 16 8 19 14 12 17 18
60 0 1 2 4 5 20 6 10 3 15 23 21 9 7 24 22 13 11 16 0 8 19 14 12 17 18
59 0 1 2 4 5 20 6 10 3 15 23 21 9 7 24 22 13 11 16 8 0 19 14 12 17 18
58 0 1 2 4 5 20 6 10 3 15 23 21 9 7 24 0 13 11 16 8 22 19 14 12 17 18
57 0 1 2 4 5 20 6 10 3 15 23 21 9 7 0 24 13 11 16 8 22 19 14 12 17 18
56 0 1 2 4 5 20 6 10 3 15 23 21 9 7 8 24 13 11 16 0 22 19 14 12 17 18
55 0 1 2 4 5 20 6 10 3 15 23 21 9 7 8 24 13 11 16 22 0 19 14 12 17 18
54 0 1 2 4 5 20 6 10 3 15 23 21 9 7 8 0 13 11 16 22 24 19 14 12 17 18
53 0 1 2 4 5 20 6 10 3 15 0 21 9 7 8 23 13 11 16 22 24 19 14 12 17 18
52 0 1 2 4 5 0 6 10 3 15 20 21 9 7 8 23 13 11 16 22 24 19 14 12 17 18
51 0 1 2 4 0 5 6 10 3 15 20 21 9 7 8 23 13 11 16 22 24 19 14 12 17 18
50 0 1 2 0 4 5 6 10 3 15 20 21 9 7 8 23 13 11 16 22 24 19 14 12 17 18
49 0 1 2 3 4 5 6 10 0 15 20 21 9 7 8 23 13 11 16 22 24 19 14 12 17 18
48 0 1 2 3 4 5 6 0 10 15 20 21 9 7 8 23 13 11 16 22 24 19 14 12 17 18
47 0 1 2 3 4 5 6 9 10 15 20 21 0 7 8 23 13 11 16 22 24 19 14 12 17 18
46 0 1 2 3 4 5 6 9 10 15 20 21 11 7 8 23 13 0 16 22 24 19 14 12 17 18
45 0 1 2 3 4 5 6 9 10 15 20 21 11 7 8 23 0 13 16 22 24 19 14 12 17 18
44 0 1 2 3 4 5 6 9 10 15 20 0 11 7 8 23 21 13 16 22 24 19 14 12 17 18
43 0 1 2 3 4 5 6 9 10 15 20 11 0 7 8 23 21 13 16 22 24 19 14 12 17 18
42 0 1 2 3 4 5 6 9 10 15 20 11 7 0 8 23 21 13 16 22 24 19 14 12 17 18
41 0 1 2 3 4 5 6 9 10 15 20 11 7 8 0 23 21 13 16 22 24 19 14 12 17 18
40 0 1 2 3 4 5 6 9 10 15 20 11 7 8 23 0 21 13 16 22 24 19 14 12 17 18
39 0 1 2 3 4 5 6 9 10 15 0 11 7 8 23 20 21 13 16 22 24 19 14 12 17 18
38 0 1 2 3 4 5 6 9 10 0 15 11 7 8 23 20 21 13 16 22 24 19 14 12 17 18
37 0 1 2 3 4 5 6 9 0 10 15 11 7 8 23 20 21 13 16 22 24 19 14 12 17 18
36 0 1 2 3 4 5 6 0 9 10 15 11 7 8 23 20 21 13 16 22 24 19 14 12 17 18
35 0 1 2 3 4 5 6 7 9 10 15 11 0 8 23 20 21 13 16 22 24 19 14 12 17 18
34 0 1 2 3 4 5 6 7 9 10 15 11 13 8 23 20 21 0 16 22 24 19 14 12 17 18
33 0 1 2 3 4 5 6 7 9 10 15 11 13 8 23 20 21 16 0 22 24 19 14 12 17 18
32 0 1 2 3 4 5 6 7 9 10 15 11 13 8 23 20 21 16 12 22 24 19 14 0 17 18
31 0 1 2 3 4 5 6 7 9 10 15 11 13 8 23 20 21 16 12 22 24 19 0 14 17 18
30 0 1 2 3 4 5 6 7 9 10 15 11 13 8 23 20 21 16 12 22 24 0 19 14 17 18
108 0 0 24 6 16 23 15 5 20 21 22 10 4 1 2 7 13 9 3 11 8 19 14 12 17 18
107 0 24 0 6 16 23 15 5 20 21 22 10 4 1 2 7 13 9 3 11 8 19 14 12 17 18
106 0 24 6 0 16 23 15 5 20 21 22 10 4 1 2 7 13 9 3 11 8 19 14 12 17 18
105 0 24 6 20 16 23 15 5 0 21 22 10 4 1 2 7 13 9 3 11 8 19 14 12 17 18
104 0 24 6 20 16 23 15 5 1 21 22 10 4 0 2 7 13 9 3 11 8 19 14 12 17 18
103 0 24 6 20 16 23 15 5 1 21 22 10 4 2 0 7 13 9 3 11 8 19 14 12 17 18
102 0 24 6 20 16 23 15 5 1 0 22 10 4 2 21 7 13 9 3 11 8 19 14 12 17 18
101 0 24 6 20 0 23 15 5 1 16 22 10 4 2 21 7 13 9 3 11 8 19 14 12 17 18
100 0 24 6 0 20 23 15 5 1 16 22 10 4 2 21 7 13 9 3 11 8 19 14 12 17 18
99 0 24 6 1 20 23 15 5 0 16 22 10 4 2 21 7 13 9 3 11 8 19 14 12 17 18
98 0 24 6 1 20 23 15 5 2 16 22 10 4 0 21 7 13 9 3 11 8 19 14 12 17 18
97 0 24 6 1 20 23 15 5 2 16 22 10 0 4 21 7 13 9 3 11 8 19 14 12 17 18
96 0 24 6 1 20 23 15 5 2 16 22 0 10 4 21 7 13 9 3 11 8 19 14 12 17 18
95 0 24 6 1 20 23 0 5 2 16 22 15 10 4 21 7 13 9 3 11 8 19 14 12 17 18
94 0 0 6 1 20 23 24 5 2 16 22 15 10 4 21 7 13 9 3 11 8 19 14 12 17 18
93 0 6 0 1 20 23 24 5 2 16 22 15 10 4 21 7 13 9 3 11 8 19 14 12 17 18
92 0 6 1 0 20 23 24 5 2 16 22 15 10 4 21 7 13 9 3 11 8 19 14 12 17 18
91 0 6 1 2 20 23 24 5 0 16 22 15 10 4 21 7 13 9 3 11 8 19 14 12 17 18
90 0 6 1 2 20 23 24 0 5 16 22 15 10 4 21 7 13 9 3 11 8 19 14 12 17 18
89 0 6 1 2 20 23 0 24 5 16 22 15 10 4 21 7 13 9 3 11 8 19 14 12 17 18
88 0 0 1 2 20 23 6 24 5 16 22 15 10 4 21 7 13 9 3 11 8 19 14 12 17 18
87 0 1 0 2 20 23 6 24 5 16 22 15 10 4 21 7 13 9 3 11 8 19 14 12 17 18
86 0 1 2 0 20 23 6 24 5 16 22 15 10 4 21 7 13 9 3 11 8 19 14 12 17 18
85 0 1 2 5 20 23 6 24 0 16 22 15 10 4 21 7 13 9 3 11 8 19 14 12 17 18
84 0 1 2 5 20 23 6 24 4 16 22 15 10 0 21 7 13 9 3 11 8 19 14 12 17 18
83 0 1 2 5 20 23 6 24 4 16 22 15 10 3 21 7 13 9 0 11 8 19 14 12 17 18
82 0 1 2 5 20 23 6 24 4 16 22 15 10 3 21 7 13 9 11 0 8 19 14 12 17 18
81 0 1 2 5 20 23 6 24 4 16 22 15 10 3 0 7 13 9 11 21 8 19 14 12 17 18
80 0 1 2 5 20 23 6 24 4 16 22 15 10 3 7 0 13 9 11 21 8 19 14 12 17 18
79 0 1 2 5 20 23 6 24 4 16 0 15 10 3 7 22 13 9 11 21 8 19 14 12 17 18
78 0 1 2 5 20 0 6 24 4 16 23 15 10 3 7 22 13 9 11 21 8 19 14 12 17 18
77 0 1 2 5 0 20 6 24 4 16 23 15 10 3 7 22 13 9 11 21 8 19 14 12 17 18
76 0 1 2 0 5 20 6 24 4 16 23 15 10 3 7 22 13 9 11 21 8 19 14 12 17 18
75 0 1 2 4 5 20 6 24 0 16 23 15 10 3 7 22 13 9 11 21 8 19 14 12 17 18
74 0 1 2 4 5 20 6 24 3 16 23 15 10 0 7 22 13 9 11 21 8 19 14 12 17 18
73 0 1 2 4 5 20 6 24 3 16 23 15 0 10 7 22 13 9 11 21 8 19 14 12 17 18
72 0 1 2 4 5 20 6 24 3 16 23 15 9 10 7 22 13 0 11 21 8 19 14 12 17 18
71 0 1 2 4 5 20 6 24 3 16 23 15 9 10 7 22 13 11 0 21 8 19 14 12 17 18
70 0 1 2 4 5 20 6 24 3 16 23 15 9 10 7 22 13 11 21 0 8 19 14 12 17 18
69 0 1 2 4 5 20 6 24 3 16 23 15 9 10 7 22 13 11 21 8 0 19 14 12 17 18
68 0 1 2 4 5 20 6 24 3 16 23 15 9 10 7 0 13 11 21 8 22 19 14 12 17 18
67 0 1 2 4 5 20 6 24 3 16 0 15 9 10 7 23 13 11 21 8 22 19 14 12 17 18
66 0 1 2 4 5 0 6 24 3 16 20 15 9 10 7 23 13 11 21 8 22 19 14 12 17 18
65 0 1 2 4 0 5 6 24 3 16 20 15 9 10 7 23 13 11 21 8 22 19 14 12 17 18
64 0 1 2 0 4 5 6 24 3 16 20 15 9 10 7 23 13 11 21 8 22 19 14 12 17 18
63 0 1 2 3 4 5 6 24 0 16 20 15 9 10 7 23 13 11 21 8 22 19 14 12 17 18
62 0 1 2 3 4 5 6 24 10 16 20 15 9 0 7 23 13 11 21 8 22 19 14 12 17 18
61 0 1 2 3 4 5 6 24 10 16 20 15 9 7 0 23 13 11 21 8 22 19 14 12 17 18
60 0 1 2 3 4 5 6 24 10 0 20 15 9 7 16 23 13 11 21 8 22 19 14 12 17 18
59 0 1 2 3 4 5 6 24 0 10 20 15 9 7 16 23 13 11 21 8 22 19 14 12 17 18
58 0 1 2 3 4 5 6 0 24 10 20 15 9 7 16 23 13 11 21 8 22 19 14 12 17 18
57 0 1 2 3 4 5 6 9 24 10 20 15 0 7 16 23 13 11 21 8 22 19 14 12 17 18
56 0 1 2 3 4 5 6 9 24 10 20 15 7 0 16 23 13 11 21 8 22 19 14 12 17 18
55 0 1 2 3 4 5 6 9 0 10 20 15 7 24 16 23 13 11 21 8 22 19 14 12 17 18
54 0 1 2 3 4 5 6 0 9 10 20 15 7 24 16 23 13 11 21 8 22 19 14 12 17 18
53 0 1 2 3 4 5 6 7 9 10 20 15 0 24 16 23 13 11 21 8 22 19 14 12 17 18
52 0 1 2 3 4 5 6 7 9 10 20 0 15 24 16 23 13 11 21 8 22 19 14 12 17 18
51 0 1 2 3 4 5 6 7 9 10 20 13 15 24 16 23 0 11 21 8 22 19 14 12 17 18
50 0 1 2 3 4 5 6 7 9 10 20 13 15 24 16 23 11 0 21 8 22 19 14 12 17 18
49 0 1 2 3 4 5 6 7 9 10 20 13 15 24 16 23 11 21 0 8 22 19 14 12 17 18
48 0 1 2 3 4 5 6 7 9 10 20 13 15 24 16 23 11 21 8 0 22 19 14 12 17 18
47 0 1 2 3 4 5 6 7 9 10 20 13 15 24 0 23 11 21 8 16 22 19 14 12 17 18
46 0 1 2 3 4 5 6 7 9 10 20 13 15 0 24 23 11 21 8 16 22 19 14 12 17 18
108 0 0 24 6 16 23 15 5 20 21 22 10 4 1 2 8 13 9 3 7 11 19 14 12 17 18
107 0 24 0 6 16 23 15 5 20 21 22 10 4 1 2 8 13 9 3 7 11 19 14 12 17 18
106 0 24 6 0 16 23 15 5 20 21 22 10 4 1 2 8 13 9 3 7 11 19 14 12 17 18
105 0 24 6 20 16 23 15 5 0 21 22 10 4 1 2 8 13 9 3 7 11 19 14 12 17 18
104 0 24 6 20 16 23 15 5 1 21 22 10 4 0 2 8 13 9 3 7 11 19 14 12 17 18
103 0 24 6 20 16 23 15 5 1 21 22 10 0 4 2 8 13 9 3 7 11 19 14 12 17 18
102 0 24 6 20 16 23 15 5 1 21 22 0 10 4 2 8 13 9 3 7 11 19 14 12 17 18
101 0 24 6 20 16 23 0 5 1 21 22 15 10 4 2 8 13 9 3 7 11 19 14 12 17 18
100 0 0 6 20 16 23 24 5 1 21 22 15 10 4 2 8 13 9 3 7 11 19 14 12 17 18
99 0 6 0 20 16 23 24 5 1 21 22 15 10 4 2 8 13 9 3 7 11 19 14 12 17 18
98 0 6 5 20 16 23 24 0 1 21 22 15 10 4 2 8 13 9 3 7 11 19 14 12 17 18
97 0 6 5 20 16 23 24 1 0 21 22 15 10 4 2 8 13 9 3 7 11 19 14 12 17 18
96 0 6 5 20 16 23 24 1 21 0 22 15 10 4 2 8 13 9 3 7 11 19 14 12 17 18
95 0 6 5 20 0 23 24 1 21 16 22 15 10 4 2 8 13 9 3 7 11 19 14 12 17 18
94 0 6 5 0 20 23 24 1 21 16 22 15 10 4 2 8 13 9 3 7 11 19 14 12 17 18
93 0 6 0 5 20 23 24 1 21 16 22 15 10 4 2 8 13 9 3 7 11 19 14 12 17 18
92 0 6 1 5 20 23 24 0 21 16 22 15 10 4 2 8 13 9 3 7 11 19 14 12 17 18
91 0 6 1 5 20 23 24 21 0 16 22 15 10 4 2 8 13 9 3 7 11 19 14 12 17 18
90 0 6 1 5 20 23 24 21 16 0 22 15 10 4 2 8 13 9 3 7 11 19 14 12 17 18
89 0 6 1 5 20 23 24 21 16 2 22 15 10 4 0 8 13 9 3 7 11 19 14 12 17 18
88 0 6 1 5 20 23 24 21 16 2 22 15 10 0 4 8 13 9 3 7 11 19 14 12 17 18
87 0 6 1 5 20 23 24 21 16 2 22 15 0 10 4 8 13 9 3 7 11 19 14 12 17 18
86 0 6 1 5 20 23 24 21 16 2 22 0 15 10 4 8 13 9 3 7 11 19 14 12 17 18
85 0 6 1 5 20 23 0 21 16 2 22 24 15 10 4 8 13 9 3 7 11 19 14 12 17 18
84 0 6 1 5 20 23 21 0 16 2 22 24 15 10 4 8 13 9 3 7 11 19 14 12 17 18
83 0 6 1 5 20 23 21 16 0 2 22 24 15 10 4 8 13 9 3 7 11 19 14 12 17 18
82 0 6 1 5 20 23 21 16 2 0 22 24 15 10 4 8 13 9 3 7 11 19 14 12 17 18
81 0 6 1 5 20 23 21 16 2 4 22 24 15 10 0 8 13 9 3 7 11 19 14 12 17 18
80 0 6 1 5 20 23 21 16 2 4 22 24 15 10 8 0 13 9 3 7 11 19 14 12 17 18
79 0 6 1 5 20 23 21 16 2 4 0 24 15 10 8 22 13 9 3 7 11 19 14 12 17 18
78 0 6 1 5 20 0 21 16 2 4 23 24 15 10 8 22 13 9 3 7 11 19 14 12 17 18
77 0 6 1 5 0 20 21 16 2 4 23 24 15 10 8 22 13 9 3 7 11 19 14 12 17 18
76 0 6 1 0 5 20 21 16 2 4 23 24 15 10 8 22 13 9 3 7 11 19 14 12 17 18
75 0 6 1 2 5 20 21 16 0 4 23 24 15 10 8 22 13 9 3 7 11 19 14 12 17 18
74 0 6 1 2 5 20 21 16 10 4 23 24 15 0 8 22 13 9 3 7 11 19 14 12 17 18
73 0 6 1 2 5 20 21 16 10 4 23 24 15 3 8 22 13 9 0 7 11 19 14 12 17 18
72 0 6 1 2 5 20 21 16 10 4 23 24 15 3 8 22 13 9 7 0 11 19 14 12 17 18
71 0 6 1 2 5 20 21 16 10 4 23 24 15 3 8 22 13 9 7 11 0 19 14 12 17 18
70 0 6 1 2 5 20 21 16 10 4 23 24 15 3 8 0 13 9 7 11 22 19 14 12 17 18
69 0 6 1 2 5 20 21 16 10 4 0 24 15 3 8 23 13 9 7 11 22 19 14 12 17 18
68 0 6 1 2 5 0 21 16 10 4 20 24 15 3 8 23 13 9 7 11 22 19 14 12 17 18
67 0 6 1 2 0 5 21 16 10 4 20 24 15 3 8 23 13 9 7 11 22 19 14 12 17 18
66 0 6 1 2 4 5 21 16 10 0 20 24 15 3 8 23 13 9 7 11 22 19 14 12 17 18
65 0 6 1 2 4 5 21 16 0 10 20 24 15 3 8 23 13 9 7 11 22 19 14 12 17 18
64 0 6 1 2 4 5 21 16 3 10 20 24 15 0 8 23 13 9 7 11 22 19 14 12 17 18
63 0 6 1 2 4 5 21 16 3 10 20 24 15 7 8 23 13 9 0 11 22 19 14 12 17 18
62 0 6 1 2 4 5 21 16 3 10 20 24 15 7 8 23 13 0 9 11 22 19 14 12 17 18
61 0 6 1 2 4 5 21 16 3 10 20 24 15 7 8 23 0 13 9 11 22 19 14 12 17 18
60 0 6 1 2 4 5 21 16 3 10 20 0 15 7 8 23 24 13 9 11 22 19 14 12 17 18
59 0 6 1 2 4 5 0 16 3 10 20 21 15 7 8 23 24 13 9 11 22 19 14 12 17 18
58 0 0 1 2 4 5 6 16 3 10 20 21 15 7 8 23 24 13 9 11 22 19 14 12 17 18
57 0 1 0 2 4 5 6 16 3 10 20 21 15 7 8 23 24 13 9 11 22 19 14 12 17 18
56 0 1 2 0 4 5 6 16 3 10 20 21 15 7 8 23 24 13 9 11 22 19 14 12 17 18
55 0 1 2 3 4 5 6 16 0 10 20 21 15 7 8 23 24 13 9 11 22 19 14 12 17 18
54 0 1 2 3 4 5 6 16 7 10 20 21 15 0 8 23 24 13 9 11 22 19 14 12 17 18
53 0 1 2 3 4 5 6 16 7 10 20 21 15 9 8 23 24 13 0 11 22 19 14 12 17 18
52 0 1 2 3 4 5 6 16 7 10 20 21 15 9 8 23 24 13 11 0 22 19 14 12 17 18
51 0 1 2 3 4 5 6 16 7 10 20 21 15 9 8 23 24 13 11 22 0 19 14 12 17 18
50 0 1 2 3 4 5 6 16 7 10 20 21 15 9 8 0 24 13 11 22 23 19 14 12 17 18
49 0 1 2 3 4 5 6 16 7 10 0 21 15 9 8 20 24 13 11 22 23 19 14 12 17 18
48 0 1 2 3 4 5 6 16 7 0 10 21 15 9 8 20 24 13 11 22 23 19 14 12 17 18
47 0 1 2 3 4 5 6 16 7 8 10 21 15 9 0 20 24 13 11 22 23 19 14 12 17 18
46 0 1 2 3 4 5 6 16 7 8 10 21 15 0 9 20 24 13 11 22 23 19 14 12 17 18
45 0 1 2 3 4 5 6 16 7 8 10 21 0 15 9 20 24 13 11 22 23 19 14 12 17 18
44 0 1 2 3 4 5 6 0 7 8 10 21 16 15 9 20 24 13 11 22 23 19 14 12 17 18
43 0 1 2 3 4 5 6 7 0 8 10 21 16 15 9 20 24 13 11 22 23 19 14 12 17 18
42 0 1 2 3 4 5 6 7 8 0 10 21 16 15 9 20 24 13 11 22 23 19 14 12 17 18
41 0 1 2 3 4 5 6 7 8 9 10 21 16 15 0 20 24 13 11 22 23 19 14 12 17 18
110 0 0 24 6 21 16 15 5 20 23 22 10 4 1 2 3 13 8 9 7 11 19 14 12 17 18
109 0 24 0 6 21 16 15 5 20 23 22 10 4 1 2 3 13 8 9 7 11 19 14 12 17 18
108 0 24 6 0 21 16 15 5 20 23 22 10 4 1 2 3 13 8 9 7 11 19 14 12 17 18
107 0 24 6 20 21 16 15 5 0 23 22 10 4 1 2 3 13 8 9 7 11 19 14 12 17 18
106 0 24 6 20 21 16 15 5 1 23 22 10 4 0 2 3 13 8 9 7 11 19 14 12 17 18
105 0 24 6 20 21 16 15 5 1 23 22 10 4 2 0 3 13 8 9 7 11 19 14 12 17 18
104 0 24 6 20 21 16 15 5 1 23 22 10 4 2 3 0 13 8 9 7 11 19 14 12 17 18
103 0 24 6 20 21 16 15 5 1 23 0 10 4 2 3 22 13 8 9 7 11 19 14 12 17 18
102 0 24 6 20 21 16 15 5 1 0 23 10 4 2 3 22 13 8 9 7 11 19 14 12 17 18
101 0 24 6 20 0 16 15 5 1 21 23 10 4 2 3 22 13 8 9 7 11 19 14 12 17 18
100 0 24 6 0 20 16 15 5 1 21 23 10 4 2 3 22 13 8 9 7 11 19 14 12 17 18
99 0 24 6 1 20 16 15 5 0 21 23 10 4 2 3 22 13 8 9 7 11 19 14 12 17 18
98 0 24 6 1 20 16 15 5 2 21 23 10 4 0 3 22 13 8 9 7 11 19 14 12 17 18
97 0 24 6 1 20 16 15 5 2 21 23 10 0 4 3 22 13 8 9 7 11 19 14 12 17 18
96 0 24 6 1 20 16 15 5 2 21 23 0 10 4 3 22 13 8 9 7 11 19 14 12 17 18
95 0 24 6 1 20 16 0 5 2 21 23 15 10 4 3 22 13 8 9 7 11 19 14 12 17 18
94 0 0 6 1 20 16 24 5 2 21 23 15 10 4 3 22 13 8 9 7 11 19 14 12 17 18
93 0 6 0 1 20 16 24 5 2 21 23 15 10 4 3 22 13 8 9 7 11 19 14 12 17 18
92 0 6 1 0 20 16 24 5 2 21 23 15 10 4 3 22 13 8 9 7 11 19 14 12 17 18
91 0 6 1 2 20 16 24 5 0 21 23 15 10 4 3 22 13 8 9 7 11 19 14 12 17 18
90 0 6 1 2 20 16 24 0 5 21 23 15 10 4 3 22 13 8 9 7 11 19 14 12 17 18
89 0 6 1 2 20 16 0 24 5 21 23 15 10 4 3 22 13 8 9 7 11 19 14 12 17 18
88 0 0 1 2 20 16 6 24 5 21 23 15 10 4 3 22 13 8 9 7 11 19 14 12 17 18
87 0 1 0 2 20 16 6 24 5 21 23 15 10 4 3 22 13 8 9 7 11 19 14 12 17 18
86 0 1 2 0 20 16 6 24 5 21 23 15 10 4 3 22 13 8 9 7 11 19 14 12 17 18
85 0 1 2 5 20 16 6 24 0 21 23 15 10 4 3 22 13 8 9 7 11 19 14 12 17 18
84 0 1 2 5 20 16 6 24 4 21 23 15 10 0 3 22 13 8 9 7 11 19 14 12 17 18
83 0 1 2 5 20 16 6 24 4 21 23 15 10 3 0 22 13 8 9 7 11 19 14 12 17 18
82 0 1 2 5 20 16 6 24 4 21 23 15 10 3 7 22 13 8 9 0 11 19 14 12 17 18
81 0 1 2 5 20 16 6 24 4 21 23 15 10 3 7 22 13 8 9 11 0 19 14 12 17 18
80 0 1 2 5 20 16 6 24 4 21 23 15 10 3 7 0 13 8 9 11 22 19 14 12 17 18
79 0 1 2 5 20 16 6 24 4 21 0 15 10 3 7 23 13 8 9 11 22 19 14 12 17 18
78 0 1 2 5 20 0 6 24 4 21 16 15 10 3 7 23 13 8 9 11 22 19 14 12 17 18
77 0 1 2 5 0 20 6 24 4 21 16 15 10 3 7 23 13 8 9 11 22 19 14 12 17 18
76 0 1 2 0 5 20 6 24 4 21 16 15 10 3 7 23 13 8 9 11 22 19 14 12 17 18
75 0 1 2 4 5 20 6 24 0 21 16 15 10 3 7 23 13 8 9 11 22 19 14 12 17 18
74 0 1 2 4 5 20 6 24 3 21 16 15 10 0 7 23 13 8 9 11 22 19 14 12 17 18
73 0 1 2 4 5 20 6 24 3 21 16 15 10 7 0 23 13 8 9 11 22 19 14 12 17 18
72 0 1 2 4 5 20 6 24 3 0 16 15 10 7 21 23 13 8 9 11 22 19 14 12 17 18
71 0 1 2 4 5 20 6 24 3 16 0 15 10 7 21 23 13 8 9 11 22 19 14 12 17 18
70 0 1 2 4 5 0 6 24 3 16 20 15 10 7 21 23 13 8 9 11 22 19 14 12 17 18
69 0 1 2 4 0 5 6 24 3 16 20 15 10 7 21 23 13 8 9 11 22 19 14 12 17 18
68 0 1 2 0 4 5 6 24 3 16 20 15 10 7 21 23 13 8 9 11 22 19 14 12 17 18
67 0 1 2 3 4 5 6 24 0 16 20 15 10 7 21 23 13 8 9 11 22 19 14 12 17 18
110 0 0 24 6 21 16 15 5 20 23 22 10 4 1 2 3 13 9 7 8 11 19 14 12 17 18
109 0 24 0 6 21 16 15 5 20 23 22 10 4 1 2 3 13 9 7 8 11 19 14 12 17 18
108 0 24 6 0 21 16 15 5 20 23 22 10 4 1 2 3 13 9 7 8 11 19 14 12 17 18
107 0 24 6 20 21 16 15 5 0 23 22 10 4 1 2 3 13 9 7 8 11 19 14 12 17 18
106 0 24 6 20 21 16 15 5 1 23 22 10 4 0 2 3 13 9 7 8 11 19 14 12 17 18
105 0 24 6 20 21 16 15 5 1 23 22 10 4 2 0 3 13 9 7 8 11 19 14 12 17 18
104 0 24 6 20 21 16 15 5 1 23 22 10 4 2 3 0 13 9 7 8 11 19 14 12 17 18
103 0 24 6 20 21 16 15 5 1 23 0 10 4 2 3 22 13 9 7 8 11 19 14 12 17 18
102 0 24 6 20 21 16 15 5 1 0 23 10 4 2 3 22 13 9 7 8 11 19 14 12 17 18
101 0 24 6 20 0 16 15 5 1 21 23 10 4 2 3 22 13 9 7 8 11 19 14 12 17 18
100 0 24 6 0 20 16 15 5 1 21 23 10 4 2 3 22 13 9 7 8 11 19 14 12 17 18
99 0 24 6 1 20 16 15 5 0 21 23 10 4 2 3 22 13 9 7 8 11 19 14 12 17 18
98 0 24 6 1 20 16 15 5 2 21 23 10 4 0 3 22 13 9 7 8 11 19 14 12 17 18
97 0 24 6 1 20 16 15 5 2 21 23 10 0 4 3 22 13 9 7 8 11 19 14 12 17 18
96 0 24 6 1 20 16 15 5 2 21 23 0 10 4 3 22 13 9 7 8 11 19 14 12 17 18
95 0 24 6 1 20 16 0 5 2 21 23 15 10 4 3 22 13 9 7 8 11 19 14 12 17 18
94 0 0 6 1 20 16 24 5 2 21 23 15 10 4 3 22 13 9 7 8 11 19 14 12 17 18
93 0 6 0 1 20 16 24 5 2 21 23 15 10 4 3 22 13 9 7 8 11 19 14 12 17 18
92 0 6 1 0 20 16 24 5 2 21 23 15 10 4 3 22 13 9 7 8 11 19 14 12 17 18
91 0 6 1 2 20 16 24 5 0 21 23 15 10 4 3 22 13 9 7 8 11 19 14 12 17 18
90 0 6 1 2 20 16 24 0 5 21 23 15 10 4 3 22 13 9 7 8 11 19 14 12 17 18
89 0 6 1 2 20 16 0 24 5 21 23 15 10 4 3 22 13 9 7 8 11 19 14 12 17 18
88 0 0 1 2 20 16 6 24 5 21 23 15 10 4 3 22 13 9 7 8 11 19 14 12 17 18
87 0 1 0 2 20 16 6 24 5 21 23 15 10 4 3 22 13 9 7 8 11 19 14 12 17 18
86 0 1 2 0 20 16 6 24 5 21 23 15 10 4 3 22 13 9 7 8 11 19 14 12 17 18
85 0 1 2 5 20 16 6 24 0 21 23 15 10 4 3 22 13 9 7 8 11 19 14 12 17 18
84 0 1 2 5 20 16 6 24 4 21 23 15 10 0 3 22 13 9 7 8 11 19 14 12 17 18
83 0 1 2 5 20 16 6 24 4 21 23 15 10 3 0 22 13 9 7 8 11 19 14 12 17 18
82 0 1 2 5 20 16 6 24 4 21 23 15 10 3 8 22 13 9 7 0 11 19 14 12 17 18
81 0 1 2 5 20 16 6 24 4 21 23 15 10 3 8 22 13 9 7 11 0 19 14 12 17 18
80 0 1 2 5 20 16 6 24 4 21 23 15 10 3 8 0 13 9 7 11 22 19 14 12 17 18
79 0 1 2 5 20 16 6 24 4 21 0 15 10 3 8 23 13 9 7 11 22 19 14 12 17 18
78 0 1 2 5 20 0 6 24 4 21 16 15 10 3 8 23 13 9 7 11 22 19 14 12 17 18
77 0 1 2 5 0 20 6 24 4 21 16 15 10 3 8 23 13 9 7 11 22 19 14 12 17 18
76 0 1 2 0 5 20 6 24 4 21 16 15 10 3 8 23 13 9 7 11 22 19 14 12 17 18
75 0 1 2 4 5 20 6 24 0 21 16 15 10 3 8 23 13 9 7 11 22 19 14 12 17 18
74 0 1 2 4 5 20 6 24 3 21 16 15 10 0 8 23 13 9 7 11 22 19 14 12 17 18
73 0 1 2 4 5 20 6 24 3 21 16 15 10 8 0 23 13 9 7 11 22 19 14 12 17 18
72 0 1 2 4 5 20 6 24 3 0 16 15 10 8 21 23 13 9 7 11 22 19 14 12 17 18
71 0 1 2 4 5 20 6 24 3 16 0 15 10 8 21 23 13 9 7 11 22 19 14 12 17 18
70 0 1 2 4 5 0 6 24 3 16 20 15 10 8 21 23 13 9 7 11 22 19 14 12 17 18
69 0 1 2 4 0 5 6 24 3 16 20 15 10 8 21 23 13 9 7 11 22 19 14 12 17 18
68 0 1 2 0 4 5 6 24 3 16 20 15 10 8 21 23 13 9 7 11 22 19 14 12 17 18
67 0 1 2 3 4 5 6 24 0 16 20 15 10 8 21 23 13 9 7 11 22 19 14 12 17 18
66 0 1 2 3 4 5 6 0 24 16 20 15 10 8 21 23 13 9 7 11 22 19 14 12 17 18
65 0 1 2 3 4 5 6 10 24 16 20 15 0 8 21 23 13 9 7 11 22 19 14 12 17 18
64 0 1 2 3 4 5 6 10 24 16 20 15 9 8 21 23 13 0 7 11 22 19 14 12 17 18
63 0 1 2 3 4 5 6 10 24 16 20 15 9 8 21 23 13 7 0 11 22 19 14 12 17 18
62 0 1 2 3 4 5 6 10 24 16 20 15 9 8 21 23 13 7 11 0 22 19 14 12 17 18
61 0 1 2 3 4 5 6 10 24 16 20 15 9 8 0 23 13 7 11 21 22 19 14 12 17 18
60 0 1 2 3 4 5 6 10 24 0 20 15 9 8 16 23 13 7 11 21 22 19 14 12 17 18
59 0 1 2 3 4 5 6 10 0 24 20 15 9 8 16 23 13 7 11 21 22 19 14 12 17 18
58 0 1 2 3 4 5 6 0 10 24 20 15 9 8 16 23 13 7 11 21 22 19 14 12 17 18
57 0 1 2 3 4 5 6 9 10 24 20 15 0 8 16 23 13 7 11 21 22 19 14 12 17 18
56 0 1 2 3 4 5 6 9 10 24 20 15 7 8 16 23 13 0 11 21 22 19 14 12 17 18
55 0 1 2 3 4 5 6 9 10 24 20 15 7 8 16 23 13 11 0 21 22 19 14 12 17 18
54 0 1 2 3 4 5 6 9 10 24 20 15 7 8 16 23 13 11 21 0 22 19 14 12 17 18
53 0 1 2 3 4 5 6 9 10 24 20 15 7 8 0 23 13 11 21 16 22 19 14 12 17 18
52 0 1 2 3 4 5 6 9 10 0 20 15 7 8 24 23 13 11 21 16 22 19 14 12 17 18
51 0 1 2 3 4 5 6 9 0 10 20 15 7 8 24 23 13 11 21 16 22 19 14 12 17 18
50 0 1 2 3 4 5 6 0 9 10 20 15 7 8 24 23 13 11 21 16 22 19 14 12 17 18
118 0 14 15 6 23 21 24 5 22 16 18 10 4 3 1 8 13 9 2 7 17 20 19 11 12 0
117 0 14 15 6 23 21 24 5 22 16 18 10 4 3 1 8 13 9 2 7 0 20 19 11 12 17
116 0 14 15 6 23 21 24 5 22 16 18 10 4 3 1 0 13 9 2 7 8 20 19 11 12 17
115 0 14 15 6 23 21 24 5 22 16 0 10 4 3 1 18 13 9 2 7 8 20 19 11 12 17
114 0 14 15 6 23 0 24 5 22 16 21 10 4 3 1 18 13 9 2 7 8 20 19 11 12 17
113 0 14 15 6 0 23 24 5 22 16 21 10 4 3 1 18 13 9 2 7 8 20 19 11 12 17
112 0 14 15 6 16 23 24 5 22 0 21 10 4 3 1 18 13 9 2 7 8 20 19 11 12 17
111 0 14 15 6 16 23 24 5 22 1 21 10 4 3 0 18 13 9 2 7 8 20 19 11 12 17
110 0 14 15 6 16 23 24 5 22 1 21 10 4 0 3 18 13 9 2 7 8 20 19 11 12 17
109 0 14 15 6 16 23 24 5 0 1 21 10 4 22 3 18 13 9 2 7 8 20 19 11 12 17
108 0 14 15 6 16 23 24 0 5 1 21 10 4 22 3 18 13 9 2 7 8 20 19 11 12 17
107 0 14 0 6 16 23 24 15 5 1 21 10 4 22 3 18 13 9 2 7 8 20 19 11 12 17
106 0 14 6 0 16 23 24 15 5 1 21 10 4 22 3 18 13 9 2 7 8 20 19 11 12 17
105 0 14 6 16 0 23 24 15 5 1 21 10 4 22 3 18 13 9 2 7 8 20 19 11 12 17
104 0 14 6 16 1 23 24 15 5 0 21 10 4 22 3 18 13 9 2 7 8 20 19 11 12 17
103 0 14 6 16 1 23 24 15 0 5 21 10 4 22 3 18 13 9 2 7 8 20 19 11 12 17
102 0 14 6 16 1 23 24 0 15 5 21 10 4 22 3 18 13 9 2 7 8 20 19 11 12 17
101 0 14 6 16 1 23 24 4 15 5 21 10 0 22 3 18 13 9 2 7 8 20 19 11 12 17
100 0 14 6 16 1 23 24 4 15 5 21 0 10 22 3 18 13 9 2 7 8 20 19 11 12 17
99 0 14 6 16 1 23 0 4 15 5 21 24 10 22 3 18 13 9 2 7 8 20 19 11 12 17
98 0 0 6 16 1 23 14 4 15 5 21 24 10 22 3 18 13 9 2 7 8 20 19 11 12 17
97 0 6 0 16 1 23 14 4 15 5 21 24 10 22 3 18 13 9 2 7 8 20 19 11 12 17
96 0 6 16 0 1 23 14 4 15 5 21 24 10 22 3 18 13 9 2 7 8 20 19 11 12 17
95 0 6 16 1 0 23 14 4 15 5 21 24 10 22 3 18 13 9 2 7 8 20 19 11 12 17
94 0 6 16 1 5 23 14 4 15 0 21 24 10 22 3 18 13 9 2 7 8 20 19 11 12 17
93 0 6 16 1 5 23 14 4 15 3 21 24 10 22 0 18 13 9 2 7 8 20 19 11 12 17
92 0 6 16 1 5 23 14 4 15 3 21 24 10 22 7 18 13 9 2 0 8 20 19 11 12 17
91 0 6 16 1 5 23 14 4 15 3 21 24 10 22 7 18 13 9 2 8 0 20 19 11 12 17
90 0 6 16 1 5 23 14 4 15 3 21 24 10 22 7 0 13 9 2 8 18 20 19 11 12 17
89 0 6 16 1 5 23 14 4 15 3 0 24 10 22 7 21 13 9 2 8 18 20 19 11 12 17
88 0 6 16 1 5 0 14 4 15 3 23 24 10 22 7 21 13 9 2 8 18 20 19 11 12 17
87 0 6 16 1 0 5 14 4 15 3 23 24 10 22 7 21 13 9 2 8 18 20 19 11 12 17
86 0 6 16 1 3 5 14 4 15 0 23 24 10 22 7 21 13 9 2 8 18 20 19 11 12 17
85 0 6 16 1 3 5 14 4 0 15 23 24 10 22 7 21 13 9 2 8 18 20 19 11 12 17
84 0 6 16 1 3 5 14 0 4 15 23 24 10 22 7 21 13 9 2 8 18 20 19 11 12 17
83 0 6 16 1 3 5 14 10 4 15 23 24 0 22 7 21 13 9 2 8 18 20 19 11 12 17
82 0 6 16 1 3 5 14 10 4 15 23 24 22 0 7 21 13 9 2 8 18 20 19 11 12 17
81 0 6 16 1 3 5 14 10 4 15 23 24 22 2 7 21 13 9 0 8 18 20 19 11 12 17
80 0 6 16 1 3 5 14 10 4 15 23 24 22 2 7 21 13 0 9 8 18 20 19 11 12 17
79 0 6 16 1 3 5 14 10 4 15 23 24 22 2 7 21 0 13 9 8 18 20 19 11 12 17
78 0 6 16 1 3 5 14 10 4 15 23 0 22 2 7 21 24 13 9 8 18 20 19 11 12 17
77 0 6 16 1 3 5 14 10 4 15 23 22 0 2 7 21 24 13 9 8 18 20 19 11 12 17
76 0 6 16 1 3 5 14 10 4 15 23 22 2 0 7 21 24 13 9 8 18 20 19 11 12 17
75 0 6 16 1 3 5 14 10 4 15 23 22 2 7 0 21 24 13 9 8 18 20 19 11 12 17
74 0 6 16 1 3 5 14 10 4 15 23 22 2 7 21 0 24 13 9 8 18 20 19 11 12 17
73 0 6 16 1 3 5 14 10 4 15 0 22 2 7 21 23 24 13 9 8 18 20 19 11 12 17
72 0 6 16 1 3 5 14 10 4 0 15 22 2 7 21 23 24 13 9 8 18 20 19 11 12 17
71 0 6 16 1 3 5 14 10 0 4 15 22 2 7 21 23 24 13 9 8 18 20 19 11 12 17
70 0 6 16 1 3 5 14 0 10 4 15 22 2 7 21 23 24 13 9 8 18 20 19 11 12 17
69 0 6 0 1 3 5 14 16 10 4 15 22 2 7 21 23 24 13 9 8 18 20 19 11 12 17
68 0 6 1 0 3 5 14 16 10 4 15 22 2 7 21 23 24 13 9 8 18 20 19 11 12 17
67 0 6 1 3 0 5 14 16 10 4 15 22 2 7 21 23 24 13 9 8 18 20 19 11 12 17
66 0 6 1 3 4 5 14 16 10 0 15 22 2 7 21 23 24 13 9 8 18 20 19 11 12 17
65 0 6 1 3 4 5 14 16 0 10 15 22 2 7 21 23 24 13 9 8 18 20 19 11 12 17
64 0 6 1 3 4 5 14 16 7 10 15 22 2 0 21 23 24 13 9 8 18 20 19 11 12 17
63 0 6 1 3 4 5 14 16 7 10 15 22 2 9 21 23 24 13 0 8 18 20 19 11 12 17
62 0 6 1 3 4 5 14 16 7 10 15 22 2 9 21 23 24 13 8 0 18 20 19 11 12 17
61 0 6 1 3 4 5 14 16 7 10 15 22 2 9 0 23 24 13 8 21 18 20 19 11 12 17
60 0 6 1 3 4 5 14 16 7 10 15 22 2 0 9 23 24 13 8 21 18 20 19 11 12 17
59 0 6 1 3 4 5 14 16 7 10 15 22 2 8 9 23 24 13 0 21 18 20 19 11 12 17
58 0 6 1 3 4 5 14 16 7 10 15 22 2 8 9 23 24 13 11 21 18 20 19 0 12 17
57 0 6 1 3 4 5 14 16 7 10 15 22 2 8 9 23 24 13 11 21 18 20 0 19 12 17
56 0 6 1 3 4 5 14 16 7 10 15 22 2 8 9 23 24 13 11 21 18 0 20 19 12 17
55 0 6 1 3 4 5 14 16 7 10 15 22 2 8 9 23 0 13 11 21 18 24 20 19 12 17
54 0 6 1 3 4 5 14 16 7 10 15 0 2 8 9 23 22 13 11 21 18 24 20 19 12 17
53 0 6 1 3 4 5 0 16 7 10 15 14 2 8 9 23 22 13 11 21 18 24 20 19 12 17
52 0 6 1 3 4 5 16 0 7 10 15 14 2 8 9 23 22 13 11 21 18 24 20 19 12 17
51 0 6 1 3 4 5 16 2 7 10 15 14 0 8 9 23 22 13 11 21 18 24 20 19 12 17
50 0 6 1 3 4 5 16 2 7 10 15 0 14 8 9 23 22 13 11 21 18 24 20 19 12 17
49 0 6 1 3 4 5 0 2 7 10 15 16 14 8 9 23 22 13 11 21 18 24 20 19 12 17
48 0 0 1 3 4 5 6 2 7 10 15 16 14 8 9 23 22 13 11 21 18 24 20 19 12 17
47 0 1 0 3 4 5 6 2 7 10 15 16 14 8 9 23 22 13 11 21 18 24 20 19 12 17
46 0 1 2 3 4 5 6 0 7 10 15 16 14 8 9 23 22 13 11 21 18 24 20 19 12 17
45 0 1 2 3 4 5 6 7 0 10 15 16 14 8 9 23 22 13 11 21 18 24 20 19 12 17
44 0 1 2 3 4 5 6 7 8 10 15 16 14 0 9 23 22 13 11 21 18 24 20 19 12 17
43 0 1 2 3 4 5 6 7 8 10 15 16 0 14 9 23 22 13 11 21 18 24 20 19 12 17
42 0 1 2 3 4 5 6 7 8 10 15 16 13 14 9 23 22 0 11 21 18 24 20 19 12 17
41 0 1 2 3 4 5 6 7 8 10 15 16 13 14 9 23 22 11 0 21 18 24 20 19 12 17
40 0 1 2 3 4 5 6 7 8 10 15 16 13 14 9 23 22 11 21 0 18 24 20 19 12 17
39 0 1 2 3 4 5 6 7 8 10 15 16 13 14 9 23 22 11 21 12 18 24 20 19 0 17
38 0 1 2 3 4 5 6 7 8 10 15 16 13 14 9 23 22 11 21 12 18 24 20 19 17 0
37 0 1 2 3 4 5 6 7 8 10 15 16 13 14 9 23 22 11 21 12 0 24 20 19 17 18
36 0 1 2 3 4 5 6 7 8 10 15 16 13 14 9 0 22 11 21 12 23 24 20 19 17 18
35 0 1 2 3 4 5 6 7 8 10 0 16 13 14 9 15 22 11 21 12 23 24 20 19 17 18
34 0 1 2 3 4 5 6 7 8 0 10 16 13 14 9 15 22 11 21 12 23 24 20 19 17 18
33 0 1 2 3 4 5 6 7 8 9 10 16 13 14 0 15 22 11 21 12 23 24 20 19 17 18
32 0 1 2 3 4 5 6 7 8 9 10 16 13 0 14 15 22 11 21 12 23 24 20 19 17 18
31 0 1 2 3 4 5 6 7 8 9 10 16 0 13 14 15 22 11 21 12 23 24 20 19 17 18
30 0 1 2 3 4 5 6 7 8 9 10 16 11 13 14 15 22 0 21 12 23 24 20 19 17 18
122 0 14 15 6 23 21 24 5 22 16 18 10 4 3 7 8 13 9 1 2 17 20 19 11 12 0
121 0 14 15 6 23 21 24 5 22 16 18 10 4 3 7 8 13 9 1 2 0 20 19 11 12 17
120 0 14 15 6 23 21 24 5 22 16 18 10 4 3 7 0 13 9 1 2 8 20 19 11 12 17
119 0 14 15 6 23 21 24 5 22 16 18 10 4 3 0 7 13 9 1 2 8 20 19 11 12 17
118 0 14 15 6 23 21 24 5 22 0 18 10 4 3 16 7 13 9 1 2 8 20 19 11 12 17
117 0 14 15 6 23 21 24 5 0 22 18 10 4 3 16 7 13 9 1 2 8 20 19 11 12 17
116 0 14 15 6 23 21 24 0 5 22 18 10 4 3 16 7 13 9 1 2 8 20 19 11 12 17
115 0 14 15 6 23 21 24 4 5 22 18 10 0 3 16 7 13 9 1 2 8 20 19 11 12 17
114 0 14 15 6 23 21 24 4 5 22 18 10 3 0 16 7 13 9 1 2 8 20 19 11 12 17
113 0 14 15 6 23 21 24 4 5 22 18 10 3 1 16 7 13 9 0 2 8 20 19 11 12 17
112 0 14 15 6 23 21 24 4 5 22 18 10 3 1 16 7 13 9 2 0 8 20 19 11 12 17
111 0 14 15 6 23 21 24 4 5 22 18 10 3 1 0 7 13 9 2 16 8 20 19 11 12 17
110 0 14 15 6 23 21 24 4 5 0 18 10 3 1 22 7 13 9 2 16 8 20 19 11 12 17
109 0 14 15 6 23 21 24 4 0 5 18 10 3 1 22 7 13 9 2 16 8 20 19 11 12 17
108 0 14 15 6 23 21 24 0 4 5 18 10 3 1 22 7 13 9 2 16 8 20 19 11 12 17
107 0 14 0 6 23 21 24 15 4 5 18 10 3 1 22 7 13 9 2 16 8 20 19 11 12 17
106 0 14 6 0 23 21 24 15 4 5 18 10 3 1 22 7 13 9 2 16 8 20 19 11 12 17
105 0 14 6 4 23 21 24 15 0 5 18 10 3 1 22 7 13 9 2 16 8 20 19 11 12 17
104 0 14 6 4 23 21 24 15 1 5 18 10 3 0 22 7 13 9 2 16 8 20 19 11 12 17
103 0 14 6 4 23 21 24 15 1 5 18 10 3 2 22 7 13 9 0 16 8 20 19 11 12 17
102 0 14 6 4 23 21 24 15 1 5 18 10 3 2 22 7 13 9 16 0 8 20 19 11 12 17
101 0 14 6 4 23 21 24 15 1 5 18 10 3 2 0 7 13 9 16 22 8 20 19 11 12 17
100 0 14 6 4 23 21 24 15 1 5 18 10 3 2 7 0 13 9 16 22 8 20 19 11 12 17
99 0 14 6 4 23 21 24 15 1 5 0 10 3 2 7 18 13 9 16 22 8 20 19 11 12 17
98 0 14 6 4 23 0 24 15 1 5 21 10 3 2 7 18 13 9 16 22 8 20 19 11 12 17
97 0 14 6 4 0 23 24 15 1 5 21 10 3 2 7 18 13 9 16 22 8 20 19 11 12 17
96 0 14 6 4 5 23 24 15 1 0 21 10 3 2 7 18 13 9 16 22 8 20 19 11 12 17
95 0 14 6 4 5 23 24 15 1 21 0 10 3 2 7 18 13 9 16 22 8 20 19 11 12 17
94 0 14 6 4 5 0 24 15 1 21 23 10 3 2 7 18 13 9 16 22 8 20 19 11 12 17
93 0 14 6 4 0 5 24 15 1 21 23 10 3 2 7 18 13 9 16 22 8 20 19 11 12 17
92 0 14 6 0 4 5 24 15 1 21 23 10 3 2 7 18 13 9 16 22 8 20 19 11 12 17
91 0 14 6 1 4 5 24 15 0 21 23 10 3 2 7 18 13 9 16 22 8 20 19 11 12 17
90 0 14 6 1 4 5 24 0 15 21 23 10 3 2 7 18 13 9 16 22 8 20 19 11 12 17
89 0 14 6 1 4 5 24 3 15 21 23 10 0 2 7 18 13 9 16 22 8 20 19 11 12 17
88 0 14 6 1 4 5 24 3 15 21 23 10 2 0 7 18 13 9 16 22 8 20 19 11 12 17
87 0 14 6 1 4 5 24 3 15 21 23 10 2 7 0 18 13 9 16 22 8 20 19 11 12 17
86 0 14 6 1 4 5 24 3 15 0 23 10 2 7 21 18 13 9 16 22 8 20 19 11 12 17
85 0 14 6 1 4 5 24 3 0 15 23 10 2 7 21 18 13 9 16 22 8 20 19 11 12 17
84 0 14 6 1 4 5 24 0 3 15 23 10 2 7 21 18 13 9 16 22 8 20 19 11 12 17
83 0 14 6 1 4 5 0 24 3 15 23 10 2 7 21 18 13 9 16 22 8 20 19 11 12 17
82 0 0 6 1 4 5 14 24 3 15 23 10 2 7 21 18 13 9 16 22 8 20 19 11 12 17
81 0 6 0 1 4 5 14 24 3 15 23 10 2 7 21 18 13 9 16 22 8 20 19 11 12 17
80 0 6 1 0 4 5 14 24 3 15 23 10 2 7 21 18 13 9 16 22 8 20 19 11 12 17
79 0 6 1 3 4 5 14 24 0 15 23 10 2 7 21 18 13 9 16 22 8 20 19 11 12 17
78 0 6 1 3 4 5 14 0 24 15 23 10 2 7 21 18 13 9 16 22 8 20 19 11 12 17
77 0 6 1 3 4 5 14 2 24 15 23 10 0 7 21 18 13 9 16 22 8 20 19 11 12 17
76 0 6 1 3 4 5 14 2 24 15 23 0 10 7 21 18 13 9 16 22 8 20 19 11 12 17
75 0 6 1 3 4 5 0 2 24 15 23 14 10 7 21 18 13 9 16 22 8 20 19 11 12 17
74 0 0 1 3 4 5 6 2 24 15 23 14 10 7 21 18 13 9 16 22 8 20 19 11 12 17
73 0 1 0 3 4 5 6 2 24 15 23 14 10 7 21 18 13 9 16 22 8 20 19 11 12 17
72 0 1 2 3 4 5 6 0 24 15 23 14 10 7 21 18 13 9 16 22 8 20 19 11 12 17
71 0 1 2 3 4 5 6 10 24 15 23 14 0 7 21 18 13 9 16 22 8 20 19 11 12 17
70 0 1 2 3 4 5 6 10 24 15 23 14 7 0 21 18 13 9 16 22 8 20 19 11 12 17
69 0 1 2 3 4 5 6 10 24 15 23 14 7 21 0 18 13 9 16 22 8 20 19 11 12 17
68 0 1 2 3 4 5 6 10 24 15 23 14 7 21 18 0 13 9 16 22 8 20 19 11 12 17
67 0 1 2 3 4 5 6 10 24 15 0 14 7 21 18 23 13 9 16 22 8 20 19 11 12 17
66 0 1 2 3 4 5 6 10 24 0 15 14 7 21 18 23 13 9 16 22 8 20 19 11 12 17
65 0 1 2 3 4 5 6 10 0 24 15 14 7 21 18 23 13 9 16 22 8 20 19 11 12 17
64 0 1 2 3 4 5 6 0 10 24 15 14 7 21 18 23 13 9 16 22 8 20 19 11 12 17
63 0 1 2 3 4 5 6 7 10 24 15 14 0 21 18 23 13 9 16 22 8 20 19 11 12 17
62 0 1 2 3 4 5 6 7 10 24 15 14 9 21 18 23 13 0 16 22 8 20 19 11 12 17
61 0 1 2 3 4 5 6 7 10 24 15 14 9 21 18 23 13 16 0 22 8 20 19 11 12 17
60 0 1 2 3 4 5 6 7 10 24 15 14 9 0 18 23 13 16 21 22 8 20 19 11 12 17
59 0 1 2 3 4 5 6 7 10 24 15 14 0 9 18 23 13 16 21 22 8 20 19 11 12 17
58 0 1 2 3 4 5 6 7 10 24 15 14 16 9 18 23 13 0 21 22 8 20 19 11 12 17
57 0 1 2 3 4 5 6 7 10 24 15 14 16 9 18 23 13 21 0 22 8 20 19 11 12 17
56 0 1 2 3 4 5 6 7 10 24 15 14 16 9 18 23 13 21 11 22 8 20 19 0 12 17
55 0 1 2 3 4 5 6 7 10 24 15 14 16 9 18 23 13 21 11 22 8 20 0 19 12 17
54 0 1 2 3 4 5 6 7 10 24 15 14 16 9 18 23 13 21 11 22 8 0 20 19 12 17
53 0 1 2 3 4 5 6 7 10 24 15 14 16 9 18 23 0 21 11 22 8 13 20 19 12 17
52 0 1 2 3 4 5 6 7 10 24 15 14 16 9 18 23 21 0 11 22 8 13 20 19 12 17
51 0 1 2 3 4 5 6 7 10 24 15 14 16 9 18 23 21 11 0 22 8 13 20 19 12 17
50 0 1 2 3 4 5 6 7 10 24 15 14 16 9 18 23 21 11 22 0 8 13 20 19 12 17
49 0 1 2 3 4 5 6 7 10 24 15 14 16 9 18 23 21 11 22 12 8 13 20 19 0 17
48 0 1 2 3 4 5 6 7 10 24 15 14 16 9 18 23 21 11 22 12 8 13 20 0 19 17
47 0 1 2 3 4 5 6 7 10 24 15 14 16 9 18 23 21 11 22 12 8 13 0 20 19 17
46 0 1 2 3 4 5 6 7 10 24 15 14 16 9 18 23 21 11 22 12 8 0 13 20 19 17
45 0 1 2 3 4 5 6 7 10 24 15 14 16 9 18 23 0 11 22 12 8 21 13 20 19 17
44 0 1 2 3 4 5 6 7 10 24 15 14 16 9 18 23 11 0 22 12 8 21 13 20 19 17
43 0 1 2 3 4 5 6 7 10 24 15 14 16 9 18 23 11 22 0 12 8 21 13 20 19 17
42 0 1 2 3 4 5 6 7 10 24 15 14 16 9 18 23 11 22 12 0 8 21 13 20 19 17
41 0 1 2 3 4 5 6 7 10 24 15 14 16 9 18 23 11 22 12 8 0 21 13 20 19 17
40 0 1 2 3 4 5 6 7 10 24 15 14 16 9 18 23 11 22 12 8 17 21 13 20 19 0
39 0 1 2 3 4 5 6 7 10 24 15 14 16 9 18 23 11 22 12 8 17 21 13 20 0 19
38 0 1 2 3 4 5 6 7 10 24 15 14 16 9 18 23 11 22 12 8 17 21 13 0 20 19
37 0 1 2 3 4 5 6 7 10 24 15 14 16 9 18 23 11 22 12 8 17 21 0 13 20 19
36 0 1 2 3 4 5 6 7 10 24 15 14 16 9 18 23 11 0 12 8 17 21 22 13 20 19
35 0 1 2 3 4 5 6 7 10 24 15 14 0 9 18 23 11 16 12 8 17 21 22 13 20 19
34 0 1 2 3 4 5 6 7 10 24 15 0 14 9 18 23 11 16 12 8 17 21 22 13 20 19
33 0 1 2 3 4 5 6 7 10 24 15 11 14 9 18 23 0 16 12 8 17 21 22 13 20 19
32 0 1 2 3 4 5 6 7 10 24 15 11 14 9 18 23 16 0 12 8 17 21 22 13 20 19
31 0 1 2 3 4 5 6 7 10 24 15 11 14 9 18 23 16 12 0 8 17 21 22 13 20 19
30 0 1 2 3 4 5 6 7 10 24 15 11 14 9 18 23 16 12 8 0 17 21 22 13 20 19
120 0 14 15 6 23 21 24 5 22 17 16 10 4 3 2 7 13 9 1 8 18 20 19 11 12 0
119 0 14 15 6 23 21 24 5 22 17 16 10 4 3 2 7 13 9 1 8 0 20 19 11 12 18
118 0 14 15 6 23 21 24 5 22 17 16 10 4 3 2 0 13 9 1 8 7 20 19 11 12 18
117 0 14 15 6 23 21 24 5 22 17 0 10 4 3 2 16 13 9 1 8 7 20 19 11 12 18
116 0 14 15 6 23 21 24 5 22 0 17 10 4 3 2 16 13 9 1 8 7 20 19 11 12 18
115 0 14 15 6 23 21 24 5 0 22 17 10 4 3 2 16 13 9 1 8 7 20 19 11 12 18
114 0 14 15 0 23 21 24 5 6 22 17 10 4 3 2 16 13 9 1 8 7 20 19 11 12 18
113 0 14 0 15 23 21 24 5 6 22 17 10 4 3 2 16 13 9 1 8 7 20 19 11 12 18
112 0 14 5 15 23 21 24 0 6 22 17 10 4 3 2 16 13 9 1 8 7 20 19 11 12 18
111 0 14 5 15 23 21 24 4 6 22 17 10 0 3 2 16 13 9 1 8 7 20 19 11 12 18
110 0 14 5 15 23 21 24 4 6 22 17 10 3 0 2 16 13 9 1 8 7 20 19 11 12 18
109 0 14 5 15 23 21 24 4 6 22 17 10 3 1 2 16 13 9 0 8 7 20 19 11 12 18
108 0 14 5 15 23 21 24 4 6 22 17 10 3 1 2 16 13 9 8 0 7 20 19 11 12 18
107 0 14 5 15 23 21 24 4 6 22 17 10 3 1 2 16 13 9 8 7 0 20 19 11 12 18
106 0 14 5 15 23 21 24 4 6 22 17 10 3 1 2 0 13 9 8 7 16 20 19 11 12 18
105 0 14 5 15 23 21 24 4 6 22 0 10 3 1 2 17 13 9 8 7 16 20 19 11 12 18
104 0 14 5 15 23 0 24 4 6 22 21 10 3 1 2 17 13 9 8 7 16 20 19 11 12 18
103 0 14 5 15 0 23 24 4 6 22 21 10 3 1 2 17 13 9 8 7 16 20 19 11 12 18
102 0 14 5 0 15 23 24 4 6 22 21 10 3 1 2 17 13 9 8 7 16 20 19 11 12 18
101 0 14 0 5 15 23 24 4 6 22 21 10 3 1 2 17 13 9 8 7 16 20 19 11 12 18
100 0 14 4 5 15 23 24 0 6 22 21 10 3 1 2 17 13 9 8 7 16 20 19 11 12 18
99 0 14 4 5 15 23 24 3 6 22 21 10 0 1 2 17 13 9 8 7 16 20 19 11 12 18
98 0 14 4 5 15 23 24 3 6 22 21 10 1 0 2 17 13 9 8 7 16 20 19 11 12 18
97 0 14 4 5 15 23 24 3 6 22 21 10 1 2 0 17 13 9 8 7 16 20 19 11 12 18
96 0 14 4 5 15 23 24 3 6 22 21 10 1 2 7 17 13 9 8 0 16 20 19 11 12 18
95 0 14 4 5 15 23 24 3 6 22 21 10 1 2 7 17 13 9 8 16 0 20 19 11 12 18
94 0 14 4 5 15 23 24 3 6 22 21 10 1 2 7 0 13 9 8 16 17 20 19 11 12 18
93 0 14 4 5 15 23 24 3 6 22 0 10 1 2 7 21 13 9 8 16 17 20 19 11 12 18
92 0 14 4 5 15 0 24 3 6 22 23 10 1 2 7 21 13 9 8 16 17 20 19 11 12 18
91 0 14 4 5 0 15 24 3 6 22 23 10 1 2 7 21 13 9 8 16 17 20 19 11 12 18
90 0 14 4 0 5 15 24 3 6 22 23 10 1 2 7 21 13 9 8 16 17 20 19 11 12 18
89 0 14 0 4 5 15 24 3 6 22 23 10 1 2 7 21 13 9 8 16 17 20 19 11 12 18
88 0 14 3 4 5 15 24 0 6 22 23 10 1 2 7 21 13 9 8 16 17 20 19 11 12 18
87 0 14 3 4 5 15 24 1 6 22 23 10 0 2 7 21 13 9 8 16 17 20 19 11 12 18
86 0 14 3 4 5 15 24 1 6 22 23 10 2 0 7 21 13 9 8 16 17 20 19 11 12 18
85 0 14 3 4 5 15 24 1 6 22 23 10 2 7 0 21 13 9 8 16 17 20 19 11 12 18
84 0 14 3 4 5 15 24 1 6 22 23 10 2 7 21 0 13 9 8 16 17 20 19 11 12 18
83 0 14 3 4 5 15 24 1 6 22 0 10 2 7 21 23 13 9 8 16 17 20 19 11 12 18
82 0 14 3 4 5 0 24 1 6 22 15 10 2 7 21 23 13 9 8 16 17 20 19 11 12 18
81 0 14 3 4 0 5 24 1 6 22 15 10 2 7 21 23 13 9 8 16 17 20 19 11 12 18
80 0 14 3 0 4 5 24 1 6 22 15 10 2 7 21 23 13 9 8 16 17 20 19 11 12 18
79 0 14 0 3 4 5 24 1 6 22 15 10 2 7 21 23 13 9 8 16 17 20 19 11 12 18
78 0 14 1 3 4 5 24 0 6 22 15 10 2 7 21 23 13 9 8 16 17 20 19 11 12 18
77 0 14 1 3 4 5 24 2 6 22 15 10 0 7 21 23 13 9 8 16 17 20 19 11 12 18
76 0 14 1 3 4 5 24 2 6 22 15 0 10 7 21 23 13 9 8 16 17 20 19 11 12 18
75 0 14 1 3 4 5 0 2 6 22 15 24 10 7 21 23 13 9 8 16 17 20 19 11 12 18
74 0 0 1 3 4 5 14 2 6 22 15 24 10 7 21 23 13 9 8 16 17 20 19 11 12 18
73 0 1 0 3 4 5 14 2 6 22 15 24 10 7 21 23 13 9 8 16 17 20 19 11 12 18
72 0 1 2 3 4 5 14 0 6 22 15 24 10 7 21 23 13 9 8 16 17 20 19 11 12 18
71 0 1 2 3 4 5 14 6 0 22 15 24 10 7 21 23 13 9 8 16 17 20 19 11 12 18
70 0 1 2 3 4 5 14 6 7 22 15 24 10 0 21 23 13 9 8 16 17 20 19 11 12 18
69 0 1 2 3 4 5 14 6 7 22 15 24 0 10 21 23 13 9 8 16 17 20 19 11 12 18
68 0 1 2 3 4 5 14 6 7 22 15 24 9 10 21 23 13 0 8 16 17 20 19 11 12 18
67 0 1 2 3 4 5 14 6 7 22 15 24 9 10 21 23 0 13 8 16 17 20 19 11 12 18
66 0 1 2 3 4 5 14 6 7 22 15 0 9 10 21 23 24 13 8 16 17 20 19 11 12 18
65 0 1 2 3 4 5 0 6 7 22 15 14 9 10 21 23 24 13 8 16 17 20 19 11 12 18
64 0 1 2 3 4 5 6 0 7 22 15 14 9 10 21 23 24 13 8 16 17 20 19 11 12 18
63 0 1 2 3 4 5 6 7 0 22 15 14 9 10 21 23 24 13 8 16 17 20 19 11 12 18
62 0 1 2 3 4 5 6 7 10 22 15 14 9 0 21 23 24 13 8 16 17 20 19 11 12 18
61 0 1 2 3 4 5 6 7 10 22 15 14 9 8 21 23 24 13 0 16 17 20 19 11 12 18
60 0 1 2 3 4 5 6 7 10 22 15 14 9 8 21 23 24 13 11 16 17 20 19 0 12 18
59 0 1 2 3 4 5 6 7 10 22 15 14 9 8 21 23 24 13 11 16 17 20 0 19 12 18
58 0 1 2 3 4 5 6 7 10 22 15 14 9 8 21 23 24 13 11 16 17 0 20 19 12 18
57 0 1 2 3 4 5 6 7 10 22 15 14 9 8 21 23 0 13 11 16 17 24 20 19 12 18
56 0 1 2 3 4 5 6 7 10 22 15 14 9 8 21 23 13 0 11 16 17 24 20 19 12 18
55 0 1 2 3 4 5 6 7 10 22 15 14 9 8 21 23 13 11 0 16 17 24 20 19 12 18
54 0 1 2 3 4 5 6 7 10 22 15 14 9 8 21 23 13 11 16 0 17 24 20 19 12 18
53 0 1 2 3 4 5 6 7 10 22 15 14 9 8 0 23 13 11 16 21 17 24 20 19 12 18
52 0 1 2 3 4 5 6 7 10 0 15 14 9 8 22 23 13 11 16 21 17 24 20 19 12 18
51 0 1 2 3 4 5 6 7 0 10 15 14 9 8 22 23 13 11 16 21 17 24 20 19 12 18
50 0 1 2 3 4 5 6 7 8 10 15 14 9 0 22 23 13 11 16 21 17 24 20 19 12 18
49 0 1 2 3 4 5 6 7 8 10 15 14 0 9 22 23 13 11 16 21 17 24 20 19 12 18
48 0 1 2 3 4 5 6 7 8 10 15 0 14 9 22 23 13 11 16 21 17 24 20 19 12 18
47 0 1 2 3 4 5 6 7 8 10 15 13 14 9 22 23 0 11 16 21 17 24 20 19 12 18
46 0 1 2 3 4 5 6 7 8 10 15 13 14 9 22 23 11 0 16 21 17 24 20 19 12 18
45 0 1 2 3 4 5 6 7 8 10 15 13 14 9 22 23 11 16 0 21 17 24 20 19 12 18
44 0 1 2 3 4 5 6 7 8 10 15 13 14 9 22 23 11 16 21 0 17 24 20 19 12 18
43 0 1 2 3 4 5 6 7 8 10 15 13 14 9 22 23 11 16 21 12 17 24 20 19 0 18
42 0 1 2 3 4 5 6 7 8 10 15 13 14 9 22 23 11 16 21 12 17 24 20 0 19 18
41 0 1 2 3 4 5 6 7 8 10 15 13 14 9 22 23 11 16 21 12 17 24 0 20 19 18
40 0 1 2 3 4 5 6 7 8 10 15 13 14 9 22 23 11 0 21 12 17 24 16 20 19 18
39 0 1 2 3 4 5 6 7 8 10 15 13 14 9 22 23 11 21 0 12 17 24 16 20 19 18
38 0 1 2 3 4 5 6 7 8 10 15 13 14 9 22 23 11 21 12 0 17 24 16 20 19 18
37 0 1 2 3 4 5 6 7 8 10 15 13 14 9 0 23 11 21 12 22 17 24 16 20 19 18
36 0 1 2 3 4 5 6 7 8 10 15 13 14 0 9 23 11 21 12 22 17 24 16 20 19 18
35 0 1 2 3 4 5 6 7 8 10 15 13 0 14 9 23 11 21 12 22 17 24 16 20 19 18
34 0 1 2 3 4 5 6 7 8 10 15 0 13 14 9 23 11 21 12 22 17 24 16 20 19 18
33 0 1 2 3 4 5 6 7 8 10 15 11 13 14 9 23 0 21 12 22 17 24 16 20 19 18
32 0 1 2 3 4 5 6 7 8 10 15 11 13 14 9 23 21 0 12 22 17 24 16 20 19 18
31 0 1 2 3 4 5 6 7 8 10 15 11 13 14 9 23 21 16 12 22 17 24 0 20 19 18
30 0 1 2 3 4 5 6 7 8 10 15 11 13 14 9 23 21 16 12 22 17 0 24 20 19 18
122 0 14 15 6 23 21 24 5 22 17 16 10 4 3 2 7 13 9 1 12 8 20 19 11 18 0
121 0 14 15 6 23 21 24 5 22 17 16 10 4 3 2 7 13 9 1 12 8 20 19 11 0 18
120 0 14 15 6 23 21 24 5 22 17 16 10 4 3 2 7 13 9 1 0 8 20 19 11 12 18
119 0 14 15 6 23 21 24 5 22 17 16 10 4 3 0 7 13 9 1 2 8 20 19 11 12 18
118 0 14 15 6 23 21 24 5 22 0 16 10 4 3 17 7 13 9 1 2 8 20 19 11 12 18
117 0 14 15 6 23 21 24 5 0 22 16 10 4 3 17 7 13 9 1 2 8 20 19 11 12 18
116 0 14 15 6 23 21 24 0 5 22 16 10 4 3 17 7 13 9 1 2 8 20 19 11 12 18
115 0 14 15 6 23 21 24 4 5 22 16 10 0 3 17 7 13 9 1 2 8 20 19 11 12 18
114 0 14 15 6 23 21 24 4 5 22 16 10 3 0 17 7 13 9 1 2 8 20 19 11 12 18
113 0 14 15 6 23 21 24 4 5 22 16 10 3 1 17 7 13 9 0 2 8 20 19 11 12 18
112 0 14 15 6 23 21 24 4 5 22 16 10 3 1 17 7 13 9 2 0 8 20 19 11 12 18
111 0 14 15 6 23 21 24 4 5 22 16 10 3 1 0 7 13 9 2 17 8 20 19 11 12 18
110 0 14 15 6 23 21 24 4 5 0 16 10 3 1 22 7 13 9 2 17 8 20 19 11 12 18
109 0 14 15 6 23 21 24 4 0 5 16 10 3 1 22 7 13 9 2 17 8 20 19 11 12 18
108 0 14 15 6 23 21 24 0 4 5 16 10 3 1 22 7 13 9 2 17 8 20 19 11 12 18
107 0 14 0 6 23 21 24 15 4 5 16 10 3 1 22 7 13 9 2 17 8 20 19 11 12 18
106 0 14 6 0 23 21 24 15 4 5 16 10 3 1 22 7 13 9 2 17 8 20 19 11 12 18
105 0 14 6 4 23 21 24 15 0 5 16 10 3 1 22 7 13 9 2 17 8 20 19 11 12 18
104 0 14 6 4 23 21 24 15 1 5 16 10 3 0 22 7 13 9 2 17 8 20 19 11 12 18
103 0 14 6 4 23 21 24 15 1 5 16 10 3 2 22 7 13 9 0 17 8 20 19 11 12 18
102 0 14 6 4 23 21 24 15 1 5 16 10 3 2 22 7 13 9 11 17 8 20 19 0 12 18
101 0 14 6 4 23 21 24 15 1 5 16 10 3 2 22 7 13 9 11 17 8 20 19 12 0 18
100 0 14 6 4 23 21 24 15 1 5 16 10 3 2 22 7 13 9 11 0 8 20 19 12 17 18
99 0 14 6 4 23 21 24 15 1 5 16 10 3 2 0 7 13 9 11 22 8 20 19 12 17 18
98 0 14 6 4 23 21 24 15 1 5 16 10 3 2 7 0 13 9 11 22 8 20 19 12 17 18
97 0 14 6 4 23 21 24 15 1 5 0 10 3 2 7 16 13 9 11 22 8 20 19 12 17 18
96 0 14 6 4 23 0 24 15 1 5 21 10 3 2 7 16 13 9 11 22 8 20 19 12 17 18
95 0 14 6 4 0 23 24 15 1 5 21 10 3 2 7 16 13 9 11 22 8 20 19 12 17 18
94 0 14 6 4 5 23 24 15 1 0 21 10 3 2 7 16 13 9 11 22 8 20 19 12 17 18
93 0 14 6 4 5 23 24 15 1 21 0 10 3 2 7 16 13 9 11 22 8 20 19 12 17 18
92 0 14 6 4 5 0 24 15 1 21 23 10 3 2 7 16 13 9 11 22 8 20 19 12 17 18
91 0 14 6 4 0 5 24 15 1 21 23 10 3 2 7 16 13 9 11 22 8 20 19 12 17 18
90 0 14 6 0 4 5 24 15 1 21 23 10 3 2 7 16 13 9 11 22 8 20 19 12 17 18
89 0 14 6 1 4 5 24 15 0 21 23 10 3 2 7 16 13 9 11 22 8 20 19 12 17 18
88 0 14 6 1 4 5 24 15 2 21 23 10 3 0 7 16 13 9 11 22 8 20 19 12 17 18
87 0 14 6 1 4 5 24 15 2 21 23 10 0 3 7 16 13 9 11 22 8 20 19 12 17 18
86 0 14 6 1 4 5 24 15 2 21 23 0 10 3 7 16 13 9 11 22 8 20 19 12 17 18
85 0 14 6 1 4 5 0 15 2 21 23 24 10 3 7 16 13 9 11 22 8 20 19 12 17 18
84 0 0 6 1 4 5 14 15 2 21 23 24 10 3 7 16 13 9 11 22 8 20 19 12 17 18
83 0 6 0 1 4 5 14 15 2 21 23 24 10 3 7 16 13 9 11 22 8 20 19 12 17 18
82 0 6 1 0 4 5 14 15 2 21 23 24 10 3 7 16 13 9 11 22 8 20 19 12 17 18
81 0 6 1 2 4 5 14 15 0 21 23 24 10 3 7 16 13 9 11 22 8 20 19 12 17 18
80 0 6 1 2 4 5 14 0 15 21 23 24 10 3 7 16 13 9 11 22 8 20 19 12 17 18
79 0 6 1 2 4 5 14 10 15 21 23 24 0 3 7 16 13 9 11 22 8 20 19 12 17 18
78 0 6 1 2 4 5 14 10 15 21 23 24 3 0 7 16 13 9 11 22 8 20 19 12 17 18
77 0 6 1 2 4 5 14 10 15 21 23 24 3 7 0 16 13 9 11 22 8 20 19 12 17 18
76 0 6 1 2 4 5 14 10 15 0 23 24 3 7 21 16 13 9 11 22 8 20 19 12 17 18
75 0 6 1 2 4 5 14 10 0 15 23 24 3 7 21 16 13 9 11 22 8 20 19 12 17 18
74 0 6 1 2 4 5 14 0 10 15 23 24 3 7 21 16 13 9 11 22 8 20 19 12 17 18
73 0 6 1 2 4 5 14 3 10 15 23 24 0 7 21 16 13 9 11 22 8 20 19 12 17 18
72 0 6 1 2 4 5 14 3 10 15 23 24 7 0 21 16 13 9 11 22 8 20 19 12 17 18
71 0 6 1 2 4 5 14 3 10 15 23 24 7 21 0 16 13 9 11 22 8 20 19 12 17 18
70 0 6 1 2 4 5 14 3 10 15 23 24 7 21 16 0 13 9 11 22 8 20 19 12 17 18
69 0 6 1 2 4 5 14 3 10 15 0 24 7 21 16 23 13 9 11 22 8 20 19 12 17 18
68 0 6 1 2 4 5 14 3 10 0 15 24 7 21 16 23 13 9 11 22 8 20 19 12 17 18
67 0 6 1 2 4 5 14 3 0 10 15 24 7 21 16 23 13 9 11 22 8 20 19 12 17 18
66 0 6 1 2 4 5 14 0 3 10 15 24 7 21 16 23 13 9 11 22 8 20 19 12 17 18
65 0 6 1 2 4 5 0 14 3 10 15 24 7 21 16 23 13 9 11 22 8 20 19 12 17 18
64 0 0 1 2 4 5 6 14 3 10 15 24 7 21 16 23 13 9 11 22 8 20 19 12 17 18
63 0 1 0 2 4 5 6 14 3 10 15 24 7 21 16 23 13 9 11 22 8 20 19 12 17 18
62 0 1 2 0 4 5 6 14 3 10 15 24 7 21 16 23 13 9 11 22 8 20 19 12 17 18
61 0 1 2 3 4 5 6 14 0 10 15 24 7 21 16 23 13 9 11 22 8 20 19 12 17 18
60 0 1 2 3 4 5 6 0 14 10 15 24 7 21 16 23 13 9 11 22 8 20 19 12 17 18
59 0 1 2 3 4 5 6 7 14 10 15 24 0 21 16 23 13 9 11 22 8 20 19 12 17 18
58 0 1 2 3 4 5 6 7 14 10 15 24 9 21 16 23 13 0 11 22 8 20 19 12 17 18
57 0 1 2 3 4 5 6 7 14 10 15 24 9 21 16 23 13 11 0 22 8 20 19 12 17 18
56 0 1 2 3 4 5 6 7 14 10 15 24 9 0 16 23 13 11 21 22 8 20 19 12 17 18
55 0 1 2 3 4 5 6 7 14 10 15 24 0 9 16 23 13 11 21 22 8 20 19 12 17 18
54 0 1 2 3 4 5 6 7 14 10 15 24 11 9 16 23 13 0 21 22 8 20 19 12 17 18
53 0 1 2 3 4 5 6 7 14 10 15 24 11 9 16 23 0 13 21 22 8 20 19 12 17 18
52 0 1 2 3 4 5 6 7 14 10 15 0 11 9 16 23 24 13 21 22 8 20 19 12 17 18
51 0 1 2 3 4 5 6 7 14 10 15 11 0 9 16 23 24 13 21 22 8 20 19 12 17 18
50 0 1 2 3 4 5 6 7 14 10 15 11 13 9 16 23 24 0 21 22 8 20 19 12 17 18
49 0 1 2 3 4 5 6 7 14 10 15 11 13 9 16 23 24 21 0 22 8 20 19 12 17 18
48 0 1 2 3 4 5 6 7 14 10 15 11 13 9 16 23 24 21 12 22 8 20 19 0 17 18
47 0 1 2 3 4 5 6 7 14 10 15 11 13 9 16 23 24 21 12 22 8 20 0 19 17 18
46 0 1 2 3 4 5 6 7 14 10 15 11 13 9 16 23 24 21 12 22 8 0 20 19 17 18
45 0 1 2 3 4 5 6 7 14 10 15 11 13 9 16 23 0 21 12 22 8 24 20 19 17 18
44 0 1 2 3 4 5 6 7 14 10 15 11 13 9 16 23 21 0 12 22 8 24 20 19 17 18
43 0 1 2 3 4 5 6 7 14 10 15 11 13 9 16 23 21 12 0 22 8 24 20 19 17 18
42 0 1 2 3 4 5 6 7 14 10 15 11 13 9 16 23 21 12 22 0 8 24 20 19 17 18
41 0 1 2 3 4 5 6 7 14 10 15 11 13 9 16 23 21 12 22 8 0 24 20 19 17 18
40 0 1 2 3 4 5 6 7 14 10 15 11 13 9 16 0 21 12 22 8 23 24 20 19 17 18
39 0 1 2 3 4 5 6 7 14 10 0 11 13 9 16 15 21 12 22 8 23 24 20 19 17 18
38 0 1 2 3 4 5 6 7 14 0 10 11 13 9 16 15 21 12 22 8 23 24 20 19 17 18
37 0 1 2 3 4 5 6 7 0 14 10 11 13 9 16 15 21 12 22 8 23 24 20 19 17 18
36 0 1 2 3 4 5 6 7 9 14 10 11 13 0 16 15 21 12 22 8 23 24 20 19 17 18
35 0 1 2 3 4 5 6 7 9 14 10 11 13 16 0 15 21 12 22 8 23 24 20 19 17 18
34 0 1 2 3 4 5 6 7 9 14 10 11 13 16 8 15 21 12 22 0 23 24 20 19 17 18
33 0 1 2 3 4 5 6 7 9 14 10 11 13 16 8 15 21 12 0 22 23 24 20 19 17 18
32 0 1 2 3 4 5 6 7 9 14 10 11 13 0 8 15 21 12 16 22 23 24 20 19 17 18
31 0 1 2 3 4 5 6 7 9 14 10 11 13 8 0 15 21 12 16 22 23 24 20 19 17 18
30 0 1 2 3 4 5 6 7 9 0 10 11 13 8 14 15 21 12 16 22 23 24 20 19 17 18
120 0 14 15 6 23 21 24 5 22 17 16 10 4 3 7 8 13 9 1 2 18 20 19 11 12 0
119 0 14 15 6 23 21 24 5 22 17 16 10 4 3 7 8 13 9 1 2 0 20 19 11 12 18
118 0 14 15 6 23 21 24 5 22 17 16 10 4 3 7 0 13 9 1 2 8 20 19 11 12 18
117 0 14 15 6 23 21 24 5 22 17 0 10 4 3 7 16 13 9 1 2 8 20 19 11 12 18
116 0 14 15 6 23 21 24 5 22 0 17 10 4 3 7 16 13 9 1 2 8 20 19 11 12 18
115 0 14 15 6 23 21 24 5 0 22 17 10 4 3 7 16 13 9 1 2 8 20 19 11 12 18
114 0 14 15 0 23 21 24 5 6 22 17 10 4 3 7 16 13 9 1 2 8 20 19 11 12 18
113 0 14 0 15 23 21 24 5 6 22 17 10 4 3 7 16 13 9 1 2 8 20 19 11 12 18
112 0 14 5 15 23 21 24 0 6 22 17 10 4 3 7 16 13 9 1 2 8 20 19 11 12 18
111 0 14 5 15 23 21 24 4 6 22 17 10 0 3 7 16 13 9 1 2 8 20 19 11 12 18
110 0 14 5 15 23 21 24 4 6 22 17 10 3 0 7 16 13 9 1 2 8 20 19 11 12 18
109 0 14 5 15 23 21 24 4 6 22 17 10 3 1 7 16 13 9 0 2 8 20 19 11 12 18
108 0 14 5 15 23 21 24 4 6 22 17 10 3 1 7 16 13 9 2 0 8 20 19 11 12 18
107 0 14 5 15 23 21 24 4 6 22 17 10 3 1 7 16 13 9 2 8 0 20 19 11 12 18
106 0 14 5 15 23 21 24 4 6 22 17 10 3 1 7 0 13 9 2 8 16 20 19 11 12 18
105 0 14 5 15 23 21 24 4 6 22 0 10 3 1 7 17 13 9 2 8 16 20 19 11 12 18
104 0 14 5 15 23 0 24 4 6 22 21 10 3 1 7 17 13 9 2 8 16 20 19 11 12 18
103 0 14 5 15 0 23 24 4 6 22 21 10 3 1 7 17 13 9 2 8 16 20 19 11 12 18
102 0 14 5 0 15 23 24 4 6 22 21 10 3 1 7 17 13 9 2 8 16 20 19 11 12 18
101 0 14 0 5 15 23 24 4 6 22 21 10 3 1 7 17 13 9 2 8 16 20 19 11 12 18
100 0 14 4 5 15 23 24 0 6 22 21 10 3 1 7 17 13 9 2 8 16 20 19 11 12 18
99 0 14 4 5 15 23 24 3 6 22 21 10 0 1 7 17 13 9 2 8 16 20 19 11 12 18
98 0 14 4 5 15 23 24 3 6 22 21 10 1 0 7 17 13 9 2 8 16 20 19 11 12 18
97 0 14 4 5 15 23 24 3 6 22 21 10 1 2 7 17 13 9 0 8 16 20 19 11 12 18
118 0 9 24 0 11 23 14 20 6 21 12 19 18 1 3 22 4 5 2 7 8 13 15 10 16 17
117 0 9 0 24 11 23 14 20 6 21 12 19 18 1 3 22 4 5 2 7 8 13 15 10 16 17
116 0 9 20 24 11 23 14 0 6 21 12 19 18 1 3 22 4 5 2 7 8 13 15 10 16 17
115 0 9 20 24 11 23 14 6 0 21 12 19 18 1 3 22 4 5 2 7 8 13 15 10 16 17
114 0 9 20 24 11 23 14 6 21 0 12 19 18 1 3 22 4 5 2 7 8 13 15 10 16 17
113 0 9 20 24 0 23 14 6 21 11 12 19 18 1 3 22 4 5 2 7 8 13 15 10 16 17
112 0 9 20 0 24 23 14 6 21 11 12 19 18 1 3 22 4 5 2 7 8 13 15 10 16 17
111 0 9 0 20 24 23 14 6 21 11 12 19 18 1 3 22 4 5 2 7 8 13 15 10 16 17
110 0 9 6 20 24 23 14 0 21 11 12 19 18 1 3 22 4 5 2 7 8 13 15 10 16 17
109 0 9 6 20 24 23 14 21 0 11 12 19 18 1 3 22 4 5 2 7 8 13 15 10 16 17
108 0 9 6 20 24 23 14 21 1 11 12 19 18 0 3 22 4 5 2 7 8 13 15 10 16 17
107 0 9 6 20 24 23 14 21 1 11 12 19 18 2 3 22 4 5 0 7 8 13 15 10 16 17
106 0 9 6 20 24 23 14 21 1 11 12 19 18 2 3 22 4 0 5 7 8 13 15 10 16 17
105 0 9 6 20 24 23 14 21 1 11 12 19 18 2 3 22 0 4 5 7 8 13 15 10 16 17
104 0 9 6 20 24 23 14 21 1 11 12 0 18 2 3 22 19 4 5 7 8 13 15 10 16 17
103 0 9 6 20 24 23 0 21 1 11 12 14 18 2 3 22 19 4 5 7 8 13 15 10 16 17
102 0 9 6 20 24 23 21 0 1 11 12 14 18 2 3 22 19 4 5 7 8 13 15 10 16 17
101 0 9 6 20 24 23 21 1 0 11 12 14 18 2 3 22 19 4 5 7 8 13 15 10 16 17
100 0 9 6 20 24 23 21 1 2 11 12 14 18 0 3 22 19 4 5 7 8 13 15 10 16 17
99 0 9 6 20 24 23 21 1 2 11 12 14 18 5 3 22 19 4 0 7 8 13 15 10 16 17
98 0 9 6 20 24 23 21 1 2 11 12 14 18 5 3 22 19 0 4 7 8 13 15 10 16 17
97 0 9 6 20 24 23 21 1 2 11 12 14 18 5 3 22 0 19 4 7 8 13 15 10 16 17
96 0 9 6 20 24 23 21 1 2 11 12 0 18 5 3 22 14 19 4 7 8 13 15 10 16 17
95 0 9 6 20 24 23 0 1 2 11 12 21 18 5 3 22 14 19 4 7 8 13 15 10 16 17
94 0 9 6 20 24 23 1 0 2 11 12 21 18 5 3 22 14 19 4 7 8 13 15 10 16 17
93 0 9 0 20 24 23 1 6 2 11 12 21 18 5 3 22 14 19 4 7 8 13 15 10 16 17
92 0 0 9 20 24 23 1 6 2 11 12 21 18 5 3 22 14 19 4 7 8 13 15 10 16 17
91 0 1 9 20 24 23 0 6 2 11 12 21 18 5 3 22 14 19 4 7 8 13 15 10 16 17
90 0 1 9 20 24 23 6 0 2 11 12 21 18 5 3 22 14 19 4 7 8 13 15 10 16 17
89 0 1 9 20 24 23 6 2 0 11 12 21 18 5 3 22 14 19 4 7 8 13 15 10 16 17
88 0 1 9 20 24 23 6 2 11 0 12 21 18 5 3 22 14 19 4 7 8 13 15 10 16 17
87 0 1 9 20 24 23 6 2 11 12 0 21 18 5 3 22 14 19 4 7 8 13 15 10 16 17
86 0 1 9 20 24 0 6 2 11 12 23 21 18 5 3 22 14 19 4 7 8 13 15 10 16 17
85 0 1 9 20 0 24 6 2 11 12 23 21 18 5 3 22 14 19 4 7 8 13 15 10 16 17
84 0 1 9 0 20 24 6 2 11 12 23 21 18 5 3 22 14 19 4 7 8 13 15 10 16 17
83 0 1 0 9 20 24 6 2 11 12 23 21 18 5 3 22 14 19 4 7 8 13 15 10 16 17
82 0 1 2 9 20 24 6 0 11 12 23 21 18 5 3 22 14 19 4 7 8 13 15 10 16 17
81 0 1 2 9 20 24 6 11 0 12 23 21 18 5 3 22 14 19 4 7 8 13 15 10 16 17
80 0 1 2 9 20 24 6 11 5 12 23 21 18 0 3 22 14 19 4 7 8 13 15 10 16 17
79 0 1 2 9 20 24 6 11 5 12 23 21 18 3 0 22 14 19 4 7 8 13 15 10 16 17
78 0 1 2 9 20 24 6 11 5 12 23 21 18 3 7 22 14 19 4 0 8 13 15 10 16 17
77 0 1 2 9 20 24 6 11 5 12 23 21 18 3 7 22 14 19 4 8 0 13 15 10 16 17
76 0 1 2 9 20 24 6 11 5 12 23 21 18 3 7 0 14 19 4 8 22 13 15 10 16 17
75 0 1 2 9 20 24 6 11 5 12 0 21 18 3 7 23 14 19 4 8 22 13 15 10 16 17
74 0 1 2 9 20 0 6 11 5 12 24 21 18 3 7 23 14 19 4 8 22 13 15 10 16 17
73 0 1 2 9 0 20 6 11 5 12 24 21 18 3 7 23 14 19 4 8 22 13 15 10 16 17
72 0 1 2 0 9 20 6 11 5 12 24 21 18 3 7 23 14 19 4 8 22 13 15 10 16 17
71 0 1 2 5 9 20 6 11 0 12 24 21 18 3 7 23 14 19 4 8 22 13 15 10 16 17
70 0 1 2 5 9 20 6 11 3 12 24 21 18 0 7 23 14 19 4 8 22 13 15 10 16 17
69 0 1 2 5 9 20 6 11 3 12 24 21 18 4 7 23 14 19 0 8 22 13 15 10 16 17
68 0 1 2 5 9 20 6 11 3 12 24 21 18 4 7 23 14 19 10 8 22 13 15 0 16 17
67 0 1 2 5 9 20 6 11 3 12 24 21 18 4 7 23 14 19 10 8 22 13 15 16 0 17
66 0 1 2 5 9 20 6 11 3 12 24 21 18 4 7 23 14 19 10 8 22 13 15 16 17 0
65 0 1 2 5 9 20 6 11 3 12 24 21 18 4 7 23 14 19 10 8 0 13 15 16 17 22
64 0 1 2 5 9 20 6 11 3 12 24 21 18 4 7 0 14 19 10 8 23 13 15 16 17 22
63 0 1 2 5 9 20 6 11 3 12 0 21 18 4 7 24 14 19 10 8 23 13 15 16 17 22
62 0 1 2 5 9 0 6 11 3 12 20 21 18 4 7 24 14 19 10 8 23 13 15 16 17 22
61 0 1 2 5 0 9 6 11 3 12 20 21 18 4 7 24 14 19 10 8 23 13 15 16 17 22
60 0 1 2 0 5 9 6 11 3 12 20 21 18 4 7 24 14 19 10 8 23 13 15 16 17 22
59 0 1 2 3 5 9 6 11 0 12 20 21 18 4 7 24 14 19 10 8 23 13 15 16 17 22
58 0 1 2 3 5 9 6 11 12 0 20 21 18 4 7 24 14 19 10 8 23 13 15 16 17 22
57 0 1 2 3 5 9 6 11 12 7 20 21 18 4 0 24 14 19 10 8 23 13 15 16 17 22
56 0 1 2 3 5 9 6 11 12 7 20 21 18 0 4 24 14 19 10 8 23 13 15 16 17 22
55 0 1 2 3 5 9 6 11 12 7 20 21 0 18 4 24 14 19 10 8 23 13 15 16 17 22
54 0 1 2 3 5 9 6 0 12 7 20 21 11 18 4 24 14 19 10 8 23 13 15 16 17 22
53 0 1 2 3 5 9 6 12 0 7 20 21 11 18 4 24 14 19 10 8 23 13 15 16 17 22
52 0 1 2 3 5 9 6 12 7 0 20 21 11 18 4 24 14 19 10 8 23 13 15 16 17 22
51 0 1 2 3 5 9 6 12 7 4 20 21 11 18 0 24 14 19 10 8 23 13 15 16 17 22
50 0 1 2 3 5 9 6 12 7 4 20 21 11 18 8 24 14 19 10 0 23 13 15 16 17 22
49 0 1 2 3 5 9 6 12 7 4 20 21 11 18 8 24 14 19 0 10 23 13 15 16 17 22
48 0 1 2 3 5 9 6 12 7 4 20 21 11 18 8 24 14 0 19 10 23 13 15 16 17 22
47 0 1 2 3 5 9 6 12 7 4 20 21 11 18 8 24 14 15 19 10 23 13 0 16 17 22
46 0 1 2 3 5 9 6 12 7 4 20 21 11 18 8 24 14 15 19 10 23 13 16 0 17 22
45 0 1 2 3 5 9 6 12 7 4 20 21 11 18 8 24 14 15 19 10 23 13 16 17 0 22
44 0 1 2 3 5 9 6 12 7 4 20 21 11 18 8 24 14 15 19 10 23 13 16 17 22 0
43 0 1 2 3 5 9 6 12 7 4 20 21 11 18 8 24 14 15 19 10 0 13 16 17 22 23
42 0 1 2 3 5 9 6 12 7 4 20 21 11 18 8 0 14 15 19 10 24 13 16 17 22 23
41 0 1 2 3 5 9 6 12 7 4 0 21 11 18 8 20 14 15 19 10 24 13 16 17 22 23
40 0 1 2 3 5 0 6 12 7 4 9 21 11 18 8 20 14 15 19 10 24 13 16 17 22 23
39 0 1 2 3 0 5 6 12 7 4 9 21 11 18 8 20 14 15 19 10 24 13 16 17 22 23
38 0 1 2 3 4 5 6 12 7 0 9 21 11 18 8 20 14 15 19 10 24 13 16 17 22 23
37 0 1 2 3 4 5 6 12 7 8 9 21 11 18 0 20 14 15 19 10 24 13 16 17 22 23
36 0 1 2 3 4 5 6 12 7 8 9 21 11 18 10 20 14 15 19 0 24 13 16 17 22 23
35 0 1 2 3 4 5 6 12 7 8 9 21 11 18 10 20 14 15 0 19 24 13 16 17 22 23
34 0 1 2 3 4 5 6 12 7 8 9 21 11 18 10 20 14 0 15 19 24 13 16 17 22 23
33 0 1 2 3 4 5 6 12 7 8 9 21 11 18 10 20 0 14 15 19 24 13 16 17 22 23
32 0 1 2 3 4 5 6 12 7 8 9 0 11 18 10 20 21 14 15 19 24 13 16 17 22 23
31 0 1 2 3 4 5 6 12 7 8 9 11 0 18 10 20 21 14 15 19 24 13 16 17 22 23
30 0 1 2 3 4 5 6 12 7 8 9 11 18 0 10 20 21 14 15 19 24 13 16 17 22 23
122 0 9 24 0 11 23 14 20 6 21 12 19 18 1 3 22 4 5 2 7 8 15 10 13 16 17
121 0 9 0 24 11 23 14 20 6 21 12 19 18 1 3 22 4 5 2 7 8 15 10 13 16 17
120 0 9 20 24 11 23 14 0 6 21 12 19 18 1 3 22 4 5 2 7 8 15 10 13 16 17
119 0 9 20 24 11 23 14 18 6 21 12 19 0 1 3 22 4 5 2 7 8 15 10 13 16 17
118 0 9 20 24 11 23 14 18 6 21 12 19 5 1 3 22 4 0 2 7 8 15 10 13 16 17
117 0 9 20 24 11 23 14 18 6 21 12 19 5 1 3 22 0 4 2 7 8 15 10 13 16 17
116 0 9 20 24 11 23 14 18 6 21 12 0 5 1 3 22 19 4 2 7 8 15 10 13 16 17
115 0 9 20 24 11 23 0 18 6 21 12 14 5 1 3 22 19 4 2 7 8 15 10 13 16 17
114 0 9 20 24 11 23 18 0 6 21 12 14 5 1 3 22 19 4 2 7 8 15 10 13 16 17
113 0 9 20 24 11 23 18 5 6 21 12 14 0 1 3 22 19 4 2 7 8 15 10 13 16 17
112 0 9 20 24 11 23 18 5 6 21 12 14 1 0 3 22 19 4 2 7 8 15 10 13 16 17
111 0 9 20 24 11 23 18 5 6 21 12 14 1 3 0 22 19 4 2 7 8 15 10 13 16 17
110 0 9 20 24 11 23 18 5 6 0 12 14 1 3 21 22 19 4 2 7 8 15 10 13 16 17
109 0 9 20 24 0 23 18 5 6 11 12 14 1 3 21 22 19 4 2 7 8 15 10 13 16 17
108 0 9 20 0 24 23 18 5 6 11 12 14 1 3 21 22 19 4 2 7 8 15 10 13 16 17
107 0 9 0 20 24 23 18 5 6 11 12 14 1 3 21 22 19 4 2 7 8 15 10 13 16 17
106 0 9 5 20 24 23 18 0 6 11 12 14 1 3 21 22 19 4 2 7 8 15 10 13 16 17
105 0 9 5 20 24 23 18 1 6 11 12 14 0 3 21 22 19 4 2 7 8 15 10 13 16 17
104 0 9 5 20 24 23 18 1 6 11 12 14 4 3 21 22 19 0 2 7 8 15 10 13 16 17
103 0 9 5 20 24 23 18 1 6 11 12 14 4 3 21 22 19 10 2 7 8 15 0 13 16 17
102 0 9 5 20 24 23 18 1 6 11 12 14 4 3 21 22 19 10 2 7 8 0 15 13 16 17
101 0 9 5 20 24 23 18 1 6 11 12 14 4 3 21 22 0 10 2 7 8 19 15 13 16 17
100 0 9 5 20 24 23 18 1 6 11 12 0 4 3 21 22 14 10 2 7 8 19 15 13 16 17
99 0 9 5 20 24 23 0 1 6 11 12 18 4 3 21 22 14 10 2 7 8 19 15 13 16 17
98 0 9 5 20 24 23 1 0 6 11 12 18 4 3 21 22 14 10 2 7 8 19 15 13 16 17
97 0 9 5 20 24 23 1 6 0 11 12 18 4 3 21 22 14 10 2 7 8 19 15 13 16 17
96 0 9 5 20 24 23 1 6 3 11 12 18 4 0 21 22 14 10 2 7 8 19 15 13 16 17
95 0 9 5 20 24 23 1 6 3 11 12 18 4 21 0 22 14 10 2 7 8 19 15 13 16 17
94 0 9 5 20 24 23 1 6 3 11 12 18 4 21 7 22 14 10 2 0 8 19 15 13 16 17
93 0 9 5 20 24 23 1 6 3 11 12 18 4 21 7 22 14 10 2 8 0 19 15 13 16 17
92 0 9 5 20 24 23 1 6 3 11 12 18 4 21 7 0 14 10 2 8 22 19 15 13 16 17
91 0 9 5 20 24 23 1 6 3 11 0 18 4 21 7 12 14 10 2 8 22 19 15 13 16 17
90 0 9 5 20 24 0 1 6 3 11 23 18 4 21 7 12 14 10 2 8 22 19 15 13 16 17
89 0 9 5 20 0 24 1 6 3 11 23 18 4 21 7 12 14 10 2 8 22 19 15 13 16 17
88 0 9 5 0 20 24 1 6 3 11 23 18 4 21 7 12 14 10 2 8 22 19 15 13 16 17
87 0 9 0 5 20 24 1 6 3 11 23 18 4 21 7 12 14 10 2 8 22 19 15 13 16 17
86 0 0 9 5 20 24 1 6 3 11 23 18 4 21 7 12 14 10 2 8 22 19 15 13 16 17
85 0 1 9 5 20 24 0 6 3 11 23 18 4 21 7 12 14 10 2 8 22 19 15 13 16 17
84 0 1 9 5 20 24 6 0 3 11 23 18 4 21 7 12 14 10 2 8 22 19 15 13 16 17
83 0 1 9 5 20 24 6 4 3 11 23 18 0 21 7 12 14 10 2 8 22 19 15 13 16 17
82 0 1 9 5 20 24 6 4 3 11 23 18 21 0 7 12 14 10 2 8 22 19 15 13 16 17
81 0 1 9 5 20 24 6 4 3 11 23 18 21 2 7 12 14 10 0 8 22 19 15 13 16 17
80 0 1 9 5 20 24 6 4 3 11 23 18 21 2 7 12 14 0 10 8 22 19 15 13 16 17
79 0 1 9 5 20 24 6 4 3 11 23 18 21 2 7 12 0 14 10 8 22 19 15 13 16 17
78 0 1 9 5 20 24 6 4 3 11 23 0 21 2 7 12 18 14 10 8 22 19 15 13 16 17
77 0 1 9 5 20 24 6 4 3 11 23 21 0 2 7 12 18 14 10 8 22 19 15 13 16 17
76 0 1 9 5 20 24 6 4 3 11 23 21 2 0 7 12 18 14 10 8 22 19 15 13 16 17
75 0 1 9 5 20 24 6 4 3 11 23 21 2 7 0 12 18 14 10 8 22 19 15 13 16 17
74 0 1 9 5 20 24 6 4 3 0 23 21 2 7 11 12 18 14 10 8 22 19 15 13 16 17
73 0 1 9 5 0 24 6 4 3 20 23 21 2 7 11 12 18 14 10 8 22 19 15 13 16 17
72 0 1 9 0 5 24 6 4 3 20 23 21 2 7 11 12 18 14 10 8 22 19 15 13 16 17
71 0 1 0 9 5 24 6 4 3 20 23 21 2 7 11 12 18 14 10 8 22 19 15 13 16 17
70 0 1 4 9 5 24 6 0 3 20 23 21 2 7 11 12 18 14 10 8 22 19 15 13 16 17
69 0 1 4 9 5 24 6 2 3 20 23 21 0 7 11 12 18 14 10 8 22 19 15 13 16 17
68 0 1 4 9 5 24 6 2 3 20 23 21 7 0 11 12 18 14 10 8 22 19 15 13 16 17
67 0 1 4 9 5 24 6 2 3 20 23 21 7 11 0 12 18 14 10 8 22 19 15 13 16 17
66 0 1 4 9 5 24 6 2 3 20 23 21 7 11 12 0 18 14 10 8 22 19 15 13 16 17
65 0 1 4 9 5 24 6 2 3 20 0 21 7 11 12 23 18 14 10 8 22 19 15 13 16 17
64 0 1 4 9 5 0 6 2 3 20 24 21 7 11 12 23 18 14 10 8 22 19 15 13 16 17
63 0 1 4 9 0 5 6 2 3 20 24 21 7 11 12 23 18 14 10 8 22 19 15 13 16 17
62 0 1 4 0 9 5 6 2 3 20 24 21 7 11 12 23 18 14 10 8 22 19 15 13 16 17
61 0 1 0 4 9 5 6 2 3 20 24 21 7 11 12 23 18 14 10 8 22 19 15 13 16 17
60 0 1 2 4 9 5 6 0 3 20 24 21 7 11 12 23 18 14 10 8 22 19 15 13 16 17
59 0 1 2 4 9 5 6 7 3 20 24 21 0 11 12 23 18 14 10 8 22 19 15 13 16 17
58 0 1 2 4 9 5 6 7 3 20 24 21 11 0 12 23 18 14 10 8 22 19 15 13 16 17
57 0 1 2 4 9 5 6 7 3 20 24 21 11 12 0 23 18 14 10 8 22 19 15 13 16 17
56 0 1 2 4 9 5 6 7 3 20 24 21 11 12 8 23 18 14 10 0 22 19 15 13 16 17
55 0 1 2 4 9 5 6 7 3 20 24 21 11 12 8 23 18 14 0 10 22 19 15 13 16 17
54 0 1 2 4 9 5 6 7 3 20 24 21 11 12 8 23 18 14 13 10 22 19 15 0 16 17
53 0 1 2 4 9 5 6 7 3 20 24 21 11 12 8 23 18 14 13 10 22 19 0 15 16 17
52 0 1 2 4 9 5 6 7 3 20 24 21 11 12 8 23 18 14 13 10 22 0 19 15 16 17
51 0 1 2 4 9 5 6 7 3 20 24 21 11 12 8 23 0 14 13 10 22 18 19 15 16 17
50 0 1 2 4 9 5 6 7 3 20 24 0 11 12 8 23 21 14 13 10 22 18 19 15 16 17
49 0 1 2 4 9 5 6 7 3 20 24 11 0 12 8 23 21 14 13 10 22 18 19 15 16 17
48 0 1 2 4 9 5 6 7 3 20 24 11 12 0 8 23 21 14 13 10 22 18 19 15 16 17
47 0 1 2 4 9 5 6 7 3 20 24 11 12 8 0 23 21 14 13 10 22 18 19 15 16 17
46 0 1 2 4 9 5 6 7 3 20 24 11 12 8 10 23 21 14 13 0 22 18 19 15 16 17
45 0 1 2 4 9 5 6 7 3 20 24 11 12 8 10 23 21 14 0 13 22 18 19 15 16 17
44 0 1 2 4 9 5 6 7 3 20 24 11 12 8 10 23 21 14 15 13 22 18 19 0 16 17
43 0 1 2 4 9 5 6 7 3 20 24 11 12 8 10 23 21 14 15 13 22 18 19 16 0 17
42 0 1 2 4 9 5 6 7 3 20 24 11 12 8 10 23 21 14 15 13 22 18 19 16 17 0
41 0 1 2 4 9 5 6 7 3 20 24 11 12 8 10 23 21 14 15 13 0 18 19 16 17 22
40 0 1 2 4 9 5 6 7 3 20 24 11 12 8 10 0 21 14 15 13 23 18 19 16 17 22
39 0 1 2 4 9 5 6 7 3 20 0 11 12 8 10 24 21 14 15 13 23 18 19 16 17 22
38 0 1 2 4 9 5 6 7 3 0 20 11 12 8 10 24 21 14 15 13 23 18 19 16 17 22
37 0 1 2 4 9 5 6 7 3 10 20 11 12 8 0 24 21 14 15 13 23 18 19 16 17 22
36 0 1 2 4 9 5 6 7 3 10 20 11 12 8 13 24 21 14 15 0 23 18 19 16 17 22
35 0 1 2 4 9 5 6 7 3 10 20 11 12 8 13 24 21 14 0 15 23 18 19 16 17 22
34 0 1 2 4 9 5 6 7 3 10 20 11 12 8 13 24 21 0 14 15 23 18 19 16 17 22
33 0 1 2 4 9 5 6 7 3 10 20 11 12 8 13 24 21 19 14 15 23 18 0 16 17 22
32 0 1 2 4 9 5 6 7 3 10 20 11 12 8 13 24 21 19 14 15 23 18 16 0 17 22
31 0 1 2 4 9 5 6 7 3 10 20 11 12 8 13 24 21 19 14 15 23 18 16 17 0 22
30 0 1 2 4 9 5 6 7 3 10 20 11 12 8 13 24 21 19 14 15 23 18 16 17 22 0
122 0 9 24 0 11 23 14 20 6 21 12 19 18 1 3 22 5 10 2 7 8 15 4 13 16 17
121 0 9 0 24 11 23 14 20 6 21 12 19 18 1 3 22 5 10 2 7 8 15 4 13 16 17
120 0 9 20 24 11 23 14 0 6 21 12 19 18 1 3 22 5 10 2 7 8 15 4 13 16 17
119 0 9 20 24 11 23 14 6 0 21 12 19 18 1 3 22 5 10 2 7 8 15 4 13 16 17
118 0 9 20 24 11 23 14 6 21 0 12 19 18 1 3 22 5 10 2 7 8 15 4 13 16 17
117 0 9 20 24 0 23 14 6 21 11 12 19 18 1 3 22 5 10 2 7 8 15 4 13 16 17
116 0 9 20 0 24 23 14 6 21 11 12 19 18 1 3 22 5 10 2 7 8 15 4 13 16 17
115 0 9 0 20 24 23 14 6 21 11 12 19 18 1 3 22 5 10 2 7 8 15 4 13 16 17
114 0 9 6 20 24 23 14 0 21 11 12 19 18 1 3 22 5 10 2 7 8 15 4 13 16 17
113 0 9 6 20 24 23 14 21 0 11 12 19 18 1 3 22 5 10 2 7 8 15 4 13 16 17
112 0 9 6 20 24 23 14 21 1 11 12 19 18 0 3 22 5 10 2 7 8 15 4 13 16 17
111 0 9 6 20 24 23 14 21 1 11 12 19 18 2 3 22 5 10 0 7 8 15 4 13 16 17
110 0 9 6 20 24 23 14 21 1 11 12 19 18 2 3 22 5 0 10 7 8 15 4 13 16 17
109 0 9 6 20 24 23 14 21 1 11 12 19 18 2 3 22 0 5 10 7 8 15 4 13 16 17
108 0 9 6 20 24 23 14 21 1 11 12 0 18 2 3 22 19 5 10 7 8 15 4 13 16 17
107 0 9 6 20 24 23 14 21 1 11 12 18 0 2 3 22 19 5 10 7 8 15 4 13 16 17
106 0 9 6 20 24 23 14 21 1 11 12 18 5 2 3 22 19 0 10 7 8 15 4 13 16 17
105 0 9 6 20 24 23 14 21 1 11 12 18 5 2 3 22 19 4 10 7 8 15 0 13 16 17
104 0 9 6 20 24 23 14 21 1 11 12 18 5 2 3 22 19 4 10 7 8 0 15 13 16 17
103 0 9 6 20 24 23 14 21 1 11 12 18 5 2 3 22 0 4 10 7 8 19 15 13 16 17
102 0 9 6 20 24 23 14 21 1 11 12 0 5 2 3 22 18 4 10 7 8 19 15 13 16 17
101 0 9 6 20 24 23 0 21 1 11 12 14 5 2 3 22 18 4 10 7 8 19 15 13 16 17
100 0 9 6 20 24 23 21 0 1 11 12 14 5 2 3 22 18 4 10 7 8 19 15 13 16 17
99 0 9 6 20 24 23 21 5 1 11 12 14 0 2 3 22 18 4 10 7 8 19 15 13 16 17
98 0 9 6 20 24 23 21 5 1 11 12 14 4 2 3 22 18 0 10 7 8 19 15 13 16 17
97 0 9 6 20 24 23 21 5 1 11 12 14 4 2 3 22 18 15 10 7 8 19 0 13 16 17
96 0 9 6 20 24 23 21 5 1 11 12 14 4 2 3 22 18 15 10 7 8 0 19 13 16 17
95 0 9 6 20 24 23 21 5 1 11 12 14 4 2 3 22 0 15 10 7 8 18 19 13 16 17
94 0 9 6 20 24 23 21 5 1 11 12 0 4 2 3 22 14 15 10 7 8 18 19 13 16 17
93 0 9 6 20 24 23 0 5 1 11 12 21 4 2 3 22 14 15 10 7 8 18 19 13 16 17
92 0 0 6 20 24 23 9 5 1 11 12 21 4 2 3 22 14 15 10 7 8 18 19 13 16 17
91 0 6 0 20 24 23 9 5 1 11 12 21 4 2 3 22 14 15 10 7 8 18 19 13 16 17
90 0 6 5 20 24 23 9 0 1 11 12 21 4 2 3 22 14 15 10 7 8 18 19 13 16 17
89 0 6 5 20 24 23 9 1 0 11 12 21 4 2 3 22 14 15 10 7 8 18 19 13 16 17
88 0 6 5 20 24 23 9 1 11 0 12 21 4 2 3 22 14 15 10 7 8 18 19 13 16 17
87 0 6 5 20 24 23 9 1 11 12 0 21 4 2 3 22 14 15 10 7 8 18 19 13 16 17
86 0 6 5 20 24 0 9 1 11 12 23 21 4 2 3 22 14 15 10 7 8 18 19 13 16 17
85 0 6 5 20 0 24 9 1 11 12 23 21 4 2 3 22 14 15 10 7 8 18 19 13 16 17
84 0 6 5 0 20 24 9 1 11 12 23 21 4 2 3 22 14 15 10 7 8 18 19 13 16 17
83 0 6 0 5 20 24 9 1 11 12 23 21 4 2 3 22 14 15 10 7 8 18 19 13 16 17
82 0 6 1 5 20 24 9 0 11 12 23 21 4 2 3 22 14 15 10 7 8 18 19 13 16 17
81 0 6 1 5 20 24 9 11 0 12 23 21 4 2 3 22 14 15 10 7 8 18 19 13 16 17
80 0 6 1 5 20 24 9 11 2 12 23 21 4 0 3 22 14 15 10 7 8 18 19 13 16 17
79 0 6 1 5 20 24 9 11 2 12 23 21 4 10 3 22 14 15 0 7 8 18 19 13 16 17
78 0 6 1 5 20 24 9 11 2 12 23 21 4 10 3 22 14 15 7 0 8 18 19 13 16 17
77 0 6 1 5 20 24 9 11 2 12 23 21 4 10 3 22 14 15 7 8 0 18 19 13 16 17
76 0 6 1 5 20 24 9 11 2 12 23 21 4 10 3 0 14 15 7 8 22 18 19 13 16 17
75 0 6 1 5 20 24 9 11 2 12 0 21 4 10 3 23 14 15 7 8 22 18 19 13 16 17
74 0 6 1 5 20 0 9 11 2 12 24 21 4 10 3 23 14 15 7 8 22 18 19 13 16 17
73 0 6 1 5 0 20 9 11 2 12 24 21 4 10 3 23 14 15 7 8 22 18 19 13 16 17
72 0 6 1 0 5 20 9 11 2 12 24 21 4 10 3 23 14 15 7 8 22 18 19 13 16 17
71 0 6 1 2 5 20 9 11 0 12 24 21 4 10 3 23 14 15 7 8 22 18 19 13 16 17
70 0 6 1 2 5 20 9 11 12 0 24 21 4 10 3 23 14 15 7 8 22 18 19 13 16 17
69 0 6 1 2 5 20 9 11 12 3 24 21 4 10 0 23 14 15 7 8 22 18 19 13 16 17
68 0 6 1 2 5 20 9 11 12 3 24 21 4 0 10 23 14 15 7 8 22 18 19 13 16 17
67 0 6 1 2 5 20 9 11 12 3 24 21 0 4 10 23 14 15 7 8 22 18 19 13 16 17
66 0 6 1 2 5 20 9 11 12 3 24 21 15 4 10 23 14 0 7 8 22 18 19 13 16 17
65 0 6 1 2 5 20 9 11 12 3 24 21 15 4 10 23 0 14 7 8 22 18 19 13 16 17
64 0 6 1 2 5 20 9 11 12 3 24 0 15 4 10 23 21 14 7 8 22 18 19 13 16 17
63 0 6 1 2 5 20 0 11 12 3 24 9 15 4 10 23 21 14 7 8 22 18 19 13 16 17
62 0 6 1 2 5 20 11 0 12 3 24 9 15 4 10 23 21 14 7 8 22 18 19 13 16 17
61 0 6 1 2 5 20 11 12 0 3 24 9 15 4 10 23 21 14 7 8 22 18 19 13 16 17
60 0 6 1 2 5 20 11 12 4 3 24 9 15 0 10 23 21 14 7 8 22 18 19 13 16 17
59 0 6 1 2 5 20 11 12 4 3 24 9 15 7 10 23 21 14 0 8 22 18 19 13 16 17
58 0 6 1 2 5 20 11 12 4 3 24 9 15 7 10 23 21 14 13 8 22 18 19 0 16 17
57 0 6 1 2 5 20 11 12 4 3 24 9 15 7 10 23 21 14 13 8 22 18 19 16 0 17
56 0 6 1 2 5 20 11 12 4 3 24 9 15 7 10 23 21 14 13 8 22 18 19 16 17 0
55 0 6 1 2 5 20 11 12 4 3 24 9 15 7 10 23 21 14 13 8 0 18 19 16 17 22
54 0 6 1 2 5 20 11 12 4 3 24 9 15 7 10 0 21 14 13 8 23 18 19 16 17 22
53 0 6 1 2 5 20 11 12 4 3 0 9 15 7 10 24 21 14 13 8 23 18 19 16 17 22
52 0 6 1 2 5 0 11 12 4 3 20 9 15 7 10 24 21 14 13 8 23 18 19 16 17 22
51 0 6 1 2 0 5 11 12 4 3 20 9 15 7 10 24 21 14 13 8 23 18 19 16 17 22
50 0 6 1 2 3 5 11 12 4 0 20 9 15 7 10 24 21 14 13 8 23 18 19 16 17 22
49 0 6 1 2 3 5 11 12 0 4 20 9 15 7 10 24 21 14 13 8 23 18 19 16 17 22
48 0 6 1 2 3 5 11 12 7 4 20 9 15 0 10 24 21 14 13 8 23 18 19 16 17 22
47 0 6 1 2 3 5 11 12 7 4 20 9 0 15 10 24 21 14 13 8 23 18 19 16 17 22
46 0 6 1 2 3 5 11 12 7 4 20 0 9 15 10 24 21 14 13 8 23 18 19 16 17 22
45 0 6 1 2 3 5 0 12 7 4 20 11 9 15 10 24 21 14 13 8 23 18 19 16 17 22
44 0 0 1 2 3 5 6 12 7 4 20 11 9 15 10 24 21 14 13 8 23 18 19 16 17 22
43 0 1 0 2 3 5 6 12 7 4 20 11 9 15 10 24 21 14 13 8 23 18 19 16 17 22
42 0 1 2 0 3 5 6 12 7 4 20 11 9 15 10 24 21 14 13 8 23 18 19 16 17 22
41 0 1 2 3 0 5 6 12 7 4 20 11 9 15 10 24 21 14 13 8 23 18 19 16 17 22
40 0 1 2 3 4 5 6 12 7 0 20 11 9 15 10 24 21 14 13 8 23 18 19 16 17 22
39 0 1 2 3 4 5 6 12 7 10 20 11 9 15 0 24 21 14 13 8 23 18 19 16 17 22
38 0 1 2 3 4 5 6 12 7 10 20 11 9 15 8 24 21 14 13 0 23 18 19 16 17 22
37 0 1 2 3 4 5 6 12 7 10 20 11 9 15 8 24 21 14 13 23 0 18 19 16 17 22
36 0 1 2 3 4 5 6 12 7 10 20 11 9 15 8 0 21 14 13 23 24 18 19 16 17 22
35 0 1 2 3 4 5 6 12 7 10 0 11 9 15 8 20 21 14 13 23 24 18 19 16 17 22
34 0 1 2 3 4 5 6 12 7 0 10 11 9 15 8 20 21 14 13 23 24 18 19 16 17 22
33 0 1 2 3 4 5 6 12 7 8 10 11 9 15 0 20 21 14 13 23 24 18 19 16 17 22
32 0 1 2 3 4 5 6 12 7 8 10 11 9 0 15 20 21 14 13 23 24 18 19 16 17 22
31 0 1 2 3 4 5 6 12 7 8 10 11 0 9 15 20 21 14 13 23 24 18 19 16 17 22
30 0 1 2 3 4 5 6 12 7 8 10 11 14 9 15 20 21 0 13 23 24 18 19 16 17 22
116 0 9 24 0 11 23 20 15 6 21 12 19 18 1 3 22 4 5 2 7 8 13 14 10 16 17
115 0 9 0 24 11 23 20 15 6 21 12 19 18 1 3 22 4 5 2 7 8 13 14 10 16 17
114 0 9 15 24 11 23 20 0 6 21 12 19 18 1 3 22 4 5 2 7 8 13 14 10 16 17
113 0 9 15 24 11 23 20 6 0 21 12 19 18 1 3 22 4 5 2 7 8 13 14 10 16 17
112 0 9 15 24 11 23 20 6 1 21 12 19 18 0 3 22 4 5 2 7 8 13 14 10 16 17
111 0 9 15 24 11 23 20 6 1 21 12 19 18 2 3 22 4 5 0 7 8 13 14 10 16 17
110 0 9 15 24 11 23 20 6 1 21 12 19 18 2 3 22 4 0 5 7 8 13 14 10 16 17
109 0 9 15 24 11 23 20 6 1 21 12 19 18 2 3 22 0 4 5 7 8 13 14 10 16 17
108 0 9 15 24 11 23 20 6 1 21 12 0 18 2 3 22 19 4 5 7 8 13 14 10 16 17
107 0 9 15 24 11 23 20 6 1 21 12 18 0 2 3 22 19 4 5 7 8 13 14 10 16 17
106 0 9 15 24 11 23 20 0 1 21 12 18 6 2 3 22 19 4 5 7 8 13 14 10 16 17
105 0 9 15 24 11 23 20 1 0 21 12 18 6 2 3 22 19 4 5 7 8 13 14 10 16 17
104 0 9 15 24 11 23 20 1 21 0 12 18 6 2 3 22 19 4 5 7 8 13 14 10 16 17
103 0 9 15 24 0 23 20 1 21 11 12 18 6 2 3 22 19 4 5 7 8 13 14 10 16 17
102 0 9 15 0 24 23 20 1 21 11 12 18 6 2 3 22 19 4 5 7 8 13 14 10 16 17
101 0 9 0 15 24 23 20 1 21 11 12 18 6 2 3 22 19 4 5 7 8 13 14 10 16 17
100 0 9 1 15 24 23 20 0 21 11 12 18 6 2 3 22 19 4 5 7 8 13 14 10 16 17
99 0 9 1 15 24 23 20 21 0 11 12 18 6 2 3 22 19 4 5 7 8 13 14 10 16 17
98 0 9 1 15 24 23 20 21 2 11 12 18 6 0 3 22 19 4 5 7 8 13 14 10 16 17
97 0 9 1 15 24 23 20 21 2 11 12 18 6 5 3 22 19 4 0 7 8 13 14 10 16 17
96 0 9 1 15 24 23 20 21 2 11 12 18 6 5 3 22 19 4 7 0 8 13 14 10 16 17
95 0 9 1 15 24 23 20 21 2 11 12 18 6 5 3 22 19 4 7 8 0 13 14 10 16 17
94 0 9 1 15 24 23 20 21 2 11 12 18 6 5 3 0 19 4 7 8 22 13 14 10 16 17
93 0 9 1 15 24 23 20 21 2 11 0 18 6 5 3 12 19 4 7 8 22 13 14 10 16 17
92 0 9 1 15 24 0 20 21 2 11 23 18 6 5 3 12 19 4 7 8 22 13 14 10 16 17
91 0 9 1 15 0 24 20 21 2 11 23 18 6 5 3 12 19 4 7 8 22 13 14 10 16 17
90 0 9 1 0 15 24 20 21 2 11 23 18 6 5 3 12 19 4 7 8 22 13 14 10 16 17
89 0 9 1 2 15 24 20 21 0 11 23 18 6 5 3 12 19 4 7 8 22 13 14 10 16 17
88 0 9 1 2 15 24 20 21 5 11 23 18 6 0 3 12 19 4 7 8 22 13 14 10 16 17
87 0 9 1 2 15 24 20 21 5 11 23 18 6 7 3 12 19 4 0 8 22 13 14 10 16 17
86 0 9 1 2 15 24 20 21 5 11 23 18 6 7 3 12 19 0 4 8 22 13 14 10 16 17
85 0 9 1 2 15 24 20 21 5 11 23 18 6 7 3 12 0 19 4 8 22 13 14 10 16 17
84 0 9 1 2 15 24 20 21 5 11 23 0 6 7 3 12 18 19 4 8 22 13 14 10 16 17
83 0 9 1 2 15 24 20 21 5 11 23 6 0 7 3 12 18 19 4 8 22 13 14 10 16 17
82 0 9 1 2 15 24 20 0 5 11 23 6 21 7 3 12 18 19 4 8 22 13 14 10 16 17
81 0 9 1 2 15 24 0 20 5 11 23 6 21 7 3 12 18 19 4 8 22 13 14 10 16 17
80 0 0 1 2 15 24 9 20 5 11 23 6 21 7 3 12 18 19 4 8 22 13 14 10 16 17
79 0 1 0 2 15 24 9 20 5 11 23 6 21 7 3 12 18 19 4 8 22 13 14 10 16 17
78 0 1 2 0 15 24 9 20 5 11 23 6 21 7 3 12 18 19 4 8 22 13 14 10 16 17
77 0 1 2 5 15 24 9 20 0 11 23 6 21 7 3 12 18 19 4 8 22 13 14 10 16 17
76 0 1 2 5 15 24 9 0 20 11 23 6 21 7 3 12 18 19 4 8 22 13 14 10 16 17
75 0 1 2 5 15 24 0 9 20 11 23 6 21 7 3 12 18 19 4 8 22 13 14 10 16 17
74 0 1 2 5 15 24 6 9 20 11 23 0 21 7 3 12 18 19 4 8 22 13 14 10 16 17
73 0 1 2 5 15 24 6 9 20 11 23 21 0 7 3 12 18 19 4 8 22 13 14 10 16 17
72 0 1 2 5 15 24 6 9 20 11 23 21 7 0 3 12 18 19 4 8 22 13 14 10 16 17
71 0 1 2 5 15 24 6 9 20 11 23 21 7 3 0 12 18 19 4 8 22 13 14 10 16 17
70 0 1 2 5 15 24 6 9 20 0 23 21 7 3 11 12 18 19 4 8 22 13 14 10 16 17
69 0 1 2 5 15 24 6 9 0 20 23 21 7 3 11 12 18 19 4 8 22 13 14 10 16 17
68 0 1 2 5 15 24 6 9 3 20 23 21 7 0 11 12 18 19 4 8 22 13 14 10 16 17
67 0 1 2 5 15 24 6 9 3 20 23 21 7 11 0 12 18 19 4 8 22 13 14 10 16 17
66 0 1 2 5 15 24 6 9 3 20 23 21 7 11 12 0 18 19 4 8 22 13 14 10 16 17
65 0 1 2 5 15 24 6 9 3 20 0 21 7 11 12 23 18 19 4 8 22 13 14 10 16 17
64 0 1 2 5 15 0 6 9 3 20 24 21 7 11 12 23 18 19 4 8 22 13 14 10 16 17
63 0 1 2 5 0 15 6 9 3 20 24 21 7 11 12 23 18 19 4 8 22 13 14 10 16 17
62 0 1 2 0 5 15 6 9 3 20 24 21 7 11 12 23 18 19 4 8 22 13 14 10 16 17
61 0 1 2 3 5 15 6 9 0 20 24 21 7 11 12 23 18 19 4 8 22 13 14 10 16 17
60 0 1 2 3 5 15 6 0 9 20 24 21 7 11 12 23 18 19 4 8 22 13 14 10 16 17
59 0 1 2 3 5 15 6 7 9 20 24 21 0 11 12 23 18 19 4 8 22 13 14 10 16 17
58 0 1 2 3 5 15 6 7 9 20 24 21 11 0 12 23 18 19 4 8 22 13 14 10 16 17
57 0 1 2 3 5 15 6 7 9 20 24 21 11 12 0 23 18 19 4 8 22 13 14 10 16 17
56 0 1 2 3 5 15 6 7 9 20 24 21 11 12 8 23 18 19 4 0 22 13 14 10 16 17
55 0 1 2 3 5 15 6 7 9 20 24 21 11 12 8 23 18 19 0 4 22 13 14 10 16 17
54 0 1 2 3 5 15 6 7 9 20 24 21 11 12 8 23 18 19 10 4 22 13 14 0 16 17
53 0 1 2 3 5 15 6 7 9 20 24 21 11 12 8 23 18 19 10 4 22 13 0 14 16 17
52 0 1 2 3 5 15 6 7 9 20 24 21 11 12 8 23 18 19 10 4 22 0 13 14 16 17
51 0 1 2 3 5 15 6 7 9 20 24 21 11 12 8 23 0 19 10 4 22 18 13 14 16 17
50 0 1 2 3 5 15 6 7 9 20 24 0 11 12 8 23 21 19 10 4 22 18 13 14 16 17
49 0 1 2 3 5 15 6 7 9 20 24 11 0 12 8 23 21 19 10 4 22 18 13 14 16 17
48 0 1 2 3 5 15 6 7 9 20 24 11 12 0 8 23 21 19 10 4 22 18 13 14 16 17
47 0 1 2 3 5 15 6 7 9 20 24 11 12 8 0 23 21 19 10 4 22 18 13 14 16 17
46 0 1 2 3 5 15 6 7 9 20 24 11 12 8 4 23 21 19 10 0 22 18 13 14 16 17
45 0 1 2 3 5 15 6 7 9 20 24 11 12 8 4 23 21 19 0 10 22 18 13 14 16 17
44 0 1 2 3 5 15 6 7 9 20 24 11 12 8 4 23 21 19 14 10 22 18 13 0 16 17
43 0 1 2 3 5 15 6 7 9 20 24 11 12 8 4 23 21 19 14 10 22 18 13 16 0 17
42 0 1 2 3 5 15 6 7 9 20 24 11 12 8 4 23 21 19 14 10 22 18 13 16 17 0
41 0 1 2 3 5 15 6 7 9 20 24 11 12 8 4 23 21 19 14 10 0 18 13 16 17 22
40 0 1 2 3 5 15 6 7 9 20 24 11 12 8 4 0 21 19 14 10 23 18 13 16 17 22
39 0 1 2 3 5 15 6 7 9 20 0 11 12 8 4 24 21 19 14 10 23 18 13 16 17 22
38 0 1 2 3 5 15 6 7 9 0 20 11 12 8 4 24 21 19 14 10 23 18 13 16 17 22
37 0 1 2 3 5 15 6 7 9 4 20 11 12 8 0 24 21 19 14 10 23 18 13 16 17 22
36 0 1 2 3 5 15 6 7 9 4 20 11 12 8 10 24 21 19 14 0 23 18 13 16 17 22
35 0 1 2 3 5 15 6 7 9 4 20 11 12 8 10 24 21 19 0 14 23 18 13 16 17 22
34 0 1 2 3 5 15 6 7 9 4 20 11 12 8 10 24 21 0 19 14 23 18 13 16 17 22
33 0 1 2 3 5 15 6 7 9 4 20 11 12 8 10 24 21 13 19 14 23 18 0 16 17 22
32 0 1 2 3 5 15 6 7 9 4 20 11 12 8 10 24 21 13 19 14 23 18 16 0 17 22
31 0 1 2 3 5 15 6 7 9 4 20 11 12 8 10 24 21 13 19 14 23 18 16 17 0 22
30 0 1 2 3 5 15 6 7 9 4 20 11 12 8 10 24 21 13 19 14 23 18 16 17 22 0
114 0 9 24 0 21 23 20 15 11 12 22 4 19 6 1 3 14 5 2 7 8 18 13 10 16 17
113 0 9 0 24 21 23 20 15 11 12 22 4 19 6 1 3 14 5 2 7 8 18 13 10 16 17
112 0 9 15 24 21 23 20 0 11 12 22 4 19 6 1 3 14 5 2 7 8 18 13 10 16 17
111 0 9 15 24 21 23 0 20 11 12 22 4 19 6 1 3 14 5 2 7 8 18 13 10 16 17
110 0 9 15 24 21 23 4 20 11 12 22 0 19 6 1 3 14 5 2 7 8 18 13 10 16 17
109 0 9 15 24 21 23 4 20 11 12 22 19 0 6 1 3 14 5 2 7 8 18 13 10 16 17
108 0 9 15 24 21 23 4 20 11 12 22 19 6 0 1 3 14 5 2 7 8 18 13 10 16 17
107 0 9 15 24 21 23 4 20 11 12 22 19 6 1 0 3 14 5 2 7 8 18 13 10 16 17
106 0 9 15 24 21 23 4 20 11 0 22 19 6 1 12 3 14 5 2 7 8 18 13 10 16 17
105 0 9 15 24 0 23 4 20 11 21 22 19 6 1 12 3 14 5 2 7 8 18 13 10 16 17
104 0 9 15 0 24 23 4 20 11 21 22 19 6 1 12 3 14 5 2 7 8 18 13 10 16 17
103 0 9 0 15 24 23 4 20 11 21 22 19 6 1 12 3 14 5 2 7 8 18 13 10 16 17
102 0 9 20 15 24 23 4 0 11 21 22 19 6 1 12 3 14 5 2 7 8 18 13 10 16 17
101 0 9 20 15 24 23 4 11 0 21 22 19 6 1 12 3 14 5 2 7 8 18 13 10 16 17
100 0 9 20 15 24 23 4 11 1 21 22 19 6 0 12 3 14 5 2 7 8 18 13 10 16 17
99 0 9 20 15 24 23 4 11 1 21 22 19 6 2 12 3 14 5 0 7 8 18 13 10 16 17
98 0 9 20 15 24 23 4 11 1 21 22 19 6 2 12 3 14 0 5 7 8 18 13 10 16 17
97 0 9 20 15 24 23 4 11 1 21 22 19 6 2 12 3 0 14 5 7 8 18 13 10 16 17
96 0 9 20 15 24 23 4 11 1 21 22 0 6 2 12 3 19 14 5 7 8 18 13 10 16 17
95 0 9 20 15 24 23 4 11 1 21 22 6 0 2 12 3 19 14 5 7 8 18 13 10 16 17
94 0 9 20 15 24 23 4 0 1 21 22 6 11 2 12 3 19 14 5 7 8 18 13 10 16 17
93 0 9 20 15 24 23 4 1 0 21 22 6 11 2 12 3 19 14 5 7 8 18 13 10 16 17
92 0 9 20 15 24 23 4 1 2 21 22 6 11 0 12 3 19 14 5 7 8 18 13 10 16 17
91 0 9 20 15 24 23 4 1 2 21 22 6 11 12 0 3 19 14 5 7 8 18 13 10 16 17
90 0 9 20 15 24 23 4 1 2 0 22 6 11 12 21 3 19 14 5 7 8 18 13 10 16 17
89 0 9 20 15 0 23 4 1 2 24 22 6 11 12 21 3 19 14 5 7 8 18 13 10 16 17
88 0 9 20 0 15 23 4 1 2 24 22 6 11 12 21 3 19 14 5 7 8 18 13 10 16 17
87 0 9 0 20 15 23 4 1 2 24 22 6 11 12 21 3 19 14 5 7 8 18 13 10 16 17
86 0 0 9 20 15 23 4 1 2 24 22 6 11 12 21 3 19 14 5 7 8 18 13 10 16 17
85 0 4 9 20 15 23 0 1 2 24 22 6 11 12 21 3 19 14 5 7 8 18 13 10 16 17
84 0 4 9 20 15 23 1 0 2 24 22 6 11 12 21 3 19 14 5 7 8 18 13 10 16 17
83 0 4 9 20 15 23 1 2 0 24 22 6 11 12 21 3 19 14 5 7 8 18 13 10 16 17
82 0 4 9 0 15 23 1 2 20 24 22 6 11 12 21 3 19 14 5 7 8 18 13 10 16 17
81 0 4 0 9 15 23 1 2 20 24 22 6 11 12 21 3 19 14 5 7 8 18 13 10 16 17
80 0 0 4 9 15 23 1 2 20 24 22 6 11 12 21 3 19 14 5 7 8 18 13 10 16 17
79 0 1 4 9 15 23 0 2 20 24 22 6 11 12 21 3 19 14 5 7 8 18 13 10 16 17
78 0 1 4 9 15 23 6 2 20 24 22 0 11 12 21 3 19 14 5 7 8 18 13 10 16 17
77 0 1 4 9 15 23 6 2 20 24 22 11 0 12 21 3 19 14 5 7 8 18 13 10 16 17
76 0 1 4 9 15 23 6 2 20 24 22 11 12 0 21 3 19 14 5 7 8 18 13 10 16 17
75 0 1 4 9 15 23 6 2 20 24 22 11 12 5 21 3 19 14 0 7 8 18 13 10 16 17
74 0 1 4 9 15 23 6 2 20 24 22 11 12 5 21 3 19 14 7 0 8 18 13 10 16 17
73 0 1 4 9 15 23 6 2 20 24 22 11 12 5 0 3 19 14 7 21 8 18 13 10 16 17
72 0 1 4 9 15 23 6 2 20 24 22 11 12 5 3 0 19 14 7 21 8 18 13 10 16 17
71 0 1 4 9 15 23 6 2 20 24 0 11 12 5 3 22 19 14 7 21 8 18 13 10 16 17
70 0 1 4 9 15 23 6 2 20 0 24 11 12 5 3 22 19 14 7 21 8 18 13 10 16 17
69 0 1 4 9 15 23 6 2 0 20 24 11 12 5 3 22 19 14 7 21 8 18 13 10 16 17
68 0 1 4 9 15 23 6 2 5 20 24 11 12 0 3 22 19 14 7 21 8 18 13 10 16 17
67 0 1 4 9 15 23 6 2 5 20 24 11 12 7 3 22 19 14 0 21 8 18 13 10 16 17
66 0 1 4 9 15 23 6 2 5 20 24 11 12 7 3 22 19 14 10 21 8 18 13 0 16 17
65 0 1 4 9 15 23 6 2 5 20 24 11 12 7 3 22 19 14 10 21 8 18 13 16 0 17
64 0 1 4 9 15 23 6 2 5 20 24 11 12 7 3 22 19 14 10 0 8 18 13 16 21 17
63 0 1 4 9 15 23 6 2 5 20 24 11 12 7 3 22 19 14 10 8 0 18 13 16 21 17
62 0 1 4 9 15 23 6 2 5 20 24 11 12 7 3 0 19 14 10 8 22 18 13 16 21 17
61 0 1 4 9 15 23 6 2 5 20 0 11 12 7 3 24 19 14 10 8 22 18 13 16 21 17
60 0 1 4 9 15 23 6 2 5 0 20 11 12 7 3 24 19 14 10 8 22 18 13 16 21 17
59 0 1 4 9 15 23 6 2 0 5 20 11 12 7 3 24 19 14 10 8 22 18 13 16 21 17
58 0 1 4 9 15 23 6 2 7 5 20 11 12 0 3 24 19 14 10 8 22 18 13 16 21 17
57 0 1 4 9 15 23 6 2 7 5 20 11 12 10 3 24 19 14 0 8 22 18 13 16 21 17
56 0 1 4 9 15 23 6 2 7 5 20 11 12 10 3 24 19 14 8 0 22 18 13 16 21 17
55 0 1 4 9 15 23 6 2 7 5 20 11 12 10 3 24 19 14 8 22 0 18 13 16 21 17
54 0 1 4 9 15 23 6 2 7 5 20 11 12 10 3 0 19 14 8 22 24 18 13 16 21 17
53 0 1 4 9 15 23 6 2 7 5 0 11 12 10 3 20 19 14 8 22 24 18 13 16 21 17
52 0 1 4 9 15 0 6 2 7 5 23 11 12 10 3 20 19 14 8 22 24 18 13 16 21 17
51 0 1 4 9 0 15 6 2 7 5 23 11 12 10 3 20 19 14 8 22 24 18 13 16 21 17
50 0 1 4 9 5 15 6 2 7 0 23 11 12 10 3 20 19 14 8 22 24 18 13 16 21 17
49 0 1 4 9 5 15 6 2 7 3 23 11 12 10 0 20 19 14 8 22 24 18 13 16 21 17
48 0 1 4 9 5 15 6 2 7 3 23 11 12 0 10 20 19 14 8 22 24 18 13 16 21 17
47 0 1 4 9 5 15 6 2 7 3 23 11 12 8 10 20 19 14 0 22 24 18 13 16 21 17
46 0 1 4 9 5 15 6 2 7 3 23 11 12 8 10 20 19 0 14 22 24 18 13 16 21 17
45 0 1 4 9 5 15 6 2 7 3 23 11 12 8 10 20 19 13 14 22 24 18 0 16 21 17
44 0 1 4 9 5 15 6 2 7 3 23 11 12 8 10 20 19 13 14 22 24 18 16 0 21 17
43 0 1 4 9 5 15 6 2 7 3 23 11 12 8 10 20 19 13 14 22 24 18 16 21 0 17
42 0 1 4 9 5 15 6 2 7 3 23 11 12 8 10 20 19 13 14 22 24 18 16 21 17 0
41 0 1 4 9 5 15 6 2 7 3 23 11 12 8 10 20 19 13 14 22 0 18 16 21 17 24
40 0 1 4 9 5 15 6 2 7 3 23 11 12 8 10 0 19 13 14 22 20 18 16 21 17 24
39 0 1 4 9 5 15 6 2 7 3 0 11 12 8 10 23 19 13 14 22 20 18 16 21 17 24
38 0 1 4 9 5 0 6 2 7 3 15 11 12 8 10 23 19 13 14 22 20 18 16 21 17 24
37 0 1 4 9 0 5 6 2 7 3 15 11 12 8 10 23 19 13 14 22 20 18 16 21 17 24
36 0 1 4 0 9 5 6 2 7 3 15 11 12 8 10 23 19 13 14 22 20 18 16 21 17 24
35 0 1 0 4 9 5 6 2 7 3 15 11 12 8 10 23 19 13 14 22 20 18 16 21 17 24
34 0 1 2 4 9 5 6 0 7 3 15 11 12 8 10 23 19 13 14 22 20 18 16 21 17 24
33 0 1 2 4 9 5 6 7 0 3 15 11 12 8 10 23 19 13 14 22 20 18 16 21 17 24
32 0 1 2 4 9 5 6 7 3 0 15 11 12 8 10 23 19 13 14 22 20 18 16 21 17 24
31 0 1 2 4 9 5 6 7 3 10 15 11 12 8 0 23 19 13 14 22 20 18 16 21 17 24
30 0 1 2 4 9 5 6 7 3 10 15 11 12 8 23 0 19 13 14 22 20 18 16 21 17 24
116 0 9 24 0 23 12 20 15 11 21 22 4 19 6 1 3 14 5 2 7 8 18 13 10 16 17
115 0 9 0 24 23 12 20 15 11 21 22 4 19 6 1 3 14 5 2 7 8 18 13 10 16 17
114 0 9 15 24 23 12 20 0 11 21 22 4 19 6 1 3 14 5 2 7 8 18 13 10 16 17
113 0 9 15 24 23 12 20 19 11 21 22 4 0 6 1 3 14 5 2 7 8 18 13 10 16 17
112 0 9 15 24 23 12 20 19 11 21 22 4 6 0 1 3 14 5 2 7 8 18 13 10 16 17
111 0 9 15 24 23 12 20 19 0 21 22 4 6 11 1 3 14 5 2 7 8 18 13 10 16 17
110 0 9 15 0 23 12 20 19 24 21 22 4 6 11 1 3 14 5 2 7 8 18 13 10 16 17
109 0 9 0 15 23 12 20 19 24 21 22 4 6 11 1 3 14 5 2 7 8 18 13 10 16 17
108 0 9 19 15 23 12 20 0 24 21 22 4 6 11 1 3 14 5 2 7 8 18 13 10 16 17
107 0 9 19 15 23 12 0 20 24 21 22 4 6 11 1 3 14 5 2 7 8 18 13 10 16 17
106 0 9 19 15 23 12 4 20 24 21 22 0 6 11 1 3 14 5 2 7 8 18 13 10 16 17
105 0 9 19 15 23 12 4 20 24 21 22 6 0 11 1 3 14 5 2 7 8 18 13 10 16 17
104 0 9 19 15 23 12 4 20 24 21 22 6 5 11 1 3 14 0 2 7 8 18 13 10 16 17
103 0 9 19 15 23 12 4 20 24 21 22 6 5 11 1 3 14 2 0 7 8 18 13 10 16 17
102 0 9 19 15 23 12 4 20 24 21 22 6 5 0 1 3 14 2 11 7 8 18 13 10 16 17
101 0 9 19 15 23 12 4 20 24 21 22 6 5 1 0 3 14 2 11 7 8 18 13 10 16 17
100 0 9 19 15 23 12 4 20 24 0 22 6 5 1 21 3 14 2 11 7 8 18 13 10 16 17
99 0 9 19 15 23 12 4 20 0 24 22 6 5 1 21 3 14 2 11 7 8 18 13 10 16 17
98 0 9 19 15 23 12 4 0 20 24 22 6 5 1 21 3 14 2 11 7 8 18 13 10 16 17
97 0 9 19 15 23 12 4 5 20 24 22 6 0 1 21 3 14 2 11 7 8 18 13 10 16 17
96 0 9 19 15 23 12 4 5 20 24 22 6 1 0 21 3 14 2 11 7 8 18 13 10 16 17
95 0 9 19 15 23 12 4 5 20 24 22 6 1 21 0 3 14 2 11 7 8 18 13 10 16 17
94 0 9 19 15 23 12 4 5 20 24 22 6 1 21 3 0 14 2 11 7 8 18 13 10 16 17
93 0 9 19 15 23 12 4 5 20 24 0 6 1 21 3 22 14 2 11 7 8 18 13 10 16 17
92 0 9 19 15 23 12 4 5 20 0 24 6 1 21 3 22 14 2 11 7 8 18 13 10 16 17
91 0 9 19 15 23 12 4 5 0 20 24 6 1 21 3 22 14 2 11 7 8 18 13 10 16 17
90 0 9 19 15 23 12 4 0 5 20 24 6 1 21 3 22 14 2 11 7 8 18 13 10 16 17
89 0 9 19 15 23 12 4 1 5 20 24 6 0 21 3 22 14 2 11 7 8 18 13 10 16 17
88 0 9 19 15 23 12 4 1 5 20 24 6 2 21 3 22 14 0 11 7 8 18 13 10 16 17
87 0 9 19 15 23 12 4 1 5 20 24 6 2 21 3 22 14 11 0 7 8 18 13 10 16 17
86 0 9 19 15 23 12 4 1 5 20 24 6 2 21 3 22 14 11 7 0 8 18 13 10 16 17
85 0 9 19 15 23 12 4 1 5 20 24 6 2 21 3 22 14 11 7 8 0 18 13 10 16 17
84 0 9 19 15 23 12 4 1 5 20 24 6 2 21 3 0 14 11 7 8 22 18 13 10 16 17
83 0 9 19 15 23 12 4 1 5 20 0 6 2 21 3 24 14 11 7 8 22 18 13 10 16 17
82 0 9 19 15 23 12 4 1 5 0 20 6 2 21 3 24 14 11 7 8 22 18 13 10 16 17
81 0 9 19 15 0 12 4 1 5 23 20 6 2 21 3 24 14 11 7 8 22 18 13 10 16 17
80 0 9 19 0 15 12 4 1 5 23 20 6 2 21 3 24 14 11 7 8 22 18 13 10 16 17
79 0 9 0 19 15 12 4 1 5 23 20 6 2 21 3 24 14 11 7 8 22 18 13 10 16 17
78 0 9 1 19 15 12 4 0 5 23 20 6 2 21 3 24 14 11 7 8 22 18 13 10 16 17
77 0 9 1 19 15 12 0 4 5 23 20 6 2 21 3 24 14 11 7 8 22 18 13 10 16 17
76 0 0 1 19 15 12 9 4 5 23 20 6 2 21 3 24 14 11 7 8 22 18 13 10 16 17
75 0 1 0 19 15 12 9 4 5 23 20 6 2 21 3 24 14 11 7 8 22 18 13 10 16 17
74 0 1 4 19 15 12 9 0 5 23 20 6 2 21 3 24 14 11 7 8 22 18 13 10 16 17
73 0 1 4 19 15 12 9 2 5 23 20 6 0 21 3 24 14 11 7 8 22 18 13 10 16 17
72 0 1 4 19 15 12 9 2 5 23 20 6 21 0 3 24 14 11 7 8 22 18 13 10 16 17
71 0 1 4 19 15 12 9 2 5 23 20 6 21 3 0 24 14 11 7 8 22 18 13 10 16 17
70 0 1 4 19 15 12 9 2 5 0 20 6 21 3 23 24 14 11 7 8 22 18 13 10 16 17
69 0 1 4 19 15 12 9 2 0 5 20 6 21 3 23 24 14 11 7 8 22 18 13 10 16 17
68 0 1 4 19 15 12 9 2 3 5 20 6 21 0 23 24 14 11 7 8 22 18 13 10 16 17
67 0 1 4 19 15 12 9 2 3 5 20 6 21 7 23 24 14 11 0 8 22 18 13 10 16 17
66 0 1 4 19 15 12 9 2 3 5 20 6 21 7 23 24 14 11 10 8 22 18 13 0 16 17
65 0 1 4 19 15 12 9 2 3 5 20 6 21 7 23 24 14 11 10 8 22 18 13 16 0 17
64 0 1 4 19 15 12 9 2 3 5 20 6 21 7 23 24 14 11 10 8 22 18 13 16 17 0
63 0 1 4 19 15 12 9 2 3 5 20 6 21 7 23 24 14 11 10 8 0 18 13 16 17 22
62 0 1 4 19 15 12 9 2 3 5 20 6 21 7 23 0 14 11 10 8 24 18 13 16 17 22
61 0 1 4 19 15 12 9 2 3 5 0 6 21 7 23 20 14 11 10 8 24 18 13 16 17 22
60 0 1 4 19 15 12 9 2 3 0 5 6 21 7 23 20 14 11 10 8 24 18 13 16 17 22
59 0 1 4 19 0 12 9 2 3 15 5 6 21 7 23 20 14 11 10 8 24 18 13 16 17 22
58 0 1 4 19 12 0 9 2 3 15 5 6 21 7 23 20 14 11 10 8 24 18 13 16 17 22
57 0 1 4 19 12 5 9 2 3 15 0 6 21 7 23 20 14 11 10 8 24 18 13 16 17 22
56 0 1 4 19 12 5 9 2 3 0 15 6 21 7 23 20 14 11 10 8 24 18 13 16 17 22
55 0 1 4 19 0 5 9 2 3 12 15 6 21 7 23 20 14 11 10 8 24 18 13 16 17 22
54 0 1 4 0 19 5 9 2 3 12 15 6 21 7 23 20 14 11 10 8 24 18 13 16 17 22
53 0 1 0 4 19 5 9 2 3 12 15 6 21 7 23 20 14 11 10 8 24 18 13 16 17 22
52 0 1 2 4 19 5 9 0 3 12 15 6 21 7 23 20 14 11 10 8 24 18 13 16 17 22
51 0 1 2 4 19 5 0 9 3 12 15 6 21 7 23 20 14 11 10 8 24 18 13 16 17 22
50 0 1 2 4 19 5 6 9 3 12 15 0 21 7 23 20 14 11 10 8 24 18 13 16 17 22
49 0 1 2 4 19 5 6 9 3 12 15 21 0 7 23 20 14 11 10 8 24 18 13 16 17 22
48 0 1 2 4 19 5 6 9 3 12 15 21 11 7 23 20 14 0 10 8 24 18 13 16 17 22
47 0 1 2 4 19 5 6 9 3 12 15 21 11 7 23 20 0 14 10 8 24 18 13 16 17 22
46 0 1 2 4 19 5 6 9 3 12 15 0 11 7 23 20 21 14 10 8 24 18 13 16 17 22
45 0 1 2 4 19 5 6 9 3 12 15 11 0 7 23 20 21 14 10 8 24 18 13 16 17 22
44 0 1 2 4 19 5 6 9 3 12 15 11 7 0 23 20 21 14 10 8 24 18 13 16 17 22
43 0 1 2 4 19 5 6 9 3 12 15 11 7 10 23 20 21 14 0 8 24 18 13 16 17 22
42 0 1 2 4 19 5 6 9 3 12 15 11 7 10 23 20 21 14 8 0 24 18 13 16 17 22
41 0 1 2 4 19 5 6 9 3 12 15 11 7 10 0 20 21 14 8 23 24 18 13 16 17 22
40 0 1 2 4 19 5 6 9 3 0 15 11 7 10 12 20 21 14 8 23 24 18 13 16 17 22
39 0 1 2 4 0 5 6 9 3 19 15 11 7 10 12 20 21 14 8 23 24 18 13 16 17 22
38 0 1 2 0 4 5 6 9 3 19 15 11 7 10 12 20 21 14 8 23 24 18 13 16 17 22
37 0 1 2 3 4 5 6 9 0 19 15 11 7 10 12 20 21 14 8 23 24 18 13 16 17 22
36 0 1 2 3 4 5 6 9 10 19 15 11 7 0 12 20 21 14 8 23 24 18 13 16 17 22
35 0 1 2 3 4 5 6 9 10 19 15 11 7 12 0 20 21 14 8 23 24 18 13 16 17 22
34 0 1 2 3 4 5 6 9 10 0 15 11 7 12 19 20 21 14 8 23 24 18 13 16 17 22
33 0 1 2 3 4 5 6 9 0 10 15 11 7 12 19 20 21 14 8 23 24 18 13 16 17 22
32 0 1 2 3 4 5 6 0 9 10 15 11 7 12 19 20 21 14 8 23 24 18 13 16 17 22
31 0 1 2 3 4 5 6 7 9 10 15 11 0 12 19 20 21 14 8 23 24 18 13 16 17 22
30 0 1 2 3 4 5 6 7 9 10 15 11 12 0 19 20 21 14 8 23 24 18 13 16 17 22
120 0 9 24 6 11 0 14 20 21 12 23 18 4 1 2 22 10 5 13 3 8 19 15 16 7 17
119 0 9 24 6 11 23 14 20 21 12 0 18 4 1 2 22 10 5 13 3 8 19 15 16 7 17
118 0 9 24 6 11 23 14 20 21 0 12 18 4 1 2 22 10 5 13 3 8 19 15 16 7 17
117 0 9 24 6 11 23 14 20 21 2 12 18 4 1 0 22 10 5 13 3 8 19 15 16 7 17
116 0 9 24 6 11 23 14 20 21 2 12 18 4 1 3 22 10 5 13 0 8 19 15 16 7 17
115 0 9 24 6 11 23 14 20 21 2 12 18 4 1 3 22 10 5 0 13 8 19 15 16 7 17
114 0 9 24 6 11 23 14 20 21 2 12 18 4 1 3 22 10 0 5 13 8 19 15 16 7 17
113 0 9 24 6 11 23 14 20 21 2 12 18 0 1 3 22 10 4 5 13 8 19 15 16 7 17
112 0 9 24 6 11 23 14 20 21 2 12 18 1 0 3 22 10 4 5 13 8 19 15 16 7 17
111 0 9 24 6 11 23 14 20 21 2 12 18 1 5 3 22 10 4 0 13 8 19 15 16 7 17
110 0 9 24 6 11 23 14 20 21 2 12 18 1 5 3 22 10 0 4 13 8 19 15 16 7 17
109 0 9 24 6 11 23 14 20 21 2 12 18 1 5 3 22 0 10 4 13 8 19 15 16 7 17
108 0 9 24 6 11 23 14 20 21 2 12 0 1 5 3 22 18 10 4 13 8 19 15 16 7 17
107 0 9 24 6 11 23 14 20 21 2 12 1 0 5 3 22 18 10 4 13 8 19 15 16 7 17
106 0 9 24 6 11 23 14 0 21 2 12 1 20 5 3 22 18 10 4 13 8 19 15 16 7 17
105 0 9 24 6 11 23 14 21 0 2 12 1 20 5 3 22 18 10 4 13 8 19 15 16 7 17
104 0 9 24 6 11 23 14 21 5 2 12 1 20 0 3 22 18 10 4 13 8 19 15 16 7 17
103 0 9 24 6 11 23 14 21 5 2 12 1 20 4 3 22 18 10 0 13 8 19 15 16 7 17
102 0 9 24 6 11 23 14 21 5 2 12 1 20 4 3 22 18 0 10 13 8 19 15 16 7 17
101 0 9 24 6 11 23 14 21 5 2 12 1 20 4 3 22 18 15 10 13 8 19 0 16 7 17
100 0 9 24 6 11 23 14 21 5 2 12 1 20 4 3 22 18 15 10 13 8 19 16 0 7 17
99 0 9 24 6 11 23 14 21 5 2 12 1 20 4 3 22 18 15 10 13 8 19 16 7 0 17
98 0 9 24 6 11 23 14 21 5 2 12 1 20 4 3 22 18 15 10 0 8 19 16 7 13 17
97 0 9 24 6 11 23 14 21 5 2 12 1 20 4 3 22 18 15 0 10 8 19 16 7 13 17
96 0 9 24 6 11 23 14 21 5 2 12 1 20 4 3 22 18 0 15 10 8 19 16 7 13 17
95 0 9 24 6 11 23 14 21 5 2 12 1 0 4 3 22 18 20 15 10 8 19 16 7 13 17
94 0 9 24 6 11 23 14 0 5 2 12 1 21 4 3 22 18 20 15 10 8 19 16 7 13 17
93 0 9 0 6 11 23 14 24 5 2 12 1 21 4 3 22 18 20 15 10 8 19 16 7 13 17
92 0 9 6 0 11 23 14 24 5 2 12 1 21 4 3 22 18 20 15 10 8 19 16 7 13 17
91 0 9 6 5 11 23 14 24 0 2 12 1 21 4 3 22 18 20 15 10 8 19 16 7 13 17
90 0 9 6 5 11 23 14 24 2 0 12 1 21 4 3 22 18 20 15 10 8 19 16 7 13 17
89 0 9 6 5 0 23 14 24 2 11 12 1 21 4 3 22 18 20 15 10 8 19 16 7 13 17
88 0 9 6 0 5 23 14 24 2 11 12 1 21 4 3 22 18 20 15 10 8 19 16 7 13 17
87 0 9 6 2 5 23 14 24 0 11 12 1 21 4 3 22 18 20 15 10 8 19 16 7 13 17
86 0 9 6 2 5 23 14 24 11 0 12 1 21 4 3 22 18 20 15 10 8 19 16 7 13 17
85 0 9 6 2 5 23 14 24 11 3 12 1 21 4 0 22 18 20 15 10 8 19 16 7 13 17
84 0 9 6 2 5 23 14 24 11 3 12 1 21 4 10 22 18 20 15 0 8 19 16 7 13 17
83 0 9 6 2 5 23 14 24 11 3 12 1 21 4 10 22 18 20 15 8 0 19 16 7 13 17
82 0 9 6 2 5 23 14 24 11 3 12 1 21 4 10 0 18 20 15 8 22 19 16 7 13 17
81 0 9 6 2 5 23 14 24 11 3 0 1 21 4 10 12 18 20 15 8 22 19 16 7 13 17
80 0 9 6 2 5 0 14 24 11 3 23 1 21 4 10 12 18 20 15 8 22 19 16 7 13 17
79 0 9 6 2 0 5 14 24 11 3 23 1 21 4 10 12 18 20 15 8 22 19 16 7 13 17
78 0 9 6 2 3 5 14 24 11 0 23 1 21 4 10 12 18 20 15 8 22 19 16 7 13 17
77 0 9 6 2 3 5 14 24 11 10 23 1 21 4 0 12 18 20 15 8 22 19 16 7 13 17
76 0 9 6 2 3 5 14 24 11 10 23 1 21 4 12 0 18 20 15 8 22 19 16 7 13 17
75 0 9 6 2 3 5 14 24 11 10 0 1 21 4 12 23 18 20 15 8 22 19 16 7 13 17
74 0 9 6 2 3 5 14 24 11 0 10 1 21 4 12 23 18 20 15 8 22 19 16 7 13 17
73 0 9 6 2 3 5 14 24 11 12 10 1 21 4 0 23 18 20 15 8 22 19 16 7 13 17
72 0 9 6 2 3 5 14 24 11 12 10 1 21 0 4 23 18 20 15 8 22 19 16 7 13 17
71 0 9 6 2 3 5 14 24 0 12 10 1 21 11 4 23 18 20 15 8 22 19 16 7 13 17
70 0 9 6 2 3 5 14 0 24 12 10 1 21 11 4 23 18 20 15 8 22 19 16 7 13 17
69 0 9 6 2 3 5 0 14 24 12 10 1 21 11 4 23 18 20 15 8 22 19 16 7 13 17
68 0 9 6 2 3 5 1 14 24 12 10 0 21 11 4 23 18 20 15 8 22 19 16 7 13 17
67 0 9 6 2 3 5 1 14 24 12 10 21 0 11 4 23 18 20 15 8 22 19 16 7 13 17
66 0 9 6 2 3 5 1 14 24 12 10 21 11 0 4 23 18 20 15 8 22 19 16 7 13 17
65 0 9 6 2 3 5 1 14 0 12 10 21 11 24 4 23 18 20 15 8 22 19 16 7 13 17
64 0 9 6 2 3 5 1 14 12 0 10 21 11 24 4 23 18 20 15 8 22 19 16 7 13 17
63 0 9 6 2 3 5 1 14 12 4 10 21 11 24 0 23 18 20 15 8 22 19 16 7 13 17
62 0 9 6 2 3 5 1 14 12 4 10 21 11 0 24 23 18 20 15 8 22 19 16 7 13 17
61 0 9 6 2 3 5 1 14 12 4 10 21 11 15 24 23 18 20 0 8 22 19 16 7 13 17
60 0 9 6 2 3 5 1 14 12 4 10 21 11 15 24 23 18 20 7 8 22 19 16 0 13 17
59 0 9 6 2 3 5 1 14 12 4 10 21 11 15 24 23 18 20 7 8 22 19 16 13 0 17
58 0 9 6 2 3 5 1 14 12 4 10 21 11 15 24 23 18 20 7 8 22 19 16 13 17 0
57 0 9 6 2 3 5 1 14 12 4 10 21 11 15 24 23 18 20 7 8 0 19 16 13 17 22
56 0 9 6 2 3 5 1 14 12 4 10 21 11 15 24 0 18 20 7 8 23 19 16 13 17 22
55 0 9 6 2 3 5 1 14 12 4 10 21 11 15 0 24 18 20 7 8 23 19 16 13 17 22
54 0 9 6 2 3 5 1 14 12 4 10 21 11 0 15 24 18 20 7 8 23 19 16 13 17 22
53 0 9 6 2 3 5 1 14 12 4 10 21 11 7 15 24 18 20 0 8 23 19 16 13 17 22
52 0 9 6 2 3 5 1 14 12 4 10 21 11 7 15 24 18 0 20 8 23 19 16 13 17 22
51 0 9 6 2 3 5 1 14 12 4 10 21 11 7 15 24 0 18 20 8 23 19 16 13 17 22
50 0 9 6 2 3 5 1 14 12 4 10 0 11 7 15 24 21 18 20 8 23 19 16 13 17 22
49 0 9 6 2 3 5 1 14 12 4 10 11 0 7 15 24 21 18 20 8 23 19 16 13 17 22
48 0 9 6 2 3 5 1 14 12 4 10 11 7 0 15 24 21 18 20 8 23 19 16 13 17 22
47 0 9 6 2 3 5 1 14 0 4 10 11 7 12 15 24 21 18 20 8 23 19 16 13 17 22
46 0 9 6 2 3 5 1 0 14 4 10 11 7 12 15 24 21 18 20 8 23 19 16 13 17 22
45 0 9 0 2 3 5 1 6 14 4 10 11 7 12 15 24 21 18 20 8 23 19 16 13 17 22
44 0 0 9 2 3 5 1 6 14 4 10 11 7 12 15 24 21 18 20 8 23 19 16 13 17 22
43 0 1 9 2 3 5 0 6 14 4 10 11 7 12 15 24 21 18 20 8 23 19 16 13 17 22
42 0 1 9 2 3 5 6 0 14 4 10 11 7 12 15 24 21 18 20 8 23 19 16 13 17 22
41 0 1 0 2 3 5 6 9 14 4 10 11 7 12 15 24 21 18 20 8 23 19 16 13 17 22
40 0 1 2 0 3 5 6 9 14 4 10 11 7 12 15 24 21 18 20 8 23 19 16 13 17 22
39 0 1 2 3 0 5 6 9 14 4 10 11 7 12 15 24 21 18 20 8 23 19 16 13 17 22
38 0 1 2 3 4 5 6 9 14 0 10 11 7 12 15 24 21 18 20 8 23 19 16 13 17 22
37 0 1 2 3 4 5 6 9 0 14 10 11 7 12 15 24 21 18 20 8 23 19 16 13 17 22
36 0 1 2 3 4 5 6 0 9 14 10 11 7 12 15 24 21 18 20 8 23 19 16 13 17 22
35 0 1 2 3 4 5 6 7 9 14 10 11 0 12 15 24 21 18 20 8 23 19 16 13 17 22
34 0 1 2 3 4 5 6 7 9 14 10 11 18 12 15 24 21 0 20 8 23 19 16 13 17 22
33 0 1 2 3 4 5 6 7 9 14 10 11 18 12 15 24 21 16 20 8 23 19 0 13 17 22
32 0 1 2 3 4 5 6 7 9 14 10 11 18 12 15 24 21 16 20 8 23 0 19 13 17 22
31 0 1 2 3 4 5 6 7 9 14 10 11 18 12 15 24 0 16 20 8 23 21 19 13 17 22
30 0 1 2 3 4 5 6 7 9 14 10 11 18 12 15 24 16 0 20 8 23 21 19 13 17 22
120 0 9 24 6 11 0 14 20 21 12 23 18 4 1 2 22 19 5 7 3 8 15 10 13 16 17
119 0 9 24 6 11 23 14 20 21 12 0 18 4 1 2 22 19 5 7 3 8 15 10 13 16 17
118 0 9 24 6 11 23 14 20 21 0 12 18 4 1 2 22 19 5 7 3 8 15 10 13 16 17
117 0 9 24 6 11 23 14 20 21 2 12 18 4 1 0 22 19 5 7 3 8 15 10 13 16 17
116 0 9 24 6 11 23 14 20 21 2 12 18 4 1 3 22 19 5 7 0 8 15 10 13 16 17
115 0 9 24 6 11 23 14 20 21 2 12 18 4 1 3 22 19 5 0 7 8 15 10 13 16 17
114 0 9 24 6 11 23 14 20 21 2 12 18 4 1 3 22 19 0 5 7 8 15 10 13 16 17
113 0 9 24 6 11 23 14 20 21 2 12 18 0 1 3 22 19 4 5 7 8 15 10 13 16 17
112 0 9 24 6 11 23 14 20 21 2 12 18 1 0 3 22 19 4 5 7 8 15 10 13 16 17
111 0 9 24 6 11 23 14 20 21 2 12 18 1 5 3 22 19 4 0 7 8 15 10 13 16 17
110 0 9 24 6 11 23 14 20 21 2 12 18 1 5 3 22 19 0 4 7 8 15 10 13 16 17
109 0 9 24 6 11 23 14 20 21 2 12 18 1 5 3 22 19 10 4 7 8 15 0 13 16 17
108 0 9 24 6 11 23 14 20 21 2 12 18 1 5 3 22 19 10 4 7 8 0 15 13 16 17
107 0 9 24 6 11 23 14 20 21 2 12 18 1 5 3 22 0 10 4 7 8 19 15 13 16 17
106 0 9 24 6 11 23 14 20 21 2 12 0 1 5 3 22 18 10 4 7 8 19 15 13 16 17
105 0 9 24 6 11 23 14 20 21 2 12 1 0 5 3 22 18 10 4 7 8 19 15 13 16 17
104 0 9 24 6 11 23 14 0 21 2 12 1 20 5 3 22 18 10 4 7 8 19 15 13 16 17
103 0 9 24 6 11 23 14 21 0 2 12 1 20 5 3 22 18 10 4 7 8 19 15 13 16 17
102 0 9 24 6 11 23 14 21 5 2 12 1 20 0 3 22 18 10 4 7 8 19 15 13 16 17
101 0 9 24 6 11 23 14 21 5 2 12 1 0 20 3 22 18 10 4 7 8 19 15 13 16 17
100 0 9 24 6 11 23 14 0 5 2 12 1 21 20 3 22 18 10 4 7 8 19 15 13 16 17
99 0 9 0 6 11 23 14 24 5 2 12 1 21 20 3 22 18 10 4 7 8 19 15 13 16 17
98 0 9 6 0 11 23 14 24 5 2 12 1 21 20 3 22 18 10 4 7 8 19 15 13 16 17
97 0 9 6 11 0 23 14 24 5 2 12 1 21 20 3 22 18 10 4 7 8 19 15 13 16 17
96 0 9 6 11 2 23 14 24 5 0 12 1 21 20 3 22 18 10 4 7 8 19 15 13 16 17
95 0 9 6 11 2 23 14 24 0 5 12 1 21 20 3 22 18 10 4 7 8 19 15 13 16 17
94 0 9 6 0 2 23 14 24 11 5 12 1 21 20 3 22 18 10 4 7 8 19 15 13 16 17
93 0 9 6 2 0 23 14 24 11 5 12 1 21 20 3 22 18 10 4 7 8 19 15 13 16 17
92 0 9 6 2 5 23 14 24 11 0 12 1 21 20 3 22 18 10 4 7 8 19 15 13 16 17
91 0 9 6 2 5 23 14 24 11 3 12 1 21 20 0 22 18 10 4 7 8 19 15 13 16 17
90 0 9 6 2 5 23 14 24 11 3 12 1 21 0 20 22 18 10 4 7 8 19 15 13 16 17
89 0 9 6 2 5 23 14 24 0 3 12 1 21 11 20 22 18 10 4 7 8 19 15 13 16 17
88 0 9 6 2 5 23 14 0 24 3 12 1 21 11 20 22 18 10 4 7 8 19 15 13 16 17
87 0 9 6 2 5 23 0 14 24 3 12 1 21 11 20 22 18 10 4 7 8 19 15 13 16 17
86 0 9 6 2 5 23 1 14 24 3 12 0 21 11 20 22 18 10 4 7 8 19 15 13 16 17
85 0 9 6 2 5 23 1 14 24 3 12 21 0 11 20 22 18 10 4 7 8 19 15 13 16 17
84 0 9 6 2 5 23 1 14 24 3 12 21 11 0 20 22 18 10 4 7 8 19 15 13 16 17
83 0 9 6 2 5 23 1 14 24 3 12 21 11 4 20 22 18 10 0 7 8 19 15 13 16 17
82 0 9 6 2 5 23 1 14 24 3 12 21 11 4 20 22 18 10 7 0 8 19 15 13 16 17
81 0 9 6 2 5 23 1 14 24 3 12 21 11 4 20 22 18 10 7 8 0 19 15 13 16 17
80 0 9 6 2 5 23 1 14 24 3 12 21 11 4 20 0 18 10 7 8 22 19 15 13 16 17
79 0 9 6 2 5 23 1 14 24 3 0 21 11 4 20 12 18 10 7 8 22 19 15 13 16 17
78 0 9 6 2 5 0 1 14 24 3 23 21 11 4 20 12 18 10 7 8 22 19 15 13 16 17
77 0 9 6 2 0 5 1 14 24 3 23 21 11 4 20 12 18 10 7 8 22 19 15 13 16 17
76 0 9 6 2 3 5 1 14 24 0 23 21 11 4 20 12 18 10 7 8 22 19 15 13 16 17
75 0 9 6 2 3 5 1 14 0 24 23 21 11 4 20 12 18 10 7 8 22 19 15 13 16 17
74 0 9 6 2 3 5 1 14 4 24 23 21 11 0 20 12 18 10 7 8 22 19 15 13 16 17
73 0 9 6 2 3 5 1 14 4 24 23 21 11 7 20 12 18 10 0 8 22 19 15 13 16 17
72 0 9 6 2 3 5 1 14 4 24 23 21 11 7 20 12 18 0 10 8 22 19 15 13 16 17
71 0 9 6 2 3 5 1 14 4 24 23 21 11 7 20 12 18 15 10 8 22 19 0 13 16 17
70 0 9 6 2 3 5 1 14 4 24 23 21 11 7 20 12 18 15 10 8 22 0 19 13 16 17
69 0 9 6 2 3 5 1 14 4 24 23 21 11 7 20 12 0 15 10 8 22 18 19 13 16 17
68 0 9 6 2 3 5 1 14 4 24 23 0 11 7 20 12 21 15 10 8 22 18 19 13 16 17
67 0 9 6 2 3 5 1 14 4 24 23 11 0 7 20 12 21 15 10 8 22 18 19 13 16 17
66 0 9 6 2 3 5 1 14 4 24 23 11 7 0 20 12 21 15 10 8 22 18 19 13 16 17
65 0 9 6 2 3 5 1 14 4 24 23 11 7 10 20 12 21 15 0 8 22 18 19 13 16 17
64 0 9 6 2 3 5 1 14 4 24 23 11 7 10 20 12 21 15 8 0 22 18 19 13 16 17
63 0 9 6 2 3 5 1 14 4 24 23 11 7 10 0 12 21 15 8 20 22 18 19 13 16 17
62 0 9 6 2 3 5 1 14 4 24 23 11 7 10 12 0 21 15 8 20 22 18 19 13 16 17
61 0 9 6 2 3 5 1 14 4 24 0 11 7 10 12 23 21 15 8 20 22 18 19 13 16 17
60 0 9 6 2 3 5 1 14 4 0 24 11 7 10 12 23 21 15 8 20 22 18 19 13 16 17
59 0 9 6 2 3 5 1 14 0 4 24 11 7 10 12 23 21 15 8 20 22 18 19 13 16 17
58 0 9 6 2 3 5 1 0 14 4 24 11 7 10 12 23 21 15 8 20 22 18 19 13 16 17
57 0 9 0 2 3 5 1 6 14 4 24 11 7 10 12 23 21 15 8 20 22 18 19 13 16 17
56 0 0 9 2 3 5 1 6 14 4 24 11 7 10 12 23 21 15 8 20 22 18 19 13 16 17
55 0 1 9 2 3 5 0 6 14 4 24 11 7 10 12 23 21 15 8 20 22 18 19 13 16 17
54 0 1 9 2 3 5 6 0 14 4 24 11 7 10 12 23 21 15 8 20 22 18 19 13 16 17
53 0 1 0 2 3 5 6 9 14 4 24 11 7 10 12 23 21 15 8 20 22 18 19 13 16 17
52 0 1 2 0 3 5 6 9 14 4 24 11 7 10 12 23 21 15 8 20 22 18 19 13 16 17
51 0 1 2 3 0 5 6 9 14 4 24 11 7 10 12 23 21 15 8 20 22 18 19 13 16 17
50 0 1 2 3 4 5 6 9 14 0 24 11 7 10 12 23 21 15 8 20 22 18 19 13 16 17
49 0 1 2 3 4 5 6 9 0 14 24 11 7 10 12 23 21 15 8 20 22 18 19 13 16 17
48 0 1 2 3 4 5 6 9 10 14 24 11 7 0 12 23 21 15 8 20 22 18 19 13 16 17
47 0 1 2 3 4 5 6 9 10 14 24 11 7 12 0 23 21 15 8 20 22 18 19 13 16 17
46 0 1 2 3 4 5 6 9 10 14 24 11 7 12 20 23 21 15 8 0 22 18 19 13 16 17
45 0 1 2 3 4 5 6 9 10 14 24 11 7 12 20 23 21 15 8 22 0 18 19 13 16 17
44 0 1 2 3 4 5 6 9 10 14 24 11 7 12 20 0 21 15 8 22 23 18 19 13 16 17
43 0 1 2 3 4 5 6 9 10 14 0 11 7 12 20 24 21 15 8 22 23 18 19 13 16 17
42 0 1 2 3 4 5 6 9 10 0 14 11 7 12 20 24 21 15 8 22 23 18 19 13 16 17
41 0 1 2 3 4 5 6 9 0 10 14 11 7 12 20 24 21 15 8 22 23 18 19 13 16 17
40 0 1 2 3 4 5 6 0 9 10 14 11 7 12 20 24 21 15 8 22 23 18 19 13 16 17
39 0 1 2 3 4 5 6 7 9 10 14 11 0 12 20 24 21 15 8 22 23 18 19 13 16 17
38 0 1 2 3 4 5 6 7 9 10 14 11 12 0 20 24 21 15 8 22 23 18 19 13 16 17
37 0 1 2 3 4 5 6 7 9 10 14 11 12 8 20 24 21 15 0 22 23 18 19 13 16 17
36 0 1 2 3 4 5 6 7 9 10 14 11 12 8 20 24 21 15 13 22 23 18 19 0 16 17
35 0 1 2 3 4 5 6 7 9 10 14 11 12 8 20 24 21 15 13 22 23 18 19 16 0 17
34 0 1 2 3 4 5 6 7 9 10 14 11 12 8 20 24 21 15 13 22 23 18 19 16 17 0
33 0 1 2 3 4 5 6 7 9 10 14 11 12 8 20 24 21 15 13 22 0 18 19 16 17 23
32 0 1 2 3 4 5 6 7 9 10 14 11 12 8 20 0 21 15 13 22 24 18 19 16 17 23
31 0 1 2 3 4 5 6 7 9 10 0 11 12 8 20 14 21 15 13 22 24 18 19 16 17 23
30 0 1 2 3 4 5 6 7 9 0 10 11 12 8 20 14 21 15 13 22 24 18 19 16 17 23
120 0 9 24 6 11 0 14 20 21 12 23 18 4 1 3 22 10 5 2 13 8 19 15 16 7 17
119 0 9 24 6 11 23 14 20 21 12 0 18 4 1 3 22 10 5 2 13 8 19 15 16 7 17
118 0 9 24 6 11 23 14 20 21 0 12 18 4 1 3 22 10 5 2 13 8 19 15 16 7 17
117 0 9 24 6 0 23 14 20 21 11 12 18 4 1 3 22 10 5 2 13 8 19 15 16 7 17
116 0 9 24 0 6 23 14 20 21 11 12 18 4 1 3 22 10 5 2 13 8 19 15 16 7 17
115 0 9 0 24 6 23 14 20 21 11 12 18 4 1 3 22 10 5 2 13 8 19 15 16 7 17
114 0 9 20 24 6 23 14 0 21 11 12 18 4 1 3 22 10 5 2 13 8 19 15 16 7 17
113 0 9 20 24 6 23 14 4 21 11 12 18 0 1 3 22 10 5 2 13 8 19 15 16 7 17
112 0 9 20 24 6 23 14 4 21 11 12 18 5 1 3 22 10 0 2 13 8 19 15 16 7 17
111 0 9 20 24 6 23 14 4 21 11 12 18 5 1 3 22 0 10 2 13 8 19 15 16 7 17
110 0 9 20 24 6 23 14 4 21 11 12 0 5 1 3 22 18 10 2 13 8 19 15 16 7 17
109 0 9 20 24 6 23 0 4 21 11 12 14 5 1 3 22 18 10 2 13 8 19 15 16 7 17
108 0 9 20 24 6 23 4 0 21 11 12 14 5 1 3 22 18 10 2 13 8 19 15 16 7 17
107 0 9 20 24 6 23 4 5 21 11 12 14 0 1 3 22 18 10 2 13 8 19 15 16 7 17
106 0 9 20 24 6 23 4 5 21 11 12 14 1 0 3 22 18 10 2 13 8 19 15 16 7 17
105 0 9 20 24 6 23 4 5 0 11 12 14 1 21 3 22 18 10 2 13 8 19 15 16 7 17
104 0 9 20 24 6 23 4 5 11 0 12 14 1 21 3 22 18 10 2 13 8 19 15 16 7 17
103 0 9 20 24 0 23 4 5 11 6 12 14 1 21 3 22 18 10 2 13 8 19 15 16 7 17
102 0 9 20 0 24 23 4 5 11 6 12 14 1 21 3 22 18 10 2 13 8 19 15 16 7 17
101 0 9 0 20 24 23 4 5 11 6 12 14 1 21 3 22 18 10 2 13 8 19 15 16 7 17
100 0 9 5 20 24 23 4 0 11 6 12 14 1 21 3 22 18 10 2 13 8 19 15 16 7 17
99 0 9 5 20 24 23 4 11 0 6 12 14 1 21 3 22 18 10 2 13 8 19 15 16 7 17
98 0 9 5 20 24 23 4 11 6 0 12 14 1 21 3 22 18 10 2 13 8 19 15 16 7 17
97 0 9 5 20 0 23 4 11 6 24 12 14 1 21 3 22 18 10 2 13 8 19 15 16 7 17
96 0 9 5 0 20 23 4 11 6 24 12 14 1 21 3 22 18 10 2 13 8 19 15 16 7 17
95 0 9 0 5 20 23 4 11 6 24 12 14 1 21 3 22 18 10 2 13 8 19 15 16 7 17
94 0 0 9 5 20 23 4 11 6 24 12 14 1 21 3 22 18 10 2 13 8 19 15 16 7 17
93 0 4 9 5 20 23 0 11 6 24 12 14 1 21 3 22 18 10 2 13 8 19 15 16 7 17
92 0 4 9 5 20 23 11 0 6 24 12 14 1 21 3 22 18 10 2 13 8 19 15 16 7 17
91 0 4 9 5 20 23 11 1 6 24 12 14 0 21 3 22 18 10 2 13 8 19 15 16 7 17
90 0 4 9 5 20 23 11 1 6 24 12 14 21 0 3 22 18 10 2 13 8 19 15 16 7 17
89 0 4 9 5 20 23 11 1 6 24 12 14 21 2 3 22 18 10 0 13 8 19 15 16 7 17
88 0 4 9 5 20 23 11 1 6 24 12 14 21 2 3 22 18 0 10 13 8 19 15 16 7 17
87 0 4 9 5 20 23 11 1 6 24 12 14 0 2 3 22 18 21 10 13 8 19 15 16 7 17
86 0 4 9 5 20 23 11 1 6 24 12 0 14 2 3 22 18 21 10 13 8 19 15 16 7 17
85 0 4 9 5 20 23 0 1 6 24 12 11 14 2 3 22 18 21 10 13 8 19 15 16 7 17
84 0 4 9 5 20 23 1 0 6 24 12 11 14 2 3 22 18 21 10 13 8 19 15 16 7 17
83 0 4 9 5 20 23 1 6 0 24 12 11 14 2 3 22 18 21 10 13 8 19 15 16 7 17
82 0 4 9 5 20 23 1 6 2 24 12 11 14 0 3 22 18 21 10 13 8 19 15 16 7 17
81 0 4 9 5 20 23 1 6 2 24 12 11 14 10 3 22 18 21 0 13 8 19 15 16 7 17
80 0 4 9 5 20 23 1 6 2 24 12 11 14 10 3 22 18 21 16 13 8 19 15 0 7 17
79 0 4 9 5 20 23 1 6 2 24 12 11 14 10 3 22 18 21 16 13 8 19 0 15 7 17
78 0 4 9 5 20 23 1 6 2 24 12 11 14 10 3 22 18 21 16 13 8 0 19 15 7 17
77 0 4 9 5 20 23 1 6 2 24 12 11 14 10 3 22 0 21 16 13 8 18 19 15 7 17
76 0 4 9 5 20 23 1 6 2 24 12 11 14 10 3 22 21 0 16 13 8 18 19 15 7 17
75 0 4 9 5 20 23 1 6 2 24 12 11 14 10 3 22 21 16 0 13 8 18 19 15 7 17
74 0 4 9 5 20 23 1 6 2 24 12 11 14 10 3 22 21 16 13 0 8 18 19 15 7 17
73 0 4 9 5 20 23 1 6 2 24 12 11 14 10 3 22 21 16 13 7 8 18 19 15 0 17
72 0 4 9 5 20 23 1 6 2 24 12 11 14 10 3 22 21 16 13 7 8 18 19 0 15 17
71 0 4 9 5 20 23 1 6 2 24 12 11 14 10 3 22 21 16 13 7 8 18 0 19 15 17
70 0 4 9 5 20 23 1 6 2 24 12 11 14 10 3 22 21 16 13 7 8 0 18 19 15 17
69 0 4 9 5 20 23 1 6 2 24 12 11 14 10 3 22 0 16 13 7 8 21 18 19 15 17
68 0 4 9 5 20 23 1 6 2 24 12 11 14 10 3 22 16 0 13 7 8 21 18 19 15 17
67 0 4 9 5 20 23 1 6 2 24 12 11 14 10 3 22 16 13 0 7 8 21 18 19 15 17
66 0 4 9 5 20 23 1 6 2 24 12 11 14 10 3 22 16 13 7 0 8 21 18 19 15 17
65 0 4 9 5 20 23 1 6 2 24 12 11 14 10 3 22 16 13 7 8 0 21 18 19 15 17
64 0 4 9 5 20 23 1 6 2 24 12 11 14 10 3 0 16 13 7 8 22 21 18 19 15 17
63 0 4 9 5 20 23 1 6 2 24 0 11 14 10 3 12 16 13 7 8 22 21 18 19 15 17
62 0 4 9 5 20 0 1 6 2 24 23 11 14 10 3 12 16 13 7 8 22 21 18 19 15 17
61 0 4 9 5 0 20 1 6 2 24 23 11 14 10 3 12 16 13 7 8 22 21 18 19 15 17
60 0 4 9 0 5 20 1 6 2 24 23 11 14 10 3 12 16 13 7 8 22 21 18 19 15 17
59 0 4 0 9 5 20 1 6 2 24 23 11 14 10 3 12 16 13 7 8 22 21 18 19 15 17
58 0 0 4 9 5 20 1 6 2 24 23 11 14 10 3 12 16 13 7 8 22 21 18 19 15 17
57 0 1 4 9 5 20 0 6 2 24 23 11 14 10 3 12 16 13 7 8 22 21 18 19 15 17
56 0 1 4 9 5 20 6 0 2 24 23 11 14 10 3 12 16 13 7 8 22 21 18 19 15 17
55 0 1 4 9 5 20 6 2 0 24 23 11 14 10 3 12 16 13 7 8 22 21 18 19 15 17
54 0 1 4 9 5 20 6 2 10 24 23 11 14 0 3 12 16 13 7 8 22 21 18 19 15 17
53 0 1 4 9 5 20 6 2 10 24 23 11 14 7 3 12 16 13 0 8 22 21 18 19 15 17
52 0 1 4 9 5 20 6 2 10 24 23 11 14 7 3 12 16 13 8 0 22 21 18 19 15 17
51 0 1 4 9 5 20 6 2 10 24 23 11 14 7 3 12 16 13 8 15 22 21 18 19 0 17
50 0 1 4 9 5 20 6 2 10 24 23 11 14 7 3 12 16 13 8 15 22 21 18 19 17 0
49 0 1 4 9 5 20 6 2 10 24 23 11 14 7 3 12 16 13 8 15 0 21 18 19 17 22
48 0 1 4 9 5 20 6 2 10 24 23 11 14 7 3 0 16 13 8 15 12 21 18 19 17 22
47 0 1 4 9 5 20 6 2 10 24 0 11 14 7 3 23 16 13 8 15 12 21 18 19 17 22
46 0 1 4 9 5 20 6 2 10 0 24 11 14 7 3 23 16 13 8 15 12 21 18 19 17 22
45 0 1 4 9 5 20 6 2 0 10 24 11 14 7 3 23 16 13 8 15 12 21 18 19 17 22
44 0 1 4 9 5 20 6 2 7 10 24 11 14 0 3 23 16 13 8 15 12 21 18 19 17 22
43 0 1 4 9 5 20 6 2 7 10 24 11 14 3 0 23 16 13 8 15 12 21 18 19 17 22
42 0 1 4 9 5 20 6 2 7 10 24 11 14 3 15 23 16 13 8 0 12 21 18 19 17 22
41 0 1 4 9 5 20 6 2 7 10 24 11 14 3 15 23 16 13 8 12 0 21 18 19 17 22
40 0 1 4 9 5 20 6 2 7 10 24 11 14 3 15 0 16 13 8 12 23 21 18 19 17 22
39 0 1 4 9 5 20 6 2 7 10 0 11 14 3 15 24 16 13 8 12 23 21 18 19 17 22
38 0 1 4 9 5 0 6 2 7 10 20 11 14 3 15 24 16 13 8 12 23 21 18 19 17 22
37 0 1 4 9 0 5 6 2 7 10 20 11 14 3 15 24 16 13 8 12 23 21 18 19 17 22
36 0 1 4 0 9 5 6 2 7 10 20 11 14 3 15 24 16 13 8 12 23 21 18 19 17 22
35 0 1 0 4 9 5 6 2 7 10 20 11 14 3 15 24 16 13 8 12 23 21 18 19 17 22
34 0 1 2 4 9 5 6 0 7 10 20 11 14 3 15 24 16 13 8 12 23 21 18 19 17 22
33 0 1 2 4 9 5 6 7 0 10 20 11 14 3 15 24 16 13 8 12 23 21 18 19 17 22
32 0 1 2 4 9 5 6 7 3 10 20 11 14 0 15 24 16 13 8 12 23 21 18 19 17 22
31 0 1 2 4 9 5 6 7 3 10 20 11 14 8 15 24 16 13 0 12 23 21 18 19 17 22
30 0 1 2 4 9 5 6 7 3 10 20 11 14 8 15 24 16 13 12 0 23 21 18 19 17 22
120 0 9 24 6 11 0 14 20 21 12 23 18 4 1 3 22 10 5 2 16 8 19 15 7 13 17
119 0 9 24 6 11 23 14 20 21 12 0 18 4 1 3 22 10 5 2 16 8 19 15 7 13 17
118 0 9 24 6 11 23 14 20 21 0 12 18 4 1 3 22 10 5 2 16 8 19 15 7 13 17
117 0 9 24 6 0 23 14 20 21 11 12 18 4 1 3 22 10 5 2 16 8 19 15 7 13 17
116 0 9 24 0 6 23 14 20 21 11 12 18 4 1 3 22 10 5 2 16 8 19 15 7 13 17
115 0 9 0 24 6 23 14 20 21 11 12 18 4 1 3 22 10 5 2 16 8 19 15 7 13 17
114 0 9 20 24 6 23 14 0 21 11 12 18 4 1 3 22 10 5 2 16 8 19 15 7 13 17
113 0 9 20 24 6 23 14 4 21 11 12 18 0 1 3 22 10 5 2 16 8 19 15 7 13 17
112 0 9 20 24 6 23 14 4 21 11 12 18 5 1 3 22 10 0 2 16 8 19 15 7 13 17
111 0 9 20 24 6 23 14 4 21 11 12 18 5 1 3 22 0 10 2 16 8 19 15 7 13 17
110 0 9 20 24 6 23 14 4 21 11 12 0 5 1 3 22 18 10 2 16 8 19 15 7 13 17
109 0 9 20 24 6 23 0 4 21 11 12 14 5 1 3 22 18 10 2 16 8 19 15 7 13 17
108 0 9 20 24 6 23 4 0 21 11 12 14 5 1 3 22 18 10 2 16 8 19 15 7 13 17
107 0 9 20 24 6 23 4 5 21 11 12 14 0 1 3 22 18 10 2 16 8 19 15 7 13 17
106 0 9 20 24 6 23 4 5 21 11 12 14 1 0 3 22 18 10 2 16 8 19 15 7 13 17
105 0 9 20 24 6 23 4 5 0 11 12 14 1 21 3 22 18 10 2 16 8 19 15 7 13 17
104 0 9 20 24 6 23 4 5 11 0 12 14 1 21 3 22 18 10 2 16 8 19 15 7 13 17
103 0 9 20 24 0 23 4 5 11 6 12 14 1 21 3 22 18 10 2 16 8 19 15 7 13 17
102 0 9 20 0 24 23 4 5 11 6 12 14 1 21 3 22 18 10 2 16 8 19 15 7 13 17
101 0 9 0 20 24 23 4 5 11 6 12 14 1 21 3 22 18 10 2 16 8 19 15 7 13 17
100 0 9 5 20 24 23 4 0 11 6 12 14 1 21 3 22 18 10 2 16 8 19 15 7 13 17
99 0 9 5 20 24 23 4 1 11 6 12 14 0 21 3 22 18 10 2 16 8 19 15 7 13 17
98 0 9 5 20 24 23 4 1 11 6 12 14 21 0 3 22 18 10 2 16 8 19 15 7 13 17
97 0 9 5 20 24 23 4 1 11 6 12 14 21 2 3 22 18 10 0 16 8 19 15 7 13 17
96 0 9 5 20 24 23 4 1 11 6 12 14 21 2 3 22 18 10 16 0 8 19 15 7 13 17
95 0 9 5 20 24 23 4 1 11 6 12 14 21 2 3 22 18 10 16 8 0 19 15 7 13 17
94 0 9 5 20 24 23 4 1 11 6 12 14 21 2 3 0 18 10 16 8 22 19 15 7 13 17
93 0 9 5 20 24 23 4 1 11 6 0 14 21 2 3 12 18 10 16 8 22 19 15 7 13 17
92 0 9 5 20 24 0 4 1 11 6 23 14 21 2 3 12 18 10 16 8 22 19 15 7 13 17
91 0 9 5 20 0 24 4 1 11 6 23 14 21 2 3 12 18 10 16 8 22 19 15 7 13 17
90 0 9 5 0 20 24 4 1 11 6 23 14 21 2 3 12 18 10 16 8 22 19 15 7 13 17
89 0 9 0 5 20 24 4 1 11 6 23 14 21 2 3 12 18 10 16 8 22 19 15 7 13 17
88 0 0 9 5 20 24 4 1 11 6 23 14 21 2 3 12 18 10 16 8 22 19 15 7 13 17
87 0 4 9 5 20 24 0 1 11 6 23 14 21 2 3 12 18 10 16 8 22 19 15 7 13 17
86 0 4 9 5 20 24 1 0 11 6 23 14 21 2 3 12 18 10 16 8 22 19 15 7 13 17
85 0 4 9 5 20 24 1 11 0 6 23 14 21 2 3 12 18 10 16 8 22 19 15 7 13 17
84 0 4 9 5 20 24 1 11 6 0 23 14 21 2 3 12 18 10 16 8 22 19 15 7 13 17
83 0 4 9 5 20 24 1 11 6 3 23 14 21 2 0 12 18 10 16 8 22 19 15 7 13 17
82 0 4 9 5 20 24 1 11 6 3 23 14 21 2 12 0 18 10 16 8 22 19 15 7 13 17
81 0 4 9 5 20 24 1 11 6 3 0 14 21 2 12 23 18 10 16 8 22 19 15 7 13 17
80 0 4 9 5 20 0 1 11 6 3 24 14 21 2 12 23 18 10 16 8 22 19 15 7 13 17
79 0 4 9 5 0 20 1 11 6 3 24 14 21 2 12 23 18 10 16 8 22 19 15 7 13 17
78 0 4 9 0 5 20 1 11 6 3 24 14 21 2 12 23 18 10 16 8 22 19 15 7 13 17
77 0 4 0 9 5 20 1 11 6 3 24 14 21 2 12 23 18 10 16 8 22 19 15 7 13 17
76 0 0 4 9 5 20 1 11 6 3 24 14 21 2 12 23 18 10 16 8 22 19 15 7 13 17
75 0 1 4 9 5 20 0 11 6 3 24 14 21 2 12 23 18 10 16 8 22 19 15 7 13 17
74 0 1 4 9 5 20 11 0 6 3 24 14 21 2 12 23 18 10 16 8 22 19 15 7 13 17
73 0 1 4 9 5 20 11 6 0 3 24 14 21 2 12 23 18 10 16 8 22 19 15 7 13 17
72 0 1 4 9 5 20 11 6 2 3 24 14 21 0 12 23 18 10 16 8 22 19 15 7 13 17
71 0 1 4 9 5 20 11 6 2 3 24 14 21 16 12 23 18 10 0 8 22 19 15 7 13 17
70 0 1 4 9 5 20 11 6 2 3 24 14 21 16 12 23 18 0 10 8 22 19 15 7 13 17
69 0 1 4 9 5 20 11 6 2 3 24 14 0 16 12 23 18 21 10 8 22 19 15 7 13 17
68 0 1 4 9 5 20 11 6 2 3 24 14 16 0 12 23 18 21 10 8 22 19 15 7 13 17
67 0 1 4 9 5 20 11 6 2 3 24 14 16 12 0 23 18 21 10 8 22 19 15 7 13 17
66 0 1 4 9 5 20 11 6 2 3 24 14 16 12 8 23 18 21 10 0 22 19 15 7 13 17
65 0 1 4 9 5 20 11 6 2 3 24 14 16 12 8 23 18 21 0 10 22 19 15 7 13 17
64 0 1 4 9 5 20 11 6 2 3 24 14 16 12 8 23 18 21 7 10 22 19 15 0 13 17
63 0 1 4 9 5 20 11 6 2 3 24 14 16 12 8 23 18 21 7 10 22 19 0 15 13 17
62 0 1 4 9 5 20 11 6 2 3 24 14 16 12 8 23 18 21 7 10 22 0 19 15 13 17
61 0 1 4 9 5 20 11 6 2 3 24 14 16 12 8 23 0 21 7 10 22 18 19 15 13 17
60 0 1 4 9 5 20 11 6 2 3 24 14 16 12 8 23 21 0 7 10 22 18 19 15 13 17
59 0 1 4 9 5 20 11 6 2 3 24 14 0 12 8 23 21 16 7 10 22 18 19 15 13 17
58 0 1 4 9 5 20 11 6 2 3 24 14 12 0 8 23 21 16 7 10 22 18 19 15 13 17
57 0 1 4 9 5 20 11 6 2 3 24 14 12 7 8 23 21 16 0 10 22 18 19 15 13 17
56 0 1 4 9 5 20 11 6 2 3 24 14 12 7 8 23 21 16 15 10 22 18 19 0 13 17
55 0 1 4 9 5 20 11 6 2 3 24 14 12 7 8 23 21 16 15 10 22 18 0 19 13 17
54 0 1 4 9 5 20 11 6 2 3 24 14 12 7 8 23 21 16 15 10 22 0 18 19 13 17
53 0 1 4 9 5 20 11 6 2 3 24 14 12 7 8 23 0 16 15 10 22 21 18 19 13 17
52 0 1 4 9 5 20 11 6 2 3 24 14 12 7 8 23 16 0 15 10 22 21 18 19 13 17
51 0 1 4 9 5 20 11 6 2 3 24 14 0 7 8 23 16 12 15 10 22 21 18 19 13 17
50 0 1 4 9 5 20 11 6 2 3 24 0 14 7 8 23 16 12 15 10 22 21 18 19 13 17
49 0 1 4 9 5 20 0 6 2 3 24 11 14 7 8 23 16 12 15 10 22 21 18 19 13 17
48 0 1 4 9 5 20 6 0 2 3 24 11 14 7 8 23 16 12 15 10 22 21 18 19 13 17
47 0 1 4 9 5 20 6 2 0 3 24 11 14 7 8 23 16 12 15 10 22 21 18 19 13 17
46 0 1 4 9 5 20 6 2 7 3 24 11 14 0 8 23 16 12 15 10 22 21 18 19 13 17
45 0 1 4 9 5 20 6 2 7 3 24 11 14 8 0 23 16 12 15 10 22 21 18 19 13 17
44 0 1 4 9 5 20 6 2 7 3 24 11 14 8 10 23 16 12 15 0 22 21 18 19 13 17
43 0 1 4 9 5 20 6 2 7 3 24 11 14 8 10 23 16 12 0 15 22 21 18 19 13 17
42 0 1 4 9 5 20 6 2 7 3 24 11 14 8 10 23 16 12 19 15 22 21 18 0 13 17
41 0 1 4 9 5 20 6 2 7 3 24 11 14 8 10 23 16 12 19 15 22 21 18 13 0 17
40 0 1 4 9 5 20 6 2 7 3 24 11 14 8 10 23 16 12 19 15 22 21 18 13 17 0
39 0 1 4 9 5 20 6 2 7 3 24 11 14 8 10 23 16 12 19 15 0 21 18 13 17 22
38 0 1 4 9 5 20 6 2 7 3 24 11 14 8 10 0 16 12 19 15 23 21 18 13 17 22
37 0 1 4 9 5 20 6 2 7 3 0 11 14 8 10 24 16 12 19 15 23 21 18 13 17 22
36 0 1 4 9 5 0 6 2 7 3 20 11 14 8 10 24 16 12 19 15 23 21 18 13 17 22
35 0 1 4 9 0 5 6 2 7 3 20 11 14 8 10 24 16 12 19 15 23 21 18 13 17 22
34 0 1 4 0 9 5 6 2 7 3 20 11 14 8 10 24 16 12 19 15 23 21 18 13 17 22
33 0 1 0 4 9 5 6 2 7 3 20 11 14 8 10 24 16 12 19 15 23 21 18 13 17 22
32 0 1 2 4 9 5 6 0 7 3 20 11 14 8 10 24 16 12 19 15 23 21 18 13 17 22
31 0 1 2 4 9 5 6 7 0 3 20 11 14 8 10 24 16 12 19 15 23 21 18 13 17 22
30 0 1 2 4 9 5 6 7 3 0 20 11 14 8 10 24 16 12 19 15 23 21 18 13 17 22
122 0 9 24 6 11 0 14 20 21 12 23 18 4 1 7 22 10 5 3 2 8 19 15 13 16 17
121 0 9 24 6 11 23 14 20 21 12 0 18 4 1 7 22 10 5 3 2 8 19 15 13 16 17
120 0 9 24 6 11 23 14 20 21 0 12 18 4 1 7 22 10 5 3 2 8 19 15 13 16 17
119 0 9 24 6 11 23 14 20 0 21 12 18 4 1 7 22 10 5 3 2 8 19 15 13 16 17
118 0 9 24 0 11 23 14 20 6 21 12 18 4 1 7 22 10 5 3 2 8 19 15 13 16 17
117 0 9 0 24 11 23 14 20 6 21 12 18 4 1 7 22 10 5 3 2 8 19 15 13 16 17
116 0 9 20 24 11 23 14 0 6 21 12 18 4 1 7 22 10 5 3 2 8 19 15 13 16 17
115 0 9 20 24 11 23 14 6 0 21 12 18 4 1 7 22 10 5 3 2 8 19 15 13 16 17
114 0 9 20 24 11 23 14 6 21 0 12 18 4 1 7 22 10 5 3 2 8 19 15 13 16 17
113 0 9 20 24 0 23 14 6 21 11 12 18 4 1 7 22 10 5 3 2 8 19 15 13 16 17
112 0 9 20 0 24 23 14 6 21 11 12 18 4 1 7 22 10 5 3 2 8 19 15 13 16 17
111 0 9 0 20 24 23 14 6 21 11 12 18 4 1 7 22 10 5 3 2 8 19 15 13 16 17
110 0 9 6 20 24 23 14 0 21 11 12 18 4 1 7 22 10 5 3 2 8 19 15 13 16 17
109 0 9 6 20 24 23 14 21 0 11 12 18 4 1 7 22 10 5 3 2 8 19 15 13 16 17
108 0 9 6 20 24 23 14 21 1 11 12 18 4 0 7 22 10 5 3 2 8 19 15 13 16 17
107 0 9 6 20 24 23 14 21 1 11 12 18 0 4 7 22 10 5 3 2 8 19 15 13 16 17
106 0 9 6 20 24 23 14 21 1 11 12 18 5 4 7 22 10 0 3 2 8 19 15 13 16 17
105 0 9 6 20 24 23 14 21 1 11 12 18 5 4 7 22 0 10 3 2 8 19 15 13 16 17
104 0 9 6 20 24 23 14 21 1 11 12 0 5 4 7 22 18 10 3 2 8 19 15 13 16 17
103 0 9 6 20 24 23 0 21 1 11 12 14 5 4 7 22 18 10 3 2 8 19 15 13 16 17
102 0 9 6 20 24 23 21 0 1 11 12 14 5 4 7 22 18 10 3 2 8 19 15 13 16 17
101 0 9 6 20 24 23 21 5 1 11 12 14 0 4 7 22 18 10 3 2 8 19 15 13 16 17
100 0 9 6 20 24 23 21 5 1 11 12 0 14 4 7 22 18 10 3 2 8 19 15 13 16 17
99 0 9 6 20 24 23 0 5 1 11 12 21 14 4 7 22 18 10 3 2 8 19 15 13 16 17
98 0 0 6 20 24 23 9 5 1 11 12 21 14 4 7 22 18 10 3 2 8 19 15 13 16 17
97 0 6 0 20 24 23 9 5 1 11 12 21 14 4 7 22 18 10 3 2 8 19 15 13 16 17
96 0 6 5 20 24 23 9 0 1 11 12 21 14 4 7 22 18 10 3 2 8 19 15 13 16 17
95 0 6 5 20 24 23 9 1 0 11 12 21 14 4 7 22 18 10 3 2 8 19 15 13 16 17
94 0 6 5 20 24 23 9 1 11 0 12 21 14 4 7 22 18 10 3 2 8 19 15 13 16 17
93 0 6 5 20 24 23 9 1 11 12 0 21 14 4 7 22 18 10 3 2 8 19 15 13 16 17
92 0 6 5 20 24 0 9 1 11 12 23 21 14 4 7 22 18 10 3 2 8 19 15 13 16 17
91 0 6 5 20 0 24 9 1 11 12 23 21 14 4 7 22 18 10 3 2 8 19 15 13 16 17
90 0 6 5 0 20 24 9 1 11 12 23 21 14 4 7 22 18 10 3 2 8 19 15 13 16 17
89 0 6 0 5 20 24 9 1 11 12 23 21 14 4 7 22 18 10 3 2 8 19 15 13 16 17
88 0 6 1 5 20 24 9 0 11 12 23 21 14 4 7 22 18 10 3 2 8 19 15 13 16 17
87 0 6 1 5 20 24 9 11 0 12 23 21 14 4 7 22 18 10 3 2 8 19 15 13 16 17
86 0 6 1 5 20 24 9 11 4 12 23 21 14 0 7 22 18 10 3 2 8 19 15 13 16 17
85 0 6 1 5 20 24 9 11 4 12 23 21 14 3 7 22 18 10 0 2 8 19 15 13 16 17
84 0 6 1 5 20 24 9 11 4 12 23 21 14 3 7 22 18 10 2 0 8 19 15 13 16 17
83 0 6 1 5 20 24 9 11 4 12 23 21 14 3 7 22 18 10 2 8 0 19 15 13 16 17
82 0 6 1 5 20 24 9 11 4 12 23 21 14 3 7 0 18 10 2 8 22 19 15 13 16 17
81 0 6 1 5 20 24 9 11 4 12 0 21 14 3 7 23 18 10 2 8 22 19 15 13 16 17
80 0 6 1 5 20 0 9 11 4 12 24 21 14 3 7 23 18 10 2 8 22 19 15 13 16 17
79 0 6 1 5 0 20 9 11 4 12 24 21 14 3 7 23 18 10 2 8 22 19 15 13 16 17
78 0 6 1 0 5 20 9 11 4 12 24 21 14 3 7 23 18 10 2 8 22 19 15 13 16 17
77 0 6 1 4 5 20 9 11 0 12 24 21 14 3 7 23 18 10 2 8 22 19 15 13 16 17
76 0 6 1 4 5 20 9 11 3 12 24 21 14 0 7 23 18 10 2 8 22 19 15 13 16 17
75 0 6 1 4 5 20 9 11 3 12 24 21 14 2 7 23 18 10 0 8 22 19 15 13 16 17
74 0 6 1 4 5 20 9 11 3 12 24 21 14 2 7 23 18 0 10 8 22 19 15 13 16 17
73 0 6 1 4 5 20 9 11 3 12 24 21 14 2 7 23 18 15 10 8 22 19 0 13 16 17
72 0 6 1 4 5 20 9 11 3 12 24 21 14 2 7 23 18 15 10 8 22 0 19 13 16 17
71 0 6 1 4 5 20 9 11 3 12 24 21 14 2 7 23 0 15 10 8 22 18 19 13 16 17
70 0 6 1 4 5 20 9 11 3 12 24 0 14 2 7 23 21 15 10 8 22 18 19 13 16 17
69 0 6 1 4 5 20 0 11 3 12 24 9 14 2 7 23 21 15 10 8 22 18 19 13 16 17
68 0 6 1 4 5 20 11 0 3 12 24 9 14 2 7 23 21 15 10 8 22 18 19 13 16 17
67 0 6 1 4 5 20 11 3 0 12 24 9 14 2 7 23 21 15 10 8 22 18 19 13 16 17
66 0 6 1 4 5 20 11 3 2 12 24 9 14 0 7 23 21 15 10 8 22 18 19 13 16 17
65 0 6 1 4 5 20 11 3 2 12 24 9 14 10 7 23 21 15 0 8 22 18 19 13 16 17
64 0 6 1 4 5 20 11 3 2 12 24 9 14 10 7 23 21 0 15 8 22 18 19 13 16 17
63 0 6 1 4 5 20 11 3 2 12 24 9 0 10 7 23 21 14 15 8 22 18 19 13 16 17
62 0 6 1 4 5 20 11 3 2 12 24 0 9 10 7 23 21 14 15 8 22 18 19 13 16 17
61 0 6 1 4 5 20 0 3 2 12 24 11 9 10 7 23 21 14 15 8 22 18 19 13 16 17
60 0 0 1 4 5 20 6 3 2 12 24 11 9 10 7 23 21 14 15 8 22 18 19 13 16 17
59 0 1 0 4 5 20 6 3 2 12 24 11 9 10 7 23 21 14 15 8 22 18 19 13 16 17
58 0 1 3 4 5 20 6 0 2 12 24 11 9 10 7 23 21 14 15 8 22 18 19 13 16 17
57 0 1 3 4 5 20 6 2 0 12 24 11 9 10 7 23 21 14 15 8 22 18 19 13 16 17
56 0 1 3 4 5 20 6 2 12 0 24 11 9 10 7 23 21 14 15 8 22 18 19 13 16 17
55 0 1 3 4 5 20 6 2 12 7 24 11 9 10 0 23 21 14 15 8 22 18 19 13 16 17
54 0 1 3 4 5 20 6 2 12 7 24 11 9 0 10 23 21 14 15 8 22 18 19 13 16 17
53 0 1 3 4 5 20 6 2 12 7 24 11 9 15 10 23 21 14 0 8 22 18 19 13 16 17
52 0 1 3 4 5 20 6 2 12 7 24 11 9 15 10 23 21 14 13 8 22 18 19 0 16 17
51 0 1 3 4 5 20 6 2 12 7 24 11 9 15 10 23 21 14 13 8 22 18 19 16 0 17
50 0 1 3 4 5 20 6 2 12 7 24 11 9 15 10 23 21 14 13 8 22 18 19 16 17 0
49 0 1 3 4 5 20 6 2 12 7 24 11 9 15 10 23 21 14 13 8 0 18 19 16 17 22
48 0 1 3 4 5 20 6 2 12 7 24 11 9 15 10 0 21 14 13 8 23 18 19 16 17 22
47 0 1 3 4 5 20 6 2 12 7 0 11 9 15 10 24 21 14 13 8 23 18 19 16 17 22
46 0 1 3 4 5 0 6 2 12 7 20 11 9 15 10 24 21 14 13 8 23 18 19 16 17 22
45 0 1 3 4 0 5 6 2 12 7 20 11 9 15 10 24 21 14 13 8 23 18 19 16 17 22
44 0 1 3 0 4 5 6 2 12 7 20 11 9 15 10 24 21 14 13 8 23 18 19 16 17 22
43 0 1 0 3 4 5 6 2 12 7 20 11 9 15 10 24 21 14 13 8 23 18 19 16 17 22
42 0 1 2 3 4 5 6 0 12 7 20 11 9 15 10 24 21 14 13 8 23 18 19 16 17 22
41 0 1 2 3 4 5 6 12 0 7 20 11 9 15 10 24 21 14 13 8 23 18 19 16 17 22
122 0 9 24 6 11 0 14 20 21 12 23 18 5 1 2 22 4 10 13 3 8 19 15 16 7 17
121 0 9 24 6 0 11 14 20 21 12 23 18 5 1 2 22 4 10 13 3 8 19 15 16 7 17
120 0 9 24 6 12 11 14 20 21 0 23 18 5 1 2 22 4 10 13 3 8 19 15 16 7 17
119 0 9 24 6 12 11 14 20 0 21 23 18 5 1 2 22 4 10 13 3 8 19 15 16 7 17
118 0 9 24 6 12 11 14 0 20 21 23 18 5 1 2 22 4 10 13 3 8 19 15 16 7 17
117 0 9 24 6 12 11 14 5 20 21 23 18 0 1 2 22 4 10 13 3 8 19 15 16 7 17
116 0 9 24 6 12 11 14 5 20 21 23 18 1 0 2 22 4 10 13 3 8 19 15 16 7 17
115 0 9 24 6 12 11 14 5 20 21 23 18 1 2 0 22 4 10 13 3 8 19 15 16 7 17
114 0 9 24 6 12 11 14 5 20 0 23 18 1 2 21 22 4 10 13 3 8 19 15 16 7 17
113 0 9 24 6 12 11 14 5 0 20 23 18 1 2 21 22 4 10 13 3 8 19 15 16 7 17
112 0 9 24 6 12 11 14 0 5 20 23 18 1 2 21 22 4 10 13 3 8 19 15 16 7 17
111 0 9 0 6 12 11 14 24 5 20 23 18 1 2 21 22 4 10 13 3 8 19 15 16 7 17
110 0 9 6 0 12 11 14 24 5 20 23 18 1 2 21 22 4 10 13 3 8 19 15 16 7 17
109 0 9 6 5 12 11 14 24 0 20 23 18 1 2 21 22 4 10 13 3 8 19 15 16 7 17
108 0 9 6 5 12 11 14 24 2 20 23 18 1 0 21 22 4 10 13 3 8 19 15 16 7 17
107 0 9 6 5 12 11 14 24 2 20 23 18 1 21 0 22 4 10 13 3 8 19 15 16 7 17
106 0 9 6 5 12 11 14 24 2 20 23 18 1 21 3 22 4 10 13 0 8 19 15 16 7 17
105 0 9 6 5 12 11 14 24 2 20 23 18 1 21 3 22 4 10 13 8 0 19 15 16 7 17
104 0 9 6 5 12 11 14 24 2 20 23 18 1 21 3 0 4 10 13 8 22 19 15 16 7 17
103 0 9 6 5 12 11 14 24 2 20 0 18 1 21 3 23 4 10 13 8 22 19 15 16 7 17
102 0 9 6 5 12 11 14 24 2 0 20 18 1 21 3 23 4 10 13 8 22 19 15 16 7 17
101 0 9 6 5 0 11 14 24 2 12 20 18 1 21 3 23 4 10 13 8 22 19 15 16 7 17
100 0 9 6 0 5 11 14 24 2 12 20 18 1 21 3 23 4 10 13 8 22 19 15 16 7 17
99 0 9 6 2 5 11 14 24 0 12 20 18 1 21 3 23 4 10 13 8 22 19 15 16 7 17
98 0 9 6 2 5 11 14 0 24 12 20 18 1 21 3 23 4 10 13 8 22 19 15 16 7 17
97 0 9 6 2 5 11 14 1 24 12 20 18 0 21 3 23 4 10 13 8 22 19 15 16 7 17
96 0 9 6 2 5 11 14 1 24 12 20 18 10 21 3 23 4 0 13 8 22 19 15 16 7 17
95 0 9 6 2 5 11 14 1 24 12 20 18 10 21 3 23 4 13 0 8 22 19 15 16 7 17
94 0 9 6 2 5 11 14 1 24 12 20 18 10 0 3 23 4 13 21 8 22 19 15 16 7 17
93 0 9 6 2 5 11 14 1 0 12 20 18 10 24 3 23 4 13 21 8 22 19 15 16 7 17
92 0 9 6 2 5 11 14 1 12 0 20 18 10 24 3 23 4 13 21 8 22 19 15 16 7 17
91 0 9 6 2 5 11 14 1 12 3 20 18 10 24 0 23 4 13 21 8 22 19 15 16 7 17
90 0 9 6 2 5 11 14 1 12 3 20 18 10 0 24 23 4 13 21 8 22 19 15 16 7 17
89 0 9 6 2 5 11 14 1 12 3 20 18 0 10 24 23 4 13 21 8 22 19 15 16 7 17
88 0 9 6 2 5 11 14 1 12 3 20 18 13 10 24 23 4 0 21 8 22 19 15 16 7 17
87 0 9 6 2 5 11 14 1 12 3 20 18 13 10 24 23 4 15 21 8 22 19 0 16 7 17
86 0 9 6 2 5 11 14 1 12 3 20 18 13 10 24 23 4 15 21 8 22 19 16 0 7 17
85 0 9 6 2 5 11 14 1 12 3 20 18 13 10 24 23 4 15 0 8 22 19 16 21 7 17
84 0 9 6 2 5 11 14 1 12 3 20 18 13 10 24 23 4 0 15 8 22 19 16 21 7 17
83 0 9 6 2 5 11 14 1 12 3 20 18 13 10 24 23 0 4 15 8 22 19 16 21 7 17
82 0 9 6 2 5 11 14 1 12 3 20 18 13 10 24 23 19 4 15 8 22 0 16 21 7 17
81 0 9 6 2 5 11 14 1 12 3 20 18 13 10 24 23 19 4 15 8 22 16 0 21 7 17
80 0 9 6 2 5 11 14 1 12 3 20 18 13 10 24 23 19 4 15 8 22 16 21 0 7 17
79 0 9 6 2 5 11 14 1 12 3 20 18 13 10 24 23 19 4 15 8 22 16 21 7 0 17
78 0 9 6 2 5 11 14 1 12 3 20 18 13 10 24 23 19 4 15 8 22 16 21 7 17 0
77 0 9 6 2 5 11 14 1 12 3 20 18 13 10 24 23 19 4 15 8 0 16 21 7 17 22
76 0 9 6 2 5 11 14 1 12 3 20 18 13 10 24 0 19 4 15 8 23 16 21 7 17 22
75 0 9 6 2 5 11 14 1 12 3 0 18 13 10 24 20 19 4 15 8 23 16 21 7 17 22
74 0 9 6 2 5 0 14 1 12 3 11 18 13 10 24 20 19 4 15 8 23 16 21 7 17 22
73 0 9 6 2 0 5 14 1 12 3 11 18 13 10 24 20 19 4 15 8 23 16 21 7 17 22
72 0 9 6 2 3 5 14 1 12 0 11 18 13 10 24 20 19 4 15 8 23 16 21 7 17 22
71 0 9 6 2 3 5 14 1 12 11 0 18 13 10 24 20 19 4 15 8 23 16 21 7 17 22
70 0 9 6 2 3 5 14 1 12 11 20 18 13 10 24 0 19 4 15 8 23 16 21 7 17 22
69 0 9 6 2 3 5 14 1 12 11 20 18 13 10 0 24 19 4 15 8 23 16 21 7 17 22
68 0 9 6 2 3 5 14 1 12 11 20 18 13 0 10 24 19 4 15 8 23 16 21 7 17 22
67 0 9 6 2 3 5 14 1 12 11 20 18 13 15 10 24 19 4 0 8 23 16 21 7 17 22
66 0 9 6 2 3 5 14 1 12 11 20 18 13 15 10 24 19 0 4 8 23 16 21 7 17 22
65 0 9 6 2 3 5 14 1 12 11 20 18 13 15 10 24 0 19 4 8 23 16 21 7 17 22
64 0 9 6 2 3 5 14 1 12 11 20 0 13 15 10 24 18 19 4 8 23 16 21 7 17 22
63 0 9 6 2 3 5 0 1 12 11 20 14 13 15 10 24 18 19 4 8 23 16 21 7 17 22
62 0 0 6 2 3 5 9 1 12 11 20 14 13 15 10 24 18 19 4 8 23 16 21 7 17 22
61 0 6 0 2 3 5 9 1 12 11 20 14 13 15 10 24 18 19 4 8 23 16 21 7 17 22
60 0 6 1 2 3 5 9 0 12 11 20 14 13 15 10 24 18 19 4 8 23 16 21 7 17 22
59 0 6 1 2 3 5 9 12 0 11 20 14 13 15 10 24 18 19 4 8 23 16 21 7 17 22
58 0 6 1 2 3 5 9 12 11 0 20 14 13 15 10 24 18 19 4 8 23 16 21 7 17 22
57 0 6 1 2 3 5 9 12 11 10 20 14 13 15 0 24 18 19 4 8 23 16 21 7 17 22
56 0 6 1 2 3 5 9 12 11 10 20 14 13 15 8 24 18 19 4 0 23 16 21 7 17 22
55 0 6 1 2 3 5 9 12 11 10 20 14 13 15 8 24 18 19 4 23 0 16 21 7 17 22
54 0 6 1 2 3 5 9 12 11 10 20 14 13 15 8 0 18 19 4 23 24 16 21 7 17 22
53 0 6 1 2 3 5 9 12 11 10 0 14 13 15 8 20 18 19 4 23 24 16 21 7 17 22
52 0 6 1 2 3 5 9 12 11 0 10 14 13 15 8 20 18 19 4 23 24 16 21 7 17 22
51 0 6 1 2 3 5 9 12 11 8 10 14 13 15 0 20 18 19 4 23 24 16 21 7 17 22
50 0 6 1 2 3 5 9 12 11 8 10 14 13 0 15 20 18 19 4 23 24 16 21 7 17 22
49 0 6 1 2 3 5 9 12 11 8 10 14 13 4 15 20 18 19 0 23 24 16 21 7 17 22
48 0 6 1 2 3 5 9 12 11 8 10 14 13 4 15 20 18 19 7 23 24 16 21 0 17 22
47 0 6 1 2 3 5 9 12 11 8 10 14 13 4 15 20 18 19 7 23 24 16 21 17 0 22
46 0 6 1 2 3 5 9 12 11 8 10 14 13 4 15 20 18 19 7 23 24 16 21 17 22 0
45 0 6 1 2 3 5 9 12 11 8 10 14 13 4 15 20 18 19 7 23 0 16 21 17 22 24
44 0 6 1 2 3 5 9 12 11 8 10 14 13 4 15 0 18 19 7 23 20 16 21 17 22 24
43 0 6 1 2 3 5 9 12 11 8 10 14 13 4 0 15 18 19 7 23 20 16 21 17 22 24
42 0 6 1 2 3 5 9 12 11 8 10 14 13 0 4 15 18 19 7 23 20 16 21 17 22 24
41 0 6 1 2 3 5 9 12 11 8 10 14 13 7 4 15 18 19 0 23 20 16 21 17 22 24
40 0 6 1 2 3 5 9 12 11 8 10 14 13 7 4 15 18 0 19 23 20 16 21 17 22 24
39 0 6 1 2 3 5 9 12 11 8 10 14 13 7 4 15 0 18 19 23 20 16 21 17 22 24
38 0 6 1 2 3 5 9 12 11 8 10 0 13 7 4 15 14 18 19 23 20 16 21 17 22 24
37 0 6 1 2 3 5 0 12 11 8 10 9 13 7 4 15 14 18 19 23 20 16 21 17 22 24
36 0 6 1 2 3 5 12 0 11 8 10 9 13 7 4 15 14 18 19 23 20 16 21 17 22 24
35 0 6 1 2 3 5 12 11 0 8 10 9 13 7 4 15 14 18 19 23 20 16 21 17 22 24
34 0 6 1 2 3 5 12 11 7 8 10 9 13 0 4 15 14 18 19 23 20 16 21 17 22 24
33 0 6 1 2 3 5 12 11 7 8 10 9 0 13 4 15 14 18 19 23 20 16 21 17 22 24
32 0 6 1 2 3 5 12 11 7 8 10 0 9 13 4 15 14 18 19 23 20 16 21 17 22 24
31 0 6 1 2 3 5 12 11 7 8 10 14 9 13 4 15 0 18 19 23 20 16 21 17 22 24
30 0 6 1 2 3 5 12 11 7 8 10 14 9 13 4 15 16 18 19 23 20 0 21 17 22 24
122 0 9 24 6 11 0 14 20 21 12 23 18 5 1 2 22 19 10 7 3 8 15 4 13 16 17
121 0 9 24 6 0 11 14 20 21 12 23 18 5 1 2 22 19 10 7 3 8 15 4 13 16 17
120 0 9 24 6 12 11 14 20 21 0 23 18 5 1 2 22 19 10 7 3 8 15 4 13 16 17
119 0 9 24 6 12 11 14 20 0 21 23 18 5 1 2 22 19 10 7 3 8 15 4 13 16 17
118 0 9 24 6 12 11 14 20 1 21 23 18 5 0 2 22 19 10 7 3 8 15 4 13 16 17
117 0 9 24 6 12 11 14 20 1 21 23 18 0 5 2 22 19 10 7 3 8 15 4 13 16 17
116 0 9 24 6 12 11 14 0 1 21 23 18 20 5 2 22 19 10 7 3 8 15 4 13 16 17
115 0 9 24 6 12 11 14 1 0 21 23 18 20 5 2 22 19 10 7 3 8 15 4 13 16 17
114 0 9 24 6 12 11 14 1 21 0 23 18 20 5 2 22 19 10 7 3 8 15 4 13 16 17
113 0 9 24 6 12 11 14 1 21 2 23 18 20 5 0 22 19 10 7 3 8 15 4 13 16 17
112 0 9 24 6 12 11 14 1 21 2 23 18 20 0 5 22 19 10 7 3 8 15 4 13 16 17
111 0 9 24 6 12 11 14 1 21 2 23 18 0 20 5 22 19 10 7 3 8 15 4 13 16 17
110 0 9 24 6 12 11 14 1 21 2 23 18 10 20 5 22 19 0 7 3 8 15 4 13 16 17
109 0 9 24 6 12 11 14 1 21 2 23 18 10 20 5 22 19 4 7 3 8 15 0 13 16 17
108 0 9 24 6 12 11 14 1 21 2 23 18 10 20 5 22 19 4 7 3 8 0 15 13 16 17
107 0 9 24 6 12 11 14 1 21 2 23 18 10 20 5 22 0 4 7 3 8 19 15 13 16 17
106 0 9 24 6 12 11 14 1 21 2 23 0 10 20 5 22 18 4 7 3 8 19 15 13 16 17
105 0 9 24 6 12 11 0 1 21 2 23 14 10 20 5 22 18 4 7 3 8 19 15 13 16 17
104 0 9 24 6 12 11 1 0 21 2 23 14 10 20 5 22 18 4 7 3 8 19 15 13 16 17
103 0 9 24 6 12 11 1 21 0 2 23 14 10 20 5 22 18 4 7 3 8 19 15 13 16 17
102 0 9 24 0 12 11 1 21 6 2 23 14 10 20 5 22 18 4 7 3 8 19 15 13 16 17
101 0 9 0 24 12 11 1 21 6 2 23 14 10 20 5 22 18 4 7 3 8 19 15 13 16 17
100 0 0 9 24 12 11 1 21 6 2 23 14 10 20 5 22 18 4 7 3 8 19 15 13 16 17
99 0 1 9 24 12 11 0 21 6 2 23 14 10 20 5 22 18 4 7 3 8 19 15 13 16 17
98 0 1 9 24 12 11 21 0 6 2 23 14 10 20 5 22 18 4 7 3 8 19 15 13 16 17
97 0 1 9 24 12 11 21 6 0 2 23 14 10 20 5 22 18 4 7 3 8 19 15 13 16 17
96 0 1 9 24 12 11 21 6 2 0 23 14 10 20 5 22 18 4 7 3 8 19 15 13 16 17
95 0 1 9 24 12 11 21 6 2 5 23 14 10 20 0 22 18 4 7 3 8 19 15 13 16 17
94 0 1 9 24 12 11 21 6 2 5 23 14 10 20 3 22 18 4 7 0 8 19 15 13 16 17
93 0 1 9 24 12 11 21 6 2 5 23 14 10 20 3 22 18 4 7 8 0 19 15 13 16 17
92 0 1 9 24 12 11 21 6 2 5 23 14 10 20 3 0 18 4 7 8 22 19 15 13 16 17
91 0 1 9 24 12 11 21 6 2 5 0 14 10 20 3 23 18 4 7 8 22 19 15 13 16 17
90 0 1 9 24 12 11 21 6 2 0 5 14 10 20 3 23 18 4 7 8 22 19 15 13 16 17
89 0 1 9 24 0 11 21 6 2 12 5 14 10 20 3 23 18 4 7 8 22 19 15 13 16 17
88 0 1 9 24 11 0 21 6 2 12 5 14 10 20 3 23 18 4 7 8 22 19 15 13 16 17
87 0 1 9 24 11 5 21 6 2 12 0 14 10 20 3 23 18 4 7 8 22 19 15 13 16 17
86 0 1 9 24 11 5 21 6 2 0 12 14 10 20 3 23 18 4 7 8 22 19 15 13 16 17
85 0 1 9 24 11 5 21 6 2 3 12 14 10 20 0 23 18 4 7 8 22 19 15 13 16 17
84 0 1 9 24 11 5 21 6 2 3 12 14 10 0 20 23 18 4 7 8 22 19 15 13 16 17
83 0 1 9 24 11 5 21 6 2 3 12 14 0 10 20 23 18 4 7 8 22 19 15 13 16 17
82 0 1 9 24 11 5 21 6 2 3 12 0 14 10 20 23 18 4 7 8 22 19 15 13 16 17
81 0 1 9 24 11 5 0 6 2 3 12 21 14 10 20 23 18 4 7 8 22 19 15 13 16 17
80 0 1 9 24 11 5 6 0 2 3 12 21 14 10 20 23 18 4 7 8 22 19 15 13 16 17
79 0 1 9 24 11 5 6 2 0 3 12 21 14 10 20 23 18 4 7 8 22 19 15 13 16 17
78 0 1 9 0 11 5 6 2 24 3 12 21 14 10 20 23 18 4 7 8 22 19 15 13 16 17
77 0 1 9 11 0 5 6 2 24 3 12 21 14 10 20 23 18 4 7 8 22 19 15 13 16 17
76 0 1 9 11 3 5 6 2 24 0 12 21 14 10 20 23 18 4 7 8 22 19 15 13 16 17
75 0 1 9 11 3 5 6 2 0 24 12 21 14 10 20 23 18 4 7 8 22 19 15 13 16 17
74 0 1 9 11 3 5 6 2 10 24 12 21 14 0 20 23 18 4 7 8 22 19 15 13 16 17
73 0 1 9 11 3 5 6 2 10 24 12 21 14 7 20 23 18 4 0 8 22 19 15 13 16 17
72 0 1 9 11 3 5 6 2 10 24 12 21 14 7 20 23 18 0 4 8 22 19 15 13 16 17
71 0 1 9 11 3 5 6 2 10 24 12 21 14 7 20 23 18 15 4 8 22 19 0 13 16 17
70 0 1 9 11 3 5 6 2 10 24 12 21 14 7 20 23 18 15 4 8 22 19 13 0 16 17
69 0 1 9 11 3 5 6 2 10 24 12 21 14 7 20 23 18 15 4 8 22 19 13 16 0 17
68 0 1 9 11 3 5 6 2 10 24 12 21 14 7 20 23 18 15 4 8 22 19 13 16 17 0
67 0 1 9 11 3 5 6 2 10 24 12 21 14 7 20 23 18 15 4 8 0 19 13 16 17 22
66 0 1 9 11 3 5 6 2 10 24 12 21 14 7 20 0 18 15 4 8 23 19 13 16 17 22
65 0 1 9 11 3 5 6 2 10 24 0 21 14 7 20 12 18 15 4 8 23 19 13 16 17 22
64 0 1 9 11 3 5 6 2 10 0 24 21 14 7 20 12 18 15 4 8 23 19 13 16 17 22
63 0 1 9 11 3 5 6 2 0 10 24 21 14 7 20 12 18 15 4 8 23 19 13 16 17 22
62 0 1 9 0 3 5 6 2 11 10 24 21 14 7 20 12 18 15 4 8 23 19 13 16 17 22
61 0 1 0 9 3 5 6 2 11 10 24 21 14 7 20 12 18 15 4 8 23 19 13 16 17 22
60 0 1 2 9 3 5 6 0 11 10 24 21 14 7 20 12 18 15 4 8 23 19 13 16 17 22
59 0 1 2 9 3 5 6 11 0 10 24 21 14 7 20 12 18 15 4 8 23 19 13 16 17 22
58 0 1 2 9 3 5 6 11 7 10 24 21 14 0 20 12 18 15 4 8 23 19 13 16 17 22
57 0 1 2 9 3 5 6 11 7 10 24 21 14 4 20 12 18 15 0 8 23 19 13 16 17 22
56 0 1 2 9 3 5 6 11 7 10 24 21 14 4 20 12 18 0 15 8 23 19 13 16 17 22
55 0 1 2 9 3 5 6 11 7 10 24 21 0 4 20 12 18 14 15 8 23 19 13 16 17 22
54 0 1 2 9 3 5 6 0 7 10 24 21 11 4 20 12 18 14 15 8 23 19 13 16 17 22
53 0 1 2 9 3 5 6 7 0 10 24 21 11 4 20 12 18 14 15 8 23 19 13 16 17 22
52 0 1 2 9 3 5 6 7 4 10 24 21 11 0 20 12 18 14 15 8 23 19 13 16 17 22
51 0 1 2 9 3 5 6 7 4 10 24 21 11 20 0 12 18 14 15 8 23 19 13 16 17 22
50 0 1 2 9 3 5 6 7 4 10 24 21 11 20 8 12 18 14 15 0 23 19 13 16 17 22
49 0 1 2 9 3 5 6 7 4 10 24 21 11 20 8 12 18 14 0 15 23 19 13 16 17 22
48 0 1 2 9 3 5 6 7 4 10 24 21 11 0 8 12 18 14 20 15 23 19 13 16 17 22
47 0 1 2 9 3 5 6 7 4 10 24 21 11 8 0 12 18 14 20 15 23 19 13 16 17 22
46 0 1 2 9 3 5 6 7 4 10 24 21 11 8 12 0 18 14 20 15 23 19 13 16 17 22
45 0 1 2 9 3 5 6 7 4 10 0 21 11 8 12 24 18 14 20 15 23 19 13 16 17 22
44 0 1 2 9 3 5 6 7 4 0 10 21 11 8 12 24 18 14 20 15 23 19 13 16 17 22
43 0 1 2 9 3 5 6 7 0 4 10 21 11 8 12 24 18 14 20 15 23 19 13 16 17 22
42 0 1 2 0 3 5 6 7 9 4 10 21 11 8 12 24 18 14 20 15 23 19 13 16 17 22
41 0 1 2 3 0 5 6 7 9 4 10 21 11 8 12 24 18 14 20 15 23 19 13 16 17 22
40 0 1 2 3 4 5 6 7 9 0 10 21 11 8 12 24 18 14 20 15 23 19 13 16 17 22
39 0 1 2 3 4 5 6 7 0 9 10 21 11 8 12 24 18 14 20 15 23 19 13 16 17 22
38 0 1 2 3 4 5 6 7 8 9 10 21 11 0 12 24 18 14 20 15 23 19 13 16 17 22
37 0 1 2 3 4 5 6 7 8 9 10 21 11 12 0 24 18 14 20 15 23 19 13 16 17 22
36 0 1 2 3 4 5 6 7 8 9 10 21 11 12 15 24 18 14 20 0 23 19 13 16 17 22
35 0 1 2 3 4 5 6 7 8 9 10 21 11 12 15 24 18 14 0 20 23 19 13 16 17 22
34 0 1 2 3 4 5 6 7 8 9 10 21 11 12 15 24 18 0 14 20 23 19 13 16 17 22
33 0 1 2 3 4 5 6 7 8 9 10 21 11 12 15 24 18 13 14 20 23 19 0 16 17 22
32 0 1 2 3 4 5 6 7 8 9 10 21 11 12 15 24 18 13 14 20 23 0 19 16 17 22
31 0 1 2 3 4 5 6 7 8 9 10 21 11 12 15 24 0 13 14 20 23 18 19 16 17 22
30 0 1 2 3 4 5 6 7 8 9 10 0 11 12 15 24 21 13 14 20 23 18 19 16 17 22
118 0 9 24 6 11 0 14 20 21 12 23 18 5 1 3 22 4 10 2 13 8 19 15 16 7 17
117 0 9 24 6 11 23 14 20 21 12 0 18 5 1 3 22 4 10 2 13 8 19 15 16 7 17
116 0 9 24 6 11 23 14 20 21 0 12 18 5 1 3 22 4 10 2 13 8 19 15 16 7 17
115 0 9 24 6 0 23 14 20 21 11 12 18 5 1 3 22 4 10 2 13 8 19 15 16 7 17
114 0 9 24 0 6 23 14 20 21 11 12 18 5 1 3 22 4 10 2 13 8 19 15 16 7 17
113 0 9 0 24 6 23 14 20 21 11 12 18 5 1 3 22 4 10 2 13 8 19 15 16 7 17
112 0 9 20 24 6 23 14 0 21 11 12 18 5 1 3 22 4 10 2 13 8 19 15 16 7 17
111 0 9 20 24 6 23 14 5 21 11 12 18 0 1 3 22 4 10 2 13 8 19 15 16 7 17
110 0 9 20 24 6 23 14 5 21 11 12 18 1 0 3 22 4 10 2 13 8 19 15 16 7 17
109 0 9 20 24 6 23 14 5 0 11 12 18 1 21 3 22 4 10 2 13 8 19 15 16 7 17
108 0 9 20 24 6 23 14 5 11 0 12 18 1 21 3 22 4 10 2 13 8 19 15 16 7 17
107 0 9 20 24 0 23 14 5 11 6 12 18 1 21 3 22 4 10 2 13 8 19 15 16 7 17
106 0 9 20 0 24 23 14 5 11 6 12 18 1 21 3 22 4 10 2 13 8 19 15 16 7 17
105 0 9 0 20 24 23 14 5 11 6 12 18 1 21 3 22 4 10 2 13 8 19 15 16 7 17
104 0 9 5 20 24 23 14 0 11 6 12 18 1 21 3 22 4 10 2 13 8 19 15 16 7 17
103 0 9 5 20 24 23 14 1 11 6 12 18 0 21 3 22 4 10 2 13 8 19 15 16 7 17
102 0 9 5 20 24 23 14 1 11 6 12 18 21 0 3 22 4 10 2 13 8 19 15 16 7 17
101 0 9 5 20 24 23 14 1 11 6 12 18 21 2 3 22 4 10 0 13 8 19 15 16 7 17
100 0 9 5 20 24 23 14 1 11 6 12 18 21 2 3 22 4 0 10 13 8 19 15 16 7 17
99 0 9 5 20 24 23 14 1 11 6 12 18 21 2 3 22 0 4 10 13 8 19 15 16 7 17
98 0 9 5 20 24 23 14 1 11 6 12 0 21 2 3 22 18 4 10 13 8 19 15 16 7 17
97 0 9 5 20 24 23 0 1 11 6 12 14 21 2 3 22 18 4 10 13 8 19 15 16 7 17
96 0 9 5 20 24 23 1 0 11 6 12 14 21 2 3 22 18 4 10 13 8 19 15 16 7 17
95 0 9 5 20 24 23 1 11 0 6 12 14 21 2 3 22 18 4 10 13 8 19 15 16 7 17
94 0 9 5 20 24 23 1 11 6 0 12 14 21 2 3 22 18 4 10 13 8 19 15 16 7 17
93 0 9 5 20 24 23 1 11 6 12 0 14 21 2 3 22 18 4 10 13 8 19 15 16 7 17
92 0 9 5 20 24 0 1 11 6 12 23 14 21 2 3 22 18 4 10 13 8 19 15 16 7 17
91 0 9 5 20 0 24 1 11 6 12 23 14 21 2 3 22 18 4 10 13 8 19 15 16 7 17
90 0 9 5 0 20 24 1 11 6 12 23 14 21 2 3 22 18 4 10 13 8 19 15 16 7 17
89 0 9 0 5 20 24 1 11 6 12 23 14 21 2 3 22 18 4 10 13 8 19 15 16 7 17
88 0 0 9 5 20 24 1 11 6 12 23 14 21 2 3 22 18 4 10 13 8 19 15 16 7 17
87 0 1 9 5 20 24 0 11 6 12 23 14 21 2 3 22 18 4 10 13 8 19 15 16 7 17
86 0 1 9 5 20 24 11 0 6 12 23 14 21 2 3 22 18 4 10 13 8 19 15 16 7 17
85 0 1 9 5 20 24 11 6 0 12 23 14 21 2 3 22 18 4 10 13 8 19 15 16 7 17
84 0 1 9 5 20 24 11 6 2 12 23 14 21 0 3 22 18 4 10 13 8 19 15 16 7 17
83 0 1 9 5 20 24 11 6 2 12 23 14 21 10 3 22 18 4 0 13 8 19 15 16 7 17
82 0 1 9 5 20 24 11 6 2 12 23 14 21 10 3 22 18 0 4 13 8 19 15 16 7 17
81 0 1 9 5 20 24 11 6 2 12 23 14 0 10 3 22 18 21 4 13 8 19 15 16 7 17
80 0 1 9 5 20 24 11 6 2 12 23 0 14 10 3 22 18 21 4 13 8 19 15 16 7 17
79 0 1 9 5 20 24 0 6 2 12 23 11 14 10 3 22 18 21 4 13 8 19 15 16 7 17
78 0 1 9 5 20 24 6 0 2 12 23 11 14 10 3 22 18 21 4 13 8 19 15 16 7 17
77 0 1 9 5 20 24 6 2 0 12 23 11 14 10 3 22 18 21 4 13 8 19 15 16 7 17
76 0 1 9 5 20 24 6 2 12 0 23 11 14 10 3 22 18 21 4 13 8 19 15 16 7 17
75 0 1 9 5 20 24 6 2 12 3 23 11 14 10 0 22 18 21 4 13 8 19 15 16 7 17
74 0 1 9 5 20 24 6 2 12 3 23 11 14 0 10 22 18 21 4 13 8 19 15 16 7 17
73 0 1 9 5 20 24 6 2 12 3 23 11 14 4 10 22 18 21 0 13 8 19 15 16 7 17
72 0 1 9 5 20 24 6 2 12 3 23 11 14 4 10 22 18 21 16 13 8 19 15 0 7 17
71 0 1 9 5 20 24 6 2 12 3 23 11 14 4 10 22 18 21 16 13 8 19 0 15 7 17
70 0 1 9 5 20 24 6 2 12 3 23 11 14 4 10 22 18 21 16 13 8 0 19 15 7 17
69 0 1 9 5 20 24 6 2 12 3 23 11 14 4 10 22 0 21 16 13 8 18 19 15 7 17
68 0 1 9 5 20 24 6 2 12 3 23 11 14 4 10 22 21 0 16 13 8 18 19 15 7 17
67 0 1 9 5 20 24 6 2 12 3 23 11 14 4 10 22 21 16 0 13 8 18 19 15 7 17
66 0 1 9 5 20 24 6 2 12 3 23 11 14 4 10 22 21 16 13 0 8 18 19 15 7 17
65 0 1 9 5 20 24 6 2 12 3 23 11 14 4 10 22 21 16 13 7 8 18 19 15 0 17
64 0 1 9 5 20 24 6 2 12 3 23 11 14 4 10 22 21 16 13 7 8 18 19 0 15 17
63 0 1 9 5 20 24 6 2 12 3 23 11 14 4 10 22 21 16 13 7 8 18 0 19 15 17
62 0 1 9 5 20 24 6 2 12 3 23 11 14 4 10 22 21 16 13 7 8 0 18 19 15 17
61 0 1 9 5 20 24 6 2 12 3 23 11 14 4 10 22 0 16 13 7 8 21 18 19 15 17
60 0 1 9 5 20 24 6 2 12 3 23 11 14 4 10 22 16 0 13 7 8 21 18 19 15 17
59 0 1 9 5 20 24 6 2 12 3 23 11 14 4 10 22 16 13 0 7 8 21 18 19 15 17
58 0 1 9 5 20 24 6 2 12 3 23 11 14 4 10 22 16 13 7 0 8 21 18 19 15 17
57 0 1 9 5 20 24 6 2 12 3 23 11 14 4 10 22 16 13 7 8 0 21 18 19 15 17
56 0 1 9 5 20 24 6 2 12 3 23 11 14 4 10 0 16 13 7 8 22 21 18 19 15 17
55 0 1 9 5 20 24 6 2 12 3 0 11 14 4 10 23 16 13 7 8 22 21 18 19 15 17
54 0 1 9 5 20 0 6 2 12 3 24 11 14 4 10 23 16 13 7 8 22 21 18 19 15 17
53 0 1 9 5 0 20 6 2 12 3 24 11 14 4 10 23 16 13 7 8 22 21 18 19 15 17
52 0 1 9 0 5 20 6 2 12 3 24 11 14 4 10 23 16 13 7 8 22 21 18 19 15 17
51 0 1 0 9 5 20 6 2 12 3 24 11 14 4 10 23 16 13 7 8 22 21 18 19 15 17
50 0 1 2 9 5 20 6 0 12 3 24 11 14 4 10 23 16 13 7 8 22 21 18 19 15 17
49 0 1 2 9 5 20 6 12 0 3 24 11 14 4 10 23 16 13 7 8 22 21 18 19 15 17
48 0 1 2 9 5 20 6 12 4 3 24 11 14 0 10 23 16 13 7 8 22 21 18 19 15 17
47 0 1 2 9 5 20 6 12 4 3 24 11 14 7 10 23 16 13 0 8 22 21 18 19 15 17
46 0 1 2 9 5 20 6 12 4 3 24 11 14 7 10 23 16 13 8 0 22 21 18 19 15 17
45 0 1 2 9 5 20 6 12 4 3 24 11 14 7 10 23 16 13 8 15 22 21 18 19 0 17
44 0 1 2 9 5 20 6 12 4 3 24 11 14 7 10 23 16 13 8 15 22 21 18 19 17 0
43 0 1 2 9 5 20 6 12 4 3 24 11 14 7 10 23 16 13 8 15 0 21 18 19 17 22
42 0 1 2 9 5 20 6 12 4 3 24 11 14 7 10 0 16 13 8 15 23 21 18 19 17 22
41 0 1 2 9 5 20 6 12 4 3 0 11 14 7 10 24 16 13 8 15 23 21 18 19 17 22
40 0 1 2 9 5 0 6 12 4 3 20 11 14 7 10 24 16 13 8 15 23 21 18 19 17 22
39 0 1 2 9 0 5 6 12 4 3 20 11 14 7 10 24 16 13 8 15 23 21 18 19 17 22
38 0 1 2 0 9 5 6 12 4 3 20 11 14 7 10 24 16 13 8 15 23 21 18 19 17 22
37 0 1 2 4 9 5 6 12 0 3 20 11 14 7 10 24 16 13 8 15 23 21 18 19 17 22
36 0 1 2 4 9 5 6 12 7 3 20 11 14 0 10 24 16 13 8 15 23 21 18 19 17 22
35 0 1 2 4 9 5 6 12 7 3 20 11 0 14 10 24 16 13 8 15 23 21 18 19 17 22
34 0 1 2 4 9 5 6 0 7 3 20 11 12 14 10 24 16 13 8 15 23 21 18 19 17 22
33 0 1 2 4 9 5 6 7 0 3 20 11 12 14 10 24 16 13 8 15 23 21 18 19 17 22
32 0 1 2 4 9 5 6 7 3 0 20 11 12 14 10 24 16 13 8 15 23 21 18 19 17 22
31 0 1 2 4 9 5 6 7 3 10 20 11 12 14 0 24 16 13 8 15 23 21 18 19 17 22
30 0 1 2 4 9 5 6 7 3 10 20 11 12 0 14 24 16 13 8 15 23 21 18 19 17 22
118 0 9 24 6 11 0 14 20 21 12 23 18 5 1 3 22 4 10 2 16 8 19 15 7 13 17
117 0 9 24 6 11 23 14 20 21 12 0 18 5 1 3 22 4 10 2 16 8 19 15 7 13 17
116 0 9 24 6 11 23 14 20 21 0 12 18 5 1 3 22 4 10 2 16 8 19 15 7 13 17
115 0 9 24 6 0 23 14 20 21 11 12 18 5 1 3 22 4 10 2 16 8 19 15 7 13 17
114 0 9 24 0 6 23 14 20 21 11 12 18 5 1 3 22 4 10 2 16 8 19 15 7 13 17
113 0 9 0 24 6 23 14 20 21 11 12 18 5 1 3 22 4 10 2 16 8 19 15 7 13 17
112 0 9 20 24 6 23 14 0 21 11 12 18 5 1 3 22 4 10 2 16 8 19 15 7 13 17
111 0 9 20 24 6 23 14 5 21 11 12 18 0 1 3 22 4 10 2 16 8 19 15 7 13 17
110 0 9 20 24 6 23 14 5 21 11 12 18 1 0 3 22 4 10 2 16 8 19 15 7 13 17
109 0 9 20 24 6 23 14 5 0 11 12 18 1 21 3 22 4 10 2 16 8 19 15 7 13 17
108 0 9 20 24 6 23 14 5 11 0 12 18 1 21 3 22 4 10 2 16 8 19 15 7 13 17
107 0 9 20 24 0 23 14 5 11 6 12 18 1 21 3 22 4 10 2 16 8 19 15 7 13 17
106 0 9 20 0 24 23 14 5 11 6 12 18 1 21 3 22 4 10 2 16 8 19 15 7 13 17
105 0 9 0 20 24 23 14 5 11 6 12 18 1 21 3 22 4 10 2 16 8 19 15 7 13 17
104 0 9 5 20 24 23 14 0 11 6 12 18 1 21 3 22 4 10 2 16 8 19 15 7 13 17
103 0 9 5 20 24 23 14 1 11 6 12 18 0 21 3 22 4 10 2 16 8 19 15 7 13 17
102 0 9 5 20 24 23 14 1 11 6 12 18 21 0 3 22 4 10 2 16 8 19 15 7 13 17
101 0 9 5 20 24 23 14 1 11 6 12 18 21 2 3 22 4 10 0 16 8 19 15 7 13 17
100 0 9 5 20 24 23 14 1 11 6 12 18 21 2 3 22 4 0 10 16 8 19 15 7 13 17
99 0 9 5 20 24 23 14 1 11 6 12 18 0 2 3 22 4 21 10 16 8 19 15 7 13 17
98 0 9 5 20 24 23 14 1 11 6 12 0 18 2 3 22 4 21 10 16 8 19 15 7 13 17
97 0 9 5 20 24 23 14 1 11 6 12 4 18 2 3 22 0 21 10 16 8 19 15 7 13 17
96 0 9 5 20 24 23 14 1 11 6 12 4 18 2 3 22 21 0 10 16 8 19 15 7 13 17
95 0 9 5 20 24 23 14 1 11 6 12 4 0 2 3 22 21 18 10 16 8 19 15 7 13 17
94 0 9 5 20 24 23 14 1 11 6 12 0 4 2 3 22 21 18 10 16 8 19 15 7 13 17
93 0 9 5 20 24 23 0 1 11 6 12 14 4 2 3 22 21 18 10 16 8 19 15 7 13 17
92 0 9 5 20 24 23 1 0 11 6 12 14 4 2 3 22 21 18 10 16 8 19 15 7 13 17
91 0 9 5 20 24 23 1 11 0 6 12 14 4 2 3 22 21 18 10 16 8 19 15 7 13 17
90 0 9 5 20 24 23 1 11 6 0 12 14 4 2 3 22 21 18 10 16 8 19 15 7 13 17
89 0 9 5 20 0 23 1 11 6 24 12 14 4 2 3 22 21 18 10 16 8 19 15 7 13 17
88 0 9 5 0 20 23 1 11 6 24 12 14 4 2 3 22 21 18 10 16 8 19 15 7 13 17
87 0 9 0 5 20 23 1 11 6 24 12 14 4 2 3 22 21 18 10 16 8 19 15 7 13 17
86 0 0 9 5 20 23 1 11 6 24 12 14 4 2 3 22 21 18 10 16 8 19 15 7 13 17
85 0 1 9 5 20 23 0 11 6 24 12 14 4 2 3 22 21 18 10 16 8 19 15 7 13 17
84 0 1 9 5 20 23 11 0 6 24 12 14 4 2 3 22 21 18 10 16 8 19 15 7 13 17
83 0 1 9 5 20 23 11 6 0 24 12 14 4 2 3 22 21 18 10 16 8 19 15 7 13 17
82 0 1 9 5 20 23 11 6 2 24 12 14 4 0 3 22 21 18 10 16 8 19 15 7 13 17
81 0 1 9 5 20 23 11 6 2 24 12 14 4 3 0 22 21 18 10 16 8 19 15 7 13 17
80 0 1 9 5 20 23 11 6 2 0 12 14 4 3 24 22 21 18 10 16 8 19 15 7 13 17
79 0 1 9 5 20 23 11 6 2 12 0 14 4 3 24 22 21 18 10 16 8 19 15 7 13 17
78 0 1 9 5 20 0 11 6 2 12 23 14 4 3 24 22 21 18 10 16 8 19 15 7 13 17
77 0 1 9 5 0 20 11 6 2 12 23 14 4 3 24 22 21 18 10 16 8 19 15 7 13 17
76 0 1 9 0 5 20 11 6 2 12 23 14 4 3 24 22 21 18 10 16 8 19 15 7 13 17
75 0 1 9 2 5 20 11 6 0 12 23 14 4 3 24 22 21 18 10 16 8 19 15 7 13 17
74 0 1 9 2 5 20 11 6 3 12 23 14 4 0 24 22 21 18 10 16 8 19 15 7 13 17
73 0 1 9 2 5 20 11 6 3 12 23 14 0 4 24 22 21 18 10 16 8 19 15 7 13 17
72 0 1 9 2 5 20 11 6 3 12 23 0 14 4 24 22 21 18 10 16 8 19 15 7 13 17
71 0 1 9 2 5 20 0 6 3 12 23 11 14 4 24 22 21 18 10 16 8 19 15 7 13 17
70 0 1 9 2 5 20 6 0 3 12 23 11 14 4 24 22 21 18 10 16 8 19 15 7 13 17
69 0 1 0 2 5 20 6 9 3 12 23 11 14 4 24 22 21 18 10 16 8 19 15 7 13 17
68 0 1 2 0 5 20 6 9 3 12 23 11 14 4 24 22 21 18 10 16 8 19 15 7 13 17
67 0 1 2 3 5 20 6 9 0 12 23 11 14 4 24 22 21 18 10 16 8 19 15 7 13 17
66 0 1 2 3 5 20 6 9 4 12 23 11 14 0 24 22 21 18 10 16 8 19 15 7 13 17
65 0 1 2 3 5 20 6 9 4 12 23 11 14 10 24 22 21 18 0 16 8 19 15 7 13 17
64 0 1 2 3 5 20 6 9 4 12 23 11 14 10 24 22 21 18 7 16 8 19 15 0 13 17
63 0 1 2 3 5 20 6 9 4 12 23 11 14 10 24 22 21 18 7 16 8 19 0 15 13 17
62 0 1 2 3 5 20 6 9 4 12 23 11 14 10 24 22 21 0 7 16 8 19 18 15 13 17
61 0 1 2 3 5 20 6 9 4 12 23 11 14 10 24 22 21 7 0 16 8 19 18 15 13 17
60 0 1 2 3 5 20 6 9 4 12 23 11 14 10 24 22 21 7 16 0 8 19 18 15 13 17
59 0 1 2 3 5 20 6 9 4 12 23 11 14 10 24 22 21 7 16 8 0 19 18 15 13 17
58 0 1 2 3 5 20 6 9 4 12 23 11 14 10 24 0 21 7 16 8 22 19 18 15 13 17
57 0 1 2 3 5 20 6 9 4 12 23 11 14 10 0 24 21 7 16 8 22 19 18 15 13 17
56 0 1 2 3 5 20 6 9 4 0 23 11 14 10 12 24 21 7 16 8 22 19 18 15 13 17
55 0 1 2 3 5 20 6 9 0 4 23 11 14 10 12 24 21 7 16 8 22 19 18 15 13 17
54 0 1 2 3 5 20 6 9 10 4 23 11 14 0 12 24 21 7 16 8 22 19 18 15 13 17
53 0 1 2 3 5 20 6 9 10 4 23 11 0 14 12 24 21 7 16 8 22 19 18 15 13 17
52 0 1 2 3 5 20 6 9 10 4 23 11 7 14 12 24 21 0 16 8 22 19 18 15 13 17
51 0 1 2 3 5 20 6 9 10 4 23 11 7 14 12 24 21 16 0 8 22 19 18 15 13 17
50 0 1 2 3 5 20 6 9 10 4 23 11 7 14 12 24 21 16 15 8 22 19 18 0 13 17
49 0 1 2 3 5 20 6 9 10 4 23 11 7 14 12 24 21 16 15 8 22 19 18 13 0 17
48 0 1 2 3 5 20 6 9 10 4 23 11 7 14 12 24 21 16 15 8 22 19 18 13 17 0
47 0 1 2 3 5 20 6 9 10 4 23 11 7 14 12 24 21 16 15 8 0 19 18 13 17 22
46 0 1 2 3 5 20 6 9 10 4 23 11 7 14 12 0 21 16 15 8 24 19 18 13 17 22
45 0 1 2 3 5 20 6 9 10 4 0 11 7 14 12 23 21 16 15 8 24 19 18 13 17 22
44 0 1 2 3 5 0 6 9 10 4 20 11 7 14 12 23 21 16 15 8 24 19 18 13 17 22
43 0 1 2 3 0 5 6 9 10 4 20 11 7 14 12 23 21 16 15 8 24 19 18 13 17 22
42 0 1 2 3 4 5 6 9 10 0 20 11 7 14 12 23 21 16 15 8 24 19 18 13 17 22
41 0 1 2 3 4 5 6 9 0 10 20 11 7 14 12 23 21 16 15 8 24 19 18 13 17 22
40 0 1 2 3 4 5 6 9 14 10 20 11 7 0 12 23 21 16 15 8 24 19 18 13 17 22
39 0 1 2 3 4 5 6 9 14 10 20 11 7 12 0 23 21 16 15 8 24 19 18 13 17 22
38 0 1 2 3 4 5 6 9 14 10 20 11 7 12 8 23 21 16 15 0 24 19 18 13 17 22
37 0 1 2 3 4 5 6 9 14 10 20 11 7 12 8 23 21 16 0 15 24 19 18 13 17 22
36 0 1 2 3 4 5 6 9 14 10 20 11 7 12 8 23 21 16 13 15 24 19 18 0 17 22
35 0 1 2 3 4 5 6 9 14 10 20 11 7 12 8 23 21 16 13 15 24 19 0 18 17 22
34 0 1 2 3 4 5 6 9 14 10 20 11 7 12 8 23 21 16 13 15 24 0 19 18 17 22
33 0 1 2 3 4 5 6 9 14 10 20 11 7 12 8 23 0 16 13 15 24 21 19 18 17 22
32 0 1 2 3 4 5 6 9 14 10 20 11 7 12 8 23 16 0 13 15 24 21 19 18 17 22
31 0 1 2 3 4 5 6 9 14 10 20 11 7 12 8 23 16 19 13 15 24 21 0 18 17 22
30 0 1 2 3 4 5 6 9 14 10 20 11 7 12 8 23 16 19 13 15 24 21 18 0 17 22
118 0 9 24 6 11 0 14 20 21 12 23 18 5 1 7 22 4 10 3 2 8 19 15 13 16 17
117 0 9 24 6 11 23 14 20 21 12 0 18 5 1 7 22 4 10 3 2 8 19 15 13 16 17
116 0 9 24 6 11 23 14 20 21 0 12 18 5 1 7 22 4 10 3 2 8 19 15 13 16 17
115 0 9 24 6 0 23 14 20 21 11 12 18 5 1 7 22 4 10 3 2 8 19 15 13 16 17
114 0 9 24 0 6 23 14 20 21 11 12 18 5 1 7 22 4 10 3 2 8 19 15 13 16 17
113 0 9 0 24 6 23 14 20 21 11 12 18 5 1 7 22 4 10 3 2 8 19 15 13 16 17
112 0 9 20 24 6 23 14 0 21 11 12 18 5 1 7 22 4 10 3 2 8 19 15 13 16 17
111 0 9 20 24 6 23 14 5 21 11 12 18 0 1 7 22 4 10 3 2 8 19 15 13 16 17
110 0 9 20 24 6 23 14 5 21 11 12 18 1 0 7 22 4 10 3 2 8 19 15 13 16 17
109 0 9 20 24 6 23 14 5 0 11 12 18 1 21 7 22 4 10 3 2 8 19 15 13 16 17
108 0 9 20 24 6 23 14 5 11 0 12 18 1 21 7 22 4 10 3 2 8 19 15 13 16 17
107 0 9 20 24 0 23 14 5 11 6 12 18 1 21 7 22 4 10 3 2 8 19 15 13 16 17
106 0 9 20 0 24 23 14 5 11 6 12 18 1 21 7 22 4 10 3 2 8 19 15 13 16 17
105 0 9 0 20 24 23 14 5 11 6 12 18 1 21 7 22 4 10 3 2 8 19 15 13 16 17
104 0 9 5 20 24 23 14 0 11 6 12 18 1 21 7 22 4 10 3 2 8 19 15 13 16 17
103 0 9 5 20 24 23 14 1 11 6 12 18 0 21 7 22 4 10 3 2 8 19 15 13 16 17
102 0 9 5 20 24 23 14 1 11 6 12 18 21 0 7 22 4 10 3 2 8 19 15 13 16 17
101 0 9 5 20 24 23 14 1 11 6 12 18 21 3 7 22 4 10 0 2 8 19 15 13 16 17
100 0 9 5 20 24 23 14 1 11 6 12 18 21 3 7 22 4 0 10 2 8 19 15 13 16 17
99 0 9 5 20 24 23 14 1 11 6 12 18 21 3 7 22 0 4 10 2 8 19 15 13 16 17
98 0 9 5 20 24 23 14 1 11 6 12 0 21 3 7 22 18 4 10 2 8 19 15 13 16 17
97 0 9 5 20 24 23 0 1 11 6 12 14 21 3 7 22 18 4 10 2 8 19 15 13 16 17
96 0 9 5 20 24 23 1 0 11 6 12 14 21 3 7 22 18 4 10 2 8 19 15 13 16 17
95 0 9 5 20 24 23 1 11 0 6 12 14 21 3 7 22 18 4 10 2 8 19 15 13 16 17
94 0 9 5 20 24 23 1 11 6 0 12 14 21 3 7 22 18 4 10 2 8 19 15 13 16 17
93 0 9 5 20 24 23 1 11 6 12 0 14 21 3 7 22 18 4 10 2 8 19 15 13 16 17
92 0 9 5 20 24 0 1 11 6 12 23 14 21 3 7 22 18 4 10 2 8 19 15 13 16 17
91 0 9 5 20 0 24 1 11 6 12 23 14 21 3 7 22 18 4 10 2 8 19 15 13 16 17
90 0 9 5 0 20 24 1 11 6 12 23 14 21 3 7 22 18 4 10 2 8 19 15 13 16 17
89 0 9 0 5 20 24 1 11 6 12 23 14 21 3 7 22 18 4 10 2 8 19 15 13 16 17
88 0 0 9 5 20 24 1 11 6 12 23 14 21 3 7 22 18 4 10 2 8 19 15 13 16 17
87 0 1 9 5 20 24 0 11 6 12 23 14 21 3 7 22 18 4 10 2 8 19 15 13 16 17
86 0 1 9 5 20 24 11 0 6 12 23 14 21 3 7 22 18 4 10 2 8 19 15 13 16 17
85 0 1 9 5 20 24 11 6 0 12 23 14 21 3 7 22 18 4 10 2 8 19 15 13 16 17
84 0 1 9 5 20 24 11 6 3 12 23 14 21 0 7 22 18 4 10 2 8 19 15 13 16 17
83 0 1 9 5 20 24 11 6 3 12 23 14 21 7 0 22 18 4 10 2 8 19 15 13 16 17
82 0 1 9 5 20 24 11 6 3 12 23 14 21 7 2 22 18 4 10 0 8 19 15 13 16 17
81 0 1 9 5 20 24 11 6 3 12 23 14 21 7 2 22 18 4 0 10 8 19 15 13 16 17
80 0 1 9 5 20 24 11 6 3 12 23 14 21 7 2 22 18 0 4 10 8 19 15 13 16 17
79 0 1 9 5 20 24 11 6 3 12 23 14 21 7 2 22 18 15 4 10 8 19 0 13 16 17
78 0 1 9 5 20 24 11 6 3 12 23 14 21 7 2 22 18 15 4 10 8 0 19 13 16 17
77 0 1 9 5 20 24 11 6 3 12 23 14 21 7 2 22 0 15 4 10 8 18 19 13 16 17
76 0 1 9 5 20 24 11 6 3 12 23 0 21 7 2 22 14 15 4 10 8 18 19 13 16 17
75 0 1 9 5 20 24 11 6 3 12 23 21 0 7 2 22 14 15 4 10 8 18 19 13 16 17
74 0 1 9 5 20 24 11 6 3 12 23 21 7 0 2 22 14 15 4 10 8 18 19 13 16 17
73 0 1 9 5 20 24 11 6 3 12 23 21 7 4 2 22 14 15 0 10 8 18 19 13 16 17
72 0 1 9 5 20 24 11 6 3 12 23 21 7 4 2 22 14 0 15 10 8 18 19 13 16 17
71 0 1 9 5 20 24 11 6 3 12 23 21 7 4 2 22 0 14 15 10 8 18 19 13 16 17
70 0 1 9 5 20 24 11 6 3 12 23 0 7 4 2 22 21 14 15 10 8 18 19 13 16 17
69 0 1 9 5 20 24 0 6 3 12 23 11 7 4 2 22 21 14 15 10 8 18 19 13 16 17
68 0 1 9 5 20 24 6 0 3 12 23 11 7 4 2 22 21 14 15 10 8 18 19 13 16 17
67 0 1 9 5 20 24 6 3 0 12 23 11 7 4 2 22 21 14 15 10 8 18 19 13 16 17
66 0 1 9 5 20 24 6 3 4 12 23 11 7 0 2 22 21 14 15 10 8 18 19 13 16 17
65 0 1 9 5 20 24 6 3 4 12 23 11 7 2 0 22 21 14 15 10 8 18 19 13 16 17
64 0 1 9 5 20 24 6 3 4 0 23 11 7 2 12 22 21 14 15 10 8 18 19 13 16 17
63 0 1 9 5 0 24 6 3 4 20 23 11 7 2 12 22 21 14 15 10 8 18 19 13 16 17
62 0 1 9 0 5 24 6 3 4 20 23 11 7 2 12 22 21 14 15 10 8 18 19 13 16 17
61 0 1 9 4 5 24 6 3 0 20 23 11 7 2 12 22 21 14 15 10 8 18 19 13 16 17
60 0 1 9 4 5 24 6 3 2 20 23 11 7 0 12 22 21 14 15 10 8 18 19 13 16 17
59 0 1 9 4 5 24 6 3 2 20 23 11 7 12 0 22 21 14 15 10 8 18 19 13 16 17
58 0 1 9 4 5 24 6 3 2 20 23 11 7 12 10 22 21 14 15 0 8 18 19 13 16 17
57 0 1 9 4 5 24 6 3 2 20 23 11 7 12 10 22 21 14 15 8 0 18 19 13 16 17
56 0 1 9 4 5 24 6 3 2 20 23 11 7 12 10 0 21 14 15 8 22 18 19 13 16 17
55 0 1 9 4 5 24 6 3 2 20 0 11 7 12 10 23 21 14 15 8 22 18 19 13 16 17
54 0 1 9 4 5 0 6 3 2 20 24 11 7 12 10 23 21 14 15 8 22 18 19 13 16 17
53 0 1 9 4 0 5 6 3 2 20 24 11 7 12 10 23 21 14 15 8 22 18 19 13 16 17
52 0 1 9 0 4 5 6 3 2 20 24 11 7 12 10 23 21 14 15 8 22 18 19 13 16 17
51 0 1 9 2 4 5 6 3 0 20 24 11 7 12 10 23 21 14 15 8 22 18 19 13 16 17
50 0 1 9 2 4 5 6 0 3 20 24 11 7 12 10 23 21 14 15 8 22 18 19 13 16 17
49 0 1 0 2 4 5 6 9 3 20 24 11 7 12 10 23 21 14 15 8 22 18 19 13 16 17
48 0 1 2 0 4 5 6 9 3 20 24 11 7 12 10 23 21 14 15 8 22 18 19 13 16 17
47 0 1 2 3 4 5 6 9 0 20 24 11 7 12 10 23 21 14 15 8 22 18 19 13 16 17
46 0 1 2 3 4 5 6 0 9 20 24 11 7 12 10 23 21 14 15 8 22 18 19 13 16 17
45 0 1 2 3 4 5 6 7 9 20 24 11 0 12 10 23 21 14 15 8 22 18 19 13 16 17
44 0 1 2 3 4 5 6 7 9 20 24 11 12 0 10 23 21 14 15 8 22 18 19 13 16 17
43 0 1 2 3 4 5 6 7 9 20 24 11 12 15 10 23 21 14 0 8 22 18 19 13 16 17
42 0 1 2 3 4 5 6 7 9 20 24 11 12 15 10 23 21 14 8 0 22 18 19 13 16 17
41 0 1 2 3 4 5 6 7 9 20 24 11 12 15 10 23 21 14 8 22 0 18 19 13 16 17
40 0 1 2 3 4 5 6 7 9 20 24 11 12 15 10 0 21 14 8 22 23 18 19 13 16 17
39 0 1 2 3 4 5 6 7 9 20 0 11 12 15 10 24 21 14 8 22 23 18 19 13 16 17
38 0 1 2 3 4 5 6 7 9 0 20 11 12 15 10 24 21 14 8 22 23 18 19 13 16 17
37 0 1 2 3 4 5 6 7 9 10 20 11 12 15 0 24 21 14 8 22 23 18 19 13 16 17
36 0 1 2 3 4 5 6 7 9 10 20 11 12 0 15 24 21 14 8 22 23 18 19 13 16 17
35 0 1 2 3 4 5 6 7 9 10 20 11 12 8 15 24 21 14 0 22 23 18 19 13 16 17
34 0 1 2 3 4 5 6 7 9 10 20 11 12 8 15 24 21 14 13 22 23 18 19 0 16 17
33 0 1 2 3 4 5 6 7 9 10 20 11 12 8 15 24 21 14 13 22 23 18 19 16 0 17
32 0 1 2 3 4 5 6 7 9 10 20 11 12 8 15 24 21 14 13 22 23 18 19 16 17 0
31 0 1 2 3 4 5 6 7 9 10 20 11 12 8 15 24 21 14 13 22 0 18 19 16 17 23
30 0 1 2 3 4 5 6 7 9 10 20 11 12 8 15 0 21 14 13 22 24 18 19 16 17 23
120 0 9 24 6 11 0 14 20 21 22 23 18 4 1 12 3 10 5 2 7 8 19 15 13 16 17
119 0 9 24 6 11 23 14 20 21 22 0 18 4 1 12 3 10 5 2 7 8 19 15 13 16 17
118 0 9 24 6 11 23 14 20 21 0 22 18 4 1 12 3 10 5 2 7 8 19 15 13 16 17
117 0 9 24 6 0 23 14 20 21 11 22 18 4 1 12 3 10 5 2 7 8 19 15 13 16 17
116 0 9 24 0 6 23 14 20 21 11 22 18 4 1 12 3 10 5 2 7 8 19 15 13 16 17
115 0 9 0 24 6 23 14 20 21 11 22 18 4 1 12 3 10 5 2 7 8 19 15 13 16 17
114 0 9 20 24 6 23 14 0 21 11 22 18 4 1 12 3 10 5 2 7 8 19 15 13 16 17
113 0 9 20 24 6 23 14 4 21 11 22 18 0 1 12 3 10 5 2 7 8 19 15 13 16 17
112 0 9 20 24 6 23 14 4 21 11 22 18 5 1 12 3 10 0 2 7 8 19 15 13 16 17
111 0 9 20 24 6 23 14 4 21 11 22 18 5 1 12 3 0 10 2 7 8 19 15 13 16 17
110 0 9 20 24 6 23 14 4 21 11 22 0 5 1 12 3 18 10 2 7 8 19 15 13 16 17
109 0 9 20 24 6 23 0 4 21 11 22 14 5 1 12 3 18 10 2 7 8 19 15 13 16 17
108 0 9 20 24 6 23 4 0 21 11 22 14 5 1 12 3 18 10 2 7 8 19 15 13 16 17
107 0 9 20 24 6 23 4 5 21 11 22 14 0 1 12 3 18 10 2 7 8 19 15 13 16 17
106 0 9 20 24 6 23 4 5 21 11 22 14 1 0 12 3 18 10 2 7 8 19 15 13 16 17
105 0 9 20 24 6 23 4 5 0 11 22 14 1 21 12 3 18 10 2 7 8 19 15 13 16 17
104 0 9 20 24 6 23 4 5 11 0 22 14 1 21 12 3 18 10 2 7 8 19 15 13 16 17
103 0 9 20 24 0 23 4 5 11 6 22 14 1 21 12 3 18 10 2 7 8 19 15 13 16 17
102 0 9 20 0 24 23 4 5 11 6 22 14 1 21 12 3 18 10 2 7 8 19 15 13 16 17
101 0 9 0 20 24 23 4 5 11 6 22 14 1 21 12 3 18 10 2 7 8 19 15 13 16 17
100 0 9 5 20 24 23 4 0 11 6 22 14 1 21 12 3 18 10 2 7 8 19 15 13 16 17
99 0 9 5 20 24 23 4 1 11 6 22 14 0 21 12 3 18 10 2 7 8 19 15 13 16 17
98 0 9 5 20 24 23 4 1 11 6 22 14 21 0 12 3 18 10 2 7 8 19 15 13 16 17
97 0 9 5 20 24 23 4 1 11 6 22 14 21 12 0 3 18 10 2 7 8 19 15 13 16 17
96 0 9 5 20 24 23 4 1 11 6 22 14 21 12 3 0 18 10 2 7 8 19 15 13 16 17
95 0 9 5 20 24 23 4 1 11 6 0 14 21 12 3 22 18 10 2 7 8 19 15 13 16 17
94 0 9 5 20 24 0 4 1 11 6 23 14 21 12 3 22 18 10 2 7 8 19 15 13 16 17
93 0 9 5 20 0 24 4 1 11 6 23 14 21 12 3 22 18 10 2 7 8 19 15 13 16 17
92 0 9 5 0 20 24 4 1 11 6 23 14 21 12 3 22 18 10 2 7 8 19 15 13 16 17
91 0 9 0 5 20 24 4 1 11 6 23 14 21 12 3 22 18 10 2 7 8 19 15 13 16 17
90 0 0 9 5 20 24 4 1 11 6 23 14 21 12 3 22 18 10 2 7 8 19 15 13 16 17
89 0 4 9 5 20 24 0 1 11 6 23 14 21 12 3 22 18 10 2 7 8 19 15 13 16 17
88 0 4 9 5 20 24 1 0 11 6 23 14 21 12 3 22 18 10 2 7 8 19 15 13 16 17
87 0 4 9 5 20 24 1 11 0 6 23 14 21 12 3 22 18 10 2 7 8 19 15 13 16 17
86 0 4 9 5 20 24 1 11 6 0 23 14 21 12 3 22 18 10 2 7 8 19 15 13 16 17
85 0 4 9 5 20 24 1 11 6 3 23 14 21 12 0 22 18 10 2 7 8 19 15 13 16 17
84 0 4 9 5 20 24 1 11 6 3 23 14 21 12 7 22 18 10 2 0 8 19 15 13 16 17
83 0 4 9 5 20 24 1 11 6 3 23 14 21 12 7 22 18 10 2 8 0 19 15 13 16 17
82 0 4 9 5 20 24 1 11 6 3 23 14 21 12 7 0 18 10 2 8 22 19 15 13 16 17
81 0 4 9 5 20 24 1 11 6 3 0 14 21 12 7 23 18 10 2 8 22 19 15 13 16 17
80 0 4 9 5 20 0 1 11 6 3 24 14 21 12 7 23 18 10 2 8 22 19 15 13 16 17
79 0 4 9 5 0 20 1 11 6 3 24 14 21 12 7 23 18 10 2 8 22 19 15 13 16 17
78 0 4 9 0 5 20 1 11 6 3 24 14 21 12 7 23 18 10 2 8 22 19 15 13 16 17
77 0 4 0 9 5 20 1 11 6 3 24 14 21 12 7 23 18 10 2 8 22 19 15 13 16 17
76 0 0 4 9 5 20 1 11 6 3 24 14 21 12 7 23 18 10 2 8 22 19 15 13 16 17
75 0 1 4 9 5 20 0 11 6 3 24 14 21 12 7 23 18 10 2 8 22 19 15 13 16 17
74 0 1 4 9 5 20 14 11 6 3 24 0 21 12 7 23 18 10 2 8 22 19 15 13 16 17
73 0 1 4 9 5 20 14 11 6 3 24 21 0 12 7 23 18 10 2 8 22 19 15 13 16 17
72 0 1 4 9 5 20 14 11 6 3 24 21 12 0 7 23 18 10 2 8 22 19 15 13 16 17
71 0 1 4 9 5 20 14 11 6 3 24 21 12 2 7 23 18 10 0 8 22 19 15 13 16 17
70 0 1 4 9 5 20 14 11 6 3 24 21 12 2 7 23 18 0 10 8 22 19 15 13 16 17
69 0 1 4 9 5 20 14 11 6 3 24 21 12 2 7 23 18 15 10 8 22 19 0 13 16 17
68 0 1 4 9 5 20 14 11 6 3 24 21 12 2 7 23 18 15 10 8 22 0 19 13 16 17
67 0 1 4 9 5 20 14 11 6 3 24 21 12 2 7 23 0 15 10 8 22 18 19 13 16 17
66 0 1 4 9 5 20 14 11 6 3 24 0 12 2 7 23 21 15 10 8 22 18 19 13 16 17
65 0 1 4 9 5 20 0 11 6 3 24 14 12 2 7 23 21 15 10 8 22 18 19 13 16 17
64 0 1 4 9 5 20 11 0 6 3 24 14 12 2 7 23 21 15 10 8 22 18 19 13 16 17
63 0 1 4 9 5 20 11 6 0 3 24 14 12 2 7 23 21 15 10 8 22 18 19 13 16 17
62 0 1 4 9 5 20 11 6 2 3 24 14 12 0 7 23 21 15 10 8 22 18 19 13 16 17
61 0 1 4 9 5 20 11 6 2 3 24 14 12 7 0 23 21 15 10 8 22 18 19 13 16 17
60 0 1 4 9 5 20 11 6 2 3 24 14 12 7 8 23 21 15 10 0 22 18 19 13 16 17
59 0 1 4 9 5 20 11 6 2 3 24 14 12 7 8 23 21 15 0 10 22 18 19 13 16 17
58 0 1 4 9 5 20 11 6 2 3 24 14 12 7 8 23 21 0 15 10 22 18 19 13 16 17
57 0 1 4 9 5 20 11 6 2 3 24 14 0 7 8 23 21 12 15 10 22 18 19 13 16 17
56 0 1 4 9 5 20 11 6 2 3 24 0 14 7 8 23 21 12 15 10 22 18 19 13 16 17
55 0 1 4 9 5 20 0 6 2 3 24 11 14 7 8 23 21 12 15 10 22 18 19 13 16 17
54 0 1 4 9 5 20 6 0 2 3 24 11 14 7 8 23 21 12 15 10 22 18 19 13 16 17
53 0 1 4 9 5 20 6 2 0 3 24 11 14 7 8 23 21 12 15 10 22 18 19 13 16 17
52 0 1 4 9 5 20 6 2 7 3 24 11 14 0 8 23 21 12 15 10 22 18 19 13 16 17
51 0 1 4 9 5 20 6 2 7 3 24 11 14 8 0 23 21 12 15 10 22 18 19 13 16 17
50 0 1 4 9 5 20 6 2 7 3 24 11 14 8 10 23 21 12 15 0 22 18 19 13 16 17
49 0 1 4 9 5 20 6 2 7 3 24 11 14 8 10 23 21 12 0 15 22 18 19 13 16 17
48 0 1 4 9 5 20 6 2 7 3 24 11 14 8 10 23 21 12 13 15 22 18 19 0 16 17
47 0 1 4 9 5 20 6 2 7 3 24 11 14 8 10 23 21 12 13 15 22 18 19 16 0 17
46 0 1 4 9 5 20 6 2 7 3 24 11 14 8 10 23 21 12 13 15 22 18 19 16 17 0
45 0 1 4 9 5 20 6 2 7 3 24 11 14 8 10 23 21 12 13 15 0 18 19 16 17 22
44 0 1 4 9 5 20 6 2 7 3 24 11 14 8 10 0 21 12 13 15 23 18 19 16 17 22
43 0 1 4 9 5 20 6 2 7 3 0 11 14 8 10 24 21 12 13 15 23 18 19 16 17 22
42 0 1 4 9 5 0 6 2 7 3 20 11 14 8 10 24 21 12 13 15 23 18 19 16 17 22
41 0 1 4 9 0 5 6 2 7 3 20 11 14 8 10 24 21 12 13 15 23 18 19 16 17 22
40 0 1 4 0 9 5 6 2 7 3 20 11 14 8 10 24 21 12 13 15 23 18 19 16 17 22
39 0 1 0 4 9 5 6 2 7 3 20 11 14 8 10 24 21 12 13 15 23 18 19 16 17 22
38 0 1 2 4 9 5 6 0 7 3 20 11 14 8 10 24 21 12 13 15 23 18 19 16 17 22
37 0 1 2 4 9 5 6 7 0 3 20 11 14 8 10 24 21 12 13 15 23 18 19 16 17 22
36 0 1 2 4 9 5 6 7 3 0 20 11 14 8 10 24 21 12 13 15 23 18 19 16 17 22
35 0 1 2 4 9 5 6 7 3 10 20 11 14 8 0 24 21 12 13 15 23 18 19 16 17 22
34 0 1 2 4 9 5 6 7 3 10 20 11 14 8 15 24 21 12 13 0 23 18 19 16 17 22
33 0 1 2 4 9 5 6 7 3 10 20 11 14 8 15 24 21 12 13 23 0 18 19 16 17 22
32 0 1 2 4 9 5 6 7 3 10 20 11 14 8 15 0 21 12 13 23 24 18 19 16 17 22
31 0 1 2 4 9 5 6 7 3 10 0 11 14 8 15 20 21 12 13 23 24 18 19 16 17 22
30 0 1 2 4 9 5 6 7 3 0 10 11 14 8 15 20 21 12 13 23 24 18 19 16 17 22
118 0 9 24 6 11 0 14 20 21 22 23 18 5 1 12 3 4 10 2 7 8 19 15 13 16 17
117 0 9 24 6 11 23 14 20 21 22 0 18 5 1 12 3 4 10 2 7 8 19 15 13 16 17
116 0 9 24 6 11 23 14 20 21 0 22 18 5 1 12 3 4 10 2 7 8 19 15 13 16 17
115 0 9 24 6 0 23 14 20 21 11 22 18 5 1 12 3 4 10 2 7 8 19 15 13 16 17
114 0 9 24 0 6 23 14 20 21 11 22 18 5 1 12 3 4 10 2 7 8 19 15 13 16 17
113 0 9 0 24 6 23 14 20 21 11 22 18 5 1 12 3 4 10 2 7 8 19 15 13 16 17
112 0 9 20 24 6 23 14 0 21 11 22 18 5 1 12 3 4 10 2 7 8 19 15 13 16 17
111 0 9 20 24 6 23 14 5 21 11 22 18 0 1 12 3 4 10 2 7 8 19 15 13 16 17
110 0 9 20 24 6 23 14 5 21 11 22 18 1 0 12 3 4 10 2 7 8 19 15 13 16 17
109 0 9 20 24 6 23 14 5 0 11 22 18 1 21 12 3 4 10 2 7 8 19 15 13 16 17
108 0 9 20 24 6 23 14 5 11 0 22 18 1 21 12 3 4 10 2 7 8 19 15 13 16 17
107 0 9 20 24 0 23 14 5 11 6 22 18 1 21 12 3 4 10 2 7 8 19 15 13 16 17
106 0 9 20 0 24 23 14 5 11 6 22 18 1 21 12 3 4 10 2 7 8 19 15 13 16 17
105 0 9 0 20 24 23 14 5 11 6 22 18 1 21 12 3 4 10 2 7 8 19 15 13 16 17
104 0 9 5 20 24 23 14 0 11 6 22 18 1 21 12 3 4 10 2 7 8 19 15 13 16 17
103 0 9 5 20 24 23 14 1 11 6 22 18 0 21 12 3 4 10 2 7 8 19 15 13 16 17
102 0 9 5 20 24 23 14 1 11 6 22 18 21 0 12 3 4 10 2 7 8 19 15 13 16 17
101 0 9 5 20 24 23 14 1 11 6 22 18 21 2 12 3 4 10 0 7 8 19 15 13 16 17
100 0 9 5 20 24 23 14 1 11 6 22 18 21 2 12 3 4 0 10 7 8 19 15 13 16 17
99 0 9 5 20 24 23 14 1 11 6 22 18 21 2 12 3 0 4 10 7 8 19 15 13 16 17
98 0 9 5 20 24 23 14 1 11 6 22 0 21 2 12 3 18 4 10 7 8 19 15 13 16 17
97 0 9 5 20 24 23 0 1 11 6 22 14 21 2 12 3 18 4 10 7 8 19 15 13 16 17
96 0 9 5 20 24 23 1 0 11 6 22 14 21 2 12 3 18 4 10 7 8 19 15 13 16 17
95 0 9 5 20 24 23 1 11 0 6 22 14 21 2 12 3 18 4 10 7 8 19 15 13 16 17
94 0 9 5 20 24 23 1 11 2 6 22 14 21 0 12 3 18 4 10 7 8 19 15 13 16 17
93 0 9 5 20 24 23 1 11 2 6 22 14 21 12 0 3 18 4 10 7 8 19 15 13 16 17
92 0 9 5 20 24 23 1 11 2 6 22 14 21 12 3 0 18 4 10 7 8 19 15 13 16 17
91 0 9 5 20 24 23 1 11 2 6 0 14 21 12 3 22 18 4 10 7 8 19 15 13 16 17
90 0 9 5 20 24 0 1 11 2 6 23 14 21 12 3 22 18 4 10 7 8 19 15 13 16 17
89 0 9 5 20 0 24 1 11 2 6 23 14 21 12 3 22 18 4 10 7 8 19 15 13 16 17
88 0 9 5 0 20 24 1 11 2 6 23 14 21 12 3 22 18 4 10 7 8 19 15 13 16 17
87 0 9 0 5 20 24 1 11 2 6 23 14 21 12 3 22 18 4 10 7 8 19 15 13 16 17
86 0 0 9 5 20 24 1 11 2 6 23 14 21 12 3 22 18 4 10 7 8 19 15 13 16 17
85 0 1 9 5 20 24 0 11 2 6 23 14 21 12 3 22 18 4 10 7 8 19 15 13 16 17
84 0 1 9 5 20 24 11 0 2 6 23 14 21 12 3 22 18 4 10 7 8 19 15 13 16 17
83 0 1 9 5 20 24 11 2 0 6 23 14 21 12 3 22 18 4 10 7 8 19 15 13 16 17
82 0 1 9 5 20 24 11 2 6 0 23 14 21 12 3 22 18 4 10 7 8 19 15 13 16 17
81 0 1 9 5 20 24 11 2 6 3 23 14 21 12 0 22 18 4 10 7 8 19 15 13 16 17
80 0 1 9 5 20 24 11 2 6 3 23 14 21 12 7 22 18 4 10 0 8 19 15 13 16 17
79 0 1 9 5 20 24 11 2 6 3 23 14 21 12 7 22 18 4 0 10 8 19 15 13 16 17
78 0 1 9 5 20 24 11 2 6 3 23 14 21 12 7 22 18 0 4 10 8 19 15 13 16 17
77 0 1 9 5 20 24 11 2 6 3 23 14 0 12 7 22 18 21 4 10 8 19 15 13 16 17
76 0 1 9 5 20 24 11 2 6 3 23 14 12 0 7 22 18 21 4 10 8 19 15 13 16 17
75 0 1 9 5 20 24 11 2 6 3 23 14 12 7 0 22 18 21 4 10 8 19 15 13 16 17
74 0 1 9 5 20 24 11 2 6 3 23 14 12 7 10 22 18 21 4 0 8 19 15 13 16 17
73 0 1 9 5 20 24 11 2 6 3 23 14 12 7 10 22 18 21 4 8 0 19 15 13 16 17
72 0 1 9 5 20 24 11 2 6 3 23 14 12 7 10 0 18 21 4 8 22 19 15 13 16 17
71 0 1 9 5 20 24 11 2 6 3 0 14 12 7 10 23 18 21 4 8 22 19 15 13 16 17
70 0 1 9 5 20 0 11 2 6 3 24 14 12 7 10 23 18 21 4 8 22 19 15 13 16 17
69 0 1 9 5 0 20 11 2 6 3 24 14 12 7 10 23 18 21 4 8 22 19 15 13 16 17
68 0 1 9 0 5 20 11 2 6 3 24 14 12 7 10 23 18 21 4 8 22 19 15 13 16 17
67 0 1 0 9 5 20 11 2 6 3 24 14 12 7 10 23 18 21 4 8 22 19 15 13 16 17
66 0 1 2 9 5 20 11 0 6 3 24 14 12 7 10 23 18 21 4 8 22 19 15 13 16 17
65 0 1 2 9 5 20 11 6 0 3 24 14 12 7 10 23 18 21 4 8 22 19 15 13 16 17
64 0 1 2 9 5 20 11 6 7 3 24 14 12 0 10 23 18 21 4 8 22 19 15 13 16 17
63 0 1 2 9 5 20 11 6 7 3 24 14 12 4 10 23 18 21 0 8 22 19 15 13 16 17
62 0 1 2 9 5 20 11 6 7 3 24 14 12 4 10 23 18 21 13 8 22 19 15 0 16 17
61 0 1 2 9 5 20 11 6 7 3 24 14 12 4 10 23 18 21 13 8 22 19 0 15 16 17
60 0 1 2 9 5 20 11 6 7 3 24 14 12 4 10 23 18 21 13 8 22 0 19 15 16 17
59 0 1 2 9 5 20 11 6 7 3 24 14 12 4 10 23 0 21 13 8 22 18 19 15 16 17
58 0 1 2 9 5 20 11 6 7 3 24 14 12 4 10 23 21 0 13 8 22 18 19 15 16 17
57 0 1 2 9 5 20 11 6 7 3 24 14 0 4 10 23 21 12 13 8 22 18 19 15 16 17
56 0 1 2 9 5 20 11 6 7 3 24 0 14 4 10 23 21 12 13 8 22 18 19 15 16 17
55 0 1 2 9 5 20 0 6 7 3 24 11 14 4 10 23 21 12 13 8 22 18 19 15 16 17
54 0 1 2 9 5 20 6 0 7 3 24 11 14 4 10 23 21 12 13 8 22 18 19 15 16 17
53 0 1 2 9 5 20 6 7 0 3 24 11 14 4 10 23 21 12 13 8 22 18 19 15 16 17
52 0 1 2 9 5 20 6 7 4 3 24 11 14 0 10 23 21 12 13 8 22 18 19 15 16 17
51 0 1 2 9 5 20 6 7 4 3 24 11 14 13 10 23 21 12 0 8 22 18 19 15 16 17
50 0 1 2 9 5 20 6 7 4 3 24 11 14 13 10 23 21 12 15 8 22 18 19 0 16 17
49 0 1 2 9 5 20 6 7 4 3 24 11 14 13 10 23 21 12 15 8 22 18 19 16 0 17
48 0 1 2 9 5 20 6 7 4 3 24 11 14 13 10 23 21 12 15 8 22 18 19 16 17 0
47 0 1 2 9 5 20 6 7 4 3 24 11 14 13 10 23 21 12 15 8 0 18 19 16 17 22
46 0 1 2 9 5 20 6 7 4 3 24 11 14 13 10 0 21 12 15 8 23 18 19 16 17 22
45 0 1 2 9 5 20 6 7 4 3 0 11 14 13 10 24 21 12 15 8 23 18 19 16 17 22
44 0 1 2 9 5 0 6 7 4 3 20 11 14 13 10 24 21 12 15 8 23 18 19 16 17 22
43 0 1 2 9 0 5 6 7 4 3 20 11 14 13 10 24 21 12 15 8 23 18 19 16 17 22
42 0 1 2 0 9 5 6 7 4 3 20 11 14 13 10 24 21 12 15 8 23 18 19 16 17 22
41 0 1 2 4 9 5 6 7 0 3 20 11 14 13 10 24 21 12 15 8 23 18 19 16 17 22
40 0 1 2 4 9 5 6 7 3 0 20 11 14 13 10 24 21 12 15 8 23 18 19 16 17 22
39 0 1 2 4 9 5 6 7 3 10 20 11 14 13 0 24 21 12 15 8 23 18 19 16 17 22
38 0 1 2 4 9 5 6 7 3 10 20 11 14 13 8 24 21 12 15 0 23 18 19 16 17 22
37 0 1 2 4 9 5 6 7 3 10 20 11 14 13 8 24 21 12 0 15 23 18 19 16 17 22
36 0 1 2 4 9 5 6 7 3 10 20 11 14 0 8 24 21 12 13 15 23 18 19 16 17 22
116 0 9 24 6 11 0 20 15 21 12 23 4 10 1 16 22 14 5 3 2 8 18 19 7 13 17
115 0 9 24 6 0 11 20 15 21 12 23 4 10 1 16 22 14 5 3 2 8 18 19 7 13 17
114 0 9 24 0 6 11 20 15 21 12 23 4 10 1 16 22 14 5 3 2 8 18 19 7 13 17
113 0 9 0 24 6 11 20 15 21 12 23 4 10 1 16 22 14 5 3 2 8 18 19 7 13 17
112 0 9 15 24 6 11 20 0 21 12 23 4 10 1 16 22 14 5 3 2 8 18 19 7 13 17
111 0 9 15 24 6 11 20 10 21 12 23 4 0 1 16 22 14 5 3 2 8 18 19 7 13 17
110 0 9 15 24 6 11 20 10 21 12 23 4 1 0 16 22 14 5 3 2 8 18 19 7 13 17
109 0 9 15 24 6 11 20 10 0 12 23 4 1 21 16 22 14 5 3 2 8 18 19 7 13 17
108 0 9 15 0 6 11 20 10 24 12 23 4 1 21 16 22 14 5 3 2 8 18 19 7 13 17
107 0 9 15 6 0 11 20 10 24 12 23 4 1 21 16 22 14 5 3 2 8 18 19 7 13 17
106 0 9 15 6 12 11 20 10 24 0 23 4 1 21 16 22 14 5 3 2 8 18 19 7 13 17
105 0 9 15 6 12 11 20 10 0 24 23 4 1 21 16 22 14 5 3 2 8 18 19 7 13 17
104 0 9 15 0 12 11 20 10 6 24 23 4 1 21 16 22 14 5 3 2 8 18 19 7 13 17
103 0 9 0 15 12 11 20 10 6 24 23 4 1 21 16 22 14 5 3 2 8 18 19 7 13 17
102 0 9 10 15 12 11 20 0 6 24 23 4 1 21 16 22 14 5 3 2 8 18 19 7 13 17
101 0 9 10 15 12 11 0 20 6 24 23 4 1 21 16 22 14 5 3 2 8 18 19 7 13 17
100 0 9 10 15 12 11 4 20 6 24 23 0 1 21 16 22 14 5 3 2 8 18 19 7 13 17
99 0 9 10 15 12 11 4 20 6 24 23 1 0 21 16 22 14 5 3 2 8 18 19 7 13 17
98 0 9 10 15 12 11 4 20 6 24 23 1 21 0 16 22 14 5 3 2 8 18 19 7 13 17
97 0 9 10 15 12 11 4 20 6 24 23 1 21 16 0 22 14 5 3 2 8 18 19 7 13 17
96 0 9 10 15 12 11 4 20 6 24 23 1 21 16 2 22 14 5 3 0 8 18 19 7 13 17
95 0 9 10 15 12 11 4 20 6 24 23 1 21 16 2 22 14 5 3 8 0 18 19 7 13 17
94 0 9 10 15 12 11 4 20 6 24 23 1 21 16 2 0 14 5 3 8 22 18 19 7 13 17
93 0 9 10 15 12 11 4 20 6 24 0 1 21 16 2 23 14 5 3 8 22 18 19 7 13 17
92 0 9 10 15 12 11 4 20 6 0 24 1 21 16 2 23 14 5 3 8 22 18 19 7 13 17
91 0 9 10 15 0 11 4 20 6 12 24 1 21 16 2 23 14 5 3 8 22 18 19 7 13 17
90 0 9 10 0 15 11 4 20 6 12 24 1 21 16 2 23 14 5 3 8 22 18 19 7 13 17
89 0 9 0 10 15 11 4 20 6 12 24 1 21 16 2 23 14 5 3 8 22 18 19 7 13 17
88 0 0 9 10 15 11 4 20 6 12 24 1 21 16 2 23 14 5 3 8 22 18 19 7 13 17
87 0 4 9 10 15 11 0 20 6 12 24 1 21 16 2 23 14 5 3 8 22 18 19 7 13 17
86 0 4 9 10 15 11 1 20 6 12 24 0 21 16 2 23 14 5 3 8 22 18 19 7 13 17
85 0 4 9 10 15 11 1 20 6 12 24 21 0 16 2 23 14 5 3 8 22 18 19 7 13 17
84 0 4 9 10 15 11 1 20 6 12 24 21 16 0 2 23 14 5 3 8 22 18 19 7 13 17
83 0 4 9 10 15 11 1 20 6 12 24 21 16 3 2 23 14 5 0 8 22 18 19 7 13 17
82 0 4 9 10 15 11 1 20 6 12 24 21 16 3 2 23 14 0 5 8 22 18 19 7 13 17
81 0 4 9 10 15 11 1 20 6 12 24 21 16 3 2 23 0 14 5 8 22 18 19 7 13 17
80 0 4 9 10 15 11 1 20 6 12 24 0 16 3 2 23 21 14 5 8 22 18 19 7 13 17
79 0 4 9 10 15 11 1 20 6 12 24 16 0 3 2 23 21 14 5 8 22 18 19 7 13 17
78 0 4 9 10 15 11 1 0 6 12 24 16 20 3 2 23 21 14 5 8 22 18 19 7 13 17
77 0 4 9 10 15 11 1 6 0 12 24 16 20 3 2 23 21 14 5 8 22 18 19 7 13 17
76 0 4 9 10 15 11 1 6 3 12 24 16 20 0 2 23 21 14 5 8 22 18 19 7 13 17
75 0 4 9 10 15 11 1 6 3 12 24 16 20 5 2 23 21 14 0 8 22 18 19 7 13 17
74 0 4 9 10 15 11 1 6 3 12 24 16 20 5 2 23 21 14 7 8 22 18 19 0 13 17
73 0 4 9 10 15 11 1 6 3 12 24 16 20 5 2 23 21 14 7 8 22 18 19 13 0 17
72 0 4 9 10 15 11 1 6 3 12 24 16 20 5 2 23 21 14 7 8 22 18 19 13 17 0
71 0 4 9 10 15 11 1 6 3 12 24 16 20 5 2 23 21 14 7 8 0 18 19 13 17 22
70 0 4 9 10 15 11 1 6 3 12 24 16 20 5 2 0 21 14 7 8 23 18 19 13 17 22
69 0 4 9 10 15 11 1 6 3 12 0 16 20 5 2 24 21 14 7 8 23 18 19 13 17 22
68 0 4 9 10 15 0 1 6 3 12 11 16 20 5 2 24 21 14 7 8 23 18 19 13 17 22
67 0 4 9 10 0 15 1 6 3 12 11 16 20 5 2 24 21 14 7 8 23 18 19 13 17 22
66 0 4 9 0 10 15 1 6 3 12 11 16 20 5 2 24 21 14 7 8 23 18 19 13 17 22
65 0 4 0 9 10 15 1 6 3 12 11 16 20 5 2 24 21 14 7 8 23 18 19 13 17 22
64 0 0 4 9 10 15 1 6 3 12 11 16 20 5 2 24 21 14 7 8 23 18 19 13 17 22
63 0 1 4 9 10 15 0 6 3 12 11 16 20 5 2 24 21 14 7 8 23 18 19 13 17 22
62 0 1 4 9 10 15 6 0 3 12 11 16 20 5 2 24 21 14 7 8 23 18 19 13 17 22
61 0 1 4 9 10 15 6 3 0 12 11 16 20 5 2 24 21 14 7 8 23 18 19 13 17 22
60 0 1 4 9 10 15 6 3 5 12 11 16 20 0 2 24 21 14 7 8 23 18 19 13 17 22
59 0 1 4 9 10 15 6 3 5 12 11 16 20 2 0 24 21 14 7 8 23 18 19 13 17 22
58 0 1 4 9 10 15 6 3 5 0 11 16 20 2 12 24 21 14 7 8 23 18 19 13 17 22
57 0 1 4 9 10 15 6 3 5 11 0 16 20 2 12 24 21 14 7 8 23 18 19 13 17 22
56 0 1 4 9 10 0 6 3 5 11 15 16 20 2 12 24 21 14 7 8 23 18 19 13 17 22
55 0 1 4 9 0 10 6 3 5 11 15 16 20 2 12 24 21 14 7 8 23 18 19 13 17 22
54 0 1 4 0 9 10 6 3 5 11 15 16 20 2 12 24 21 14 7 8 23 18 19 13 17 22
53 0 1 4 5 9 10 6 3 0 11 15 16 20 2 12 24 21 14 7 8 23 18 19 13 17 22
52 0 1 4 5 9 10 6 3 11 0 15 16 20 2 12 24 21 14 7 8 23 18 19 13 17 22
51 0 1 4 5 0 10 6 3 11 9 15 16 20 2 12 24 21 14 7 8 23 18 19 13 17 22
50 0 1 4 0 5 10 6 3 11 9 15 16 20 2 12 24 21 14 7 8 23 18 19 13 17 22
49 0 1 0 4 5 10 6 3 11 9 15 16 20 2 12 24 21 14 7 8 23 18 19 13 17 22
48 0 1 3 4 5 10 6 0 11 9 15 16 20 2 12 24 21 14 7 8 23 18 19 13 17 22
47 0 1 3 4 5 10 6 11 0 9 15 16 20 2 12 24 21 14 7 8 23 18 19 13 17 22
46 0 1 3 4 5 10 6 11 2 9 15 16 20 0 12 24 21 14 7 8 23 18 19 13 17 22
45 0 1 3 4 5 10 6 11 2 9 15 16 20 7 12 24 21 14 0 8 23 18 19 13 17 22
44 0 1 3 4 5 10 6 11 2 9 15 16 20 7 12 24 21 0 14 8 23 18 19 13 17 22
43 0 1 3 4 5 10 6 11 2 9 15 16 0 7 12 24 21 20 14 8 23 18 19 13 17 22
42 0 1 3 4 5 10 6 0 2 9 15 16 11 7 12 24 21 20 14 8 23 18 19 13 17 22
41 0 1 3 4 5 10 6 2 0 9 15 16 11 7 12 24 21 20 14 8 23 18 19 13 17 22
40 0 1 3 4 5 10 6 2 7 9 15 16 11 0 12 24 21 20 14 8 23 18 19 13 17 22
39 0 1 3 4 5 10 6 2 7 9 15 16 11 12 0 24 21 20 14 8 23 18 19 13 17 22
38 0 1 3 4 5 10 6 2 7 9 15 16 11 12 8 24 21 20 14 0 23 18 19 13 17 22
37 0 1 3 4 5 10 6 2 7 9 15 16 11 12 8 24 21 20 0 14 23 18 19 13 17 22
36 0 1 3 4 5 10 6 2 7 9 15 16 11 12 8 24 21 0 20 14 23 18 19 13 17 22
35 0 1 3 4 5 10 6 2 7 9 15 16 11 12 8 24 21 19 20 14 23 18 0 13 17 22
34 0 1 3 4 5 10 6 2 7 9 15 16 11 12 8 24 21 19 20 14 23 0 18 13 17 22
33 0 1 3 4 5 10 6 2 7 9 15 16 11 12 8 24 0 19 20 14 23 21 18 13 17 22
32 0 1 3 4 5 10 6 2 7 9 15 0 11 12 8 24 16 19 20 14 23 21 18 13 17 22
31 0 1 3 4 5 10 6 2 7 9 15 11 0 12 8 24 16 19 20 14 23 21 18 13 17 22
30 0 1 3 4 5 10 6 2 7 9 15 11 12 0 8 24 16 19 20 14 23 21 18 13 17 22
120 0 9 24 6 11 0 20 15 21 12 23 4 19 1 2 22 14 10 7 3 8 18 5 13 16 17
119 0 9 24 6 11 23 20 15 21 12 0 4 19 1 2 22 14 10 7 3 8 18 5 13 16 17
118 0 9 24 6 11 23 20 15 21 0 12 4 19 1 2 22 14 10 7 3 8 18 5 13 16 17
117 0 9 24 6 0 23 20 15 21 11 12 4 19 1 2 22 14 10 7 3 8 18 5 13 16 17
116 0 9 24 0 6 23 20 15 21 11 12 4 19 1 2 22 14 10 7 3 8 18 5 13 16 17
115 0 9 0 24 6 23 20 15 21 11 12 4 19 1 2 22 14 10 7 3 8 18 5 13 16 17
114 0 9 15 24 6 23 20 0 21 11 12 4 19 1 2 22 14 10 7 3 8 18 5 13 16 17
113 0 9 15 24 6 23 20 21 0 11 12 4 19 1 2 22 14 10 7 3 8 18 5 13 16 17
112 0 9 15 24 6 23 20 21 1 11 12 4 19 0 2 22 14 10 7 3 8 18 5 13 16 17
111 0 9 15 24 6 23 20 21 1 11 12 4 19 7 2 22 14 10 0 3 8 18 5 13 16 17
110 0 9 15 24 6 23 20 21 1 11 12 4 19 7 2 22 14 0 10 3 8 18 5 13 16 17
109 0 9 15 24 6 23 20 21 1 11 12 4 0 7 2 22 14 19 10 3 8 18 5 13 16 17
108 0 9 15 24 6 23 20 0 1 11 12 4 21 7 2 22 14 19 10 3 8 18 5 13 16 17
107 0 9 15 24 6 23 0 20 1 11 12 4 21 7 2 22 14 19 10 3 8 18 5 13 16 17
106 0 9 15 24 6 23 4 20 1 11 12 0 21 7 2 22 14 19 10 3 8 18 5 13 16 17
105 0 9 15 24 6 23 4 20 1 11 12 21 0 7 2 22 14 19 10 3 8 18 5 13 16 17
104 0 9 15 24 6 23 4 0 1 11 12 21 20 7 2 22 14 19 10 3 8 18 5 13 16 17
103 0 9 15 24 6 23 4 1 0 11 12 21 20 7 2 22 14 19 10 3 8 18 5 13 16 17
102 0 9 15 24 6 23 4 1 11 0 12 21 20 7 2 22 14 19 10 3 8 18 5 13 16 17
101 0 9 15 24 0 23 4 1 11 6 12 21 20 7 2 22 14 19 10 3 8 18 5 13 16 17
100 0 9 15 0 24 23 4 1 11 6 12 21 20 7 2 22 14 19 10 3 8 18 5 13 16 17
99 0 9 0 15 24 23 4 1 11 6 12 21 20 7 2 22 14 19 10 3 8 18 5 13 16 17
98 0 0 9 15 24 23 4 1 11 6 12 21 20 7 2 22 14 19 10 3 8 18 5 13 16 17
97 0 4 9 15 24 23 0 1 11 6 12 21 20 7 2 22 14 19 10 3 8 18 5 13 16 17
96 0 4 9 15 24 23 1 0 11 6 12 21 20 7 2 22 14 19 10 3 8 18 5 13 16 17
95 0 4 9 15 24 23 1 11 0 6 12 21 20 7 2 22 14 19 10 3 8 18 5 13 16 17
94 0 4 9 15 24 23 1 11 6 0 12 21 20 7 2 22 14 19 10 3 8 18 5 13 16 17
93 0 4 9 15 24 23 1 11 6 12 0 21 20 7 2 22 14 19 10 3 8 18 5 13 16 17
92 0 4 9 15 24 0 1 11 6 12 23 21 20 7 2 22 14 19 10 3 8 18 5 13 16 17
91 0 4 9 15 0 24 1 11 6 12 23 21 20 7 2 22 14 19 10 3 8 18 5 13 16 17
90 0 4 9 0 15 24 1 11 6 12 23 21 20 7 2 22 14 19 10 3 8 18 5 13 16 17
89 0 4 0 9 15 24 1 11 6 12 23 21 20 7 2 22 14 19 10 3 8 18 5 13 16 17
88 0 0 4 9 15 24 1 11 6 12 23 21 20 7 2 22 14 19 10 3 8 18 5 13 16 17
87 0 1 4 9 15 24 0 11 6 12 23 21 20 7 2 22 14 19 10 3 8 18 5 13 16 17
86 0 1 4 9 15 24 11 0 6 12 23 21 20 7 2 22 14 19 10 3 8 18 5 13 16 17
85 0 1 4 9 15 24 11 6 0 12 23 21 20 7 2 22 14 19 10 3 8 18 5 13 16 17
84 0 1 4 9 15 24 11 6 7 12 23 21 20 0 2 22 14 19 10 3 8 18 5 13 16 17
83 0 1 4 9 15 24 11 6 7 12 23 21 20 2 0 22 14 19 10 3 8 18 5 13 16 17
82 0 1 4 9 15 24 11 6 7 12 23 21 20 2 3 22 14 19 10 0 8 18 5 13 16 17
81 0 1 4 9 15 24 11 6 7 12 23 21 20 2 3 22 14 19 0 10 8 18 5 13 16 17
80 0 1 4 9 15 24 11 6 7 12 23 21 20 2 3 22 14 0 19 10 8 18 5 13 16 17
79 0 1 4 9 15 24 11 6 7 12 23 21 20 2 3 22 14 5 19 10 8 18 0 13 16 17
78 0 1 4 9 15 24 11 6 7 12 23 21 20 2 3 22 14 5 19 10 8 18 13 0 16 17
77 0 1 4 9 15 24 11 6 7 12 23 21 20 2 3 22 14 5 0 10 8 18 13 19 16 17
76 0 1 4 9 15 24 11 6 7 12 23 21 20 2 3 22 14 0 5 10 8 18 13 19 16 17
75 0 1 4 9 15 24 11 6 7 12 23 21 20 2 3 22 0 14 5 10 8 18 13 19 16 17
74 0 1 4 9 15 24 11 6 7 12 23 0 20 2 3 22 21 14 5 10 8 18 13 19 16 17
73 0 1 4 9 15 24 0 6 7 12 23 11 20 2 3 22 21 14 5 10 8 18 13 19 16 17
72 0 1 4 9 15 24 6 0 7 12 23 11 20 2 3 22 21 14 5 10 8 18 13 19 16 17
71 0 1 4 9 15 24 6 7 0 12 23 11 20 2 3 22 21 14 5 10 8 18 13 19 16 17
70 0 1 4 9 15 24 6 7 2 12 23 11 20 0 3 22 21 14 5 10 8 18 13 19 16 17
69 0 1 4 9 15 24 6 7 2 12 23 11 20 5 3 22 21 14 0 10 8 18 13 19 16 17
68 0 1 4 9 15 24 6 7 2 12 23 11 20 5 3 22 21 0 14 10 8 18 13 19 16 17
67 0 1 4 9 15 24 6 7 2 12 23 11 0 5 3 22 21 20 14 10 8 18 13 19 16 17
66 0 1 4 9 15 24 6 0 2 12 23 11 7 5 3 22 21 20 14 10 8 18 13 19 16 17
65 0 1 4 9 15 24 6 2 0 12 23 11 7 5 3 22 21 20 14 10 8 18 13 19 16 17
64 0 1 4 9 15 24 6 2 5 12 23 11 7 0 3 22 21 20 14 10 8 18 13 19 16 17
63 0 1 4 9 15 24 6 2 5 12 23 11 7 3 0 22 21 20 14 10 8 18 13 19 16 17
62 0 1 4 9 15 24 6 2 5 0 23 11 7 3 12 22 21 20 14 10 8 18 13 19 16 17
61 0 1 4 9 15 24 6 2 0 5 23 11 7 3 12 22 21 20 14 10 8 18 13 19 16 17
60 0 1 4 9 15 24 6 2 3 5 23 11 7 0 12 22 21 20 14 10 8 18 13 19 16 17
59 0 1 4 9 15 24 6 2 3 5 23 11 7 12 0 22 21 20 14 10 8 18 13 19 16 17
58 0 1 4 9 15 24 6 2 3 5 23 11 7 12 10 22 21 20 14 0 8 18 13 19 16 17
57 0 1 4 9 15 24 6 2 3 5 23 11 7 12 10 22 21 20 14 8 0 18 13 19 16 17
56 0 1 4 9 15 24 6 2 3 5 23 11 7 12 10 0 21 20 14 8 22 18 13 19 16 17
55 0 1 4 9 15 24 6 2 3 5 0 11 7 12 10 23 21 20 14 8 22 18 13 19 16 17
54 0 1 4 9 15 0 6 2 3 5 24 11 7 12 10 23 21 20 14 8 22 18 13 19 16 17
53 0 1 4 9 0 15 6 2 3 5 24 11 7 12 10 23 21 20 14 8 22 18 13 19 16 17
52 0 1 4 9 5 15 6 2 3 0 24 11 7 12 10 23 21 20 14 8 22 18 13 19 16 17
51 0 1 4 9 5 15 6 2 3 10 24 11 7 12 0 23 21 20 14 8 22 18 13 19 16 17
50 0 1 4 9 5 15 6 2 3 10 24 11 7 12 8 23 21 20 14 0 22 18 13 19 16 17
49 0 1 4 9 5 15 6 2 3 10 24 11 7 12 8 23 21 20 0 14 22 18 13 19 16 17
48 0 1 4 9 5 15 6 2 3 10 24 11 7 12 8 23 21 0 20 14 22 18 13 19 16 17
47 0 1 4 9 5 15 6 2 3 10 24 11 7 12 8 23 21 13 20 14 22 18 0 19 16 17
46 0 1 4 9 5 15 6 2 3 10 24 11 7 12 8 23 21 13 20 14 22 18 19 0 16 17
45 0 1 4 9 5 15 6 2 3 10 24 11 7 12 8 23 21 13 20 14 22 18 19 16 0 17
44 0 1 4 9 5 15 6 2 3 10 24 11 7 12 8 23 21 13 20 14 22 18 19 16 17 0
43 0 1 4 9 5 15 6 2 3 10 24 11 7 12 8 23 21 13 20 14 0 18 19 16 17 22
42 0 1 4 9 5 15 6 2 3 10 24 11 7 12 8 0 21 13 20 14 23 18 19 16 17 22
41 0 1 4 9 5 15 6 2 3 10 0 11 7 12 8 24 21 13 20 14 23 18 19 16 17 22
40 0 1 4 9 5 0 6 2 3 10 15 11 7 12 8 24 21 13 20 14 23 18 19 16 17 22
39 0 1 4 9 0 5 6 2 3 10 15 11 7 12 8 24 21 13 20 14 23 18 19 16 17 22
38 0 1 4 0 9 5 6 2 3 10 15 11 7 12 8 24 21 13 20 14 23 18 19 16 17 22
37 0 1 0 4 9 5 6 2 3 10 15 11 7 12 8 24 21 13 20 14 23 18 19 16 17 22
36 0 1 2 4 9 5 6 0 3 10 15 11 7 12 8 24 21 13 20 14 23 18 19 16 17 22
35 0 1 2 4 9 5 6 7 3 10 15 11 0 12 8 24 21 13 20 14 23 18 19 16 17 22
34 0 1 2 4 9 5 6 7 3 10 15 11 12 0 8 24 21 13 20 14 23 18 19 16 17 22
33 0 1 2 4 9 5 6 7 3 10 15 11 12 8 0 24 21 13 20 14 23 18 19 16 17 22
32 0 1 2 4 9 5 6 7 3 10 15 11 12 8 14 24 21 13 20 0 23 18 19 16 17 22
31 0 1 2 4 9 5 6 7 3 10 15 11 12 8 14 24 21 13 0 20 23 18 19 16 17 22
30 0 1 2 4 9 5 6 7 3 10 15 11 12 8 14 24 21 0 13 20 23 18 19 16 17 22
122 0 9 24 6 11 0 20 15 21 12 23 10 19 1 2 22 4 5 7 3 8 14 18 13 16 17
121 0 9 24 6 0 11 20 15 21 12 23 10 19 1 2 22 4 5 7 3 8 14 18 13 16 17
120 0 9 24 6 12 11 20 15 21 0 23 10 19 1 2 22 4 5 7 3 8 14 18 13 16 17
119 0 9 24 6 12 11 20 15 21 2 23 10 19 1 0 22 4 5 7 3 8 14 18 13 16 17
118 0 9 24 6 12 11 20 15 21 2 23 10 19 1 3 22 4 5 7 0 8 14 18 13 16 17
117 0 9 24 6 12 11 20 15 21 2 23 10 19 1 3 22 4 5 0 7 8 14 18 13 16 17
116 0 9 24 6 12 11 20 15 21 2 23 10 19 1 3 22 4 0 5 7 8 14 18 13 16 17
115 0 9 24 6 12 11 20 15 21 2 23 10 0 1 3 22 4 19 5 7 8 14 18 13 16 17
114 0 9 24 6 12 11 20 0 21 2 23 10 15 1 3 22 4 19 5 7 8 14 18 13 16 17
113 0 9 24 6 12 11 20 21 0 2 23 10 15 1 3 22 4 19 5 7 8 14 18 13 16 17
112 0 9 24 6 12 11 20 21 1 2 23 10 15 0 3 22 4 19 5 7 8 14 18 13 16 17
111 0 9 24 6 12 11 20 21 1 2 23 10 15 5 3 22 4 19 0 7 8 14 18 13 16 17
110 0 9 24 6 12 11 20 21 1 2 23 10 15 5 3 22 4 19 7 0 8 14 18 13 16 17
109 0 9 24 6 12 11 20 21 1 2 23 10 15 5 3 22 4 19 7 8 0 14 18 13 16 17
108 0 9 24 6 12 11 20 21 1 2 23 10 15 5 3 0 4 19 7 8 22 14 18 13 16 17
107 0 9 24 6 12 11 20 21 1 2 0 10 15 5 3 23 4 19 7 8 22 14 18 13 16 17
106 0 9 24 6 12 11 20 21 1 0 2 10 15 5 3 23 4 19 7 8 22 14 18 13 16 17
105 0 9 24 6 12 11 20 21 1 3 2 10 15 5 0 23 4 19 7 8 22 14 18 13 16 17
104 0 9 24 6 12 11 20 21 1 3 2 10 15 0 5 23 4 19 7 8 22 14 18 13 16 17
103 0 9 24 6 12 11 20 21 1 3 2 10 0 15 5 23 4 19 7 8 22 14 18 13 16 17
102 0 9 24 6 12 11 20 21 1 3 2 0 10 15 5 23 4 19 7 8 22 14 18 13 16 17
101 0 9 24 6 12 11 20 21 1 3 2 4 10 15 5 23 0 19 7 8 22 14 18 13 16 17
100 0 9 24 6 12 11 20 21 1 3 2 4 10 15 5 23 14 19 7 8 22 0 18 13 16 17
99 0 9 24 6 12 11 20 21 1 3 2 4 10 15 5 23 14 19 7 8 22 18 0 13 16 17
98 0 9 24 6 12 11 20 21 1 3 2 4 10 15 5 23 14 19 7 8 22 18 13 0 16 17
97 0 9 24 6 12 11 20 21 1 3 2 4 10 15 5 23 14 19 7 8 22 18 13 16 0 17
96 0 9 24 6 12 11 20 21 1 3 2 4 10 15 5 23 14 19 7 8 22 18 13 16 17 0
95 0 9 24 6 12 11 20 21 1 3 2 4 10 15 5 23 14 19 7 8 0 18 13 16 17 22
94 0 9 24 6 12 11 20 21 1 3 2 4 10 15 5 0 14 19 7 8 23 18 13 16 17 22
93 0 9 24 6 12 11 20 21 1 3 2 4 10 15 0 5 14 19 7 8 23 18 13 16 17 22
92 0 9 24 6 12 11 20 21 1 3 2 4 10 0 15 5 14 19 7 8 23 18 13 16 17 22
91 0 9 24 6 12 11 20 21 1 3 2 4 0 10 15 5 14 19 7 8 23 18 13 16 17 22
90 0 9 24 6 12 11 20 21 1 3 2 0 4 10 15 5 14 19 7 8 23 18 13 16 17 22
89 0 9 24 6 12 11 0 21 1 3 2 20 4 10 15 5 14 19 7 8 23 18 13 16 17 22
88 0 9 24 6 12 11 21 0 1 3 2 20 4 10 15 5 14 19 7 8 23 18 13 16 17 22
87 0 9 0 6 12 11 21 24 1 3 2 20 4 10 15 5 14 19 7 8 23 18 13 16 17 22
86 0 9 6 0 12 11 21 24 1 3 2 20 4 10 15 5 14 19 7 8 23 18 13 16 17 22
85 0 9 6 12 0 11 21 24 1 3 2 20 4 10 15 5 14 19 7 8 23 18 13 16 17 22
84 0 9 6 12 11 0 21 24 1 3 2 20 4 10 15 5 14 19 7 8 23 18 13 16 17 22
83 0 9 6 12 11 2 21 24 1 3 0 20 4 10 15 5 14 19 7 8 23 18 13 16 17 22
82 0 9 6 12 11 2 21 24 1 0 3 20 4 10 15 5 14 19 7 8 23 18 13 16 17 22
81 0 9 6 12 0 2 21 24 1 11 3 20 4 10 15 5 14 19 7 8 23 18 13 16 17 22
80 0 9 6 12 2 0 21 24 1 11 3 20 4 10 15 5 14 19 7 8 23 18 13 16 17 22
79 0 9 6 12 2 3 21 24 1 11 0 20 4 10 15 5 14 19 7 8 23 18 13 16 17 22
78 0 9 6 12 2 3 21 24 1 11 5 20 4 10 15 0 14 19 7 8 23 18 13 16 17 22
77 0 9 6 12 2 3 21 24 1 11 5 20 4 10 0 15 14 19 7 8 23 18 13 16 17 22
76 0 9 6 12 2 3 21 24 1 11 5 20 4 0 10 15 14 19 7 8 23 18 13 16 17 22
75 0 9 6 12 2 3 21 24 1 11 5 20 0 4 10 15 14 19 7 8 23 18 13 16 17 22
74 0 9 6 12 2 3 21 0 1 11 5 20 24 4 10 15 14 19 7 8 23 18 13 16 17 22
73 0 9 6 12 2 3 21 1 0 11 5 20 24 4 10 15 14 19 7 8 23 18 13 16 17 22
72 0 9 6 12 2 3 21 1 11 0 5 20 24 4 10 15 14 19 7 8 23 18 13 16 17 22
71 0 9 6 12 2 3 21 1 11 10 5 20 24 4 0 15 14 19 7 8 23 18 13 16 17 22
70 0 9 6 12 2 3 21 1 11 10 5 20 24 0 4 15 14 19 7 8 23 18 13 16 17 22
69 0 9 6 12 2 3 21 1 11 10 5 20 24 7 4 15 14 19 0 8 23 18 13 16 17 22
68 0 9 6 12 2 3 21 1 11 10 5 20 24 7 4 15 14 0 19 8 23 18 13 16 17 22
67 0 9 6 12 2 3 21 1 11 10 5 20 24 7 4 15 0 14 19 8 23 18 13 16 17 22
66 0 9 6 12 2 3 21 1 11 10 5 0 24 7 4 15 20 14 19 8 23 18 13 16 17 22
65 0 9 6 12 2 3 0 1 11 10 5 21 24 7 4 15 20 14 19 8 23 18 13 16 17 22
64 0 9 6 12 2 3 1 0 11 10 5 21 24 7 4 15 20 14 19 8 23 18 13 16 17 22
63 0 9 6 12 2 3 1 11 0 10 5 21 24 7 4 15 20 14 19 8 23 18 13 16 17 22
62 0 9 6 12 2 3 1 11 7 10 5 21 24 0 4 15 20 14 19 8 23 18 13 16 17 22
61 0 9 6 12 2 3 1 11 7 10 5 21 0 24 4 15 20 14 19 8 23 18 13 16 17 22
60 0 9 6 12 2 3 1 0 7 10 5 21 11 24 4 15 20 14 19 8 23 18 13 16 17 22
59 0 9 0 12 2 3 1 6 7 10 5 21 11 24 4 15 20 14 19 8 23 18 13 16 17 22
58 0 0 9 12 2 3 1 6 7 10 5 21 11 24 4 15 20 14 19 8 23 18 13 16 17 22
57 0 1 9 12 2 3 0 6 7 10 5 21 11 24 4 15 20 14 19 8 23 18 13 16 17 22
56 0 1 9 12 2 3 6 0 7 10 5 21 11 24 4 15 20 14 19 8 23 18 13 16 17 22
55 0 1 9 12 2 3 6 7 0 10 5 21 11 24 4 15 20 14 19 8 23 18 13 16 17 22
54 0 1 9 0 2 3 6 7 12 10 5 21 11 24 4 15 20 14 19 8 23 18 13 16 17 22
53 0 1 0 9 2 3 6 7 12 10 5 21 11 24 4 15 20 14 19 8 23 18 13 16 17 22
52 0 1 7 9 2 3 6 0 12 10 5 21 11 24 4 15 20 14 19 8 23 18 13 16 17 22
51 0 1 7 9 2 3 6 12 0 10 5 21 11 24 4 15 20 14 19 8 23 18 13 16 17 22
50 0 1 7 0 2 3 6 12 9 10 5 21 11 24 4 15 20 14 19 8 23 18 13 16 17 22
49 0 1 7 2 0 3 6 12 9 10 5 21 11 24 4 15 20 14 19 8 23 18 13 16 17 22
48 0 1 7 2 3 0 6 12 9 10 5 21 11 24 4 15 20 14 19 8 23 18 13 16 17 22
47 0 1 7 2 3 5 6 12 9 10 0 21 11 24 4 15 20 14 19 8 23 18 13 16 17 22
46 0 1 7 2 3 5 6 12 9 0 10 21 11 24 4 15 20 14 19 8 23 18 13 16 17 22
45 0 1 7 2 3 5 6 12 9 4 10 21 11 24 0 15 20 14 19 8 23 18 13 16 17 22
44 0 1 7 2 3 5 6 12 9 4 10 21 11 0 24 15 20 14 19 8 23 18 13 16 17 22
43 0 1 7 2 3 5 6 12 9 4 10 21 11 19 24 15 20 14 0 8 23 18 13 16 17 22
42 0 1 7 2 3 5 6 12 9 4 10 21 11 19 24 15 20 14 8 0 23 18 13 16 17 22
41 0 1 7 2 3 5 6 12 9 4 10 21 11 19 0 15 20 14 8 24 23 18 13 16 17 22
40 0 1 7 2 3 5 6 12 9 4 10 21 11 0 19 15 20 14 8 24 23 18 13 16 17 22
39 0 1 7 2 3 5 6 12 9 4 10 21 11 8 19 15 20 14 0 24 23 18 13 16 17 22
38 0 1 7 2 3 5 6 12 9 4 10 21 11 8 19 15 20 0 14 24 23 18 13 16 17 22
37 0 1 7 2 3 5 6 12 9 4 10 21 11 8 19 15 0 20 14 24 23 18 13 16 17 22
36 0 1 7 2 3 5 6 12 9 4 10 0 11 8 19 15 21 20 14 24 23 18 13 16 17 22
35 0 1 7 2 3 5 6 12 9 4 10 11 0 8 19 15 21 20 14 24 23 18 13 16 17 22
34 0 1 7 2 3 5 6 0 9 4 10 11 12 8 19 15 21 20 14 24 23 18 13 16 17 22
33 0 1 0 2 3 5 6 7 9 4 10 11 12 8 19 15 21 20 14 24 23 18 13 16 17 22
32 0 1 2 0 3 5 6 7 9 4 10 11 12 8 19 15 21 20 14 24 23 18 13 16 17 22
31 0 1 2 3 0 5 6 7 9 4 10 11 12 8 19 15 21 20 14 24 23 18 13 16 17 22
30 0 1 2 3 4 5 6 7 9 0 10 11 12 8 19 15 21 20 14 24 23 18 13 16 17 22
120 0 9 24 6 11 23 14 20 1 21 12 18 4 2 22 16 10 5 7 3 8 19 15 13 17 0
119 0 9 24 6 11 23 14 20 1 21 12 18 4 2 22 16 10 5 7 3 8 19 15 13 0 17
118 0 9 24 6 11 23 14 20 1 21 12 18 4 2 22 16 10 5 7 3 8 19 15 0 13 17
117 0 9 24 6 11 23 14 20 1 21 12 18 4 2 22 16 10 5 0 3 8 19 15 7 13 17
116 0 9 24 6 11 23 14 20 1 21 12 18 4 2 22 16 10 0 5 3 8 19 15 7 13 17
115 0 9 24 6 11 23 14 20 1 21 12 18 0 2 22 16 10 4 5 3 8 19 15 7 13 17
114 0 9 24 6 11 23 14 20 1 21 12 18 2 0 22 16 10 4 5 3 8 19 15 7 13 17
113 0 9 24 6 11 23 14 20 1 21 12 18 2 5 22 16 10 4 0 3 8 19 15 7 13 17
112 0 9 24 6 11 23 14 20 1 21 12 18 2 5 22 16 10 0 4 3 8 19 15 7 13 17
111 0 9 24 6 11 23 14 20 1 21 12 18 2 5 22 16 0 10 4 3 8 19 15 7 13 17
110 0 9 24 6 11 23 14 20 1 21 12 0 2 5 22 16 18 10 4 3 8 19 15 7 13 17
109 0 9 24 6 11 23 14 20 1 21 12 2 0 5 22 16 18 10 4 3 8 19 15 7 13 17
108 0 9 24 6 11 23 14 0 1 21 12 2 20 5 22 16 18 10 4 3 8 19 15 7 13 17
107 0 9 0 6 11 23 14 24 1 21 12 2 20 5 22 16 18 10 4 3 8 19 15 7 13 17
106 0 9 6 0 11 23 14 24 1 21 12 2 20 5 22 16 18 10 4 3 8 19 15 7 13 17
105 0 9 6 1 11 23 14 24 0 21 12 2 20 5 22 16 18 10 4 3 8 19 15 7 13 17
104 0 9 6 1 11 23 14 24 5 21 12 2 20 0 22 16 18 10 4 3 8 19 15 7 13 17
103 0 9 6 1 11 23 14 24 5 21 12 2 20 4 22 16 18 10 0 3 8 19 15 7 13 17
102 0 9 6 1 11 23 14 24 5 21 12 2 20 4 22 16 18 0 10 3 8 19 15 7 13 17
101 0 9 6 1 11 23 14 24 5 21 12 2 0 4 22 16 18 20 10 3 8 19 15 7 13 17
100 0 9 6 1 11 23 14 0 5 21 12 2 24 4 22 16 18 20 10 3 8 19 15 7 13 17
99 0 9 6 1 11 23 0 14 5 21 12 2 24 4 22 16 18 20 10 3 8 19 15 7 13 17
98 0 0 6 1 11 23 9 14 5 21 12 2 24 4 22 16 18 20 10 3 8 19 15 7 13 17
97 0 6 0 1 11 23 9 14 5 21 12 2 24 4 22 16 18 20 10 3 8 19 15 7 13 17
96 0 6 1 0 11 23 9 14 5 21 12 2 24 4 22 16 18 20 10 3 8 19 15 7 13 17
95 0 6 1 5 11 23 9 14 0 21 12 2 24 4 22 16 18 20 10 3 8 19 15 7 13 17
94 0 6 1 5 11 23 9 14 4 21 12 2 24 0 22 16 18 20 10 3 8 19 15 7 13 17
93 0 6 1 5 11 23 9 14 4 21 12 2 24 22 0 16 18 20 10 3 8 19 15 7 13 17
92 0 6 1 5 11 23 9 14 4 21 12 2 24 22 3 16 18 20 10 0 8 19 15 7 13 17
91 0 6 1 5 11 23 9 14 4 21 12 2 24 22 3 16 18 20 0 10 8 19 15 7 13 17
90 0 6 1 5 11 23 9 14 4 21 12 2 24 22 3 16 18 0 20 10 8 19 15 7 13 17
89 0 6 1 5 11 23 9 14 4 21 12 2 0 22 3 16 18 24 20 10 8 19 15 7 13 17
88 0 6 1 5 11 23 9 14 4 21 12 2 22 0 3 16 18 24 20 10 8 19 15 7 13 17
87 0 6 1 5 11 23 9 14 4 21 12 2 22 3 0 16 18 24 20 10 8 19 15 7 13 17
86 0 6 1 5 11 23 9 14 4 0 12 2 22 3 21 16 18 24 20 10 8 19 15 7 13 17
85 0 6 1 5 0 23 9 14 4 11 12 2 22 3 21 16 18 24 20 10 8 19 15 7 13 17
84 0 6 1 0 5 23 9 14 4 11 12 2 22 3 21 16 18 24 20 10 8 19 15 7 13 17
83 0 6 1 4 5 23 9 14 0 11 12 2 22 3 21 16 18 24 20 10 8 19 15 7 13 17
82 0 6 1 4 5 23 9 14 3 11 12 2 22 0 21 16 18 24 20 10 8 19 15 7 13 17
81 0 6 1 4 5 23 9 14 3 11 12 2 22 21 0 16 18 24 20 10 8 19 15 7 13 17
80 0 6 1 4 5 23 9 14 3 11 12 2 22 21 16 0 18 24 20 10 8 19 15 7 13 17
79 0 6 1 4 5 23 9 14 3 11 12 2 22 21 16 8 18 24 20 10 0 19 15 7 13 17
78 0 6 1 4 5 23 9 14 3 11 12 2 22 21 16 8 18 24 20 0 10 19 15 7 13 17
77 0 6 1 4 5 23 9 14 3 11 12 2 22 21 16 8 18 24 0 20 10 19 15 7 13 17
76 0 6 1 4 5 23 9 14 3 11 12 2 22 21 16 8 18 0 24 20 10 19 15 7 13 17
75 0 6 1 4 5 23 9 14 3 11 12 2 0 21 16 8 18 22 24 20 10 19 15 7 13 17
74 0 6 1 4 5 23 9 14 3 11 12 2 21 0 16 8 18 22 24 20 10 19 15 7 13 17
73 0 6 1 4 5 23 9 14 3 11 12 2 21 16 0 8 18 22 24 20 10 19 15 7 13 17
72 0 6 1 4 5 23 9 14 3 0 12 2 21 16 11 8 18 22 24 20 10 19 15 7 13 17
71 0 6 1 4 5 23 9 14 3 12 0 2 21 16 11 8 18 22 24 20 10 19 15 7 13 17
70 0 6 1 4 5 0 9 14 3 12 23 2 21 16 11 8 18 22 24 20 10 19 15 7 13 17
69 0 6 1 4 0 5 9 14 3 12 23 2 21 16 11 8 18 22 24 20 10 19 15 7 13 17
68 0 6 1 0 4 5 9 14 3 12 23 2 21 16 11 8 18 22 24 20 10 19 15 7 13 17
67 0 6 1 3 4 5 9 14 0 12 23 2 21 16 11 8 18 22 24 20 10 19 15 7 13 17
66 0 6 1 3 4 5 9 0 14 12 23 2 21 16 11 8 18 22 24 20 10 19 15 7 13 17
65 0 6 1 3 4 5 0 9 14 12 23 2 21 16 11 8 18 22 24 20 10 19 15 7 13 17
64 0 6 1 3 4 5 2 9 14 12 23 0 21 16 11 8 18 22 24 20 10 19 15 7 13 17
63 0 6 1 3 4 5 2 9 14 12 23 21 0 16 11 8 18 22 24 20 10 19 15 7 13 17
62 0 6 1 3 4 5 2 9 14 12 23 21 16 0 11 8 18 22 24 20 10 19 15 7 13 17
61 0 6 1 3 4 5 2 9 14 12 23 21 16 11 0 8 18 22 24 20 10 19 15 7 13 17
60 0 6 1 3 4 5 2 9 14 12 23 21 16 11 8 0 18 22 24 20 10 19 15 7 13 17
59 0 6 1 3 4 5 2 9 14 12 23 21 16 11 8 10 18 22 24 20 0 19 15 7 13 17
58 0 6 1 3 4 5 2 9 14 12 23 21 16 11 8 10 18 22 24 0 20 19 15 7 13 17
57 0 6 1 3 4 5 2 9 14 12 23 21 16 11 8 10 18 22 0 24 20 19 15 7 13 17
56 0 6 1 3 4 5 2 9 14 12 23 21 16 11 8 10 18 22 7 24 20 19 15 0 13 17
55 0 6 1 3 4 5 2 9 14 12 23 21 16 11 8 10 18 22 7 24 20 19 0 15 13 17
54 0 6 1 3 4 5 2 9 14 12 23 21 16 11 8 10 18 22 7 24 20 0 19 15 13 17
53 0 6 1 3 4 5 2 9 14 12 23 21 16 11 8 10 0 22 7 24 20 18 19 15 13 17
52 0 6 1 3 4 5 2 9 14 12 23 0 16 11 8 10 21 22 7 24 20 18 19 15 13 17
51 0 6 1 3 4 5 2 9 14 12 23 16 0 11 8 10 21 22 7 24 20 18 19 15 13 17
50 0 6 1 3 4 5 2 9 14 12 23 16 11 0 8 10 21 22 7 24 20 18 19 15 13 17
49 0 6 1 3 4 5 2 9 14 12 23 16 11 7 8 10 21 22 0 24 20 18 19 15 13 17
48 0 6 1 3 4 5 2 9 14 12 23 16 11 7 8 10 21 22 15 24 20 18 19 0 13 17
47 0 6 1 3 4 5 2 9 14 12 23 16 11 7 8 10 21 22 15 24 20 18 0 19 13 17
46 0 6 1 3 4 5 2 9 14 12 23 16 11 7 8 10 21 22 15 24 20 0 18 19 13 17
45 0 6 1 3 4 5 2 9 14 12 23 16 11 7 8 10 0 22 15 24 20 21 18 19 13 17
44 0 6 1 3 4 5 2 9 14 12 23 0 11 7 8 10 16 22 15 24 20 21 18 19 13 17
43 0 6 1 3 4 5 2 9 14 12 23 11 0 7 8 10 16 22 15 24 20 21 18 19 13 17
42 0 6 1 3 4 5 2 9 14 12 23 11 7 0 8 10 16 22 15 24 20 21 18 19 13 17
41 0 6 1 3 4 5 2 9 14 12 23 11 7 8 0 10 16 22 15 24 20 21 18 19 13 17
40 0 6 1 3 4 5 2 9 14 0 23 11 7 8 12 10 16 22 15 24 20 21 18 19 13 17
39 0 6 1 3 4 5 2 9 14 23 0 11 7 8 12 10 16 22 15 24 20 21 18 19 13 17
38 0 6 1 3 4 5 2 9 14 23 10 11 7 8 12 0 16 22 15 24 20 21 18 19 13 17
37 0 6 1 3 4 5 2 9 14 23 10 11 7 8 12 20 16 22 15 24 0 21 18 19 13 17
36 0 6 1 3 4 5 2 9 14 23 10 11 7 8 12 20 16 22 15 0 24 21 18 19 13 17
35 0 6 1 3 4 5 2 9 14 23 10 11 7 8 12 20 16 22 0 15 24 21 18 19 13 17
34 0 6 1 3 4 5 2 9 14 23 10 11 7 0 12 20 16 22 8 15 24 21 18 19 13 17
33 0 6 1 3 4 5 2 9 14 23 10 11 7 12 0 20 16 22 8 15 24 21 18 19 13 17
32 0 6 1 3 4 5 2 9 14 23 10 11 7 12 15 20 16 22 8 0 24 21 18 19 13 17
31 0 6 1 3 4 5 2 9 14 23 10 11 7 12 15 20 16 22 8 13 24 21 18 19 0 17
30 0 6 1 3 4 5 2 9 14 23 10 11 7 12 15 20 16 22 8 13 24 21 18 19 17 0
122 0 9 24 6 11 23 14 20 1 21 12 18 4 2 22 17 10 5 7 3 16 19 15 13 8 0
121 0 9 24 6 11 23 14 20 1 21 12 18 4 2 22 17 10 5 7 3 0 19 15 13 8 16
120 0 9 24 6 11 23 14 20 1 21 12 18 4 2 22 0 10 5 7 3 17 19 15 13 8 16
119 0 9 24 6 11 23 14 20 1 21 12 18 4 2 0 22 10 5 7 3 17 19 15 13 8 16
118 0 9 24 6 11 23 14 20 1 0 12 18 4 2 21 22 10 5 7 3 17 19 15 13 8 16
117 0 9 24 6 11 23 14 20 0 1 12 18 4 2 21 22 10 5 7 3 17 19 15 13 8 16
116 0 9 24 6 11 23 14 0 20 1 12 18 4 2 21 22 10 5 7 3 17 19 15 13 8 16
115 0 9 0 6 11 23 14 24 20 1 12 18 4 2 21 22 10 5 7 3 17 19 15 13 8 16
114 0 9 6 0 11 23 14 24 20 1 12 18 4 2 21 22 10 5 7 3 17 19 15 13 8 16
113 0 9 6 11 0 23 14 24 20 1 12 18 4 2 21 22 10 5 7 3 17 19 15 13 8 16
112 0 9 6 11 1 23 14 24 20 0 12 18 4 2 21 22 10 5 7 3 17 19 15 13 8 16
111 0 9 6 11 1 23 14 24 0 20 12 18 4 2 21 22 10 5 7 3 17 19 15 13 8 16
110 0 9 6 11 1 23 14 0 24 20 12 18 4 2 21 22 10 5 7 3 17 19 15 13 8 16
109 0 9 6 11 1 23 14 4 24 20 12 18 0 2 21 22 10 5 7 3 17 19 15 13 8 16
108 0 9 6 11 1 23 14 4 24 20 12 18 5 2 21 22 10 0 7 3 17 19 15 13 8 16
107 0 9 6 11 1 23 14 4 24 20 12 18 5 2 21 22 0 10 7 3 17 19 15 13 8 16
106 0 9 6 11 1 23 14 4 24 20 12 0 5 2 21 22 18 10 7 3 17 19 15 13 8 16
105 0 9 6 11 1 23 0 4 24 20 12 14 5 2 21 22 18 10 7 3 17 19 15 13 8 16
104 0 0 6 11 1 23 9 4 24 20 12 14 5 2 21 22 18 10 7 3 17 19 15 13 8 16
103 0 6 0 11 1 23 9 4 24 20 12 14 5 2 21 22 18 10 7 3 17 19 15 13 8 16
102 0 6 11 0 1 23 9 4 24 20 12 14 5 2 21 22 18 10 7 3 17 19 15 13 8 16
101 0 6 11 1 0 23 9 4 24 20 12 14 5 2 21 22 18 10 7 3 17 19 15 13 8 16
100 0 6 11 1 20 23 9 4 24 0 12 14 5 2 21 22 18 10 7 3 17 19 15 13 8 16
99 0 6 11 1 20 23 9 4 0 24 12 14 5 2 21 22 18 10 7 3 17 19 15 13 8 16
98 0 6 11 1 20 23 9 0 4 24 12 14 5 2 21 22 18 10 7 3 17 19 15 13 8 16
97 0 6 0 1 20 23 9 11 4 24 12 14 5 2 21 22 18 10 7 3 17 19 15 13 8 16
96 0 6 1 0 20 23 9 11 4 24 12 14 5 2 21 22 18 10 7 3 17 19 15 13 8 16
95 0 6 1 4 20 23 9 11 0 24 12 14 5 2 21 22 18 10 7 3 17 19 15 13 8 16
94 0 6 1 4 20 23 9 11 2 24 12 14 5 0 21 22 18 10 7 3 17 19 15 13 8 16
93 0 6 1 4 20 23 9 11 2 24 12 14 0 5 21 22 18 10 7 3 17 19 15 13 8 16
92 0 6 1 4 20 23 9 11 2 24 12 14 10 5 21 22 18 0 7 3 17 19 15 13 8 16
91 0 6 1 4 20 23 9 11 2 24 12 14 10 5 21 22 18 7 0 3 17 19 15 13 8 16
90 0 6 1 4 20 23 9 11 2 24 12 14 10 5 21 22 18 7 3 0 17 19 15 13 8 16
89 0 6 1 4 20 23 9 11 2 24 12 14 10 5 0 22 18 7 3 21 17 19 15 13 8 16
88 0 6 1 4 20 23 9 11 2 24 12 14 10 0 5 22 18 7 3 21 17 19 15 13 8 16
87 0 6 1 4 20 23 9 11 2 24 12 14 0 10 5 22 18 7 3 21 17 19 15 13 8 16
86 0 6 1 4 20 23 9 11 2 24 12 0 14 10 5 22 18 7 3 21 17 19 15 13 8 16
85 0 6 1 4 20 23 0 11 2 24 12 9 14 10 5 22 18 7 3 21 17 19 15 13 8 16
84 0 6 1 4 20 23 11 0 2 24 12 9 14 10 5 22 18 7 3 21 17 19 15 13 8 16
83 0 6 1 4 20 23 11 2 0 24 12 9 14 10 5 22 18 7 3 21 17 19 15 13 8 16
82 0 6 1 4 20 23 11 2 10 24 12 9 14 0 5 22 18 7 3 21 17 19 15 13 8 16
81 0 6 1 4 20 23 11 2 10 24 12 9 14 3 5 22 18 7 0 21 17 19 15 13 8 16
80 0 6 1 4 20 23 11 2 10 24 12 9 14 3 5 22 18 7 21 0 17 19 15 13 8 16
79 0 6 1 4 20 23 11 2 10 24 12 9 14 3 5 22 18 7 21 8 17 19 15 13 0 16
78 0 6 1 4 20 23 11 2 10 24 12 9 14 3 5 22 18 7 21 8 17 19 15 13 16 0
77 0 6 1 4 20 23 11 2 10 24 12 9 14 3 5 22 18 7 21 8 0 19 15 13 16 17
76 0 6 1 4 20 23 11 2 10 24 12 9 14 3 5 0 18 7 21 8 22 19 15 13 16 17
75 0 6 1 4 20 23 11 2 10 24 0 9 14 3 5 12 18 7 21 8 22 19 15 13 16 17
74 0 6 1 4 20 23 11 2 10 0 24 9 14 3 5 12 18 7 21 8 22 19 15 13 16 17
73 0 6 1 4 20 23 11 2 10 5 24 9 14 3 0 12 18 7 21 8 22 19 15 13 16 17
72 0 6 1 4 20 23 11 2 10 5 24 9 14 3 12 0 18 7 21 8 22 19 15 13 16 17
71 0 6 1 4 20 23 11 2 10 5 0 9 14 3 12 24 18 7 21 8 22 19 15 13 16 17
70 0 6 1 4 20 0 11 2 10 5 23 9 14 3 12 24 18 7 21 8 22 19 15 13 16 17
69 0 6 1 4 0 20 11 2 10 5 23 9 14 3 12 24 18 7 21 8 22 19 15 13 16 17
68 0 6 1 4 5 20 11 2 10 0 23 9 14 3 12 24 18 7 21 8 22 19 15 13 16 17
67 0 6 1 4 5 20 11 2 0 10 23 9 14 3 12 24 18 7 21 8 22 19 15 13 16 17
66 0 6 1 4 5 20 11 2 3 10 23 9 14 0 12 24 18 7 21 8 22 19 15 13 16 17
65 0 6 1 4 5 20 11 2 3 10 23 9 0 14 12 24 18 7 21 8 22 19 15 13 16 17
64 0 6 1 4 5 20 11 2 3 10 23 0 9 14 12 24 18 7 21 8 22 19 15 13 16 17
63 0 6 1 4 5 20 0 2 3 10 23 11 9 14 12 24 18 7 21 8 22 19 15 13 16 17
62 0 0 1 4 5 20 6 2 3 10 23 11 9 14 12 24 18 7 21 8 22 19 15 13 16 17
61 0 1 0 4 5 20 6 2 3 10 23 11 9 14 12 24 18 7 21 8 22 19 15 13 16 17
60 0 1 2 4 5 20 6 0 3 10 23 11 9 14 12 24 18 7 21 8 22 19 15 13 16 17
59 0 1 2 4 5 20 6 9 3 10 23 11 0 14 12 24 18 7 21 8 22 19 15 13 16 17
58 0 1 2 4 5 20 6 9 3 10 23 11 7 14 12 24 18 0 21 8 22 19 15 13 16 17
57 0 1 2 4 5 20 6 9 3 10 23 11 7 14 12 24 18 21 0 8 22 19 15 13 16 17
56 0 1 2 4 5 20 6 9 3 10 23 11 7 14 12 24 18 21 13 8 22 19 15 0 16 17
55 0 1 2 4 5 20 6 9 3 10 23 11 7 14 12 24 18 21 13 8 22 19 0 15 16 17
54 0 1 2 4 5 20 6 9 3 10 23 11 7 14 12 24 18 21 13 8 22 0 19 15 16 17
53 0 1 2 4 5 20 6 9 3 10 23 11 7 14 12 24 0 21 13 8 22 18 19 15 16 17
52 0 1 2 4 5 20 6 9 3 10 23 11 7 14 12 24 21 0 13 8 22 18 19 15 16 17
51 0 1 2 4 5 20 6 9 3 10 23 11 7 14 12 24 21 13 0 8 22 18 19 15 16 17
50 0 1 2 4 5 20 6 9 3 10 23 11 7 14 12 24 21 13 15 8 22 18 19 0 16 17
49 0 1 2 4 5 20 6 9 3 10 23 11 7 14 12 24 21 13 15 8 22 18 19 16 0 17
48 0 1 2 4 5 20 6 9 3 10 23 11 7 14 12 24 21 13 15 8 22 18 19 16 17 0
47 0 1 2 4 5 20 6 9 3 10 23 11 7 14 12 24 21 13 15 8 0 18 19 16 17 22
46 0 1 2 4 5 20 6 9 3 10 23 11 7 14 12 0 21 13 15 8 24 18 19 16 17 22
45 0 1 2 4 5 20 6 9 3 10 0 11 7 14 12 23 21 13 15 8 24 18 19 16 17 22
44 0 1 2 4 5 0 6 9 3 10 20 11 7 14 12 23 21 13 15 8 24 18 19 16 17 22
43 0 1 2 4 0 5 6 9 3 10 20 11 7 14 12 23 21 13 15 8 24 18 19 16 17 22
42 0 1 2 0 4 5 6 9 3 10 20 11 7 14 12 23 21 13 15 8 24 18 19 16 17 22
41 0 1 2 3 4 5 6 9 0 10 20 11 7 14 12 23 21 13 15 8 24 18 19 16 17 22
40 0 1 2 3 4 5 6 9 14 10 20 11 7 0 12 23 21 13 15 8 24 18 19 16 17 22
39 0 1 2 3 4 5 6 9 14 10 20 11 7 12 0 23 21 13 15 8 24 18 19 16 17 22
38 0 1 2 3 4 5 6 9 14 10 20 11 7 12 23 0 21 13 15 8 24 18 19 16 17 22
37 0 1 2 3 4 5 6 9 14 10 0 11 7 12 23 20 21 13 15 8 24 18 19 16 17 22
36 0 1 2 3 4 5 6 9 14 0 10 11 7 12 23 20 21 13 15 8 24 18 19 16 17 22
35 0 1 2 3 4 5 6 9 0 14 10 11 7 12 23 20 21 13 15 8 24 18 19 16 17 22
34 0 1 2 3 4 5 6 0 9 14 10 11 7 12 23 20 21 13 15 8 24 18 19 16 17 22
33 0 1 2 3 4 5 6 7 9 14 10 11 0 12 23 20 21 13 15 8 24 18 19 16 17 22
32 0 1 2 3 4 5 6 7 9 14 10 11 12 0 23 20 21 13 15 8 24 18 19 16 17 22
31 0 1 2 3 4 5 6 7 9 14 10 11 12 15 23 20 21 13 0 8 24 18 19 16 17 22
30 0 1 2 3 4 5 6 7 9 14 10 11 12 15 23 20 21 13 8 0 24 18 19 16 17 22
118 0 9 24 6 11 23 14 20 1 21 12 18 4 3 16 22 10 5 2 8 17 19 15 7 13 0
117 0 9 24 6 11 23 14 20 1 21 12 18 4 3 16 22 10 5 2 8 0 19 15 7 13 17
116 0 9 24 6 11 23 14 20 1 21 12 18 4 3 16 22 10 5 2 0 8 19 15 7 13 17
115 0 9 24 6 11 23 14 20 1 21 12 18 4 3 0 22 10 5 2 16 8 19 15 7 13 17
114 0 9 24 6 11 23 14 20 1 21 12 18 4 0 3 22 10 5 2 16 8 19 15 7 13 17
113 0 9 24 6 11 23 14 20 1 21 12 18 0 4 3 22 10 5 2 16 8 19 15 7 13 17
112 0 9 24 6 11 23 14 0 1 21 12 18 20 4 3 22 10 5 2 16 8 19 15 7 13 17
111 0 9 24 6 11 23 14 1 0 21 12 18 20 4 3 22 10 5 2 16 8 19 15 7 13 17
110 0 9 24 6 11 23 14 1 21 0 12 18 20 4 3 22 10 5 2 16 8 19 15 7 13 17
109 0 9 24 6 11 23 14 1 21 3 12 18 20 4 0 22 10 5 2 16 8 19 15 7 13 17
108 0 9 24 6 11 23 14 1 21 3 12 18 20 0 4 22 10 5 2 16 8 19 15 7 13 17
107 0 9 24 6 11 23 14 1 21 3 12 18 20 2 4 22 10 5 0 16 8 19 15 7 13 17
106 0 9 24 6 11 23 14 1 21 3 12 18 20 2 4 22 10 0 5 16 8 19 15 7 13 17
105 0 9 24 6 11 23 14 1 21 3 12 18 20 2 4 22 0 10 5 16 8 19 15 7 13 17
104 0 9 24 6 11 23 14 1 21 3 12 0 20 2 4 22 18 10 5 16 8 19 15 7 13 17
103 0 9 24 6 11 23 0 1 21 3 12 14 20 2 4 22 18 10 5 16 8 19 15 7 13 17
102 0 9 24 6 11 23 1 0 21 3 12 14 20 2 4 22 18 10 5 16 8 19 15 7 13 17
101 0 9 24 6 11 23 1 21 0 3 12 14 20 2 4 22 18 10 5 16 8 19 15 7 13 17
100 0 9 24 0 11 23 1 21 6 3 12 14 20 2 4 22 18 10 5 16 8 19 15 7 13 17
99 0 9 0 24 11 23 1 21 6 3 12 14 20 2 4 22 18 10 5 16 8 19 15 7 13 17
98 0 0 9 24 11 23 1 21 6 3 12 14 20 2 4 22 18 10 5 16 8 19 15 7 13 17
97 0 1 9 24 11 23 0 21 6 3 12 14 20 2 4 22 18 10 5 16 8 19 15 7 13 17
96 0 1 9 24 11 23 21 0 6 3 12 14 20 2 4 22 18 10 5 16 8 19 15 7 13 17
95 0 1 9 24 11 23 21 6 0 3 12 14 20 2 4 22 18 10 5 16 8 19 15 7 13 17
94 0 1 9 0 11 23 21 6 24 3 12 14 20 2 4 22 18 10 5 16 8 19 15 7 13 17
93 0 1 9 11 0 23 21 6 24 3 12 14 20 2 4 22 18 10 5 16 8 19 15 7 13 17
92 0 1 9 11 3 23 21 6 24 0 12 14 20 2 4 22 18 10 5 16 8 19 15 7 13 17
91 0 1 9 11 3 23 21 6 0 24 12 14 20 2 4 22 18 10 5 16 8 19 15 7 13 17
90 0 1 9 11 3 23 21 6 2 24 12 14 20 0 4 22 18 10 5 16 8 19 15 7 13 17
89 0 1 9 11 3 23 21 6 2 24 12 14 20 5 4 22 18 10 0 16 8 19 15 7 13 17
88 0 1 9 11 3 23 21 6 2 24 12 14 20 5 4 22 18 10 16 0 8 19 15 7 13 17
87 0 1 9 11 3 23 21 6 2 24 12 14 20 5 4 22 18 10 16 8 0 19 15 7 13 17
86 0 1 9 11 3 23 21 6 2 24 12 14 20 5 4 0 18 10 16 8 22 19 15 7 13 17
85 0 1 9 11 3 23 21 6 2 24 12 14 20 5 0 4 18 10 16 8 22 19 15 7 13 17
84 0 1 9 11 3 23 21 6 2 0 12 14 20 5 24 4 18 10 16 8 22 19 15 7 13 17
83 0 1 9 11 3 23 21 6 2 12 0 14 20 5 24 4 18 10 16 8 22 19 15 7 13 17
82 0 1 9 11 3 23 21 6 2 12 4 14 20 5 24 0 18 10 16 8 22 19 15 7 13 17
81 0 1 9 11 3 23 21 6 2 12 4 14 20 5 0 24 18 10 16 8 22 19 15 7 13 17
80 0 1 9 11 3 23 21 6 2 12 4 14 20 0 5 24 18 10 16 8 22 19 15 7 13 17
79 0 1 9 11 3 23 21 6 2 12 4 14 20 16 5 24 18 10 0 8 22 19 15 7 13 17
78 0 1 9 11 3 23 21 6 2 12 4 14 20 16 5 24 18 0 10 8 22 19 15 7 13 17
77 0 1 9 11 3 23 21 6 2 12 4 14 0 16 5 24 18 20 10 8 22 19 15 7 13 17
76 0 1 9 11 3 23 21 6 2 12 4 14 16 0 5 24 18 20 10 8 22 19 15 7 13 17
75 0 1 9 11 3 23 21 6 2 12 4 14 16 10 5 24 18 20 0 8 22 19 15 7 13 17
74 0 1 9 11 3 23 21 6 2 12 4 14 16 10 5 24 18 20 7 8 22 19 15 0 13 17
73 0 1 9 11 3 23 21 6 2 12 4 14 16 10 5 24 18 20 7 8 22 19 0 15 13 17
72 0 1 9 11 3 23 21 6 2 12 4 14 16 10 5 24 18 20 7 8 22 0 19 15 13 17
71 0 1 9 11 3 23 21 6 2 12 4 14 16 10 5 24 0 20 7 8 22 18 19 15 13 17
70 0 1 9 11 3 23 21 6 2 12 4 0 16 10 5 24 14 20 7 8 22 18 19 15 13 17
69 0 1 9 11 3 23 0 6 2 12 4 21 16 10 5 24 14 20 7 8 22 18 19 15 13 17
68 0 1 9 11 3 23 6 0 2 12 4 21 16 10 5 24 14 20 7 8 22 18 19 15 13 17
67 0 1 9 11 3 23 6 2 0 12 4 21 16 10 5 24 14 20 7 8 22 18 19 15 13 17
66 0 1 9 0 3 23 6 2 11 12 4 21 16 10 5 24 14 20 7 8 22 18 19 15 13 17
65 0 1 0 9 3 23 6 2 11 12 4 21 16 10 5 24 14 20 7 8 22 18 19 15 13 17
64 0 1 2 9 3 23 6 0 11 12 4 21 16 10 5 24 14 20 7 8 22 18 19 15 13 17
63 0 1 2 9 3 23 6 11 0 12 4 21 16 10 5 24 14 20 7 8 22 18 19 15 13 17
62 0 1 2 9 3 23 6 11 12 0 4 21 16 10 5 24 14 20 7 8 22 18 19 15 13 17
61 0 1 2 9 3 23 6 11 12 5 4 21 16 10 0 24 14 20 7 8 22 18 19 15 13 17
60 0 1 2 9 3 23 6 11 12 5 4 21 16 0 10 24 14 20 7 8 22 18 19 15 13 17
59 0 1 2 9 3 23 6 11 12 5 4 21 16 7 10 24 14 20 0 8 22 18 19 15 13 17
58 0 1 2 9 3 23 6 11 12 5 4 21 16 7 10 24 14 20 15 8 22 18 19 0 13 17
57 0 1 2 9 3 23 6 11 12 5 4 21 16 7 10 24 14 20 15 8 22 18 19 13 0 17
56 0 1 2 9 3 23 6 11 12 5 4 21 16 7 10 24 14 20 15 8 22 18 19 13 17 0
55 0 1 2 9 3 23 6 11 12 5 4 21 16 7 10 24 14 20 15 8 0 18 19 13 17 22
54 0 1 2 9 3 23 6 11 12 5 4 21 16 7 10 0 14 20 15 8 24 18 19 13 17 22
53 0 1 2 9 3 23 6 11 12 5 4 21 16 7 0 10 14 20 15 8 24 18 19 13 17 22
52 0 1 2 9 3 23 6 11 12 5 4 21 16 7 8 10 14 20 15 0 24 18 19 13 17 22
51 0 1 2 9 3 23 6 11 12 5 4 21 16 7 8 10 14 20 0 15 24 18 19 13 17 22
50 0 1 2 9 3 23 6 11 12 5 4 21 16 7 8 10 14 0 20 15 24 18 19 13 17 22
49 0 1 2 9 3 23 6 11 12 5 4 21 16 7 8 10 0 14 20 15 24 18 19 13 17 22
48 0 1 2 9 3 23 6 11 12 5 4 0 16 7 8 10 21 14 20 15 24 18 19 13 17 22
47 0 1 2 9 3 23 6 11 12 5 4 16 0 7 8 10 21 14 20 15 24 18 19 13 17 22
46 0 1 2 9 3 23 6 0 12 5 4 16 11 7 8 10 21 14 20 15 24 18 19 13 17 22
45 0 1 2 9 3 23 6 12 0 5 4 16 11 7 8 10 21 14 20 15 24 18 19 13 17 22
44 0 1 2 9 3 23 6 12 7 5 4 16 11 0 8 10 21 14 20 15 24 18 19 13 17 22
43 0 1 2 9 3 23 6 12 7 5 4 16 11 8 0 10 21 14 20 15 24 18 19 13 17 22
42 0 1 2 9 3 23 6 12 7 5 4 16 11 8 15 10 21 14 20 0 24 18 19 13 17 22
41 0 1 2 9 3 23 6 12 7 5 4 16 11 8 15 10 21 14 0 20 24 18 19 13 17 22
40 0 1 2 9 3 23 6 12 7 5 4 16 11 8 15 10 21 0 14 20 24 18 19 13 17 22
39 0 1 2 9 3 23 6 12 7 5 4 16 11 8 15 10 21 19 14 20 24 18 0 13 17 22
38 0 1 2 9 3 23 6 12 7 5 4 16 11 8 15 10 21 19 14 20 24 0 18 13 17 22
37 0 1 2 9 3 23 6 12 7 5 4 16 11 8 15 10 0 19 14 20 24 21 18 13 17 22
36 0 1 2 9 3 23 6 12 7 5 4 0 11 8 15 10 16 19 14 20 24 21 18 13 17 22
35 0 1 2 9 3 23 6 12 7 5 4 11 0 8 15 10 16 19 14 20 24 21 18 13 17 22
34 0 1 2 9 3 23 6 0 7 5 4 11 12 8 15 10 16 19 14 20 24 21 18 13 17 22
33 0 1 2 9 3 23 6 7 0 5 4 11 12 8 15 10 16 19 14 20 24 21 18 13 17 22
32 0 1 2 0 3 23 6 7 9 5 4 11 12 8 15 10 16 19 14 20 24 21 18 13 17 22
31 0 1 2 3 0 23 6 7 9 5 4 11 12 8 15 10 16 19 14 20 24 21 18 13 17 22
30 0 1 2 3 5 23 6 7 9 0 4 11 12 8 15 10 16 19 14 20 24 21 18 13 17 22
118 0 9 24 6 11 23 14 20 1 21 12 18 4 3 16 22 10 5 2 13 8 19 15 7 17 0
117 0 9 24 6 11 23 14 20 1 21 12 18 4 3 16 22 10 5 2 13 8 19 15 7 0 17
122 0 9 24 6 11 23 14 20 1 21 12 18 5 2 22 16 4 10 7 3 8 19 15 13 17 0
121 0 9 24 6 11 23 14 20 1 21 12 18 5 2 22 16 4 10 7 3 0 19 15 13 17 8
120 0 9 24 6 11 23 14 20 1 21 12 18 5 2 22 0 4 10 7 3 16 19 15 13 17 8
119 0 9 24 6 11 23 14 20 1 21 12 18 5 2 0 22 4 10 7 3 16 19 15 13 17 8
118 0 9 24 6 11 23 14 20 1 21 12 18 5 0 2 22 4 10 7 3 16 19 15 13 17 8
117 0 9 24 6 11 23 14 20 1 21 12 18 0 5 2 22 4 10 7 3 16 19 15 13 17 8
116 0 9 24 6 11 23 14 0 1 21 12 18 20 5 2 22 4 10 7 3 16 19 15 13 17 8
115 0 9 24 6 11 23 14 1 0 21 12 18 20 5 2 22 4 10 7 3 16 19 15 13 17 8
114 0 9 24 6 11 23 14 1 21 0 12 18 20 5 2 22 4 10 7 3 16 19 15 13 17 8
113 0 9 24 6 11 23 14 1 21 2 12 18 20 5 0 22 4 10 7 3 16 19 15 13 17 8
112 0 9 24 6 11 23 14 1 21 2 12 18 20 0 5 22 4 10 7 3 16 19 15 13 17 8
111 0 9 24 6 11 23 14 1 21 2 12 18 0 20 5 22 4 10 7 3 16 19 15 13 17 8
110 0 9 24 6 11 23 14 1 21 2 12 18 10 20 5 22 4 0 7 3 16 19 15 13 17 8
109 0 9 24 6 11 23 14 1 21 2 12 18 10 20 5 22 0 4 7 3 16 19 15 13 17 8
108 0 9 24 6 11 23 14 1 21 2 12 0 10 20 5 22 18 4 7 3 16 19 15 13 17 8
107 0 9 24 6 11 23 0 1 21 2 12 14 10 20 5 22 18 4 7 3 16 19 15 13 17 8
106 0 9 24 6 11 23 1 0 21 2 12 14 10 20 5 22 18 4 7 3 16 19 15 13 17 8
105 0 9 24 6 11 23 1 21 0 2 12 14 10 20 5 22 18 4 7 3 16 19 15 13 17 8
104 0 9 24 0 11 23 1 21 6 2 12 14 10 20 5 22 18 4 7 3 16 19 15 13 17 8
103 0 9 0 24 11 23 1 21 6 2 12 14 10 20 5 22 18 4 7 3 16 19 15 13 17 8
102 0 0 9 24 11 23 1 21 6 2 12 14 10 20 5 22 18 4 7 3 16 19 15 13 17 8
101 0 1 9 24 11 23 0 21 6 2 12 14 10 20 5 22 18 4 7 3 16 19 15 13 17 8
100 0 1 9 24 11 23 21 0 6 2 12 14 10 20 5 22 18 4 7 3 16 19 15 13 17 8
99 0 1 9 24 11 23 21 6 0 2 12 14 10 20 5 22 18 4 7 3 16 19 15 13 17 8
98 0 1 9 24 11 23 21 6 2 0 12 14 10 20 5 22 18 4 7 3 16 19 15 13 17 8
97 0 1 9 24 0 23 21 6 2 11 12 14 10 20 5 22 18 4 7 3 16 19 15 13 17 8
96 0 1 9 0 24 23 21 6 2 11 12 14 10 20 5 22 18 4 7 3 16 19 15 13 17 8
95 0 1 9 2 24 23 21 6 0 11 12 14 10 20 5 22 18 4 7 3 16 19 15 13 17 8
94 0 1 9 2 24 23 21 6 11 0 12 14 10 20 5 22 18 4 7 3 16 19 15 13 17 8
93 0 1 9 2 24 23 21 6 11 5 12 14 10 20 0 22 18 4 7 3 16 19 15 13 17 8
92 0 1 9 2 24 23 21 6 11 5 12 14 10 20 3 22 18 4 7 0 16 19 15 13 17 8
91 0 1 9 2 24 23 21 6 11 5 12 14 10 20 3 22 18 4 7 16 0 19 15 13 17 8
90 0 1 9 2 24 23 21 6 11 5 12 14 10 20 3 0 18 4 7 16 22 19 15 13 17 8
89 0 1 9 2 24 23 21 6 11 5 0 14 10 20 3 12 18 4 7 16 22 19 15 13 17 8
88 0 1 9 2 24 0 21 6 11 5 23 14 10 20 3 12 18 4 7 16 22 19 15 13 17 8
87 0 1 9 2 0 24 21 6 11 5 23 14 10 20 3 12 18 4 7 16 22 19 15 13 17 8
86 0 1 9 2 5 24 21 6 11 0 23 14 10 20 3 12 18 4 7 16 22 19 15 13 17 8
85 0 1 9 2 5 24 21 6 11 3 23 14 10 20 0 12 18 4 7 16 22 19 15 13 17 8
84 0 1 9 2 5 24 21 6 11 3 23 14 10 0 20 12 18 4 7 16 22 19 15 13 17 8
83 0 1 9 2 5 24 21 6 11 3 23 14 0 10 20 12 18 4 7 16 22 19 15 13 17 8
82 0 1 9 2 5 24 21 6 11 3 23 14 4 10 20 12 18 0 7 16 22 19 15 13 17 8
81 0 1 9 2 5 24 21 6 11 3 23 14 4 10 20 12 18 7 0 16 22 19 15 13 17 8
80 0 1 9 2 5 24 21 6 11 3 23 14 4 10 20 12 18 7 16 0 22 19 15 13 17 8
79 0 1 9 2 5 24 21 6 11 3 23 14 4 10 0 12 18 7 16 20 22 19 15 13 17 8
78 0 1 9 2 5 24 21 6 11 3 23 14 4 0 10 12 18 7 16 20 22 19 15 13 17 8
77 0 1 9 2 5 24 21 6 11 3 23 14 0 4 10 12 18 7 16 20 22 19 15 13 17 8
76 0 1 9 2 5 24 21 6 11 3 23 0 14 4 10 12 18 7 16 20 22 19 15 13 17 8
75 0 1 9 2 5 24 0 6 11 3 23 21 14 4 10 12 18 7 16 20 22 19 15 13 17 8
74 0 1 9 2 5 24 6 0 11 3 23 21 14 4 10 12 18 7 16 20 22 19 15 13 17 8
73 0 1 9 2 5 24 6 11 0 3 23 21 14 4 10 12 18 7 16 20 22 19 15 13 17 8
72 0 1 9 2 5 24 6 11 4 3 23 21 14 0 10 12 18 7 16 20 22 19 15 13 17 8
71 0 1 9 2 5 24 6 11 4 3 23 21 0 14 10 12 18 7 16 20 22 19 15 13 17 8
70 0 1 9 2 5 24 6 0 4 3 23 21 11 14 10 12 18 7 16 20 22 19 15 13 17 8
69 0 1 0 2 5 24 6 9 4 3 23 21 11 14 10 12 18 7 16 20 22 19 15 13 17 8
68 0 1 2 0 5 24 6 9 4 3 23 21 11 14 10 12 18 7 16 20 22 19 15 13 17 8
67 0 1 2 4 5 24 6 9 0 3 23 21 11 14 10 12 18 7 16 20 22 19 15 13 17 8
66 0 1 2 4 5 24 6 9 3 0 23 21 11 14 10 12 18 7 16 20 22 19 15 13 17 8
65 0 1 2 4 5 24 6 9 3 10 23 21 11 14 0 12 18 7 16 20 22 19 15 13 17 8
64 0 1 2 4 5 24 6 9 3 10 23 21 11 14 12 0 18 7 16 20 22 19 15 13 17 8
63 0 1 2 4 5 24 6 9 3 10 0 21 11 14 12 23 18 7 16 20 22 19 15 13 17 8
62 0 1 2 4 5 0 6 9 3 10 24 21 11 14 12 23 18 7 16 20 22 19 15 13 17 8
61 0 1 2 4 0 5 6 9 3 10 24 21 11 14 12 23 18 7 16 20 22 19 15 13 17 8
60 0 1 2 0 4 5 6 9 3 10 24 21 11 14 12 23 18 7 16 20 22 19 15 13 17 8
59 0 1 2 3 4 5 6 9 0 10 24 21 11 14 12 23 18 7 16 20 22 19 15 13 17 8
58 0 1 2 3 4 5 6 9 14 10 24 21 11 0 12 23 18 7 16 20 22 19 15 13 17 8
57 0 1 2 3 4 5 6 9 14 10 24 21 11 12 0 23 18 7 16 20 22 19 15 13 17 8
56 0 1 2 3 4 5 6 9 14 10 24 21 11 12 20 23 18 7 16 0 22 19 15 13 17 8
55 0 1 2 3 4 5 6 9 14 10 24 21 11 12 20 23 18 7 16 17 22 19 15 13 0 8
54 0 1 2 3 4 5 6 9 14 10 24 21 11 12 20 23 18 7 16 17 22 19 15 0 13 8
53 0 1 2 3 4 5 6 9 14 10 24 21 11 12 20 23 18 7 16 17 22 19 0 15 13 8
52 0 1 2 3 4 5 6 9 14 10 24 21 11 12 20 23 18 7 16 17 22 0 19 15 13 8
51 0 1 2 3 4 5 6 9 14 10 24 21 11 12 20 23 0 7 16 17 22 18 19 15 13 8
50 0 1 2 3 4 5 6 9 14 10 24 0 11 12 20 23 21 7 16 17 22 18 19 15 13 8
49 0 1 2 3 4 5 6 9 14 10 24 11 0 12 20 23 21 7 16 17 22 18 19 15 13 8
48 0 1 2 3 4 5 6 9 14 10 24 11 7 12 20 23 21 0 16 17 22 18 19 15 13 8
47 0 1 2 3 4 5 6 9 14 10 24 11 7 12 20 23 21 16 0 17 22 18 19 15 13 8
46 0 1 2 3 4 5 6 9 14 10 24 11 7 12 20 23 21 16 15 17 22 18 19 0 13 8
45 0 1 2 3 4 5 6 9 14 10 24 11 7 12 20 23 21 16 15 17 22 18 19 13 0 8
44 0 1 2 3 4 5 6 9 14 10 24 11 7 12 20 23 21 16 15 17 22 18 19 13 8 0
43 0 1 2 3 4 5 6 9 14 10 24 11 7 12 20 23 21 16 15 17 0 18 19 13 8 22
42 0 1 2 3 4 5 6 9 14 10 24 11 7 12 20 0 21 16 15 17 23 18 19 13 8 22
41 0 1 2 3 4 5 6 9 14 10 0 11 7 12 20 24 21 16 15 17 23 18 19 13 8 22
40 0 1 2 3 4 5 6 9 14 0 10 11 7 12 20 24 21 16 15 17 23 18 19 13 8 22
39 0 1 2 3 4 5 6 9 0 14 10 11 7 12 20 24 21 16 15 17 23 18 19 13 8 22
38 0 1 2 3 4 5 6 0 9 14 10 11 7 12 20 24 21 16 15 17 23 18 19 13 8 22
37 0 1 2 3 4 5 6 7 9 14 10 11 0 12 20 24 21 16 15 17 23 18 19 13 8 22
36 0 1 2 3 4 5 6 7 9 14 10 11 12 0 20 24 21 16 15 17 23 18 19 13 8 22
35 0 1 2 3 4 5 6 7 9 14 10 11 12 15 20 24 21 16 0 17 23 18 19 13 8 22
34 0 1 2 3 4 5 6 7 9 14 10 11 12 15 20 24 21 16 13 17 23 18 19 0 8 22
33 0 1 2 3 4 5 6 7 9 14 10 11 12 15 20 24 21 16 13 17 23 18 0 19 8 22
32 0 1 2 3 4 5 6 7 9 14 10 11 12 15 20 24 21 16 13 17 23 0 18 19 8 22
31 0 1 2 3 4 5 6 7 9 14 10 11 12 15 20 24 0 16 13 17 23 21 18 19 8 22
30 0 1 2 3 4 5 6 7 9 14 10 11 12 15 20 24 16 0 13 17 23 21 18 19 8 22
120 0 9 24 6 11 23 14 20 1 21 12 18 5 2 22 17 4 10 7 3 16 19 15 13 8 0
119 0 9 24 6 11 23 14 20 1 21 12 18 5 2 22 17 4 10 7 3 0 19 15 13 8 16
118 0 9 24 6 11 23 14 20 1 21 12 18 5 2 22 0 4 10 7 3 17 19 15 13 8 16
117 0 9 24 6 11 23 14 20 1 21 12 18 5 2 0 22 4 10 7 3 17 19 15 13 8 16
116 0 9 24 6 11 23 14 20 1 21 12 18 5 0 2 22 4 10 7 3 17 19 15 13 8 16
115 0 9 24 6 11 23 14 20 1 21 12 18 0 5 2 22 4 10 7 3 17 19 15 13 8 16
114 0 9 24 6 11 23 14 0 1 21 12 18 20 5 2 22 4 10 7 3 17 19 15 13 8 16
113 0 9 24 6 11 23 14 1 0 21 12 18 20 5 2 22 4 10 7 3 17 19 15 13 8 16
112 0 9 24 6 11 23 14 1 5 21 12 18 20 0 2 22 4 10 7 3 17 19 15 13 8 16
111 0 9 24 6 11 23 14 1 5 21 12 18 20 7 2 22 4 10 0 3 17 19 15 13 8 16
110 0 9 24 6 11 23 14 1 5 21 12 18 20 7 2 22 4 0 10 3 17 19 15 13 8 16
109 0 9 24 6 11 23 14 1 5 21 12 18 20 7 2 22 0 4 10 3 17 19 15 13 8 16
108 0 9 24 6 11 23 14 1 5 21 12 0 20 7 2 22 18 4 10 3 17 19 15 13 8 16
107 0 9 24 6 11 23 0 1 5 21 12 14 20 7 2 22 18 4 10 3 17 19 15 13 8 16
106 0 9 24 6 11 23 1 0 5 21 12 14 20 7 2 22 18 4 10 3 17 19 15 13 8 16
105 0 9 0 6 11 23 1 24 5 21 12 14 20 7 2 22 18 4 10 3 17 19 15 13 8 16
104 0 9 6 0 11 23 1 24 5 21 12 14 20 7 2 22 18 4 10 3 17 19 15 13 8 16
103 0 9 6 5 11 23 1 24 0 21 12 14 20 7 2 22 18 4 10 3 17 19 15 13 8 16
102 0 9 6 5 11 23 1 24 21 0 12 14 20 7 2 22 18 4 10 3 17 19 15 13 8 16
101 0 9 6 5 11 23 1 24 21 2 12 14 20 7 0 22 18 4 10 3 17 19 15 13 8 16
100 0 9 6 5 11 23 1 24 21 2 12 14 20 7 3 22 18 4 10 0 17 19 15 13 8 16
99 0 9 6 5 11 23 1 24 21 2 12 14 20 7 3 22 18 4 0 10 17 19 15 13 8 16
98 0 9 6 5 11 23 1 24 21 2 12 14 20 7 3 22 18 0 4 10 17 19 15 13 8 16
97 0 9 6 5 11 23 1 24 21 2 12 14 0 7 3 22 18 20 4 10 17 19 15 13 8 16
96 0 9 6 5 11 23 1 0 21 2 12 14 24 7 3 22 18 20 4 10 17 19 15 13 8 16
95 0 9 6 5 11 23 1 21 0 2 12 14 24 7 3 22 18 20 4 10 17 19 15 13 8 16
94 0 9 6 5 11 23 1 21 2 0 12 14 24 7 3 22 18 20 4 10 17 19 15 13 8 16
93 0 9 6 5 11 23 1 21 2 3 12 14 24 7 0 22 18 20 4 10 17 19 15 13 8 16
92 0 9 6 5 11 23 1 21 2 3 12 14 24 7 10 22 18 20 4 0 17 19 15 13 8 16
91 0 9 6 5 11 23 1 21 2 3 12 14 24 7 10 22 18 20 0 4 17 19 15 13 8 16
90 0 9 6 5 11 23 1 21 2 3 12 14 24 7 10 22 18 0 20 4 17 19 15 13 8 16
89 0 9 6 5 11 23 1 21 2 3 12 14 0 7 10 22 18 24 20 4 17 19 15 13 8 16
88 0 9 6 5 11 23 1 0 2 3 12 14 21 7 10 22 18 24 20 4 17 19 15 13 8 16
87 0 9 0 5 11 23 1 6 2 3 12 14 21 7 10 22 18 24 20 4 17 19 15 13 8 16
86 0 0 9 5 11 23 1 6 2 3 12 14 21 7 10 22 18 24 20 4 17 19 15 13 8 16
85 0 1 9 5 11 23 0 6 2 3 12 14 21 7 10 22 18 24 20 4 17 19 15 13 8 16
84 0 1 9 5 11 23 6 0 2 3 12 14 21 7 10 22 18 24 20 4 17 19 15 13 8 16
83 0 1 9 5 11 23 6 2 0 3 12 14 21 7 10 22 18 24 20 4 17 19 15 13 8 16
82 0 1 9 5 11 23 6 2 3 0 12 14 21 7 10 22 18 24 20 4 17 19 15 13 8 16
81 0 1 9 5 0 23 6 2 3 11 12 14 21 7 10 22 18 24 20 4 17 19 15 13 8 16
80 0 1 9 0 5 23 6 2 3 11 12 14 21 7 10 22 18 24 20 4 17 19 15 13 8 16
79 0 1 9 3 5 23 6 2 0 11 12 14 21 7 10 22 18 24 20 4 17 19 15 13 8 16
78 0 1 9 3 5 23 6 2 11 0 12 14 21 7 10 22 18 24 20 4 17 19 15 13 8 16
77 0 1 9 3 5 23 6 2 11 12 0 14 21 7 10 22 18 24 20 4 17 19 15 13 8 16
76 0 1 9 3 5 0 6 2 11 12 23 14 21 7 10 22 18 24 20 4 17 19 15 13 8 16
75 0 1 9 3 0 5 6 2 11 12 23 14 21 7 10 22 18 24 20 4 17 19 15 13 8 16
74 0 1 9 0 3 5 6 2 11 12 23 14 21 7 10 22 18 24 20 4 17 19 15 13 8 16
73 0 1 0 9 3 5 6 2 11 12 23 14 21 7 10 22 18 24 20 4 17 19 15 13 8 16
72 0 1 2 9 3 5 6 0 11 12 23 14 21 7 10 22 18 24 20 4 17 19 15 13 8 16
71 0 1 2 9 3 5 6 11 0 12 23 14 21 7 10 22 18 24 20 4 17 19 15 13 8 16
70 0 1 2 9 3 5 6 11 12 0 23 14 21 7 10 22 18 24 20 4 17 19 15 13 8 16
69 0 1 2 9 3 5 6 11 12 10 23 14 21 7 0 22 18 24 20 4 17 19 15 13 8 16
68 0 1 2 9 3 5 6 11 12 10 23 14 21 7 4 22 18 24 20 0 17 19 15 13 8 16
67 0 1 2 9 3 5 6 11 12 10 23 14 21 7 4 22 18 24 20 8 17 19 15 13 0 16
66 0 1 2 9 3 5 6 11 12 10 23 14 21 7 4 22 18 24 20 8 17 19 15 13 16 0
65 0 1 2 9 3 5 6 11 12 10 23 14 21 7 4 22 18 24 20 8 0 19 15 13 16 17
64 0 1 2 9 3 5 6 11 12 10 23 14 21 7 4 0 18 24 20 8 22 19 15 13 16 17
63 0 1 2 9 3 5 6 11 12 10 0 14 21 7 4 23 18 24 20 8 22 19 15 13 16 17
62 0 1 2 9 3 5 6 11 12 0 10 14 21 7 4 23 18 24 20 8 22 19 15 13 16 17
61 0 1 2 9 3 5 6 11 12 4 10 14 21 7 0 23 18 24 20 8 22 19 15 13 16 17
60 0 1 2 9 3 5 6 11 12 4 10 14 21 7 8 23 18 24 20 0 22 19 15 13 16 17
59 0 1 2 9 3 5 6 11 12 4 10 14 21 7 8 23 18 24 0 20 22 19 15 13 16 17
58 0 1 2 9 3 5 6 11 12 4 10 14 21 7 8 23 18 0 24 20 22 19 15 13 16 17
57 0 1 2 9 3 5 6 11 12 4 10 14 21 7 8 23 18 15 24 20 22 19 0 13 16 17
56 0 1 2 9 3 5 6 11 12 4 10 14 21 7 8 23 18 15 24 20 22 0 19 13 16 17
55 0 1 2 9 3 5 6 11 12 4 10 14 21 7 8 23 0 15 24 20 22 18 19 13 16 17
54 0 1 2 9 3 5 6 11 12 4 10 0 21 7 8 23 14 15 24 20 22 18 19 13 16 17
53 0 1 2 9 3 5 6 11 12 4 10 21 0 7 8 23 14 15 24 20 22 18 19 13 16 17
52 0 1 2 9 3 5 6 0 12 4 10 21 11 7 8 23 14 15 24 20 22 18 19 13 16 17
51 0 1 2 9 3 5 6 12 0 4 10 21 11 7 8 23 14 15 24 20 22 18 19 13 16 17
50 0 1 2 9 3 5 6 12 7 4 10 21 11 0 8 23 14 15 24 20 22 18 19 13 16 17
49 0 1 2 9 3 5 6 12 7 4 10 21 11 8 0 23 14 15 24 20 22 18 19 13 16 17
48 0 1 2 9 3 5 6 12 7 4 10 21 11 8 20 23 14 15 24 0 22 18 19 13 16 17
47 0 1 2 9 3 5 6 12 7 4 10 21 11 8 20 23 14 15 0 24 22 18 19 13 16 17
46 0 1 2 9 3 5 6 12 7 4 10 21 11 8 20 23 14 0 15 24 22 18 19 13 16 17
45 0 1 2 9 3 5 6 12 7 4 10 21 11 8 20 23 0 14 15 24 22 18 19 13 16 17
44 0 1 2 9 3 5 6 12 7 4 10 0 11 8 20 23 21 14 15 24 22 18 19 13 16 17
43 0 1 2 9 3 5 6 12 7 4 10 11 0 8 20 23 21 14 15 24 22 18 19 13 16 17
42 0 1 2 9 3 5 6 0 7 4 10 11 12 8 20 23 21 14 15 24 22 18 19 13 16 17
41 0 1 2 9 3 5 6 7 0 4 10 11 12 8 20 23 21 14 15 24 22 18 19 13 16 17
40 0 1 2 0 3 5 6 7 9 4 10 11 12 8 20 23 21 14 15 24 22 18 19 13 16 17
39 0 1 2 3 0 5 6 7 9 4 10 11 12 8 20 23 21 14 15 24 22 18 19 13 16 17
38 0 1 2 3 4 5 6 7 9 0 10 11 12 8 20 23 21 14 15 24 22 18 19 13 16 17
37 0 1 2 3 4 5 6 7 0 9 10 11 12 8 20 23 21 14 15 24 22 18 19 13 16 17
36 0 1 2 3 4 5 6 7 8 9 10 11 12 0 20 23 21 14 15 24 22 18 19 13 16 17
35 0 1 2 3 4 5 6 7 8 9 10 11 12 15 20 23 21 14 0 24 22 18 19 13 16 17
34 0 1 2 3 4 5 6 7 8 9 10 11 12 15 20 23 21 14 13 24 22 18 19 0 16 17
33 0 1 2 3 4 5 6 7 8 9 10 11 12 15 20 23 21 14 13 24 22 18 19 16 0 17
32 0 1 2 3 4 5 6 7 8 9 10 11 12 15 20 23 21 14 13 24 22 18 19 16 17 0
31 0 1 2 3 4 5 6 7 8 9 10 11 12 15 20 23 21 14 13 24 0 18 19 16 17 22
30 0 1 2 3 4 5 6 7 8 9 10 11 12 15 20 0 21 14 13 24 23 18 19 16 17 22
118 0 9 24 6 11 23 14 20 1 21 12 18 5 3 16 22 4 10 2 8 17 19 15 7 13 0
117 0 9 24 6 11 23 14 20 1 21 12 18 5 3 16 22 4 10 2 8 0 19 15 7 13 17
116 0 9 24 6 11 23 14 20 1 21 12 18 5 3 16 22 4 10 2 0 8 19 15 7 13 17
115 0 9 24 6 11 23 14 20 1 21 12 18 5 3 0 22 4 10 2 16 8 19 15 7 13 17
114 0 9 24 6 11 23 14 20 1 21 12 18 5 0 3 22 4 10 2 16 8 19 15 7 13 17
113 0 9 24 6 11 23 14 20 1 21 12 18 0 5 3 22 4 10 2 16 8 19 15 7 13 17
112 0 9 24 6 11 23 14 0 1 21 12 18 20 5 3 22 4 10 2 16 8 19 15 7 13 17
111 0 9 24 6 11 23 14 1 0 21 12 18 20 5 3 22 4 10 2 16 8 19 15 7 13 17
110 0 9 24 6 11 23 14 1 5 21 12 18 20 0 3 22 4 10 2 16 8 19 15 7 13 17
109 0 9 24 6 11 23 14 1 5 21 12 18 20 2 3 22 4 10 0 16 8 19 15 7 13 17
108 0 9 24 6 11 23 14 1 5 21 12 18 20 2 3 22 4 0 10 16 8 19 15 7 13 17
107 0 9 24 6 11 23 14 1 5 21 12 18 20 2 3 22 0 4 10 16 8 19 15 7 13 17
106 0 9 24 6 11 23 14 1 5 21 12 0 20 2 3 22 18 4 10 16 8 19 15 7 13 17
105 0 9 24 6 11 23 0 1 5 21 12 14 20 2 3 22 18 4 10 16 8 19 15 7 13 17
104 0 9 24 6 11 23 1 0 5 21 12 14 20 2 3 22 18 4 10 16 8 19 15 7 13 17
103 0 9 0 6 11 23 1 24 5 21 12 14 20 2 3 22 18 4 10 16 8 19 15 7 13 17
102 0 9 6 0 11 23 1 24 5 21 12 14 20 2 3 22 18 4 10 16 8 19 15 7 13 17
101 0 9 6 5 11 23 1 24 0 21 12 14 20 2 3 22 18 4 10 16 8 19 15 7 13 17
100 0 9 6 5 11 23 1 24 2 21 12 14 20 0 3 22 18 4 10 16 8 19 15 7 13 17
99 0 9 6 5 11 23 1 24 2 21 12 14 20 10 3 22 18 4 0 16 8 19 15 7 13 17
98 0 9 6 5 11 23 1 24 2 21 12 14 20 10 3 22 18 0 4 16 8 19 15 7 13 17
97 0 9 6 5 11 23 1 24 2 21 12 14 0 10 3 22 18 20 4 16 8 19 15 7 13 17
96 0 9 6 5 11 23 1 0 2 21 12 14 24 10 3 22 18 20 4 16 8 19 15 7 13 17
95 0 9 0 5 11 23 1 6 2 21 12 14 24 10 3 22 18 20 4 16 8 19 15 7 13 17
94 0 0 9 5 11 23 1 6 2 21 12 14 24 10 3 22 18 20 4 16 8 19 15 7 13 17
93 0 1 9 5 11 23 0 6 2 21 12 14 24 10 3 22 18 20 4 16 8 19 15 7 13 17
92 0 1 9 5 11 23 6 0 2 21 12 14 24 10 3 22 18 20 4 16 8 19 15 7 13 17
91 0 1 9 5 11 23 6 2 0 21 12 14 24 10 3 22 18 20 4 16 8 19 15 7 13 17
90 0 1 9 5 11 23 6 2 21 0 12 14 24 10 3 22 18 20 4 16 8 19 15 7 13 17
89 0 1 9 5 0 23 6 2 21 11 12 14 24 10 3 22 18 20 4 16 8 19 15 7 13 17
88 0 1 9 0 5 23 6 2 21 11 12 14 24 10 3 22 18 20 4 16 8 19 15 7 13 17
87 0 1 0 9 5 23 6 2 21 11 12 14 24 10 3 22 18 20 4 16 8 19 15 7 13 17
86 0 1 2 9 5 23 6 0 21 11 12 14 24 10 3 22 18 20 4 16 8 19 15 7 13 17
85 0 1 2 9 5 23 6 21 0 11 12 14 24 10 3 22 18 20 4 16 8 19 15 7 13 17
84 0 1 2 9 5 23 6 21 11 0 12 14 24 10 3 22 18 20 4 16 8 19 15 7 13 17
83 0 1 2 9 5 23 6 21 11 3 12 14 24 10 0 22 18 20 4 16 8 19 15 7 13 17
82 0 1 2 9 5 23 6 21 11 3 12 14 24 0 10 22 18 20 4 16 8 19 15 7 13 17
81 0 1 2 9 5 23 6 21 11 3 12 14 24 4 10 22 18 20 0 16 8 19 15 7 13 17
80 0 1 2 9 5 23 6 21 11 3 12 14 24 4 10 22 18 20 16 0 8 19 15 7 13 17
79 0 1 2 9 5 23 6 21 11 3 12 14 24 4 10 22 18 20 16 8 0 19 15 7 13 17
78 0 1 2 9 5 23 6 21 11 3 12 14 24 4 10 0 18 20 16 8 22 19 15 7 13 17
77 0 1 2 9 5 23 6 21 11 3 0 14 24 4 10 12 18 20 16 8 22 19 15 7 13 17
76 0 1 2 9 5 0 6 21 11 3 23 14 24 4 10 12 18 20 16 8 22 19 15 7 13 17
75 0 1 2 9 0 5 6 21 11 3 23 14 24 4 10 12 18 20 16 8 22 19 15 7 13 17
74 0 1 2 9 3 5 6 21 11 0 23 14 24 4 10 12 18 20 16 8 22 19 15 7 13 17
73 0 1 2 9 3 5 6 21 11 10 23 14 24 4 0 12 18 20 16 8 22 19 15 7 13 17
72 0 1 2 9 3 5 6 21 11 10 23 14 24 4 12 0 18 20 16 8 22 19 15 7 13 17
71 0 1 2 9 3 5 6 21 11 10 0 14 24 4 12 23 18 20 16 8 22 19 15 7 13 17
70 0 1 2 9 3 5 6 21 11 0 10 14 24 4 12 23 18 20 16 8 22 19 15 7 13 17
69 0 1 2 9 3 5 6 21 11 12 10 14 24 4 0 23 18 20 16 8 22 19 15 7 13 17
68 0 1 2 9 3 5 6 21 11 12 10 14 24 0 4 23 18 20 16 8 22 19 15 7 13 17
67 0 1 2 9 3 5 6 21 11 12 10 14 0 24 4 23 18 20 16 8 22 19 15 7 13 17
66 0 1 2 9 3 5 6 0 11 12 10 14 21 24 4 23 18 20 16 8 22 19 15 7 13 17
65 0 1 2 9 3 5 6 11 0 12 10 14 21 24 4 23 18 20 16 8 22 19 15 7 13 17
64 0 1 2 9 3 5 6 11 12 0 10 14 21 24 4 23 18 20 16 8 22 19 15 7 13 17
63 0 1 2 9 3 5 6 11 12 4 10 14 21 24 0 23 18 20 16 8 22 19 15 7 13 17
62 0 1 2 9 3 5 6 11 12 4 10 14 21 0 24 23 18 20 16 8 22 19 15 7 13 17
61 0 1 2 9 3 5 6 11 12 4 10 14 21 16 24 23 18 20 0 8 22 19 15 7 13 17
60 0 1 2 9 3 5 6 11 12 4 10 14 21 16 24 23 18 20 7 8 22 19 15 0 13 17
59 0 1 2 9 3 5 6 11 12 4 10 14 21 16 24 23 18 20 7 8 22 19 0 15 13 17
58 0 1 2 9 3 5 6 11 12 4 10 14 21 16 24 23 18 20 7 8 22 0 19 15 13 17
57 0 1 2 9 3 5 6 11 12 4 10 14 21 16 24 23 0 20 7 8 22 18 19 15 13 17
56 0 1 2 9 3 5 6 11 12 4 10 0 21 16 24 23 14 20 7 8 22 18 19 15 13 17
55 0 1 2 9 3 5 6 11 12 4 10 21 0 16 24 23 14 20 7 8 22 18 19 15 13 17
54 0 1 2 9 3 5 6 11 12 4 10 21 16 0 24 23 14 20 7 8 22 18 19 15 13 17
53 0 1 2 9 3 5 6 11 12 4 10 21 16 7 24 23 14 20 0 8 22 18 19 15 13 17
52 0 1 2 9 3 5 6 11 12 4 10 21 16 7 24 23 14 20 15 8 22 18 19 0 13 17
51 0 1 2 9 3 5 6 11 12 4 10 21 16 7 24 23 14 20 15 8 22 18 19 13 0 17
50 0 1 2 9 3 5 6 11 12 4 10 21 16 7 24 23 14 20 15 8 22 18 19 13 17 0
49 0 1 2 9 3 5 6 11 12 4 10 21 16 7 24 23 14 20 15 8 0 18 19 13 17 22
48 0 1 2 9 3 5 6 11 12 4 10 21 16 7 24 0 14 20 15 8 23 18 19 13 17 22
47 0 1 2 9 3 5 6 11 12 4 10 21 16 7 0 24 14 20 15 8 23 18 19 13 17 22
46 0 1 2 9 3 5 6 11 12 4 10 21 16 7 8 24 14 20 15 0 23 18 19 13 17 22
45 0 1 2 9 3 5 6 11 12 4 10 21 16 7 8 24 14 20 0 15 23 18 19 13 17 22
44 0 1 2 9 3 5 6 11 12 4 10 21 16 7 8 24 14 0 20 15 23 18 19 13 17 22
43 0 1 2 9 3 5 6 11 12 4 10 21 16 7 8 24 0 14 20 15 23 18 19 13 17 22
42 0 1 2 9 3 5 6 11 12 4 10 0 16 7 8 24 21 14 20 15 23 18 19 13 17 22
41 0 1 2 9 3 5 6 11 12 4 10 16 0 7 8 24 21 14 20 15 23 18 19 13 17 22
40 0 1 2 9 3 5 6 0 12 4 10 16 11 7 8 24 21 14 20 15 23 18 19 13 17 22
39 0 1 2 9 3 5 6 12 0 4 10 16 11 7 8 24 21 14 20 15 23 18 19 13 17 22
38 0 1 2 9 3 5 6 12 7 4 10 16 11 0 8 24 21 14 20 15 23 18 19 13 17 22
37 0 1 2 9 3 5 6 12 7 4 10 16 11 8 0 24 21 14 20 15 23 18 19 13 17 22
36 0 1 2 9 3 5 6 12 7 4 10 16 11 8 15 24 21 14 20 0 23 18 19 13 17 22
35 0 1 2 9 3 5 6 12 7 4 10 16 11 8 15 24 21 14 0 20 23 18 19 13 17 22
34 0 1 2 9 3 5 6 12 7 4 10 16 11 8 15 24 21 0 14 20 23 18 19 13 17 22
33 0 1 2 9 3 5 6 12 7 4 10 16 11 8 15 24 21 19 14 20 23 18 0 13 17 22
32 0 1 2 9 3 5 6 12 7 4 10 16 11 8 15 24 21 19 14 20 23 0 18 13 17 22
31 0 1 2 9 3 5 6 12 7 4 10 16 11 8 15 24 0 19 14 20 23 21 18 13 17 22
30 0 1 2 9 3 5 6 12 7 4 10 0 11 8 15 24 16 19 14 20 23 21 18 13 17 22
118 0 9 24 6 11 23 14 20 1 21 12 18 5 3 16 22 4 10 2 13 8 19 15 7 17 0
117 0 9 24 6 11 23 14 20 1 21 12 18 5 3 16 22 4 10 2 13 8 19 15 7 0 17
120 0 9 24 6 11 23 14 20 1 21 12 19 18 2 3 22 4 5 7 8 17 15 10 13 16 0
119 0 9 24 6 11 23 14 20 1 21 12 19 18 2 3 22 4 5 7 8 0 15 10 13 16 17
118 0 9 24 6 11 23 14 20 1 21 12 19 18 2 3 22 4 5 7 0 8 15 10 13 16 17
117 0 9 24 6 11 23 14 20 1 21 12 19 18 2 3 22 4 5 0 7 8 15 10 13 16 17
116 0 9 24 6 11 23 14 20 1 21 12 19 18 2 3 22 4 0 5 7 8 15 10 13 16 17
115 0 9 24 6 11 23 14 20 1 21 12 19 18 2 3 22 0 4 5 7 8 15 10 13 16 17
114 0 9 24 6 11 23 14 20 1 21 12 0 18 2 3 22 19 4 5 7 8 15 10 13 16 17
113 0 9 24 6 11 23 14 20 1 21 12 18 0 2 3 22 19 4 5 7 8 15 10 13 16 17
112 0 9 24 6 11 23 14 0 1 21 12 18 20 2 3 22 19 4 5 7 8 15 10 13 16 17
111 0 9 0 6 11 23 14 24 1 21 12 18 20 2 3 22 19 4 5 7 8 15 10 13 16 17
110 0 9 6 0 11 23 14 24 1 21 12 18 20 2 3 22 19 4 5 7 8 15 10 13 16 17
109 0 9 6 1 11 23 14 24 0 21 12 18 20 2 3 22 19 4 5 7 8 15 10 13 16 17
108 0 9 6 1 11 23 14 24 2 21 12 18 20 0 3 22 19 4 5 7 8 15 10 13 16 17
107 0 9 6 1 11 23 14 24 2 21 12 18 20 5 3 22 19 4 0 7 8 15 10 13 16 17
106 0 9 6 1 11 23 14 24 2 21 12 18 20 5 3 22 19 0 4 7 8 15 10 13 16 17
105 0 9 6 1 11 23 14 24 2 21 12 18 20 5 3 22 19 10 4 7 8 15 0 13 16 17
104 0 9 6 1 11 23 14 24 2 21 12 18 20 5 3 22 19 10 4 7 8 0 15 13 16 17
103 0 9 6 1 11 23 14 24 2 21 12 18 20 5 3 22 0 10 4 7 8 19 15 13 16 17
102 0 9 6 1 11 23 14 24 2 21 12 0 20 5 3 22 18 10 4 7 8 19 15 13 16 17
101 0 9 6 1 11 23 0 24 2 21 12 14 20 5 3 22 18 10 4 7 8 19 15 13 16 17
100 0 0 6 1 11 23 9 24 2 21 12 14 20 5 3 22 18 10 4 7 8 19 15 13 16 17
99 0 6 0 1 11 23 9 24 2 21 12 14 20 5 3 22 18 10 4 7 8 19 15 13 16 17
98 0 6 1 0 11 23 9 24 2 21 12 14 20 5 3 22 18 10 4 7 8 19 15 13 16 17
97 0 6 1 2 11 23 9 24 0 21 12 14 20 5 3 22 18 10 4 7 8 19 15 13 16 17
96 0 6 1 2 11 23 9 24 5 21 12 14 20 0 3 22 18 10 4 7 8 19 15 13 16 17
95 0 6 1 2 11 23 9 24 5 21 12 14 20 4 3 22 18 10 0 7 8 19 15 13 16 17
94 0 6 1 2 11 23 9 24 5 21 12 14 20 4 3 22 18 0 10 7 8 19 15 13 16 17
93 0 6 1 2 11 23 9 24 5 21 12 14 0 4 3 22 18 20 10 7 8 19 15 13 16 17
92 0 6 1 2 11 23 9 0 5 21 12 14 24 4 3 22 18 20 10 7 8 19 15 13 16 17
91 0 6 1 2 11 23 0 9 5 21 12 14 24 4 3 22 18 20 10 7 8 19 15 13 16 17
90 0 0 1 2 11 23 6 9 5 21 12 14 24 4 3 22 18 20 10 7 8 19 15 13 16 17
89 0 1 0 2 11 23 6 9 5 21 12 14 24 4 3 22 18 20 10 7 8 19 15 13 16 17
88 0 1 2 0 11 23 6 9 5 21 12 14 24 4 3 22 18 20 10 7 8 19 15 13 16 17
87 0 1 2 5 11 23 6 9 0 21 12 14 24 4 3 22 18 20 10 7 8 19 15 13 16 17
86 0 1 2 5 11 23 6 9 21 0 12 14 24 4 3 22 18 20 10 7 8 19 15 13 16 17
85 0 1 2 5 11 23 6 9 21 3 12 14 24 4 0 22 18 20 10 7 8 19 15 13 16 17
84 0 1 2 5 11 23 6 9 21 3 12 14 24 0 4 22 18 20 10 7 8 19 15 13 16 17
83 0 1 2 5 11 23 6 9 0 3 12 14 24 21 4 22 18 20 10 7 8 19 15 13 16 17
82 0 1 2 5 11 23 6 9 3 0 12 14 24 21 4 22 18 20 10 7 8 19 15 13 16 17
81 0 1 2 5 0 23 6 9 3 11 12 14 24 21 4 22 18 20 10 7 8 19 15 13 16 17
80 0 1 2 0 5 23 6 9 3 11 12 14 24 21 4 22 18 20 10 7 8 19 15 13 16 17
79 0 1 2 3 5 23 6 9 0 11 12 14 24 21 4 22 18 20 10 7 8 19 15 13 16 17
78 0 1 2 3 5 23 6 9 11 0 12 14 24 21 4 22 18 20 10 7 8 19 15 13 16 17
77 0 1 2 3 5 23 6 9 11 4 12 14 24 21 0 22 18 20 10 7 8 19 15 13 16 17
76 0 1 2 3 5 23 6 9 11 4 12 14 24 21 7 22 18 20 10 0 8 19 15 13 16 17
75 0 1 2 3 5 23 6 9 11 4 12 14 24 21 7 22 18 20 0 10 8 19 15 13 16 17
74 0 1 2 3 5 23 6 9 11 4 12 14 24 21 7 22 18 0 20 10 8 19 15 13 16 17
73 0 1 2 3 5 23 6 9 11 4 12 14 0 21 7 22 18 24 20 10 8 19 15 13 16 17
72 0 1 2 3 5 23 6 9 11 4 12 14 21 0 7 22 18 24 20 10 8 19 15 13 16 17
71 0 1 2 3 5 23 6 9 11 4 12 14 21 7 0 22 18 24 20 10 8 19 15 13 16 17
70 0 1 2 3 5 23 6 9 11 4 12 14 21 7 10 22 18 24 20 0 8 19 15 13 16 17
69 0 1 2 3 5 23 6 9 11 4 12 14 21 7 10 22 18 24 20 8 0 19 15 13 16 17
68 0 1 2 3 5 23 6 9 11 4 12 14 21 7 10 0 18 24 20 8 22 19 15 13 16 17
67 0 1 2 3 5 23 6 9 11 4 0 14 21 7 10 12 18 24 20 8 22 19 15 13 16 17
66 0 1 2 3 5 0 6 9 11 4 23 14 21 7 10 12 18 24 20 8 22 19 15 13 16 17
65 0 1 2 3 0 5 6 9 11 4 23 14 21 7 10 12 18 24 20 8 22 19 15 13 16 17
64 0 1 2 3 4 5 6 9 11 0 23 14 21 7 10 12 18 24 20 8 22 19 15 13 16 17
63 0 1 2 3 4 5 6 9 11 10 23 14 21 7 0 12 18 24 20 8 22 19 15 13 16 17
62 0 1 2 3 4 5 6 9 11 10 23 14 21 7 8 12 18 24 20 0 22 19 15 13 16 17
61 0 1 2 3 4 5 6 9 11 10 23 14 21 7 8 12 18 24 0 20 22 19 15 13 16 17
60 0 1 2 3 4 5 6 9 11 10 23 14 21 7 8 12 18 0 24 20 22 19 15 13 16 17
59 0 1 2 3 4 5 6 9 11 10 23 14 21 7 8 12 18 15 24 20 22 19 0 13 16 17
58 0 1 2 3 4 5 6 9 11 10 23 14 21 7 8 12 18 15 24 20 22 0 19 13 16 17
57 0 1 2 3 4 5 6 9 11 10 23 14 21 7 8 12 0 15 24 20 22 18 19 13 16 17
56 0 1 2 3 4 5 6 9 11 10 23 0 21 7 8 12 14 15 24 20 22 18 19 13 16 17
55 0 1 2 3 4 5 6 9 11 10 23 21 0 7 8 12 14 15 24 20 22 18 19 13 16 17
54 0 1 2 3 4 5 6 9 11 10 23 21 7 0 8 12 14 15 24 20 22 18 19 13 16 17
53 0 1 2 3 4 5 6 9 0 10 23 21 7 11 8 12 14 15 24 20 22 18 19 13 16 17
52 0 1 2 3 4 5 6 0 9 10 23 21 7 11 8 12 14 15 24 20 22 18 19 13 16 17
51 0 1 2 3 4 5 6 7 9 10 23 21 0 11 8 12 14 15 24 20 22 18 19 13 16 17
50 0 1 2 3 4 5 6 7 9 10 23 21 11 0 8 12 14 15 24 20 22 18 19 13 16 17
49 0 1 2 3 4 5 6 7 9 10 23 21 11 8 0 12 14 15 24 20 22 18 19 13 16 17
48 0 1 2 3 4 5 6 7 9 10 23 21 11 8 12 0 14 15 24 20 22 18 19 13 16 17
47 0 1 2 3 4 5 6 7 9 10 0 21 11 8 12 23 14 15 24 20 22 18 19 13 16 17
46 0 1 2 3 4 5 6 7 9 0 10 21 11 8 12 23 14 15 24 20 22 18 19 13 16 17
45 0 1 2 3 4 5 6 7 0 9 10 21 11 8 12 23 14 15 24 20 22 18 19 13 16 17
44 0 1 2 3 4 5 6 7 8 9 10 21 11 0 12 23 14 15 24 20 22 18 19 13 16 17
43 0 1 2 3 4 5 6 7 8 9 10 21 11 12 0 23 14 15 24 20 22 18 19 13 16 17
42 0 1 2 3 4 5 6 7 8 9 10 21 11 12 20 23 14 15 24 0 22 18 19 13 16 17
41 0 1 2 3 4 5 6 7 8 9 10 21 11 12 20 23 14 15 0 24 22 18 19 13 16 17
40 0 1 2 3 4 5 6 7 8 9 10 21 11 12 20 23 14 0 15 24 22 18 19 13 16 17
39 0 1 2 3 4 5 6 7 8 9 10 21 11 12 20 23 0 14 15 24 22 18 19 13 16 17
38 0 1 2 3 4 5 6 7 8 9 10 0 11 12 20 23 21 14 15 24 22 18 19 13 16 17
37 0 1 2 3 4 5 6 7 8 9 10 11 0 12 20 23 21 14 15 24 22 18 19 13 16 17
122 0 9 24 6 11 23 14 20 1 21 12 19 18 2 3 22 4 5 7 16 8 15 10 13 17 0
121 0 9 24 6 11 23 14 20 1 21 12 19 18 2 3 22 4 5 7 16 8 15 10 13 0 17
114 0 9 24 6 11 23 14 20 1 21 12 18 2 0 3 22 19 4 5 7 8 15 10 13 16 17
113 0 9 24 6 11 23 14 20 1 21 12 18 2 5 3 22 19 4 0 7 8 15 10 13 16 17
112 0 9 24 6 11 23 14 20 1 21 12 18 2 5 3 22 19 0 4 7 8 15 10 13 16 17
111 0 9 24 6 11 23 14 20 1 21 12 18 2 5 3 22 19 10 4 7 8 15 0 13 16 17
110 0 9 24 6 11 23 14 20 1 21 12 18 2 5 3 22 19 10 4 7 8 0 15 13 16 17
109 0 9 24 6 11 23 14 20 1 21 12 18 2 5 3 22 0 10 4 7 8 19 15 13 16 17
108 0 9 24 6 11 23 14 20 1 21 12 0 2 5 3 22 18 10 4 7 8 19 15 13 16 17
107 0 9 24 6 11 23 14 20 1 21 12 2 0 5 3 22 18 10 4 7 8 19 15 13 16 17
106 0 9 24 6 11 23 14 0 1 21 12 2 20 5 3 22 18 10 4 7 8 19 15 13 16 17
105 0 9 0 6 11 23 14 24 1 21 12 2 20 5 3 22 18 10 4 7 8 19 15 13 16 17
104 0 9 6 0 11 23 14 24 1 21 12 2 20 5 3 22 18 10 4 7 8 19 15 13 16 17
103 0 9 6 1 11 23 14 24 0 21 12 2 20 5 3 22 18 10 4 7 8 19 15 13 16 17
102 0 9 6 1 11 23 14 24 5 21 12 2 20 0 3 22 18 10 4 7 8 19 15 13 16 17
101 0 9 6 1 11 23 14 24 5 21 12 2 20 4 3 22 18 10 0 7 8 19 15 13 16 17
100 0 9 6 1 11 23 14 24 5 21 12 2 20 4 3 22 18 0 10 7 8 19 15 13 16 17
99 0 9 6 1 11 23 14 24 5 21 12 2 0 4 3 22 18 20 10 7 8 19 15 13 16 17
98 0 9 6 1 11 23 14 0 5 21 12 2 24 4 3 22 18 20 10 7 8 19 15 13 16 17
97 0 9 6 1 11 23 0 14 5 21 12 2 24 4 3 22 18 20 10 7 8 19 15 13 16 17
96 0 0 6 1 11 23 9 14 5 21 12 2 24 4 3 22 18 20 10 7 8 19 15 13 16 17
95 0 6 0 1 11 23 9 14 5 21 12 2 24 4 3 22 18 20 10 7 8 19 15 13 16 17
94 0 6 1 0 11 23 9 14 5 21 12 2 24 4 3 22 18 20 10 7 8 19 15 13 16 17
93 0 6 1 5 11 23 9 14 0 21 12 2 24 4 3 22 18 20 10 7 8 19 15 13 16 17
92 0 6 1 5 11 23 9 14 4 21 12 2 24 0 3 22 18 20 10 7 8 19 15 13 16 17
91 0 6 1 5 11 23 9 14 4 21 12 2 24 3 0 22 18 20 10 7 8 19 15 13 16 17
90 0 6 1 5 11 23 9 14 4 0 12 2 24 3 21 22 18 20 10 7 8 19 15 13 16 17
89 0 6 1 5 0 23 9 14 4 11 12 2 24 3 21 22 18 20 10 7 8 19 15 13 16 17
88 0 6 1 0 5 23 9 14 4 11 12 2 24 3 21 22 18 20 10 7 8 19 15 13 16 17
87 0 6 1 4 5 23 9 14 0 11 12 2 24 3 21 22 18 20 10 7 8 19 15 13 16 17
86 0 6 1 4 5 23 9 14 3 11 12 2 24 0 21 22 18 20 10 7 8 19 15 13 16 17
85 0 6 1 4 5 23 9 14 3 11 12 2 24 21 0 22 18 20 10 7 8 19 15 13 16 17
84 0 6 1 4 5 23 9 14 3 11 12 2 24 21 7 22 18 20 10 0 8 19 15 13 16 17
83 0 6 1 4 5 23 9 14 3 11 12 2 24 21 7 22 18 20 0 10 8 19 15 13 16 17
82 0 6 1 4 5 23 9 14 3 11 12 2 24 21 7 22 18 0 20 10 8 19 15 13 16 17
81 0 6 1 4 5 23 9 14 3 11 12 2 0 21 7 22 18 24 20 10 8 19 15 13 16 17
80 0 6 1 4 5 23 9 14 3 11 12 2 21 0 7 22 18 24 20 10 8 19 15 13 16 17
79 0 6 1 4 5 23 9 14 3 11 12 2 21 7 0 22 18 24 20 10 8 19 15 13 16 17
78 0 6 1 4 5 23 9 14 3 0 12 2 21 7 11 22 18 24 20 10 8 19 15 13 16 17
77 0 6 1 4 5 23 9 14 3 12 0 2 21 7 11 22 18 24 20 10 8 19 15 13 16 17
76 0 6 1 4 5 0 9 14 3 12 23 2 21 7 11 22 18 24 20 10 8 19 15 13 16 17
75 0 6 1 4 0 5 9 14 3 12 23 2 21 7 11 22 18 24 20 10 8 19 15 13 16 17
74 0 6 1 0 4 5 9 14 3 12 23 2 21 7 11 22 18 24 20 10 8 19 15 13 16 17
73 0 6 1 3 4 5 9 14 0 12 23 2 21 7 11 22 18 24 20 10 8 19 15 13 16 17
72 0 6 1 3 4 5 9 0 14 12 23 2 21 7 11 22 18 24 20 10 8 19 15 13 16 17
71 0 6 1 3 4 5 0 9 14 12 23 2 21 7 11 22 18 24 20 10 8 19 15 13 16 17
70 0 6 1 3 4 5 2 9 14 12 23 0 21 7 11 22 18 24 20 10 8 19 15 13 16 17
69 0 6 1 3 4 5 2 9 14 12 23 21 0 7 11 22 18 24 20 10 8 19 15 13 16 17
68 0 6 1 3 4 5 2 9 14 12 23 21 7 0 11 22 18 24 20 10 8 19 15 13 16 17
67 0 6 1 3 4 5 2 9 14 12 23 21 7 11 0 22 18 24 20 10 8 19 15 13 16 17
66 0 6 1 3 4 5 2 9 14 0 23 21 7 11 12 22 18 24 20 10 8 19 15 13 16 17
65 0 6 1 3 4 5 2 9 0 14 23 21 7 11 12 22 18 24 20 10 8 19 15 13 16 17
64 0 6 1 3 4 5 2 0 9 14 23 21 7 11 12 22 18 24 20 10 8 19 15 13 16 17
63 0 6 1 3 4 5 0 2 9 14 23 21 7 11 12 22 18 24 20 10 8 19 15 13 16 17
62 0 0 1 3 4 5 6 2 9 14 23 21 7 11 12 22 18 24 20 10 8 19 15 13 16 17
61 0 1 0 3 4 5 6 2 9 14 23 21 7 11 12 22 18 24 20 10 8 19 15 13 16 17
60 0 1 2 3 4 5 6 0 9 14 23 21 7 11 12 22 18 24 20 10 8 19 15 13 16 17
59 0 1 2 3 4 5 6 7 9 14 23 21 0 11 12 22 18 24 20 10 8 19 15 13 16 17
58 0 1 2 3 4 5 6 7 9 14 23 21 11 0 12 22 18 24 20 10 8 19 15 13 16 17
57 0 1 2 3 4 5 6 7 9 14 23 21 11 12 0 22 18 24 20 10 8 19 15 13 16 17
56 0 1 2 3 4 5 6 7 9 14 23 21 11 12 10 22 18 24 20 0 8 19 15 13 16 17
55 0 1 2 3 4 5 6 7 9 14 23 21 11 12 10 22 18 24 20 8 0 19 15 13 16 17
54 0 1 2 3 4 5 6 7 9 14 23 21 11 12 10 0 18 24 20 8 22 19 15 13 16 17
53 0 1 2 3 4 5 6 7 9 14 0 21 11 12 10 23 18 24 20 8 22 19 15 13 16 17
52 0 1 2 3 4 5 6 7 9 0 14 21 11 12 10 23 18 24 20 8 22 19 15 13 16 17
51 0 1 2 3 4 5 6 7 9 10 14 21 11 12 0 23 18 24 20 8 22 19 15 13 16 17
50 0 1 2 3 4 5 6 7 9 10 14 21 11 12 8 23 18 24 20 0 22 19 15 13 16 17
49 0 1 2 3 4 5 6 7 9 10 14 21 11 12 8 23 18 24 0 20 22 19 15 13 16 17
48 0 1 2 3 4 5 6 7 9 10 14 21 11 12 8 23 18 0 24 20 22 19 15 13 16 17
47 0 1 2 3 4 5 6 7 9 10 14 21 11 12 8 23 18 15 24 20 22 19 0 13 16 17
46 0 1 2 3 4 5 6 7 9 10 14 21 11 12 8 23 18 15 24 20 22 0 19 13 16 17
45 0 1 2 3 4 5 6 7 9 10 14 21 11 12 8 23 0 15 24 20 22 18 19 13 16 17
44 0 1 2 3 4 5 6 7 9 10 14 0 11 12 8 23 21 15 24 20 22 18 19 13 16 17
43 0 1 2 3 4 5 6 7 9 10 14 11 0 12 8 23 21 15 24 20 22 18 19 13 16 17
42 0 1 2 3 4 5 6 7 9 10 14 11 12 0 8 23 21 15 24 20 22 18 19 13 16 17
41 0 1 2 3 4 5 6 7 9 10 14 11 12 8 0 23 21 15 24 20 22 18 19 13 16 17
40 0 1 2 3 4 5 6 7 9 10 14 11 12 8 20 23 21 15 24 0 22 18 19 13 16 17
39 0 1 2 3 4 5 6 7 9 10 14 11 12 8 20 23 21 15 0 24 22 18 19 13 16 17
38 0 1 2 3 4 5 6 7 9 10 14 11 12 8 20 23 21 15 13 24 22 18 19 0 16 17
37 0 1 2 3 4 5 6 7 9 10 14 11 12 8 20 23 21 15 13 24 22 18 19 16 0 17
36 0 1 2 3 4 5 6 7 9 10 14 11 12 8 20 23 21 15 13 24 22 18 19 16 17 0
35 0 1 2 3 4 5 6 7 9 10 14 11 12 8 20 23 21 15 13 24 0 18 19 16 17 22
34 0 1 2 3 4 5 6 7 9 10 14 11 12 8 20 0 21 15 13 24 23 18 19 16 17 22
33 0 1 2 3 4 5 6 7 9 10 0 11 12 8 20 14 21 15 13 24 23 18 19 16 17 22
32 0 1 2 3 4 5 6 7 9 0 10 11 12 8 20 14 21 15 13 24 23 18 19 16 17 22
31 0 1 2 3 4 5 6 7 0 9 10 11 12 8 20 14 21 15 13 24 23 18 19 16 17 22
30 0 1 2 3 4 5 6 7 8 9 10 11 12 0 20 14 21 15 13 24 23 18 19 16 17 22
122 0 9 24 6 11 23 14 20 1 21 12 19 18 2 3 22 4 5 13 7 8 15 10 16 17 0
121 0 9 24 6 11 23 14 20 1 21 12 19 18 2 3 22 4 5 13 7 8 15 10 16 0 17
120 0 9 24 6 11 23 14 20 1 21 12 19 18 2 3 22 4 5 13 7 8 15 10 0 16 17
48 0 1 2 3 4 5 6 7 9 10 14 21 11 12 8 23 18 24 13 20 22 19 15 0 16 17
47 0 1 2 3 4 5 6 7 9 10 14 21 11 12 8 23 18 24 13 20 22 19 0 15 16 17
46 0 1 2 3 4 5 6 7 9 10 14 21 11 12 8 23 18 24 13 20 22 0 19 15 16 17
45 0 1 2 3 4 5 6 7 9 10 14 21 11 12 8 23 0 24 13 20 22 18 19 15 16 17
44 0 1 2 3 4 5 6 7 9 10 14 0 11 12 8 23 21 24 13 20 22 18 19 15 16 17
43 0 1 2 3 4 5 6 7 9 10 14 11 0 12 8 23 21 24 13 20 22 18 19 15 16 17
42 0 1 2 3 4 5 6 7 9 10 14 11 12 0 8 23 21 24 13 20 22 18 19 15 16 17
41 0 1 2 3 4 5 6 7 9 10 14 11 12 8 0 23 21 24 13 20 22 18 19 15 16 17
40 0 1 2 3 4 5 6 7 9 10 14 11 12 8 23 0 21 24 13 20 22 18 19 15 16 17
39 0 1 2 3 4 5 6 7 9 10 0 11 12 8 23 14 21 24 13 20 22 18 19 15 16 17
38 0 1 2 3 4 5 6 7 9 0 10 11 12 8 23 14 21 24 13 20 22 18 19 15 16 17
37 0 1 2 3 4 5 6 7 0 9 10 11 12 8 23 14 21 24 13 20 22 18 19 15 16 17
36 0 1 2 3 4 5 6 7 8 9 10 11 12 0 23 14 21 24 13 20 22 18 19 15 16 17
35 0 1 2 3 4 5 6 7 8 9 10 11 12 13 23 14 21 24 0 20 22 18 19 15 16 17
34 0 1 2 3 4 5 6 7 8 9 10 11 12 13 23 14 21 24 15 20 22 18 19 0 16 17
33 0 1 2 3 4 5 6 7 8 9 10 11 12 13 23 14 21 24 15 20 22 18 19 16 0 17
32 0 1 2 3 4 5 6 7 8 9 10 11 12 13 23 14 21 24 15 20 22 18 19 16 17 0
31 0 1 2 3 4 5 6 7 8 9 10 11 12 13 23 14 21 24 15 20 0 18 19 16 17 22
30 0 1 2 3 4 5 6 7 8 9 10 11 12 13 23 14 21 24 15 0 20 18 19 16 17 22
122 0 9 24 6 11 23 14 20 1 21 12 19 18 2 3 22 5 10 7 8 17 15 4 13 16 0
121 0 9 24 6 11 23 14 20 1 21 12 19 18 2 3 22 5 10 7 8 0 15 4 13 16 17
120 0 9 24 6 11 23 14 20 1 21 12 19 18 2 3 0 5 10 7 8 22 15 4 13 16 17
119 0 9 24 6 11 23 14 20 1 21 12 19 18 2 0 3 5 10 7 8 22 15 4 13 16 17
118 0 9 24 6 11 23 14 20 1 21 12 19 18 0 2 3 5 10 7 8 22 15 4 13 16 17
117 0 9 24 6 11 23 14 20 1 21 12 19 18 7 2 3 5 10 0 8 22 15 4 13 16 17
116 0 9 24 6 11 23 14 20 1 21 12 19 18 7 2 3 5 0 10 8 22 15 4 13 16 17
115 0 9 24 6 11 23 14 20 1 21 12 19 18 7 2 3 0 5 10 8 22 15 4 13 16 17
114 0 9 24 6 11 23 14 20 1 21 12 0 18 7 2 3 19 5 10 8 22 15 4 13 16 17
113 0 9 24 6 11 23 14 20 1 21 12 18 0 7 2 3 19 5 10 8 22 15 4 13 16 17
112 0 9 24 6 11 23 14 20 1 21 12 18 7 0 2 3 19 5 10 8 22 15 4 13 16 17
111 0 9 24 6 11 23 14 20 1 21 12 18 7 10 2 3 19 5 0 8 22 15 4 13 16 17
110 0 9 24 6 11 23 14 20 1 21 12 18 7 10 2 3 19 0 5 8 22 15 4 13 16 17
109 0 9 24 6 11 23 14 20 1 21 12 18 7 10 2 3 19 4 5 8 22 15 0 13 16 17
108 0 9 24 6 11 23 14 20 1 21 12 18 7 10 2 3 19 4 5 8 22 0 15 13 16 17
107 0 9 24 6 11 23 14 20 1 21 12 18 7 10 2 3 0 4 5 8 22 19 15 13 16 17
106 0 9 24 6 11 23 14 20 1 21 12 0 7 10 2 3 18 4 5 8 22 19 15 13 16 17
105 0 9 24 6 11 23 14 20 1 21 12 7 0 10 2 3 18 4 5 8 22 19 15 13 16 17
104 0 9 24 6 11 23 14 0 1 21 12 7 20 10 2 3 18 4 5 8 22 19 15 13 16 17
103 0 9 0 6 11 23 14 24 1 21 12 7 20 10 2 3 18 4 5 8 22 19 15 13 16 17
102 0 9 6 0 11 23 14 24 1 21 12 7 20 10 2 3 18 4 5 8 22 19 15 13 16 17
101 0 9 6 1 11 23 14 24 0 21 12 7 20 10 2 3 18 4 5 8 22 19 15 13 16 17
100 0 9 6 1 11 23 14 24 21 0 12 7 20 10 2 3 18 4 5 8 22 19 15 13 16 17
99 0 9 6 1 11 23 14 24 21 2 12 7 20 10 0 3 18 4 5 8 22 19 15 13 16 17
98 0 9 6 1 11 23 14 24 21 2 12 7 20 0 10 3 18 4 5 8 22 19 15 13 16 17
97 0 9 6 1 11 23 14 24 21 2 12 7 20 5 10 3 18 4 0 8 22 19 15 13 16 17
96 0 9 6 1 11 23 14 24 21 2 12 7 20 5 10 3 18 0 4 8 22 19 15 13 16 17
95 0 9 6 1 11 23 14 24 21 2 12 7 0 5 10 3 18 20 4 8 22 19 15 13 16 17
94 0 9 6 1 11 23 14 0 21 2 12 7 24 5 10 3 18 20 4 8 22 19 15 13 16 17
93 0 9 6 1 11 23 14 21 0 2 12 7 24 5 10 3 18 20 4 8 22 19 15 13 16 17
92 0 9 6 1 11 23 14 21 5 2 12 7 24 0 10 3 18 20 4 8 22 19 15 13 16 17
91 0 9 6 1 11 23 14 21 5 2 12 7 24 4 10 3 18 20 0 8 22 19 15 13 16 17
90 0 9 6 1 11 23 14 21 5 2 12 7 24 4 10 3 18 0 20 8 22 19 15 13 16 17
89 0 9 6 1 11 23 14 21 5 2 12 7 0 4 10 3 18 24 20 8 22 19 15 13 16 17
88 0 9 6 1 11 23 14 0 5 2 12 7 21 4 10 3 18 24 20 8 22 19 15 13 16 17
87 0 9 6 1 11 23 0 14 5 2 12 7 21 4 10 3 18 24 20 8 22 19 15 13 16 17
86 0 0 6 1 11 23 9 14 5 2 12 7 21 4 10 3 18 24 20 8 22 19 15 13 16 17
85 0 6 0 1 11 23 9 14 5 2 12 7 21 4 10 3 18 24 20 8 22 19 15 13 16 17
84 0 6 1 0 11 23 9 14 5 2 12 7 21 4 10 3 18 24 20 8 22 19 15 13 16 17
83 0 6 1 5 11 23 9 14 0 2 12 7 21 4 10 3 18 24 20 8 22 19 15 13 16 17
82 0 6 1 5 11 23 9 14 2 0 12 7 21 4 10 3 18 24 20 8 22 19 15 13 16 17
81 0 6 1 5 0 23 9 14 2 11 12 7 21 4 10 3 18 24 20 8 22 19 15 13 16 17
80 0 6 1 0 5 23 9 14 2 11 12 7 21 4 10 3 18 24 20 8 22 19 15 13 16 17
79 0 6 1 2 5 23 9 14 0 11 12 7 21 4 10 3 18 24 20 8 22 19 15 13 16 17
78 0 6 1 2 5 23 9 14 11 0 12 7 21 4 10 3 18 24 20 8 22 19 15 13 16 17
77 0 6 1 2 5 23 9 14 11 12 0 7 21 4 10 3 18 24 20 8 22 19 15 13 16 17
76 0 6 1 2 5 23 9 14 11 12 3 7 21 4 10 0 18 24 20 8 22 19 15 13 16 17
75 0 6 1 2 5 23 9 14 11 12 3 7 21 4 0 10 18 24 20 8 22 19 15 13 16 17
74 0 6 1 2 5 23 9 14 11 12 3 7 21 0 4 10 18 24 20 8 22 19 15 13 16 17
73 0 6 1 2 5 23 9 14 0 12 3 7 21 11 4 10 18 24 20 8 22 19 15 13 16 17
72 0 6 1 2 5 23 9 0 14 12 3 7 21 11 4 10 18 24 20 8 22 19 15 13 16 17
71 0 6 1 2 5 23 0 9 14 12 3 7 21 11 4 10 18 24 20 8 22 19 15 13 16 17
70 0 6 1 2 5 23 7 9 14 12 3 0 21 11 4 10 18 24 20 8 22 19 15 13 16 17
69 0 6 1 2 5 23 7 9 14 12 3 21 0 11 4 10 18 24 20 8 22 19 15 13 16 17
68 0 6 1 2 5 23 7 9 14 12 3 21 11 0 4 10 18 24 20 8 22 19 15 13 16 17
67 0 6 1 2 5 23 7 9 0 12 3 21 11 14 4 10 18 24 20 8 22 19 15 13 16 17
66 0 6 1 2 5 23 7 9 12 0 3 21 11 14 4 10 18 24 20 8 22 19 15 13 16 17
65 0 6 1 2 5 23 7 9 12 3 0 21 11 14 4 10 18 24 20 8 22 19 15 13 16 17
64 0 6 1 2 5 0 7 9 12 3 23 21 11 14 4 10 18 24 20 8 22 19 15 13 16 17
63 0 6 1 2 0 5 7 9 12 3 23 21 11 14 4 10 18 24 20 8 22 19 15 13 16 17
62 0 6 1 2 3 5 7 9 12 0 23 21 11 14 4 10 18 24 20 8 22 19 15 13 16 17
61 0 6 1 2 3 5 7 9 12 4 23 21 11 14 0 10 18 24 20 8 22 19 15 13 16 17
60 0 6 1 2 3 5 7 9 12 4 23 21 11 0 14 10 18 24 20 8 22 19 15 13 16 17
59 0 6 1 2 3 5 7 9 0 4 23 21 11 12 14 10 18 24 20 8 22 19 15 13 16 17
58 0 6 1 2 3 5 7 0 9 4 23 21 11 12 14 10 18 24 20 8 22 19 15 13 16 17
57 0 6 1 2 3 5 0 7 9 4 23 21 11 12 14 10 18 24 20 8 22 19 15 13 16 17
56 0 0 1 2 3 5 6 7 9 4 23 21 11 12 14 10 18 24 20 8 22 19 15 13 16 17
55 0 1 0 2 3 5 6 7 9 4 23 21 11 12 14 10 18 24 20 8 22 19 15 13 16 17
54 0 1 2 0 3 5 6 7 9 4 23 21 11 12 14 10 18 24 20 8 22 19 15 13 16 17
53 0 1 2 3 0 5 6 7 9 4 23 21 11 12 14 10 18 24 20 8 22 19 15 13 16 17
52 0 1 2 3 4 5 6 7 9 0 23 21 11 12 14 10 18 24 20 8 22 19 15 13 16 17
51 0 1 2 3 4 5 6 7 9 23 0 21 11 12 14 10 18 24 20 8 22 19 15 13 16 17
50 0 1 2 3 4 5 6 7 9 23 10 21 11 12 14 0 18 24 20 8 22 19 15 13 16 17
49 0 1 2 3 4 5 6 7 9 23 10 21 11 12 0 14 18 24 20 8 22 19 15 13 16 17
48 0 1 2 3 4 5 6 7 9 23 10 21 11 12 8 14 18 24 20 0 22 19 15 13 16 17
47 0 1 2 3 4 5 6 7 9 23 10 21 11 12 8 14 18 24 0 20 22 19 15 13 16 17
46 0 1 2 3 4 5 6 7 9 23 10 21 11 12 8 14 18 24 13 20 22 19 15 0 16 17
45 0 1 2 3 4 5 6 7 9 23 10 21 11 12 8 14 18 24 13 20 22 19 0 15 16 17
44 0 1 2 3 4 5 6 7 9 23 10 21 11 12 8 14 18 24 13 20 22 0 19 15 16 17
43 0 1 2 3 4 5 6 7 9 23 10 21 11 12 8 14 0 24 13 20 22 18 19 15 16 17
42 0 1 2 3 4 5 6 7 9 23 10 0 11 12 8 14 21 24 13 20 22 18 19 15 16 17
41 0 1 2 3 4 5 6 7 9 23 10 11 0 12 8 14 21 24 13 20 22 18 19 15 16 17
40 0 1 2 3 4 5 6 7 9 23 10 11 12 0 8 14 21 24 13 20 22 18 19 15 16 17
39 0 1 2 3 4 5 6 7 9 23 10 11 12 8 0 14 21 24 13 20 22 18 19 15 16 17
122 0 9 24 6 11 23 14 20 1 21 12 19 18 2 3 22 5 10 7 16 8 15 4 13 17 0
121 0 9 24 6 11 23 14 20 1 21 12 19 18 2 3 22 5 10 7 16 8 15 4 13 0 17
120 0 9 24 6 11 23 14 20 1 21 12 19 18 2 3 22 5 10 7 0 8 15 4 13 16 17
119 0 9 24 6 11 23 14 20 1 21 12 19 18 2 3 22 5 10 0 7 8 15 4 13 16 17
118 0 9 24 6 11 23 14 20 1 21 12 19 18 2 3 22 5 0 10 7 8 15 4 13 16 17
117 0 9 24 6 11 23 14 20 1 21 12 19 18 2 3 22 0 5 10 7 8 15 4 13 16 17
116 0 9 24 6 11 23 14 20 1 21 12 0 18 2 3 22 19 5 10 7 8 15 4 13 16 17
115 0 9 24 6 11 23 14 20 1 21 12 18 0 2 3 22 19 5 10 7 8 15 4 13 16 17
114 0 9 24 6 11 23 14 0 1 21 12 18 20 2 3 22 19 5 10 7 8 15 4 13 16 17
113 0 9 24 6 11 23 14 1 0 21 12 18 20 2 3 22 19 5 10 7 8 15 4 13 16 17
112 0 9 24 6 11 23 14 1 21 0 12 18 20 2 3 22 19 5 10 7 8 15 4 13 16 17
111 0 9 24 6 11 23 14 1 21 3 12 18 20 2 0 22 19 5 10 7 8 15 4 13 16 17
110 0 9 24 6 11 23 14 1 21 3 12 18 20 2 7 22 19 5 10 0 8 15 4 13 16 17
109 0 9 24 6 11 23 14 1 21 3 12 18 20 2 7 22 19 5 0 10 8 15 4 13 16 17
108 0 9 24 6 11 23 14 1 21 3 12 18 20 2 7 22 19 0 5 10 8 15 4 13 16 17
107 0 9 24 6 11 23 14 1 21 3 12 18 20 2 7 22 19 4 5 10 8 15 0 13 16 17
106 0 9 24 6 11 23 14 1 21 3 12 18 20 2 7 22 19 4 5 10 8 0 15 13 16 17
105 0 9 24 6 11 23 14 1 21 3 12 18 20 2 7 22 0 4 5 10 8 19 15 13 16 17
104 0 9 24 6 11 23 14 1 21 3 12 0 20 2 7 22 18 4 5 10 8 19 15 13 16 17
103 0 9 24 6 11 23 0 1 21 3 12 14 20 2 7 22 18 4 5 10 8 19 15 13 16 17
102 0 9 24 6 11 23 1 0 21 3 12 14 20 2 7 22 18 4 5 10 8 19 15 13 16 17
101 0 9 24 6 11 23 1 21 0 3 12 14 20 2 7 22 18 4 5 10 8 19 15 13 16 17
100 0 9 24 0 11 23 1 21 6 3 12 14 20 2 7 22 18 4 5 10 8 19 15 13 16 17
99 0 9 0 24 11 23 1 21 6 3 12 14 20 2 7 22 18 4 5 10 8 19 15 13 16 17
98 0 0 9 24 11 23 1 21 6 3 12 14 20 2 7 22 18 4 5 10 8 19 15 13 16 17
97 0 1 9 24 11 23 0 21 6 3 12 14 20 2 7 22 18 4 5 10 8 19 15 13 16 17
96 0 1 9 24 11 23 21 0 6 3 12 14 20 2 7 22 18 4 5 10 8 19 15 13 16 17
95 0 1 9 24 11 23 21 6 0 3 12 14 20 2 7 22 18 4 5 10 8 19 15 13 16 17
94 0 1 9 24 11 23 21 6 2 3 12 14 20 0 7 22 18 4 5 10 8 19 15 13 16 17
93 0 1 9 24 11 23 21 6 2 3 12 14 20 5 7 22 18 4 0 10 8 19 15 13 16 17
92 0 1 9 24 11 23 21 6 2 3 12 14 20 5 7 22 18 0 4 10 8 19 15 13 16 17
91 0 1 9 24 11 23 21 6 2 3 12 14 0 5 7 22 18 20 4 10 8 19 15 13 16 17
90 0 1 9 24 11 23 21 6 2 3 12 0 14 5 7 22 18 20 4 10 8 19 15 13 16 17
89 0 1 9 24 11 23 0 6 2 3 12 21 14 5 7 22 18 20 4 10 8 19 15 13 16 17
88 0 1 9 24 11 23 6 0 2 3 12 21 14 5 7 22 18 20 4 10 8 19 15 13 16 17
87 0 1 9 24 11 23 6 2 0 3 12 21 14 5 7 22 18 20 4 10 8 19 15 13 16 17
86 0 1 9 24 11 23 6 2 5 3 12 21 14 0 7 22 18 20 4 10 8 19 15 13 16 17
85 0 1 9 24 11 23 6 2 5 3 12 21 14 7 0 22 18 20 4 10 8 19 15 13 16 17
84 0 1 9 24 11 23 6 2 5 0 12 21 14 7 3 22 18 20 4 10 8 19 15 13 16 17
83 0 1 9 24 11 23 6 2 0 5 12 21 14 7 3 22 18 20 4 10 8 19 15 13 16 17
82 0 1 9 0 11 23 6 2 24 5 12 21 14 7 3 22 18 20 4 10 8 19 15 13 16 17
81 0 1 9 11 0 23 6 2 24 5 12 21 14 7 3 22 18 20 4 10 8 19 15 13 16 17
80 0 1 9 11 5 23 6 2 24 0 12 21 14 7 3 22 18 20 4 10 8 19 15 13 16 17
79 0 1 9 11 5 23 6 2 24 3 12 21 14 7 0 22 18 20 4 10 8 19 15 13 16 17
78 0 1 9 11 5 23 6 2 24 3 12 21 14 7 10 22 18 20 4 0 8 19 15 13 16 17
77 0 1 9 11 5 23 6 2 24 3 12 21 14 7 10 22 18 20 4 8 0 19 15 13 16 17
76 0 1 9 11 5 23 6 2 24 3 12 21 14 7 10 0 18 20 4 8 22 19 15 13 16 17
75 0 1 9 11 5 23 6 2 24 3 0 21 14 7 10 12 18 20 4 8 22 19 15 13 16 17
74 0 1 9 11 5 0 6 2 24 3 23 21 14 7 10 12 18 20 4 8 22 19 15 13 16 17
73 0 1 9 11 0 5 6 2 24 3 23 21 14 7 10 12 18 20 4 8 22 19 15 13 16 17
72 0 1 9 11 3 5 6 2 24 0 23 21 14 7 10 12 18 20 4 8 22 19 15 13 16 17
71 0 1 9 11 3 5 6 2 24 10 23 21 14 7 0 12 18 20 4 8 22 19 15 13 16 17
70 0 1 9 11 3 5 6 2 24 10 23 21 14 7 12 0 18 20 4 8 22 19 15 13 16 17
69 0 1 9 11 3 5 6 2 24 10 0 21 14 7 12 23 18 20 4 8 22 19 15 13 16 17
68 0 1 9 11 3 5 6 2 24 0 10 21 14 7 12 23 18 20 4 8 22 19 15 13 16 17
67 0 1 9 11 3 5 6 2 0 24 10 21 14 7 12 23 18 20 4 8 22 19 15 13 16 17
66 0 1 9 0 3 5 6 2 11 24 10 21 14 7 12 23 18 20 4 8 22 19 15 13 16 17
65 0 1 0 9 3 5 6 2 11 24 10 21 14 7 12 23 18 20 4 8 22 19 15 13 16 17
64 0 1 2 9 3 5 6 0 11 24 10 21 14 7 12 23 18 20 4 8 22 19 15 13 16 17
63 0 1 2 9 3 5 6 11 0 24 10 21 14 7 12 23 18 20 4 8 22 19 15 13 16 17
62 0 1 2 9 3 5 6 11 7 24 10 21 14 0 12 23 18 20 4 8 22 19 15 13 16 17
61 0 1 2 9 3 5 6 11 7 24 10 21 14 4 12 23 18 20 0 8 22 19 15 13 16 17
60 0 1 2 9 3 5 6 11 7 24 10 21 14 4 12 23 18 0 20 8 22 19 15 13 16 17
59 0 1 2 9 3 5 6 11 7 24 10 21 0 4 12 23 18 14 20 8 22 19 15 13 16 17
58 0 1 2 9 3 5 6 0 7 24 10 21 11 4 12 23 18 14 20 8 22 19 15 13 16 17
57 0 1 2 9 3 5 6 7 0 24 10 21 11 4 12 23 18 14 20 8 22 19 15 13 16 17
56 0 1 2 9 3 5 6 7 4 24 10 21 11 0 12 23 18 14 20 8 22 19 15 13 16 17
55 0 1 2 9 3 5 6 7 4 24 10 21 11 12 0 23 18 14 20 8 22 19 15 13 16 17
54 0 1 2 9 3 5 6 7 4 24 10 21 11 12 8 23 18 14 20 0 22 19 15 13 16 17
53 0 1 2 9 3 5 6 7 4 24 10 21 11 12 8 23 18 14 0 20 22 19 15 13 16 17
52 0 1 2 9 3 5 6 7 4 24 10 21 11 12 8 23 18 14 13 20 22 19 15 0 16 17
51 0 1 2 9 3 5 6 7 4 24 10 21 11 12 8 23 18 14 13 20 22 19 0 15 16 17
50 0 1 2 9 3 5 6 7 4 24 10 21 11 12 8 23 18 14 13 20 22 0 19 15 16 17
49 0 1 2 9 3 5 6 7 4 24 10 21 11 12 8 23 0 14 13 20 22 18 19 15 16 17
48 0 1 2 9 3 5 6 7 4 24 10 0 11 12 8 23 21 14 13 20 22 18 19 15 16 17
47 0 1 2 9 3 5 6 7 4 24 10 11 0 12 8 23 21 14 13 20 22 18 19 15 16 17
46 0 1 2 9 3 5 6 7 4 24 10 11 12 0 8 23 21 14 13 20 22 18 19 15 16 17
45 0 1 2 9 3 5 6 7 4 24 10 11 12 8 0 23 21 14 13 20 22 18 19 15 16 17
44 0 1 2 9 3 5 6 7 4 0 10 11 12 8 24 23 21 14 13 20 22 18 19 15 16 17
43 0 1 2 9 3 5 6 7 0 4 10 11 12 8 24 23 21 14 13 20 22 18 19 15 16 17
42 0 1 2 0 3 5 6 7 9 4 10 11 12 8 24 23 21 14 13 20 22 18 19 15 16 17
41 0 1 2 3 0 5 6 7 9 4 10 11 12 8 24 23 21 14 13 20 22 18 19 15 16 17
40 0 1 2 3 4 5 6 7 9 0 10 11 12 8 24 23 21 14 13 20 22 18 19 15 16 17
39 0 1 2 3 4 5 6 7 0 9 10 11 12 8 24 23 21 14 13 20 22 18 19 15 16 17
38 0 1 2 3 4 5 6 7 8 9 10 11 12 0 24 23 21 14 13 20 22 18 19 15 16 17
37 0 1 2 3 4 5 6 7 8 9 10 11 12 13 24 23 21 14 0 20 22 18 19 15 16 17
36 0 1 2 3 4 5 6 7 8 9 10 11 12 13 24 23 21 14 15 20 22 18 19 0 16 17
35 0 1 2 3 4 5 6 7 8 9 10 11 12 13 24 23 21 14 15 20 22 18 19 16 0 17
34 0 1 2 3 4 5 6 7 8 9 10 11 12 13 24 23 21 14 15 20 22 18 19 16 17 0
33 0 1 2 3 4 5 6 7 8 9 10 11 12 13 24 23 21 14 15 20 0 18 19 16 17 22
32 0 1 2 3 4 5 6 7 8 9 10 11 12 13 24 0 21 14 15 20 23 18 19 16 17 22
31 0 1 2 3 4 5 6 7 8 9 10 11 12 13 0 24 21 14 15 20 23 18 19 16 17 22
30 0 1 2 3 4 5 6 7 8 9 10 11 12 13 20 24 21 14 15 0 23 18 19 16 17 22
122 0 9 24 6 11 23 14 20 1 21 12 19 18 2 3 22 5 10 13 7 8 15 4 16 17 0
121 0 9 24 6 11 23 14 20 1 21 12 19 18 2 3 22 5 10 13 7 8 15 4 16 0 17
120 0 9 24 6 11 23 14 20 1 21 12 19 18 2 3 22 5 10 13 7 8 15 4 0 16 17
